NAME	GS<br> follow link to MSigDB	GS DETAILS	SIZE	ES	NES	NOM p-val	FDR q-val	FWER p-val	RANK AT MAX	LEADING EDGE	
ACTOMYOSIN STRUCTURE ORGANIZATION%GOBP%GO:0031032	ACTOMYOSIN STRUCTURE ORGANIZATION%GOBP%GO:0031032	Details ...	87	-0.58911884	-1.7937636	0.0	0.8437548	0.554	2742	tags=43%, list=16%, signal=50%	
LKB1 SIGNALING EVENTS%PATHWAY INTERACTION DATABASE NCI-NATURE CURATED DATA%LKB1 SIGNALING EVENTS	LKB1 SIGNALING EVENTS%PATHWAY INTERACTION DATABASE NCI-NATURE CURATED DATA%LKB1 SIGNALING EVENTS	Details ...	41	-0.6540595	-1.7794163	0.0	0.5813258	0.662	3552	tags=51%, list=20%, signal=64%	
MONOSACCHARIDE BIOSYNTHETIC PROCESS%GOBP%GO:0046364	MONOSACCHARIDE BIOSYNTHETIC PROCESS%GOBP%GO:0046364	Details ...	27	-0.6949878	-1.7656664	0.0013623978	0.5024883	0.755	3694	tags=70%, list=21%, signal=89%	
REGULATION OF MEMBRANE PROTEIN ECTODOMAIN PROTEOLYSIS%GOBP%GO:0051043	REGULATION OF MEMBRANE PROTEIN ECTODOMAIN PROTEOLYSIS%GOBP%GO:0051043	Details ...	18	-0.7588683	-1.7648928	0.0	0.38226947	0.761	2074	tags=56%, list=12%, signal=63%	
HALLMARK_MYC_TARGETS_V2%MSIGDBHALLMARK%HALLMARK_MYC_TARGETS_V2	HALLMARK_MYC_TARGETS_V2%MSIGDBHALLMARK%HALLMARK_MYC_TARGETS_V2	Details ...	47	-0.6329458	-1.7580513	0.0	0.3555381	0.813	2833	tags=49%, list=16%, signal=58%	
P38 SIGNALING MEDIATED BY MAPKAP KINASES%PATHWAY INTERACTION DATABASE NCI-NATURE CURATED DATA%P38 SIGNALING MEDIATED BY MAPKAP KINASES	P38 SIGNALING MEDIATED BY MAPKAP KINASES%PATHWAY INTERACTION DATABASE NCI-NATURE CURATED DATA%P38 SIGNALING MEDIATED BY MAPKAP KINASES	Details ...	18	-0.75289136	-1.752518	0.0	0.32751906	0.845	2069	tags=50%, list=12%, signal=57%	
REGULATION OF CYTOKINE-MEDIATED SIGNALING PATHWAY%GOBP%GO:0001959	REGULATION OF CYTOKINE-MEDIATED SIGNALING PATHWAY%GOBP%GO:0001959	Details ...	98	-0.5706338	-1.7482289	0.0	0.30472675	0.865	2685	tags=34%, list=15%, signal=40%	
METABOLIC EPILEPTIC DISORDERS%WIKIPATHWAYS_20250810%WP5355%HOMO SAPIENS	METABOLIC EPILEPTIC DISORDERS%WIKIPATHWAYS_20250810%WP5355%HOMO SAPIENS	Details ...	58	-0.61020076	-1.7469754	0.0	0.27309558	0.871	3545	tags=50%, list=20%, signal=63%	
HEXOSE BIOSYNTHETIC PROCESS%GOBP%GO:0019319	HEXOSE BIOSYNTHETIC PROCESS%GOBP%GO:0019319	Details ...	26	-0.692349	-1.7466174	0.0	0.24358991	0.871	3694	tags=69%, list=21%, signal=88%	
NEGATIVE REGULATION OF MACROAUTOPHAGY%GOBP%GO:0016242	NEGATIVE REGULATION OF MACROAUTOPHAGY%GOBP%GO:0016242	Details ...	27	-0.68939674	-1.7420862	0.0	0.23939487	0.886	2416	tags=44%, list=14%, signal=52%	
PID_MTOR_4PATHWAY%MSIGDB_C2%PID_MTOR_4PATHWAY	PID_MTOR_4PATHWAY%MSIGDB_C2%PID_MTOR_4PATHWAY	Details ...	56	-0.60534394	-1.7368251	0.0024630541	0.23948951	0.904	4309	tags=52%, list=25%, signal=69%	
MEMBRANE RAFT ORGANIZATION%GOBP%GO:0031579	MEMBRANE RAFT ORGANIZATION%GOBP%GO:0031579	Details ...	16	-0.76272285	-1.7322464	0.0	0.23892583	0.923	3409	tags=44%, list=20%, signal=54%	
REGULATION OF ATP-DEPENDENT ACTIVITY%GOBP%GO:0043462	REGULATION OF ATP-DEPENDENT ACTIVITY%GOBP%GO:0043462	Details ...	26	-0.69246495	-1.7296828	0.0	0.23139639	0.931	1866	tags=31%, list=11%, signal=34%	
POSITIVE REGULATION OF ACTIN FILAMENT POLYMERIZATION%GOBP%GO:0030838	POSITIVE REGULATION OF ACTIN FILAMENT POLYMERIZATION%GOBP%GO:0030838	Details ...	25	-0.6909359	-1.7233188	0.0	0.24008062	0.945	2875	tags=56%, list=16%, signal=67%	
CELL CYCLE G2/M PHASE TRANSITION%GOBP%GO:0044839	CELL CYCLE G2/M PHASE TRANSITION%GOBP%GO:0044839	Details ...	42	-0.6276818	-1.722536	0.0	0.2268747	0.95	3502	tags=50%, list=20%, signal=62%	
PYRIDINE-CONTAINING COMPOUND METABOLIC PROCESS%GOBP%GO:0072524	PYRIDINE-CONTAINING COMPOUND METABOLIC PROCESS%GOBP%GO:0072524	Details ...	82	-0.56762373	-1.7198045	0.0	0.22496063	0.959	3656	tags=52%, list=21%, signal=66%	
INTEGRIN-LINKED KINASE SIGNALING%PATHWAY INTERACTION DATABASE NCI-NATURE CURATED DATA%INTEGRIN-LINKED KINASE SIGNALING	INTEGRIN-LINKED KINASE SIGNALING%PATHWAY INTERACTION DATABASE NCI-NATURE CURATED DATA%INTEGRIN-LINKED KINASE SIGNALING	Details ...	41	-0.6348029	-1.7187191	0.0024937657	0.21546184	0.962	4234	tags=56%, list=24%, signal=74%	
REGULATION OF ACTIN DYNAMICS FOR PHAGOCYTIC CUP FORMATION%REACTOME%R-HSA-2029482.4	REGULATION OF ACTIN DYNAMICS FOR PHAGOCYTIC CUP FORMATION%REACTOME%R-HSA-2029482.4	Details ...	52	-0.6143445	-1.7165271	0.0	0.21078958	0.965	3882	tags=48%, list=22%, signal=62%	
ESTABLISHMENT OF MITOCHONDRION LOCALIZATION%GOBP%GO:0051654	ESTABLISHMENT OF MITOCHONDRION LOCALIZATION%GOBP%GO:0051654	Details ...	18	-0.72827417	-1.7118119	0.0014450867	0.217892	0.97	2465	tags=50%, list=14%, signal=58%	
GLUCONEOGENESIS%GOBP%GO:0006094	GLUCONEOGENESIS%GOBP%GO:0006094	Details ...	24	-0.701676	-1.709264	0.0	0.21658196	0.978	3694	tags=71%, list=21%, signal=90%	
MITOCHONDRION LOCALIZATION%GOBP%GO:0051646	MITOCHONDRION LOCALIZATION%GOBP%GO:0051646		36	-0.64275736	-1.7090641	0.0038510913	0.2067295	0.978	2511	tags=39%, list=14%, signal=45%	
17Q12 COPY NUMBER VARIATION SYNDROME%WIKIPATHWAYS_20250810%WP5287%HOMO SAPIENS	17Q12 COPY NUMBER VARIATION SYNDROME%WIKIPATHWAYS_20250810%WP5287%HOMO SAPIENS		47	-0.6237694	-1.7085391	0.0	0.19919215	0.978	2163	tags=32%, list=12%, signal=36%	
ACTIN FILAMENT BUNDLE ORGANIZATION%GOBP%GO:0061572	ACTIN FILAMENT BUNDLE ORGANIZATION%GOBP%GO:0061572		47	-0.6109122	-1.7044579	0.0012755102	0.20359278	0.984	3051	tags=45%, list=17%, signal=54%	
BIOCARTA_G2_PATHWAY%MSIGDB_C2%BIOCARTA_G2_PATHWAY	BIOCARTA_G2_PATHWAY%MSIGDB_C2%BIOCARTA_G2_PATHWAY		19	-0.7182717	-1.7018191	0.001396648	0.20394912	0.984	2186	tags=37%, list=13%, signal=42%	
PROTEIN-CONTAINING COMPLEX REMODELING%GOBP%GO:0034367	PROTEIN-CONTAINING COMPLEX REMODELING%GOBP%GO:0034367		17	-0.7309488	-1.7006185	0.0	0.19928218	0.986	2611	tags=47%, list=15%, signal=55%	
GLUCONEOGENESIS%REACTOME%R-HSA-70263.7	GLUCONEOGENESIS%REACTOME%R-HSA-70263.7		17	-0.73277074	-1.6990452	0.0014124294	0.19704609	0.987	2850	tags=65%, list=16%, signal=77%	
ERBB SIGNALING%WIKIPATHWAYS_20250810%WP673%HOMO SAPIENS	ERBB SIGNALING%WIKIPATHWAYS_20250810%WP673%HOMO SAPIENS		66	-0.5827839	-1.6990019	0.0	0.18998732	0.988	2818	tags=45%, list=16%, signal=54%	
REGULATION OF PROTEIN-CONTAINING COMPLEX DISASSEMBLY%GOBP%GO:0043244	REGULATION OF PROTEIN-CONTAINING COMPLEX DISASSEMBLY%GOBP%GO:0043244		84	-0.5619651	-1.6985172	0.0	0.18504523	0.989	1622	tags=26%, list=9%, signal=29%	
DETECTION OF MECHANICAL STIMULUS%GOBP%GO:0050982	DETECTION OF MECHANICAL STIMULUS%GOBP%GO:0050982		27	-0.66068035	-1.6980457	0.0028449502	0.18014745	0.989	247	tags=19%, list=1%, signal=19%	
MULTICELLULAR ORGANISMAL MOVEMENT%GOBP%GO:0050879	MULTICELLULAR ORGANISMAL MOVEMENT%GOBP%GO:0050879		24	-0.6838944	-1.6967734	0.00269179	0.17820232	0.991	2212	tags=54%, list=13%, signal=62%	
MUSCULOSKELETAL MOVEMENT%GOBP%GO:0050881	MUSCULOSKELETAL MOVEMENT%GOBP%GO:0050881		24	-0.6838944	-1.6961303	0.002670227	0.17436773	0.992	2212	tags=54%, list=13%, signal=62%	
POSITIVE REGULATION OF PROTEIN-CONTAINING COMPLEX DISASSEMBLY%GOBP%GO:0043243	POSITIVE REGULATION OF PROTEIN-CONTAINING COMPLEX DISASSEMBLY%GOBP%GO:0043243		24	-0.6835457	-1.6935424	0.0067385444	0.17595781	0.994	1622	tags=33%, list=9%, signal=37%	
MICROTUBULE CYTOSKELETON REGULATION%WIKIPATHWAYS_20250810%WP2038%HOMO SAPIENS	MICROTUBULE CYTOSKELETON REGULATION%WIKIPATHWAYS_20250810%WP2038%HOMO SAPIENS		31	-0.6476841	-1.6863803	0.0	0.19187798	0.998	3926	tags=52%, list=22%, signal=66%	
MITOPHAGY%GOBP%GO:0000423	MITOPHAGY%GOBP%GO:0000423		42	-0.622464	-1.6854887	0.0012804097	0.18889917	0.998	2416	tags=38%, list=14%, signal=44%	
PID_LKB1_PATHWAY%MSIGDB_C2%PID_LKB1_PATHWAY	PID_LKB1_PATHWAY%MSIGDB_C2%PID_LKB1_PATHWAY		35	-0.6386226	-1.6841388	0.0013227513	0.18731965	0.999	3652	tags=49%, list=21%, signal=61%	
CANONICAL GLYCOLYSIS%GOBP%GO:0061621	CANONICAL GLYCOLYSIS%GOBP%GO:0061621		16	-0.7343217	-1.6835558	0.0014306152	0.18388002	0.999	3545	tags=81%, list=20%, signal=102%	
CELLULAR RESPONSE TO NERVE GROWTH FACTOR STIMULUS%GOBP%GO:1990090	CELLULAR RESPONSE TO NERVE GROWTH FACTOR STIMULUS%GOBP%GO:1990090		22	-0.6937078	-1.6834813	0.008108108	0.17917277	0.999	1607	tags=36%, list=9%, signal=40%	
GLUCOSE CATABOLIC PROCESS TO PYRUVATE%GOBP%GO:0061718	GLUCOSE CATABOLIC PROCESS TO PYRUVATE%GOBP%GO:0061718		16	-0.7343217	-1.6828446	0.0042253523	0.17638691	1.0	3545	tags=81%, list=20%, signal=102%	
GLUCOSE METABOLISM%REACTOME DATABASE ID RELEASE 93%70326	GLUCOSE METABOLISM%REACTOME DATABASE ID RELEASE 93%70326		65	-0.57351387	-1.6824325	0.0	0.17291228	1.0	2880	tags=37%, list=16%, signal=44%	
RESPONSE TO NERVE GROWTH FACTOR%GOBP%GO:1990089	RESPONSE TO NERVE GROWTH FACTOR%GOBP%GO:1990089		22	-0.6937078	-1.6812749	0.0013513514	0.17182402	1.0	1607	tags=36%, list=9%, signal=40%	
PURINE-CONTAINING COMPOUND CATABOLIC PROCESS%GOBP%GO:0072523	PURINE-CONTAINING COMPOUND CATABOLIC PROCESS%GOBP%GO:0072523		66	-0.5758362	-1.6808167	0.0	0.16897419	1.0	3545	tags=47%, list=20%, signal=59%	
REGULATION OF PROTEIN DEPOLYMERIZATION%GOBP%GO:1901879	REGULATION OF PROTEIN DEPOLYMERIZATION%GOBP%GO:1901879		53	-0.59820384	-1.6802287	0.0012515645	0.16664699	1.0	1451	tags=28%, list=8%, signal=31%	
MTOR SIGNALING PATHWAY%PATHWAY INTERACTION DATABASE NCI-NATURE CURATED DATA%MTOR SIGNALING PATHWAY	MTOR SIGNALING PATHWAY%PATHWAY INTERACTION DATABASE NCI-NATURE CURATED DATA%MTOR SIGNALING PATHWAY		65	-0.5826276	-1.6792514	0.0	0.16532771	1.0	4309	tags=49%, list=25%, signal=65%	
ERBB2 ERBB3 SIGNALING EVENTS%PATHWAY INTERACTION DATABASE NCI-NATURE CURATED DATA%ERBB2 ERBB3 SIGNALING EVENTS	ERBB2 ERBB3 SIGNALING EVENTS%PATHWAY INTERACTION DATABASE NCI-NATURE CURATED DATA%ERBB2 ERBB3 SIGNALING EVENTS		40	-0.61619794	-1.6788906	0.0051347883	0.16247615	1.0	3060	tags=45%, list=18%, signal=54%	
GLYCOLYSIS AND GLUCONEOGENESIS%WIKIPATHWAYS_20250810%WP534%HOMO SAPIENS	GLYCOLYSIS AND GLUCONEOGENESIS%WIKIPATHWAYS_20250810%WP534%HOMO SAPIENS		21	-0.6855998	-1.6784215	0.0040650405	0.16027689	1.0	3545	tags=71%, list=20%, signal=90%	
NICOTINAMIDE NUCLEOTIDE METABOLIC PROCESS%GOBP%GO:0046496	NICOTINAMIDE NUCLEOTIDE METABOLIC PROCESS%GOBP%GO:0046496		70	-0.5703497	-1.6775542	0.0	0.15906738	1.0	3656	tags=51%, list=21%, signal=65%	
GROWTH HORMONE SIGNALING PATHWAY%PATHWHIZ%PW064811	GROWTH HORMONE SIGNALING PATHWAY%PATHWHIZ%PW064811		18	-0.72315574	-1.6775416	0.0042253523	0.15572898	1.0	2818	tags=61%, list=16%, signal=73%	
IL5 SIGNALING%WIKIPATHWAYS_20250810%WP127%HOMO SAPIENS	IL5 SIGNALING%WIKIPATHWAYS_20250810%WP127%HOMO SAPIENS		25	-0.68079287	-1.6752	0.0013404826	0.15926062	1.0	2818	tags=56%, list=16%, signal=67%	
APOPTOSIS RELATED NETWORK DUE TO ALTERED NOTCH3 IN OVARIAN CANCER%WIKIPATHWAYS_20250810%WP2864%HOMO SAPIENS	APOPTOSIS RELATED NETWORK DUE TO ALTERED NOTCH3 IN OVARIAN CANCER%WIKIPATHWAYS_20250810%WP2864%HOMO SAPIENS		34	-0.6331026	-1.6732092	0.0025252525	0.16113457	1.0	5064	tags=59%, list=29%, signal=83%	
ACTIN FILAMENT BUNDLE ASSEMBLY%GOBP%GO:0051017	ACTIN FILAMENT BUNDLE ASSEMBLY%GOBP%GO:0051017		46	-0.61337745	-1.6707245	0.0	0.16446206	1.0	3051	tags=46%, list=17%, signal=55%	
PID_FOXM1_PATHWAY%MSIGDB_C2%PID_FOXM1_PATHWAY	PID_FOXM1_PATHWAY%MSIGDB_C2%PID_FOXM1_PATHWAY		33	-0.64029634	-1.6693052	0.0038560412	0.16489233	1.0	1988	tags=33%, list=11%, signal=38%	
GLUCONEOGENESIS%PATHWHIZ%PW000152	GLUCONEOGENESIS%PATHWHIZ%PW000152		18	-0.7054664	-1.6672362	0.0069637885	0.16702467	1.0	3545	tags=72%, list=20%, signal=91%	
NICOTINIC ACETYLCHOLINE RECEPTOR SIGNALING PATHWAY%PANTHER PATHWAY%P00044	NICOTINIC ACETYLCHOLINE RECEPTOR SIGNALING PATHWAY%PANTHER PATHWAY%P00044		49	-0.60108405	-1.6639876	0.0024875621	0.17238659	1.0	2740	tags=51%, list=16%, signal=60%	
GLYCOLYTIC PROCESS THROUGH FRUCTOSE-6-PHOSPHATE%GOBP%GO:0061615	GLYCOLYTIC PROCESS THROUGH FRUCTOSE-6-PHOSPHATE%GOBP%GO:0061615		17	-0.72072166	-1.6629083	0.002728513	0.17182836	1.0	3545	tags=76%, list=20%, signal=96%	
NEURODEGENERATION WITH BRAIN IRON ACCUMULATION NBIA SUBTYPES PATHWAY%WIKIPATHWAYS_20250810%WP4577%HOMO SAPIENS	NEURODEGENERATION WITH BRAIN IRON ACCUMULATION NBIA SUBTYPES PATHWAY%WIKIPATHWAYS_20250810%WP4577%HOMO SAPIENS		33	-0.63655674	-1.6624597	0.0026385225	0.16993721	1.0	3718	tags=45%, list=21%, signal=58%	
MATURATION OF SSU-RRNA FROM TRICISTRONIC RRNA TRANSCRIPT (SSU-RRNA, 5.8S RRNA, LSU-RRNA)%GOBP%GO:0000462	MATURATION OF SSU-RRNA FROM TRICISTRONIC RRNA TRANSCRIPT (SSU-RRNA, 5.8S RRNA, LSU-RRNA)%GOBP%GO:0000462		26	-0.6557514	-1.6619611	0.005610098	0.16821313	1.0	3057	tags=46%, list=18%, signal=56%	
NEUTRAL LIPID CATABOLIC PROCESS%GOBP%GO:0046461	NEUTRAL LIPID CATABOLIC PROCESS%GOBP%GO:0046461		17	-0.7225445	-1.6609169	0.0014025245	0.1678887	1.0	2645	tags=41%, list=15%, signal=48%	
TRIOSEPHOSPHATE ISOMERASE DEFICIENCY%PATHWHIZ%PW000539	TRIOSEPHOSPHATE ISOMERASE DEFICIENCY%PATHWHIZ%PW000539		18	-0.7054664	-1.6604832	0.0013736264	0.166352	1.0	3545	tags=72%, list=20%, signal=91%	
MATURATION OF SSU-RRNA%GOBP%GO:0030490	MATURATION OF SSU-RRNA%GOBP%GO:0030490		44	-0.6009944	-1.6599514	0.0012330456	0.16490199	1.0	3057	tags=36%, list=18%, signal=44%	
GLYCOGENOSIS, TYPE IA. VON GIERKE DISEASE%SMPDB%SMP0000581	GLYCOGENOSIS, TYPE IA. VON GIERKE DISEASE%SMPDB%SMP0000581		18	-0.7054664	-1.6589967	0.0054644807	0.1644346	1.0	3545	tags=72%, list=20%, signal=91%	
GLUCOSE CATABOLIC PROCESS%GOBP%GO:0006007	GLUCOSE CATABOLIC PROCESS%GOBP%GO:0006007		17	-0.7158188	-1.6577178	0.002739726	0.16506071	1.0	3545	tags=76%, list=20%, signal=96%	
SARCOMERE ORGANIZATION%GOBP%GO:0045214	SARCOMERE ORGANIZATION%GOBP%GO:0045214		26	-0.6668908	-1.6565796	0.0053050397	0.16524781	1.0	641	tags=38%, list=4%, signal=40%	
ANDROGEN RECEPTOR NETWORK IN PROSTATE CANCER%WIKIPATHWAYS_20250810%WP2263%HOMO SAPIENS	ANDROGEN RECEPTOR NETWORK IN PROSTATE CANCER%WIKIPATHWAYS_20250810%WP2263%HOMO SAPIENS		84	-0.54756856	-1.6557416	0.0	0.16505225	1.0	3950	tags=37%, list=23%, signal=47%	
NUCLEAR ENVELOPE ORGANIZATION%GOBP%GO:0006998	NUCLEAR ENVELOPE ORGANIZATION%GOBP%GO:0006998		51	-0.5898957	-1.6557343	0.0012391574	0.16252351	1.0	2856	tags=35%, list=16%, signal=42%	
G2/M TRANSITION OF MITOTIC CELL CYCLE%GOBP%GO:0000086	G2/M TRANSITION OF MITOTIC CELL CYCLE%GOBP%GO:0000086		38	-0.61518615	-1.6551305	0.0051085567	0.16144852	1.0	3502	tags=47%, list=20%, signal=59%	
NEGATIVE REGULATION OF PROTEIN CATABOLIC PROCESS%GOBP%GO:0042177	NEGATIVE REGULATION OF PROTEIN CATABOLIC PROCESS%GOBP%GO:0042177		87	-0.5525077	-1.6550887	0.0	0.15913351	1.0	3857	tags=40%, list=22%, signal=51%	
SIGNALING BY FLT3 FUSION PROTEINS%REACTOME DATABASE ID RELEASE 93%9703465	SIGNALING BY FLT3 FUSION PROTEINS%REACTOME DATABASE ID RELEASE 93%9703465		17	-0.7187812	-1.6545739	0.0041608876	0.15785317	1.0	2237	tags=47%, list=13%, signal=54%	
SARCOSINEMIA%SMPDB%SMP0000244	SARCOSINEMIA%SMPDB%SMP0000244		19	-0.6980488	-1.6544324	0.0014326648	0.15591145	1.0	3673	tags=63%, list=21%, signal=80%	
SMOOTH MUSCLE CONTRACTION%REACTOME DATABASE ID RELEASE 93%445355	SMOOTH MUSCLE CONTRACTION%REACTOME DATABASE ID RELEASE 93%445355		32	-0.6300323	-1.6535846	0.0012936611	0.15544781	1.0	4080	tags=56%, list=23%, signal=73%	
TRANSCRIPTIONAL REGULATION BY THE AP-2 (TFAP2) FAMILY OF TRANSCRIPTION FACTORS%REACTOME DATABASE ID RELEASE 93%8864260	TRANSCRIPTIONAL REGULATION BY THE AP-2 (TFAP2) FAMILY OF TRANSCRIPTION FACTORS%REACTOME DATABASE ID RELEASE 93%8864260		30	-0.64436245	-1.6531378	0.001321004	0.1542574	1.0	2580	tags=37%, list=15%, signal=43%	
GLYCOGENOSIS, TYPE IC%SMPDB%SMP0000574	GLYCOGENOSIS, TYPE IC%SMPDB%SMP0000574		18	-0.7054664	-1.65196	0.0068587107	0.15516438	1.0	3545	tags=72%, list=20%, signal=91%	
CARBOHYDRATE CATABOLIC PROCESS%GOBP%GO:0016052	CARBOHYDRATE CATABOLIC PROCESS%GOBP%GO:0016052		75	-0.55860114	-1.6507815	0.0	0.15592743	1.0	3545	tags=47%, list=20%, signal=58%	
ACYLGLYCEROL CATABOLIC PROCESS%GOBP%GO:0046464	ACYLGLYCEROL CATABOLIC PROCESS%GOBP%GO:0046464		17	-0.7225445	-1.6496472	0.009915014	0.15624349	1.0	2645	tags=41%, list=15%, signal=48%	
STRIATED MUSCLE CONTRACTION%REACTOME DATABASE ID RELEASE 93%390522	STRIATED MUSCLE CONTRACTION%REACTOME DATABASE ID RELEASE 93%390522		27	-0.65056765	-1.648468	0.0013245033	0.15717643	1.0	550	tags=37%, list=3%, signal=38%	
REGULATION OF MICROTUBULE POLYMERIZATION OR DEPOLYMERIZATION%GOBP%GO:0031110	REGULATION OF MICROTUBULE POLYMERIZATION OR DEPOLYMERIZATION%GOBP%GO:0031110		81	-0.54648805	-1.6480479	0.0	0.15601495	1.0	4307	tags=46%, list=25%, signal=60%	
3-PHOSPHOGLYCERATE DEHYDROGENASE DEFICIENCY%SMPDB%SMP0000721	3-PHOSPHOGLYCERATE DEHYDROGENASE DEFICIENCY%SMPDB%SMP0000721		19	-0.6980488	-1.6445733	0.002797203	0.16185871	1.0	3673	tags=63%, list=21%, signal=80%	
GLYCOGEN STORAGE DISEASE TYPE 1A (GSD1A) OR VON GIERKE DISEASE%SMPDB%SMP0000374	GLYCOGEN STORAGE DISEASE TYPE 1A (GSD1A) OR VON GIERKE DISEASE%SMPDB%SMP0000374		18	-0.7054664	-1.6441436	0.004016064	0.16093393	1.0	3545	tags=72%, list=20%, signal=91%	
GLYCOLYTIC PROCESS THROUGH GLUCOSE-6-PHOSPHATE%GOBP%GO:0061620	GLYCOLYTIC PROCESS THROUGH GLUCOSE-6-PHOSPHATE%GOBP%GO:0061620		17	-0.72072166	-1.6436986	0.007204611	0.15993321	1.0	3545	tags=76%, list=20%, signal=96%	
DIHYDROPYRIMIDINE DEHYDROGENASE DEFICIENCY (DHPD)%SMPDB%SMP0000179	DIHYDROPYRIMIDINE DEHYDROGENASE DEFICIENCY (DHPD)%SMPDB%SMP0000179		19	-0.6980488	-1.6432351	0.0	0.1589449	1.0	3673	tags=63%, list=21%, signal=80%	
PHOSPHOENOLPYRUVATE CARBOXYKINASE DEFICIENCY 1 (PEPCK1)%SMPDB%SMP0000560	PHOSPHOENOLPYRUVATE CARBOXYKINASE DEFICIENCY 1 (PEPCK1)%SMPDB%SMP0000560		18	-0.7054664	-1.6430879	0.004076087	0.1573486	1.0	3545	tags=72%, list=20%, signal=91%	
REGULATION OF RECEPTOR INTERNALIZATION%GOBP%GO:0002090	REGULATION OF RECEPTOR INTERNALIZATION%GOBP%GO:0002090		36	-0.6178817	-1.6397189	0.0025252525	0.16320121	1.0	4105	tags=47%, list=24%, signal=62%	
PID_ILK_PATHWAY%MSIGDB_C2%PID_ILK_PATHWAY	PID_ILK_PATHWAY%MSIGDB_C2%PID_ILK_PATHWAY		31	-0.6393904	-1.639704	0.0054347827	0.16126354	1.0	4234	tags=61%, list=24%, signal=81%	
POSITIVE REGULATION OF EXTRINSIC APOPTOTIC SIGNALING PATHWAY%GOBP%GO:2001238	POSITIVE REGULATION OF EXTRINSIC APOPTOTIC SIGNALING PATHWAY%GOBP%GO:2001238		20	-0.68844134	-1.6390835	0.0013642565	0.16095687	1.0	1758	tags=40%, list=10%, signal=44%	
PID_ERBB2_ERBB3_PATHWAY%MSIGDB_C2%PID_ERBB2_ERBB3_PATHWAY	PID_ERBB2_ERBB3_PATHWAY%MSIGDB_C2%PID_ERBB2_ERBB3_PATHWAY		36	-0.6239409	-1.638585	0.003937008	0.16022171	1.0	3060	tags=50%, list=18%, signal=60%	
GLYCINE AND SERINE METABOLISM%SMPDB%SMP0000004	GLYCINE AND SERINE METABOLISM%SMPDB%SMP0000004		19	-0.6980488	-1.6353201	0.0098730605	0.16630769	1.0	3673	tags=63%, list=21%, signal=80%	
REGULATION OF RECEPTOR-MEDIATED ENDOCYTOSIS%GOBP%GO:0048259	REGULATION OF RECEPTOR-MEDIATED ENDOCYTOSIS%GOBP%GO:0048259		63	-0.5692725	-1.6352733	0.0	0.16447444	1.0	3127	tags=37%, list=18%, signal=44%	
MITOCHONDRIAL PROTEIN IMPORT%REACTOME DATABASE ID RELEASE 93%1268020	MITOCHONDRIAL PROTEIN IMPORT%REACTOME DATABASE ID RELEASE 93%1268020		57	-0.5745181	-1.6347702	0.0012330456	0.16394603	1.0	4683	tags=58%, list=27%, signal=79%	
PYRUVATE METABOLIC PROCESS%GOBP%GO:0006090	PYRUVATE METABOLIC PROCESS%GOBP%GO:0006090		39	-0.6011939	-1.6343275	0.0012787724	0.16311216	1.0	3585	tags=64%, list=21%, signal=80%	
GLYCOGENOSIS, TYPE IB%SMPDB%SMP0000573	GLYCOGENOSIS, TYPE IB%SMPDB%SMP0000573		18	-0.7054664	-1.6341343	0.008645534	0.16181064	1.0	3545	tags=72%, list=20%, signal=91%	
POSITIVE REGULATION OF PROTEIN POLYMERIZATION%GOBP%GO:0032273	POSITIVE REGULATION OF PROTEIN POLYMERIZATION%GOBP%GO:0032273		57	-0.5712177	-1.6338757	0.0	0.16080141	1.0	4307	tags=60%, list=25%, signal=79%	
GLYCOLYSIS%REACTOME DATABASE ID RELEASE 93%70171	GLYCOLYSIS%REACTOME DATABASE ID RELEASE 93%70171		60	-0.567215	-1.6338516	0.0024360537	0.15908194	1.0	2880	tags=37%, list=16%, signal=44%	
NEGATIVE REGULATION OF CELL-MATRIX ADHESION%GOBP%GO:0001953	NEGATIVE REGULATION OF CELL-MATRIX ADHESION%GOBP%GO:0001953		25	-0.64857113	-1.6336147	0.004010695	0.15797365	1.0	4398	tags=56%, list=25%, signal=75%	
NON-KETOTIC HYPERGLYCINEMIA%PATHWHIZ%PW000209	NON-KETOTIC HYPERGLYCINEMIA%PATHWHIZ%PW000209		19	-0.6980488	-1.6335332	0.006830601	0.15646055	1.0	3673	tags=63%, list=21%, signal=80%	
ALPHA6BETA4INTEGRIN%NETPATH%ALPHA6BETA4INTEGRIN	ALPHA6BETA4INTEGRIN%NETPATH%ALPHA6BETA4INTEGRIN		47	-0.598102	-1.6327748	0.0012870013	0.15634319	1.0	3882	tags=47%, list=22%, signal=60%	
HYPERGLYCINEMIA, NON-KETOTIC%SMPDB%SMP0000485	HYPERGLYCINEMIA, NON-KETOTIC%SMPDB%SMP0000485		19	-0.6980488	-1.6321791	0.004103967	0.15576355	1.0	3673	tags=63%, list=21%, signal=80%	
DIMETHYLGLYCINE DEHYDROGENASE DEFICIENCY%SMPDB%SMP0000242	DIMETHYLGLYCINE DEHYDROGENASE DEFICIENCY%SMPDB%SMP0000242		19	-0.6980488	-1.6307884	0.008583691	0.1572714	1.0	3673	tags=63%, list=21%, signal=80%	
ORGANIC CATION TRANSPORT%GOBP%GO:0015695	ORGANIC CATION TRANSPORT%GOBP%GO:0015695		58	-0.5741252	-1.629591	0.0024721879	0.1587058	1.0	2704	tags=31%, list=15%, signal=37%	
CYTOKINESIS%GOBP%GO:0000910	CYTOKINESIS%GOBP%GO:0000910		89	-0.5363451	-1.6293864	0.0	0.15758073	1.0	5384	tags=52%, list=31%, signal=74%	
RHO GTPASES ACTIVATE WASPS AND WAVES%REACTOME DATABASE ID RELEASE 93%5663213	RHO GTPASES ACTIVATE WASPS AND WAVES%REACTOME DATABASE ID RELEASE 93%5663213		32	-0.6249875	-1.6291384	0.0025806453	0.15650053	1.0	3878	tags=44%, list=22%, signal=56%	
HALLMARK_PI3K_AKT_MTOR_SIGNALING%MSIGDBHALLMARK%HALLMARK_PI3K_AKT_MTOR_SIGNALING	HALLMARK_PI3K_AKT_MTOR_SIGNALING%MSIGDBHALLMARK%HALLMARK_PI3K_AKT_MTOR_SIGNALING		77	-0.53894633	-1.6280955	0.0011918951	0.15715306	1.0	2756	tags=32%, list=16%, signal=38%	
POLO-LIKE KINASE MEDIATED EVENTS%REACTOME%R-HSA-156711.4	POLO-LIKE KINASE MEDIATED EVENTS%REACTOME%R-HSA-156711.4		16	-0.70944893	-1.6274387	0.011111111	0.15740985	1.0	2047	tags=31%, list=12%, signal=35%	
SKELETAL MUSCLE CONTRACTION%GOBP%GO:0003009	SKELETAL MUSCLE CONTRACTION%GOBP%GO:0003009		22	-0.67639536	-1.6254227	0.010540185	0.16033185	1.0	2212	tags=55%, list=13%, signal=62%	
IL17 SIGNALING%WIKIPATHWAYS_20250810%WP2112%HOMO SAPIENS	IL17 SIGNALING%WIKIPATHWAYS_20250810%WP2112%HOMO SAPIENS		24	-0.6598444	-1.6221812	0.00672043	0.1664818	1.0	3966	tags=50%, list=23%, signal=65%	
B CELL RECEPTOR SIGNALING%WIKIPATHWAYS_20250810%WP23%HOMO SAPIENS	B CELL RECEPTOR SIGNALING%WIKIPATHWAYS_20250810%WP23%HOMO SAPIENS		63	-0.5628051	-1.6221809	0.0012300123	0.16488102	1.0	2528	tags=37%, list=14%, signal=43%	
FRUCTOSE-1,6-DIPHOSPHATASE DEFICIENCY%SMPDB%SMP0000562	FRUCTOSE-1,6-DIPHOSPHATASE DEFICIENCY%SMPDB%SMP0000562		18	-0.7054664	-1.6219155	0.005594406	0.16398776	1.0	3545	tags=72%, list=20%, signal=91%	
GABA RECEPTOR SIGNALING%WIKIPATHWAYS_20250810%WP4159%HOMO SAPIENS	GABA RECEPTOR SIGNALING%WIKIPATHWAYS_20250810%WP4159%HOMO SAPIENS		21	-0.67572784	-1.6208285	0.008064516	0.16508467	1.0	2349	tags=43%, list=13%, signal=49%	
PLASMA LIPOPROTEIN PARTICLE REMODELING%GOBP%GO:0034369	PLASMA LIPOPROTEIN PARTICLE REMODELING%GOBP%GO:0034369		16	-0.7208332	-1.6203718	0.0069444445	0.16461882	1.0	2611	tags=44%, list=15%, signal=51%	
PURINE RIBONUCLEOTIDE CATABOLIC PROCESS%GOBP%GO:0009154	PURINE RIBONUCLEOTIDE CATABOLIC PROCESS%GOBP%GO:0009154		43	-0.59002787	-1.6198608	0.007518797	0.16441078	1.0	3545	tags=56%, list=20%, signal=70%	
RRNA MODIFICATION IN THE NUCLEUS AND CYTOSOL%REACTOME DATABASE ID RELEASE 93%6790901	RRNA MODIFICATION IN THE NUCLEUS AND CYTOSOL%REACTOME DATABASE ID RELEASE 93%6790901		55	-0.5669585	-1.6183188	0.0049321824	0.16621234	1.0	3560	tags=35%, list=20%, signal=43%	
BIOCARTA_AGR_PATHWAY%MSIGDB_C2%BIOCARTA_AGR_PATHWAY	BIOCARTA_AGR_PATHWAY%MSIGDB_C2%BIOCARTA_AGR_PATHWAY		23	-0.65795535	-1.6181989	0.005263158	0.16496581	1.0	3882	tags=61%, list=22%, signal=78%	
GLUTAMINOLYSIS AND CANCER%SMPDB%SMP0002298	GLUTAMINOLYSIS AND CANCER%SMPDB%SMP0002298		33	-0.61934274	-1.617425	0.0037831021	0.16518739	1.0	4291	tags=61%, list=25%, signal=80%	
CXCR4-MEDIATED SIGNALING EVENTS%PATHWAY INTERACTION DATABASE NCI-NATURE CURATED DATA%CXCR4-MEDIATED SIGNALING EVENTS	CXCR4-MEDIATED SIGNALING EVENTS%PATHWAY INTERACTION DATABASE NCI-NATURE CURATED DATA%CXCR4-MEDIATED SIGNALING EVENTS		67	-0.5634621	-1.6173273	0.0024271845	0.16401042	1.0	3433	tags=42%, list=20%, signal=52%	
DIMETHYLGLYCINE DEHYDROGENASE DEFICIENCY%SMPDB%SMP0000484	DIMETHYLGLYCINE DEHYDROGENASE DEFICIENCY%SMPDB%SMP0000484		19	-0.6980488	-1.6168932	0.0013717421	0.16371258	1.0	3673	tags=63%, list=21%, signal=80%	
LEISHMANIA PHAGOCYTOSIS%REACTOME%R-HSA-9664417.2	LEISHMANIA PHAGOCYTOSIS%REACTOME%R-HSA-9664417.2		50	-0.57194775	-1.6168492	0.0024721879	0.16239904	1.0	3878	tags=44%, list=22%, signal=56%	
RESPONSE TO TUMOR CELL%GOBP%GO:0002347	RESPONSE TO TUMOR CELL%GOBP%GO:0002347		15	-0.7202181	-1.6166086	0.012693935	0.16161406	1.0	2020	tags=40%, list=12%, signal=45%	
CARBOHYDRATE BIOSYNTHETIC PROCESS%GOBP%GO:0016051	CARBOHYDRATE BIOSYNTHETIC PROCESS%GOBP%GO:0016051		56	-0.5679004	-1.6162568	0.001216545	0.16094449	1.0	3742	tags=46%, list=21%, signal=59%	
BIOCARTA_GH_PATHWAY%MSIGDB_C2%BIOCARTA_GH_PATHWAY	BIOCARTA_GH_PATHWAY%MSIGDB_C2%BIOCARTA_GH_PATHWAY		19	-0.67998564	-1.6159523	0.0054200543	0.16018562	1.0	2818	tags=53%, list=16%, signal=63%	
PID_MET_PATHWAY%MSIGDB_C2%PID_MET_PATHWAY	PID_MET_PATHWAY%MSIGDB_C2%PID_MET_PATHWAY		62	-0.56451106	-1.6138166	0.0	0.16383088	1.0	3926	tags=52%, list=22%, signal=66%	
RESPONSE TO PH%GOBP%GO:0009268	RESPONSE TO PH%GOBP%GO:0009268		17	-0.7041384	-1.6133777	0.008152174	0.16352235	1.0	1220	tags=29%, list=7%, signal=32%	
MACROPHAGE ACTIVATION%GOBP%GO:0042116	MACROPHAGE ACTIVATION%GOBP%GO:0042116		19	-0.683497	-1.6129329	0.0054719565	0.1632721	1.0	2751	tags=32%, list=16%, signal=37%	
PLASMA LIPOPROTEIN REMODELING%REACTOME DATABASE ID RELEASE 93%8963899	PLASMA LIPOPROTEIN REMODELING%REACTOME DATABASE ID RELEASE 93%8963899		15	-0.7101358	-1.6118234	0.008658009	0.16458695	1.0	2611	tags=47%, list=15%, signal=55%	
REGULATION OF AUTOPHAGOSOME MATURATION%GOBP%GO:1901096	REGULATION OF AUTOPHAGOSOME MATURATION%GOBP%GO:1901096		15	-0.69923955	-1.6106601	0.00862069	0.1657878	1.0	1594	tags=33%, list=9%, signal=37%	
PI5P, PP2A AND IER3 REGULATE PI3K AKT SIGNALING%REACTOME DATABASE ID RELEASE 93%6811558	PI5P, PP2A AND IER3 REGULATE PI3K AKT SIGNALING%REACTOME DATABASE ID RELEASE 93%6811558		65	-0.55939126	-1.6089939	0.0024183798	0.16852985	1.0	3060	tags=45%, list=18%, signal=54%	
PURINE NUCLEOTIDE CATABOLIC PROCESS%GOBP%GO:0006195	PURINE NUCLEOTIDE CATABOLIC PROCESS%GOBP%GO:0006195		50	-0.5707715	-1.6072593	0.007782101	0.17138268	1.0	3545	tags=52%, list=20%, signal=65%	
CYTOSKELETAL REGULATION BY RHO GTPASE%PANTHER PATHWAY%P00016	CYTOSKELETAL REGULATION BY RHO GTPASE%PANTHER PATHWAY%P00016		49	-0.57552296	-1.6070554	0.0012594458	0.17053695	1.0	5365	tags=69%, list=31%, signal=100%	
ALPHA6BETA4INTEGRIN%IOB%ALPHA6BETA4INTEGRIN	ALPHA6BETA4INTEGRIN%IOB%ALPHA6BETA4INTEGRIN		42	-0.6004692	-1.6068634	0.0039267014	0.16959365	1.0	3882	tags=48%, list=22%, signal=61%	
PID_GMCSF_PATHWAY%MSIGDB_C2%PID_GMCSF_PATHWAY	PID_GMCSF_PATHWAY%MSIGDB_C2%PID_GMCSF_PATHWAY		26	-0.64045066	-1.6062869	0.01058201	0.16965696	1.0	2818	tags=46%, list=16%, signal=55%	
REGULATION OF MITF-M-DEPENDENT GENES INVOLVED IN PIGMENTATION%REACTOME DATABASE ID RELEASE 93%9824585	REGULATION OF MITF-M-DEPENDENT GENES INVOLVED IN PIGMENTATION%REACTOME DATABASE ID RELEASE 93%9824585		33	-0.6241819	-1.6062096	0.0026007802	0.16849089	1.0	3950	tags=48%, list=23%, signal=63%	
PARASITE INFECTION%REACTOME DATABASE ID RELEASE 93%9664407	PARASITE INFECTION%REACTOME DATABASE ID RELEASE 93%9664407		50	-0.57194775	-1.606071	0.008684863	0.16749376	1.0	3878	tags=44%, list=22%, signal=56%	
CYTOSKELETON-DEPENDENT CYTOKINESIS%GOBP%GO:0061640	CYTOSKELETON-DEPENDENT CYTOKINESIS%GOBP%GO:0061640		87	-0.532483	-1.6053472	0.0011862396	0.16775481	1.0	5384	tags=52%, list=31%, signal=74%	
PID_PDGFRB_PATHWAY%MSIGDB_C2%PID_PDGFRB_PATHWAY	PID_PDGFRB_PATHWAY%MSIGDB_C2%PID_PDGFRB_PATHWAY		88	-0.5285555	-1.6051277	0.0011668612	0.16706726	1.0	4086	tags=45%, list=23%, signal=59%	
REGULATION OF ACTIN FILAMENT DEPOLYMERIZATION%GOBP%GO:0030834	REGULATION OF ACTIN FILAMENT DEPOLYMERIZATION%GOBP%GO:0030834		27	-0.632134	-1.6042237	0.009562842	0.16808666	1.0	1451	tags=30%, list=8%, signal=32%	
PROTEIN-LIPID COMPLEX REMODELING%GOBP%GO:0034368	PROTEIN-LIPID COMPLEX REMODELING%GOBP%GO:0034368		16	-0.7208332	-1.6034802	0.0028449502	0.16855665	1.0	2611	tags=44%, list=15%, signal=51%	
T CELL RECEPTOR SIGNALING PATHWAY%GOBP%GO:0050852	T CELL RECEPTOR SIGNALING PATHWAY%GOBP%GO:0050852		58	-0.5584604	-1.603173	0.004968944	0.16806255	1.0	3308	tags=36%, list=19%, signal=45%	
LEPTIN SIGNALING%WIKIPATHWAYS_20250810%WP2034%HOMO SAPIENS	LEPTIN SIGNALING%WIKIPATHWAYS_20250810%WP2034%HOMO SAPIENS		62	-0.5485979	-1.6028265	0.003690037	0.1676482	1.0	5059	tags=53%, list=29%, signal=75%	
FCGR3A-MEDIATED PHAGOCYTOSIS%REACTOME%R-HSA-9664422.2	FCGR3A-MEDIATED PHAGOCYTOSIS%REACTOME%R-HSA-9664422.2		50	-0.57194775	-1.6020745	0.0049566296	0.16826199	1.0	3878	tags=44%, list=22%, signal=56%	
NEGATIVE REGULATION OF ORGANELLE ASSEMBLY%GOBP%GO:1902116	NEGATIVE REGULATION OF ORGANELLE ASSEMBLY%GOBP%GO:1902116		43	-0.5876272	-1.6019182	0.00390625	0.167395	1.0	2676	tags=35%, list=15%, signal=41%	
MITF-M-DEPENDENT GENE EXPRESSION%REACTOME%R-HSA-9856651.3	MITF-M-DEPENDENT GENE EXPRESSION%REACTOME%R-HSA-9856651.3		87	-0.52471834	-1.6015817	0.0	0.16690859	1.0	4240	tags=43%, list=24%, signal=56%	
BIOCARTA_GPCR_PATHWAY%MSIGDB_C2%BIOCARTA_GPCR_PATHWAY	BIOCARTA_GPCR_PATHWAY%MSIGDB_C2%BIOCARTA_GPCR_PATHWAY		20	-0.667133	-1.6000445	0.0040871934	0.16954345	1.0	2818	tags=45%, list=16%, signal=54%	
PID_IL2_1PATHWAY%MSIGDB_C2%PID_IL2_1PATHWAY	PID_IL2_1PATHWAY%MSIGDB_C2%PID_IL2_1PATHWAY		44	-0.5767079	-1.5987629	0.004968944	0.171102	1.0	2818	tags=36%, list=16%, signal=43%	
CELL ADHESION MEDIATED BY INTEGRIN%GOBP%GO:0033627	CELL ADHESION MEDIATED BY INTEGRIN%GOBP%GO:0033627		19	-0.67380685	-1.5984447	0.0053333333	0.1705833	1.0	1254	tags=32%, list=7%, signal=34%	
ARF1 PATHWAY%PATHWAY INTERACTION DATABASE NCI-NATURE CURATED DATA%ARF1 PATHWAY	ARF1 PATHWAY%PATHWAY INTERACTION DATABASE NCI-NATURE CURATED DATA%ARF1 PATHWAY		18	-0.69441664	-1.5976424	0.009536785	0.1712097	1.0	3858	tags=72%, list=22%, signal=93%	
PROTEIN LOCALIZATION TO MITOCHONDRION%GOBP%GO:0070585	PROTEIN LOCALIZATION TO MITOCHONDRION%GOBP%GO:0070585		58	-0.5639475	-1.5967971	0.0	0.17217289	1.0	5021	tags=52%, list=29%, signal=72%	
CELLULAR RESPONSE TO PH%GOBP%GO:0071467	CELLULAR RESPONSE TO PH%GOBP%GO:0071467		16	-0.7087012	-1.5935028	0.011204482	0.178886	1.0	1220	tags=31%, list=7%, signal=34%	
DISEASES OF PROGRAMMED CELL DEATH%REACTOME%R-HSA-9645723.8	DISEASES OF PROGRAMMED CELL DEATH%REACTOME%R-HSA-9645723.8		39	-0.5877016	-1.5925512	0.003896104	0.17995533	1.0	4332	tags=54%, list=25%, signal=71%	
REACTIVE NITROGEN SPECIES METABOLIC PROCESS%GOBP%GO:2001057	REACTIVE NITROGEN SPECIES METABOLIC PROCESS%GOBP%GO:2001057		21	-0.66269153	-1.5919993	0.008064516	0.18005791	1.0	3567	tags=52%, list=20%, signal=66%	
NEGATIVE REGULATION OF INNATE IMMUNE RESPONSE%GOBP%GO:0045824	NEGATIVE REGULATION OF INNATE IMMUNE RESPONSE%GOBP%GO:0045824		58	-0.554282	-1.5913947	0.0025	0.18014553	1.0	3520	tags=36%, list=20%, signal=45%	
FC EPSILON RECEPTOR I SIGNALING IN MAST CELLS%SMPDB%SMP0000358	FC EPSILON RECEPTOR I SIGNALING IN MAST CELLS%SMPDB%SMP0000358		29	-0.6223527	-1.5909511	0.012953368	0.17985313	1.0	3060	tags=45%, list=18%, signal=54%	
REGULATION OF CARDIAC MUSCLE CELL MEMBRANE REPOLARIZATION%GOBP%GO:0099623	REGULATION OF CARDIAC MUSCLE CELL MEMBRANE REPOLARIZATION%GOBP%GO:0099623		17	-0.67704976	-1.5907183	0.011080332	0.17916706	1.0	1503	tags=35%, list=9%, signal=39%	
SYNAPTIC VESICLE RECYCLING%GOBP%GO:0036465	SYNAPTIC VESICLE RECYCLING%GOBP%GO:0036465		38	-0.59171456	-1.5873171	0.003921569	0.18623124	1.0	4316	tags=47%, list=25%, signal=63%	
POSITIVE REGULATION OF CHROMOSOME SEPARATION%GOBP%GO:1905820	POSITIVE REGULATION OF CHROMOSOME SEPARATION%GOBP%GO:1905820		31	-0.61574864	-1.5866083	0.0132626	0.18667376	1.0	4016	tags=48%, list=23%, signal=63%	
T CELL ACTIVATION SARS COV 2%WIKIPATHWAYS_20250810%WP5098%HOMO SAPIENS	T CELL ACTIVATION SARS COV 2%WIKIPATHWAYS_20250810%WP5098%HOMO SAPIENS		46	-0.56867677	-1.5863369	0.006451613	0.18616185	1.0	2818	tags=43%, list=16%, signal=52%	
SIGNALLING TO ERKS%REACTOME DATABASE ID RELEASE 93%187687	SIGNALLING TO ERKS%REACTOME DATABASE ID RELEASE 93%187687		30	-0.61934817	-1.5862762	0.008219178	0.18504362	1.0	3780	tags=47%, list=22%, signal=59%	
DETOXIFICATION%GOBP%GO:0098754	DETOXIFICATION%GOBP%GO:0098754		51	-0.55398124	-1.5854807	0.0050955415	0.1857651	1.0	5225	tags=49%, list=30%, signal=70%	
TOLL-LIKE RECEPTOR SIGNALING PATHWAY%GOBP%GO:0002224	TOLL-LIKE RECEPTOR SIGNALING PATHWAY%GOBP%GO:0002224		23	-0.65108573	-1.5830188	0.009708738	0.19089763	1.0	5266	tags=74%, list=30%, signal=106%	
BIOCARTA_INTEGRIN_PATHWAY%MSIGDB_C2%BIOCARTA_INTEGRIN_PATHWAY	BIOCARTA_INTEGRIN_PATHWAY%MSIGDB_C2%BIOCARTA_INTEGRIN_PATHWAY		26	-0.64086246	-1.5817797	0.008174387	0.19263567	1.0	3798	tags=69%, list=22%, signal=88%	
REGULATION OF PEPTIDYL-SERINE PHOSPHORYLATION%GOBP%GO:0033135	REGULATION OF PEPTIDYL-SERINE PHOSPHORYLATION%GOBP%GO:0033135		23	-0.64744914	-1.5812626	0.008174387	0.1929471	1.0	3051	tags=39%, list=17%, signal=47%	
MALE INFERTILITY%WIKIPATHWAYS_20250810%WP4673%HOMO SAPIENS	MALE INFERTILITY%WIKIPATHWAYS_20250810%WP4673%HOMO SAPIENS		70	-0.5446444	-1.5807898	0.0012210013	0.1928091	1.0	3133	tags=34%, list=18%, signal=42%	
HALLMARK_FATTY_ACID_METABOLISM%MSIGDBHALLMARK%HALLMARK_FATTY_ACID_METABOLISM	HALLMARK_FATTY_ACID_METABOLISM%MSIGDBHALLMARK%HALLMARK_FATTY_ACID_METABOLISM		89	-0.52068186	-1.57901	0.0	0.19597392	1.0	5048	tags=46%, list=29%, signal=64%	
RESPONSE TO AXON INJURY%GOBP%GO:0048678	RESPONSE TO AXON INJURY%GOBP%GO:0048678		16	-0.69541967	-1.5781072	0.016620498	0.19715312	1.0	2098	tags=38%, list=12%, signal=43%	
POSITIVE REGULATION OF GTPASE ACTIVITY%GOBP%GO:0043547	POSITIVE REGULATION OF GTPASE ACTIVITY%GOBP%GO:0043547		72	-0.54213303	-1.5775633	0.004813478	0.19729416	1.0	3833	tags=43%, list=22%, signal=55%	
POSITIVE REGULATION OF MICROTUBULE POLYMERIZATION OR DEPOLYMERIZATION%GOBP%GO:0031112	POSITIVE REGULATION OF MICROTUBULE POLYMERIZATION OR DEPOLYMERIZATION%GOBP%GO:0031112		30	-0.6156965	-1.5771258	0.009114583	0.1973398	1.0	4307	tags=60%, list=25%, signal=80%	
16P11 2 PROXIMAL DELETION SYNDROME%WIKIPATHWAYS_20250810%WP4949%HOMO SAPIENS	16P11 2 PROXIMAL DELETION SYNDROME%WIKIPATHWAYS_20250810%WP4949%HOMO SAPIENS		53	-0.5518234	-1.5766697	0.0049261083	0.19733797	1.0	4827	tags=47%, list=28%, signal=65%	
16P12 2 COPY NUMBER VARIATION SYNDROME 520KB %WIKIPATHWAYS_20250810%WP5510%HOMO SAPIENS	16P12 2 COPY NUMBER VARIATION SYNDROME 520KB %WIKIPATHWAYS_20250810%WP5510%HOMO SAPIENS		41	-0.5855811	-1.5758979	0.00875	0.19808406	1.0	3652	tags=46%, list=21%, signal=58%	
INSULIN SIGNALLING%PATHWHIZ%PW000454	INSULIN SIGNALLING%PATHWHIZ%PW000454		16	-0.6973753	-1.5747073	0.011080332	0.19989428	1.0	2522	tags=56%, list=14%, signal=66%	
BDNF TRKB SIGNALING%WIKIPATHWAYS_20250810%WP3676%HOMO SAPIENS	BDNF TRKB SIGNALING%WIKIPATHWAYS_20250810%WP3676%HOMO SAPIENS		28	-0.6114213	-1.5744312	0.013736264	0.1993645	1.0	3836	tags=54%, list=22%, signal=69%	
REGULATION OF PROTEIN LOCALIZATION TO CELL SURFACE%GOBP%GO:2000008	REGULATION OF PROTEIN LOCALIZATION TO CELL SURFACE%GOBP%GO:2000008		28	-0.6247639	-1.5736147	0.012311902	0.20009357	1.0	2074	tags=32%, list=12%, signal=36%	
SENSORY PROCESSING OF SOUND BY OUTER HAIR CELLS OF THE COCHLEA%REACTOME%R-HSA-9662361.2	SENSORY PROCESSING OF SOUND BY OUTER HAIR CELLS OF THE COCHLEA%REACTOME%R-HSA-9662361.2		37	-0.58830076	-1.5734764	0.006501951	0.19933183	1.0	1193	tags=27%, list=7%, signal=29%	
CITRIC ACID CYCLE%SMPDB%SMP0000057	CITRIC ACID CYCLE%SMPDB%SMP0000057		21	-0.64283174	-1.5720744	0.014025246	0.20183618	1.0	5864	tags=90%, list=34%, signal=136%	
CELLULAR COMPONENT MAINTENANCE%GOBP%GO:0043954	CELLULAR COMPONENT MAINTENANCE%GOBP%GO:0043954		26	-0.62808394	-1.5715531	0.014725569	0.20218815	1.0	3968	tags=50%, list=23%, signal=65%	
MITOCHONDRIAL PROTEIN DEGRADATION%REACTOME%R-HSA-9837999.2	MITOCHONDRIAL PROTEIN DEGRADATION%REACTOME%R-HSA-9837999.2		87	-0.5229767	-1.5701146	0.0011806375	0.20502901	1.0	4539	tags=48%, list=26%, signal=65%	
BIOCARTA_IGF1R_PATHWAY%MSIGDB_C2%BIOCARTA_IGF1R_PATHWAY	BIOCARTA_IGF1R_PATHWAY%MSIGDB_C2%BIOCARTA_IGF1R_PATHWAY		17	-0.6753107	-1.5698684	0.011095701	0.20456311	1.0	4309	tags=65%, list=25%, signal=86%	
SIGNALING BY CTNNB1 PHOSPHO-SITE MUTANTS%REACTOME DATABASE ID RELEASE 93%4839743	SIGNALING BY CTNNB1 PHOSPHO-SITE MUTANTS%REACTOME DATABASE ID RELEASE 93%4839743		15	-0.68668836	-1.5696735	0.010144928	0.20381019	1.0	2780	tags=40%, list=16%, signal=48%	
LEIGH SYNDROME%SMPDB%SMP0000196	LEIGH SYNDROME%SMPDB%SMP0000196		17	-0.6705978	-1.5692018	0.012295082	0.20409963	1.0	3585	tags=59%, list=21%, signal=74%	
AUTOPHAGY OF MITOCHONDRION%GOBP%GO:0000422	AUTOPHAGY OF MITOCHONDRION%GOBP%GO:0000422		58	-0.5412876	-1.5686544	0.004962779	0.20434293	1.0	2416	tags=31%, list=14%, signal=36%	
NEGATIVE REGULATION OF RESPONSE TO BIOTIC STIMULUS%GOBP%GO:0002832	NEGATIVE REGULATION OF RESPONSE TO BIOTIC STIMULUS%GOBP%GO:0002832		77	-0.5261216	-1.5683544	0.0035128805	0.20396519	1.0	3754	tags=35%, list=21%, signal=44%	
ARYL HYDROCARBON RECEPTOR PATHWAY%WIKIPATHWAYS_20250810%WP2586%HOMO SAPIENS	ARYL HYDROCARBON RECEPTOR PATHWAY%WIKIPATHWAYS_20250810%WP2586%HOMO SAPIENS		31	-0.61257243	-1.5669901	0.009433962	0.2062938	1.0	2580	tags=35%, list=15%, signal=42%	
ESTABLISHMENT OF ENDOTHELIAL BARRIER%GOBP%GO:0061028	ESTABLISHMENT OF ENDOTHELIAL BARRIER%GOBP%GO:0061028		21	-0.6450867	-1.5668681	0.0056899004	0.20537685	1.0	225	tags=19%, list=1%, signal=19%	
POSITIVE REGULATION OF NITRIC OXIDE METABOLIC PROCESS%GOBP%GO:1904407	POSITIVE REGULATION OF NITRIC OXIDE METABOLIC PROCESS%GOBP%GO:1904407		18	-0.6706032	-1.5649974	0.017906336	0.20928128	1.0	715	tags=22%, list=4%, signal=23%	
BETA-CATENIN PHOSPHORYLATION CASCADE%REACTOME%R-HSA-196299.3	BETA-CATENIN PHOSPHORYLATION CASCADE%REACTOME%R-HSA-196299.3		17	-0.6875707	-1.5645579	0.009957326	0.20923208	1.0	2780	tags=41%, list=16%, signal=49%	
POSITIVE REGULATION OF CYTOKINE-MEDIATED SIGNALING PATHWAY%GOBP%GO:0001961	POSITIVE REGULATION OF CYTOKINE-MEDIATED SIGNALING PATHWAY%GOBP%GO:0001961		31	-0.5994501	-1.5643836	0.0078023407	0.2085519	1.0	3327	tags=42%, list=19%, signal=52%	
SIGNALLING TO RAS%REACTOME%R-HSA-167044.6	SIGNALLING TO RAS%REACTOME%R-HSA-167044.6		17	-0.69160944	-1.5640128	0.00698324	0.2083113	1.0	1862	tags=41%, list=11%, signal=46%	
INHIBITION OF EXOSOME BIOGENESIS AND SECRETION BY MANUMYCIN A IN CRPC CELLS%WIKIPATHWAYS_20250810%WP4301%HOMO SAPIENS	INHIBITION OF EXOSOME BIOGENESIS AND SECRETION BY MANUMYCIN A IN CRPC CELLS%WIKIPATHWAYS_20250810%WP4301%HOMO SAPIENS		17	-0.6745767	-1.5633048	0.014164306	0.20896974	1.0	3398	tags=41%, list=19%, signal=51%	
CXCR3-MEDIATED SIGNALING EVENTS%PATHWAY INTERACTION DATABASE NCI-NATURE CURATED DATA%CXCR3-MEDIATED SIGNALING EVENTS	CXCR3-MEDIATED SIGNALING EVENTS%PATHWAY INTERACTION DATABASE NCI-NATURE CURATED DATA%CXCR3-MEDIATED SIGNALING EVENTS		32	-0.60536885	-1.56323	0.011842106	0.20806284	1.0	3294	tags=47%, list=19%, signal=58%	
FCGAMMA RECEPTOR (FCGR) DEPENDENT PHAGOCYTOSIS%REACTOME%R-HSA-2029480.3	FCGAMMA RECEPTOR (FCGR) DEPENDENT PHAGOCYTOSIS%REACTOME%R-HSA-2029480.3		71	-0.53906375	-1.5623945	0.0048250905	0.20937133	1.0	4062	tags=46%, list=23%, signal=60%	
PROTEIN-LIPID COMPLEX ORGANIZATION%GOBP%GO:0071825	PROTEIN-LIPID COMPLEX ORGANIZATION%GOBP%GO:0071825		30	-0.6147482	-1.5623254	0.007843138	0.20843096	1.0	2611	tags=40%, list=15%, signal=47%	
STRIATED MUSCLE CONTRACTION%GOBP%GO:0006941	STRIATED MUSCLE CONTRACTION%GOBP%GO:0006941		76	-0.5213894	-1.5618412	0.0035842294	0.2085957	1.0	2212	tags=41%, list=13%, signal=47%	
NEGATIVE REGULATION OF THE PI3K AKT NETWORK%REACTOME DATABASE ID RELEASE 93%199418	NEGATIVE REGULATION OF THE PI3K AKT NETWORK%REACTOME DATABASE ID RELEASE 93%199418		72	-0.5286077	-1.5614624	0.0048250905	0.20846611	1.0	3060	tags=43%, list=18%, signal=52%	
REGULATION OF MITOCHONDRIAL TRANSLATION%GOBP%GO:0070129	REGULATION OF MITOCHONDRIAL TRANSLATION%GOBP%GO:0070129		20	-0.65521824	-1.5610706	0.010796221	0.20832	1.0	4632	tags=60%, list=27%, signal=82%	
REGULATION OF PURINE NUCLEOTIDE METABOLIC PROCESS%GOBP%GO:1900542	REGULATION OF PURINE NUCLEOTIDE METABOLIC PROCESS%GOBP%GO:1900542		48	-0.55622584	-1.5607358	0.012820513	0.20813593	1.0	4034	tags=46%, list=23%, signal=59%	
PYRUVATE DEHYDROGENASE DEFICIENCY (E2)%SMPDB%SMP0000551	PYRUVATE DEHYDROGENASE DEFICIENCY (E2)%SMPDB%SMP0000551		21	-0.64283174	-1.5595893	0.015320335	0.21010314	1.0	5864	tags=90%, list=34%, signal=136%	
PYRIDINE-CONTAINING COMPOUND CATABOLIC PROCESS%GOBP%GO:0072526	PYRIDINE-CONTAINING COMPOUND CATABOLIC PROCESS%GOBP%GO:0072526		35	-0.5895287	-1.5593629	0.011764706	0.20946388	1.0	3545	tags=60%, list=20%, signal=75%	
BIOCARTA_PTDINS_PATHWAY%MSIGDB_C2%BIOCARTA_PTDINS_PATHWAY	BIOCARTA_PTDINS_PATHWAY%MSIGDB_C2%BIOCARTA_PTDINS_PATHWAY		20	-0.6622112	-1.5588146	0.010869565	0.20979616	1.0	3238	tags=55%, list=19%, signal=67%	
NEGATIVE REGULATION OF JNK CASCADE%GOBP%GO:0046329	NEGATIVE REGULATION OF JNK CASCADE%GOBP%GO:0046329		32	-0.5955527	-1.5586343	0.013586956	0.20926431	1.0	2153	tags=28%, list=12%, signal=32%	
TCR SIGNALING IN NAIVE CD4+ T CELLS%PATHWAY INTERACTION DATABASE NCI-NATURE CURATED DATA%TCR SIGNALING IN NAIVE CD4+ T CELLS	TCR SIGNALING IN NAIVE CD4+ T CELLS%PATHWAY INTERACTION DATABASE NCI-NATURE CURATED DATA%TCR SIGNALING IN NAIVE CD4+ T CELLS		42	-0.5712184	-1.5584134	0.007633588	0.20879376	1.0	2738	tags=38%, list=16%, signal=45%	
MITOCHONDRIAL MEMBRANE ORGANIZATION%GOBP%GO:0007006	MITOCHONDRIAL MEMBRANE ORGANIZATION%GOBP%GO:0007006		80	-0.5229674	-1.5581796	0.0011890606	0.20829476	1.0	3795	tags=45%, list=22%, signal=57%	
PYRUVATE KINASE DEFICIENCY%PATHWHIZ%PW000535	PYRUVATE KINASE DEFICIENCY%PATHWHIZ%PW000535		17	-0.6705978	-1.5581263	0.016282225	0.20740677	1.0	3585	tags=59%, list=21%, signal=74%	
THE ONCOGENIC ACTION OF SUCCINATE%PATHWHIZ%PW002360	THE ONCOGENIC ACTION OF SUCCINATE%PATHWHIZ%PW002360		27	-0.6150418	-1.5578576	0.012278308	0.20716423	1.0	3839	tags=59%, list=22%, signal=76%	
MYOFIBRIL ASSEMBLY%GOBP%GO:0030239	MYOFIBRIL ASSEMBLY%GOBP%GO:0030239		44	-0.5654818	-1.556899	0.0062735258	0.20864034	1.0	2742	tags=43%, list=16%, signal=51%	
THYROID HORMONES PRODUCTION AND PERIPHERAL DOWNSTREAM SIGNALING EFFECTS%WIKIPATHWAYS_20250810%WP4746%HOMO SAPIENS	THYROID HORMONES PRODUCTION AND PERIPHERAL DOWNSTREAM SIGNALING EFFECTS%WIKIPATHWAYS_20250810%WP4746%HOMO SAPIENS		60	-0.54042464	-1.5567636	0.012406948	0.20793717	1.0	3787	tags=40%, list=22%, signal=51%	
PURINE NUCLEOSIDE DIPHOSPHATE METABOLIC PROCESS%GOBP%GO:0009135	PURINE NUCLEOSIDE DIPHOSPHATE METABOLIC PROCESS%GOBP%GO:0009135		35	-0.59626293	-1.5566571	0.0075949365	0.2071335	1.0	3764	tags=63%, list=22%, signal=80%	
MITOTIC CYTOKINESIS%GOBP%GO:0000281	MITOTIC CYTOKINESIS%GOBP%GO:0000281		78	-0.52314025	-1.5564793	0.004750594	0.20657194	1.0	5384	tags=51%, list=31%, signal=74%	
CTNNB1 T41 MUTANTS AREN'T PHOSPHORYLATED%REACTOME DATABASE ID RELEASE 93%5358752	CTNNB1 T41 MUTANTS AREN'T PHOSPHORYLATED%REACTOME DATABASE ID RELEASE 93%5358752		15	-0.68668836	-1.5564256	0.015006822	0.20574546	1.0	2780	tags=40%, list=16%, signal=48%	
THE ONCOGENIC ACTION OF FUMARATE%PATHWHIZ%PW002363	THE ONCOGENIC ACTION OF FUMARATE%PATHWHIZ%PW002363		27	-0.6150418	-1.5561621	0.013003902	0.20544013	1.0	3839	tags=59%, list=22%, signal=76%	
PROLACTIN SIGNALING%WIKIPATHWAYS_20250810%WP2037%HOMO SAPIENS	PROLACTIN SIGNALING%WIKIPATHWAYS_20250810%WP2037%HOMO SAPIENS		57	-0.5470758	-1.5542727	0.00877193	0.20925924	1.0	3966	tags=49%, list=23%, signal=63%	
CTNNB1 S37 MUTANTS AREN'T PHOSPHORYLATED%REACTOME DATABASE ID RELEASE 93%5358749	CTNNB1 S37 MUTANTS AREN'T PHOSPHORYLATED%REACTOME DATABASE ID RELEASE 93%5358749		15	-0.68668836	-1.5537794	0.017777778	0.20965944	1.0	2780	tags=40%, list=16%, signal=48%	
FAS LIGAND PATHWAY AND STRESS INDUCTION OF HEAT SHOCK PROTEINS%WIKIPATHWAYS_20250810%WP314%HOMO SAPIENS	FAS LIGAND PATHWAY AND STRESS INDUCTION OF HEAT SHOCK PROTEINS%WIKIPATHWAYS_20250810%WP314%HOMO SAPIENS		29	-0.6070939	-1.5537608	0.013404826	0.208725	1.0	4301	tags=62%, list=25%, signal=82%	
HSF1-DEPENDENT TRANSACTIVATION%REACTOME DATABASE ID RELEASE 93%3371571	HSF1-DEPENDENT TRANSACTIVATION%REACTOME DATABASE ID RELEASE 93%3371571		24	-0.6345022	-1.5531088	0.01615074	0.20938429	1.0	4242	tags=63%, list=24%, signal=82%	
REGULATION OF NUCLEOTIDE METABOLIC PROCESS%GOBP%GO:0006140	REGULATION OF NUCLEOTIDE METABOLIC PROCESS%GOBP%GO:0006140		48	-0.55622584	-1.5522114	0.0061500617	0.21066433	1.0	4034	tags=46%, list=23%, signal=59%	
ERBB SIGNALING PATHWAY%GOBP%GO:0038127	ERBB SIGNALING PATHWAY%GOBP%GO:0038127		49	-0.5596357	-1.5507559	0.007556675	0.21352495	1.0	3720	tags=45%, list=21%, signal=57%	
RHO GTPASES ACTIVATE PKNS%REACTOME DATABASE ID RELEASE 93%5625740	RHO GTPASES ACTIVATE PKNS%REACTOME DATABASE ID RELEASE 93%5625740		29	-0.6045397	-1.5506873	0.012853471	0.21267115	1.0	4192	tags=52%, list=24%, signal=68%	
GLOMERULAR EPITHELIUM DEVELOPMENT%GOBP%GO:0072010	GLOMERULAR EPITHELIUM DEVELOPMENT%GOBP%GO:0072010		15	-0.6953902	-1.5502622	0.018387552	0.21277107	1.0	2391	tags=40%, list=14%, signal=46%	
MITOCHONDRIAL COMPLEX II DEFICIENCY%PATHWHIZ%PW000524	MITOCHONDRIAL COMPLEX II DEFICIENCY%PATHWHIZ%PW000524		21	-0.64283174	-1.5496137	0.025675675	0.21338564	1.0	5864	tags=90%, list=34%, signal=136%	
PLASMA LIPOPROTEIN PARTICLE ORGANIZATION%GOBP%GO:0071827	PLASMA LIPOPROTEIN PARTICLE ORGANIZATION%GOBP%GO:0071827		28	-0.6097386	-1.5494087	0.017449664	0.21290164	1.0	2611	tags=39%, list=15%, signal=46%	
NUCLEOSIDE PHOSPHATE CATABOLIC PROCESS%GOBP%GO:1901292	NUCLEOSIDE PHOSPHATE CATABOLIC PROCESS%GOBP%GO:1901292		87	-0.5120284	-1.5490739	0.0023446658	0.21272309	1.0	3545	tags=41%, list=20%, signal=52%	
PID_P73PATHWAY%MSIGDB_C2%PID_P73PATHWAY	PID_P73PATHWAY%MSIGDB_C2%PID_P73PATHWAY		58	-0.54270214	-1.5475135	0.006203474	0.21575332	1.0	4353	tags=48%, list=25%, signal=64%	
RESPONSE TO HEAT%GOBP%GO:0009408	RESPONSE TO HEAT%GOBP%GO:0009408		48	-0.5582891	-1.5474854	0.0049875313	0.21480846	1.0	4242	tags=46%, list=24%, signal=60%	
NEGATIVE REGULATION OF FOCAL ADHESION ASSEMBLY%GOBP%GO:0051895	NEGATIVE REGULATION OF FOCAL ADHESION ASSEMBLY%GOBP%GO:0051895		16	-0.6688016	-1.5470595	0.019363763	0.2149345	1.0	4064	tags=56%, list=23%, signal=73%	
EXTRACELLULAR VESICLE MEDIATED SIGNALING IN RECIPIENT CELLS%WIKIPATHWAYS_20250810%WP2870%HOMO SAPIENS	EXTRACELLULAR VESICLE MEDIATED SIGNALING IN RECIPIENT CELLS%WIKIPATHWAYS_20250810%WP2870%HOMO SAPIENS		18	-0.66238785	-1.5469824	0.012178619	0.21411528	1.0	3122	tags=44%, list=18%, signal=54%	
SIGNALING BY GSK3BETA MUTANTS%REACTOME%R-HSA-5339716.5	SIGNALING BY GSK3BETA MUTANTS%REACTOME%R-HSA-5339716.5		15	-0.68668836	-1.5467973	0.015691869	0.21369042	1.0	2780	tags=40%, list=16%, signal=48%	
PYRUVATE METABOLISM%PATHWHIZ%PW000054	PYRUVATE METABOLISM%PATHWHIZ%PW000054		17	-0.6705978	-1.5460358	0.00990099	0.21455504	1.0	3585	tags=59%, list=21%, signal=74%	
GLUCONEOGENESIS%PATHWHIZ%PW088242	GLUCONEOGENESIS%PATHWHIZ%PW088242		15	-0.6976857	-1.5459708	0.009817672	0.21374892	1.0	3545	tags=67%, list=20%, signal=84%	
THYROID STIMULATING HORMONE TSH SIGNALING%WIKIPATHWAYS_20250810%WP2032%HOMO SAPIENS	THYROID STIMULATING HORMONE TSH SIGNALING%WIKIPATHWAYS_20250810%WP2032%HOMO SAPIENS		45	-0.5558165	-1.5453335	0.0077021825	0.21454366	1.0	2818	tags=31%, list=16%, signal=37%	
REGULATION OF TRANSCRIPTION BY RNA POLYMERASE I%GOBP%GO:0006356	REGULATION OF TRANSCRIPTION BY RNA POLYMERASE I%GOBP%GO:0006356		38	-0.57671666	-1.5448766	0.009009009	0.21496552	1.0	3911	tags=47%, list=22%, signal=61%	
PRIMARY HYPEROXALURIA II, PH2%SMPDB%SMP0000558	PRIMARY HYPEROXALURIA II, PH2%SMPDB%SMP0000558		17	-0.6705978	-1.5441394	0.020891365	0.21593769	1.0	3585	tags=59%, list=21%, signal=74%	
REGULATION OF SYNAPTIC VESICLE MEMBRANE ORGANIZATION%GOBP%GO:1901632	REGULATION OF SYNAPTIC VESICLE MEMBRANE ORGANIZATION%GOBP%GO:1901632		16	-0.6798348	-1.5439368	0.011379801	0.21559684	1.0	1585	tags=38%, list=9%, signal=41%	
REGULATION OF MEMBRANE REPOLARIZATION%GOBP%GO:0060306	REGULATION OF MEMBRANE REPOLARIZATION%GOBP%GO:0060306		24	-0.6204147	-1.543882	0.017881706	0.21480365	1.0	1503	tags=25%, list=9%, signal=27%	
CONSTITUTIVE SIGNALING BY AKT1 E17K IN CANCER%REACTOME%R-HSA-5674400.3	CONSTITUTIVE SIGNALING BY AKT1 E17K IN CANCER%REACTOME%R-HSA-5674400.3		25	-0.6145686	-1.5433865	0.013280213	0.21517415	1.0	3523	tags=56%, list=20%, signal=70%	
2-KETOGLUTARATE DEHYDROGENASE COMPLEX DEFICIENCY%PATHWHIZ%PW000525	2-KETOGLUTARATE DEHYDROGENASE COMPLEX DEFICIENCY%PATHWHIZ%PW000525		21	-0.64283174	-1.5432658	0.019444445	0.21457347	1.0	5864	tags=90%, list=34%, signal=136%	
CONGENITAL LACTIC ACIDOSIS%PATHWHIZ%PW000522	CONGENITAL LACTIC ACIDOSIS%PATHWHIZ%PW000522		21	-0.64283174	-1.5430635	0.014647137	0.21418925	1.0	5864	tags=90%, list=34%, signal=136%	
NITRIC OXIDE METABOLIC PROCESS%GOBP%GO:0046209	NITRIC OXIDE METABOLIC PROCESS%GOBP%GO:0046209		20	-0.65211314	-1.542702	0.012747875	0.21418037	1.0	3567	tags=50%, list=20%, signal=63%	
SIGNALING EVENTS MEDIATED BY HEPATOCYTE GROWTH FACTOR RECEPTOR (C-MET)%PATHWAY INTERACTION DATABASE NCI-NATURE CURATED DATA%SIGNALING EVENTS MEDIATED BY HEPATOCYTE GROWTH FACTOR RECEPTOR (C-MET)	SIGNALING EVENTS MEDIATED BY HEPATOCYTE GROWTH FACTOR RECEPTOR (C-MET)%PATHWAY INTERACTION DATABASE NCI-NATURE CURATED DATA%SIGNALING EVENTS MEDIATED BY HEPATOCYTE GROWTH FACTOR RECEPTOR (C-MET)		78	-0.5224375	-1.5418565	0.0024183798	0.2154477	1.0	5067	tags=59%, list=29%, signal=83%	
PYRUVATE DEHYDROGENASE DEFICIENCY (E3)%SMPDB%SMP0000550	PYRUVATE DEHYDROGENASE DEFICIENCY (E3)%SMPDB%SMP0000550		21	-0.64283174	-1.5416169	0.017906336	0.21512793	1.0	5864	tags=90%, list=34%, signal=136%	
GLYCOLYTIC PROCESS%GOBP%GO:0006096	GLYCOLYTIC PROCESS%GOBP%GO:0006096		29	-0.60166854	-1.5412365	0.01589404	0.21522602	1.0	3545	tags=66%, list=20%, signal=82%	
PYRUVATE DECARBOXYLASE E1 COMPONENT DEFICIENCY (PDHE1 DEFICIENCY)%SMPDB%SMP0000334	PYRUVATE DECARBOXYLASE E1 COMPONENT DEFICIENCY (PDHE1 DEFICIENCY)%SMPDB%SMP0000334		17	-0.6705978	-1.5412202	0.021398002	0.21432392	1.0	3585	tags=59%, list=21%, signal=74%	
RESPONSE TO KETONE%GOBP%GO:1901654	RESPONSE TO KETONE%GOBP%GO:1901654		51	-0.55108196	-1.5412009	0.002503129	0.2134341	1.0	1045	tags=25%, list=6%, signal=27%	
CONTRACTILE ACTIN FILAMENT BUNDLE ASSEMBLY%GOBP%GO:0030038	CONTRACTILE ACTIN FILAMENT BUNDLE ASSEMBLY%GOBP%GO:0030038		16	-0.6713936	-1.5404438	0.022284122	0.2144934	1.0	2734	tags=50%, list=16%, signal=59%	
GMCSF-MEDIATED SIGNALING EVENTS%PATHWAY INTERACTION DATABASE NCI-NATURE CURATED DATA%GMCSF-MEDIATED SIGNALING EVENTS	GMCSF-MEDIATED SIGNALING EVENTS%PATHWAY INTERACTION DATABASE NCI-NATURE CURATED DATA%GMCSF-MEDIATED SIGNALING EVENTS		31	-0.5956994	-1.5400629	0.01981506	0.21447447	1.0	2818	tags=42%, list=16%, signal=50%	
ESTABLISHMENT OF MITOCHONDRION LOCALIZATION, MICROTUBULE-MEDIATED%GOBP%GO:0034643	ESTABLISHMENT OF MITOCHONDRION LOCALIZATION, MICROTUBULE-MEDIATED%GOBP%GO:0034643		15	-0.6834199	-1.539848	0.014064698	0.21410929	1.0	2416	tags=40%, list=14%, signal=46%	
PURINE RIBONUCLEOSIDE DIPHOSPHATE METABOLIC PROCESS%GOBP%GO:0009179	PURINE RIBONUCLEOSIDE DIPHOSPHATE METABOLIC PROCESS%GOBP%GO:0009179		34	-0.5849873	-1.5396534	0.018252933	0.21366593	1.0	3764	tags=62%, list=22%, signal=79%	
PYRIDINE NUCLEOTIDE CATABOLIC PROCESS%GOBP%GO:0019364	PYRIDINE NUCLEOTIDE CATABOLIC PROCESS%GOBP%GO:0019364		32	-0.5929923	-1.5394497	0.01212938	0.21332479	1.0	3545	tags=63%, list=20%, signal=78%	
BIOCARTA_BIOPEPTIDES_PATHWAY%MSIGDB_C2%BIOCARTA_BIOPEPTIDES_PATHWAY	BIOCARTA_BIOPEPTIDES_PATHWAY%MSIGDB_C2%BIOCARTA_BIOPEPTIDES_PATHWAY		21	-0.63347286	-1.539291	0.011019284	0.21291514	1.0	4089	tags=52%, list=23%, signal=68%	
REGULATION OF MICROTUBULE POLYMERIZATION%GOBP%GO:0031113	REGULATION OF MICROTUBULE POLYMERIZATION%GOBP%GO:0031113		54	-0.5439912	-1.5389485	0.0072202166	0.21292551	1.0	4307	tags=48%, list=25%, signal=64%	
DNA REPLICATION INITIATION%GOBP%GO:0006270	DNA REPLICATION INITIATION%GOBP%GO:0006270		25	-0.61275566	-1.5388595	0.024193548	0.21230955	1.0	4027	tags=44%, list=23%, signal=57%	
DNA-TEMPLATED TRANSCRIPTION ELONGATION%GOBP%GO:0006354	DNA-TEMPLATED TRANSCRIPTION ELONGATION%GOBP%GO:0006354		37	-0.565734	-1.5386076	0.012787724	0.21215485	1.0	6247	tags=57%, list=36%, signal=88%	
RIBONUCLEOTIDE CATABOLIC PROCESS%GOBP%GO:0009261	RIBONUCLEOTIDE CATABOLIC PROCESS%GOBP%GO:0009261		48	-0.55387336	-1.5384403	0.010088272	0.21176985	1.0	3545	tags=50%, list=20%, signal=63%	
CTNNB1 S45 MUTANTS AREN'T PHOSPHORYLATED%REACTOME DATABASE ID RELEASE 93%5358751	CTNNB1 S45 MUTANTS AREN'T PHOSPHORYLATED%REACTOME DATABASE ID RELEASE 93%5358751		15	-0.68668836	-1.5384322	0.01884058	0.2109298	1.0	2780	tags=40%, list=16%, signal=48%	
CTNNB1 S33 MUTANTS AREN'T PHOSPHORYLATED%REACTOME DATABASE ID RELEASE 93%5358747	CTNNB1 S33 MUTANTS AREN'T PHOSPHORYLATED%REACTOME DATABASE ID RELEASE 93%5358747		15	-0.68668836	-1.5382055	0.019886363	0.21063921	1.0	2780	tags=40%, list=16%, signal=48%	
MITOCHONDRIAL RNA METABOLIC PROCESS%GOBP%GO:0000959	MITOCHONDRIAL RNA METABOLIC PROCESS%GOBP%GO:0000959		48	-0.5490131	-1.5374849	0.0063051702	0.21142007	1.0	4154	tags=48%, list=24%, signal=63%	
SIGNALING BY ERBB2 TMD JMD MUTANTS%REACTOME DATABASE ID RELEASE 93%9665686	SIGNALING BY ERBB2 TMD JMD MUTANTS%REACTOME DATABASE ID RELEASE 93%9665686		15	-0.67883927	-1.5373572	0.016925247	0.210876	1.0	3687	tags=53%, list=21%, signal=68%	
RHOB GTPASE CYCLE%REACTOME DATABASE ID RELEASE 93%9013026	RHOB GTPASE CYCLE%REACTOME DATABASE ID RELEASE 93%9013026		64	-0.5286162	-1.5372713	0.004889976	0.21027209	1.0	4086	tags=50%, list=23%, signal=65%	
MITOCHONDRION TRANSPORT ALONG MICROTUBULE%GOBP%GO:0047497	MITOCHONDRION TRANSPORT ALONG MICROTUBULE%GOBP%GO:0047497		15	-0.6834199	-1.5371096	0.014945652	0.20990732	1.0	2416	tags=40%, list=14%, signal=46%	
TRANSCRIPTION INITIATION-COUPLED CHROMATIN REMODELING%GOBP%GO:0045815	TRANSCRIPTION INITIATION-COUPLED CHROMATIN REMODELING%GOBP%GO:0045815		42	-0.5563531	-1.5365968	0.019354839	0.21036346	1.0	3512	tags=38%, list=20%, signal=48%	
ADP METABOLIC PROCESS%GOBP%GO:0046031	ADP METABOLIC PROCESS%GOBP%GO:0046031		32	-0.59207064	-1.536521	0.014647137	0.20968778	1.0	3764	tags=66%, list=22%, signal=84%	
REGULATION OF MYELOID LEUKOCYTE MEDIATED IMMUNITY%GOBP%GO:0002886	REGULATION OF MYELOID LEUKOCYTE MEDIATED IMMUNITY%GOBP%GO:0002886		21	-0.62836015	-1.5364872	0.010752688	0.20892455	1.0	4171	tags=57%, list=24%, signal=75%	
RHOQ GTPASE CYCLE%REACTOME DATABASE ID RELEASE 93%9013406	RHOQ GTPASE CYCLE%REACTOME DATABASE ID RELEASE 93%9013406		55	-0.5318783	-1.5361009	0.014796548	0.20895435	1.0	4781	tags=56%, list=27%, signal=77%	
POSITIVE REGULATION OF REACTIVE OXYGEN SPECIES METABOLIC PROCESS%GOBP%GO:2000379	POSITIVE REGULATION OF REACTIVE OXYGEN SPECIES METABOLIC PROCESS%GOBP%GO:2000379		38	-0.5730887	-1.5356137	0.010126582	0.20939122	1.0	1953	tags=29%, list=11%, signal=33%	
PURINE RIBONUCLEOSIDE DIPHOSPHATE CATABOLIC PROCESS%GOBP%GO:0009181	PURINE RIBONUCLEOSIDE DIPHOSPHATE CATABOLIC PROCESS%GOBP%GO:0009181		31	-0.59397435	-1.5352682	0.017310252	0.2094522	1.0	3545	tags=61%, list=20%, signal=77%	
ESTABLISHMENT OF PROTEIN LOCALIZATION TO MITOCHONDRION%GOBP%GO:0072655	ESTABLISHMENT OF PROTEIN LOCALIZATION TO MITOCHONDRION%GOBP%GO:0072655		67	-0.5222796	-1.5347071	0.010843374	0.21016668	1.0	4811	tags=45%, list=28%, signal=62%	
P75(NTR)-MEDIATED SIGNALING%PATHWAY INTERACTION DATABASE NCI-NATURE CURATED DATA%P75(NTR)-MEDIATED SIGNALING	P75(NTR)-MEDIATED SIGNALING%PATHWAY INTERACTION DATABASE NCI-NATURE CURATED DATA%P75(NTR)-MEDIATED SIGNALING		59	-0.54253376	-1.5345337	0.002538071	0.20978092	1.0	4301	tags=46%, list=25%, signal=61%	
POSITIVE REGULATION OF ATP-DEPENDENT ACTIVITY%GOBP%GO:0032781	POSITIVE REGULATION OF ATP-DEPENDENT ACTIVITY%GOBP%GO:0032781		17	-0.66233444	-1.5337993	0.018387552	0.21073888	1.0	371	tags=18%, list=2%, signal=18%	
POSITIVE REGULATION OF GENE EXPRESSION, EPIGENETIC%GOBP%GO:0141137	POSITIVE REGULATION OF GENE EXPRESSION, EPIGENETIC%GOBP%GO:0141137		45	-0.5536205	-1.5337765	0.010322581	0.20998384	1.0	3512	tags=38%, list=20%, signal=47%	
POSITIVE REGULATION OF ATP METABOLIC PROCESS%GOBP%GO:1903580	POSITIVE REGULATION OF ATP METABOLIC PROCESS%GOBP%GO:1903580		21	-0.6380677	-1.5337673	0.019553073	0.20921001	1.0	2711	tags=43%, list=16%, signal=51%	
RESPONSE TO ESTRADIOL%GOBP%GO:0032355	RESPONSE TO ESTRADIOL%GOBP%GO:0032355		24	-0.6093418	-1.5337656	0.022049287	0.20841753	1.0	1298	tags=29%, list=7%, signal=31%	
POSITIVE REGULATION OF NITRIC OXIDE BIOSYNTHETIC PROCESS%GOBP%GO:0045429	POSITIVE REGULATION OF NITRIC OXIDE BIOSYNTHETIC PROCESS%GOBP%GO:0045429		16	-0.6741024	-1.5334786	0.009831461	0.20830981	1.0	715	tags=25%, list=4%, signal=26%	
MATURATION OF NUCLEOPROTEIN%REACTOME%R-HSA-9694631.7	MATURATION OF NUCLEOPROTEIN%REACTOME%R-HSA-9694631.7		15	-0.68179137	-1.5330878	0.022972973	0.2086326	1.0	2682	tags=47%, list=15%, signal=55%	
RHO PROTEIN SIGNAL TRANSDUCTION%GOBP%GO:0007266	RHO PROTEIN SIGNAL TRANSDUCTION%GOBP%GO:0007266		45	-0.55627847	-1.5329552	0.013977128	0.20821378	1.0	3301	tags=40%, list=19%, signal=49%	
REGULATION OF RHOA ACTIVITY%PATHWAY INTERACTION DATABASE NCI-NATURE CURATED DATA%REGULATION OF RHOA ACTIVITY	REGULATION OF RHOA ACTIVITY%PATHWAY INTERACTION DATABASE NCI-NATURE CURATED DATA%REGULATION OF RHOA ACTIVITY		40	-0.5699132	-1.5328739	0.016229713	0.20765379	1.0	4261	tags=48%, list=24%, signal=63%	
PID_MYC_PATHWAY%MSIGDB_C2%PID_MYC_PATHWAY	PID_MYC_PATHWAY%MSIGDB_C2%PID_MYC_PATHWAY		21	-0.6310596	-1.5328233	0.016129032	0.2070183	1.0	4037	tags=48%, list=23%, signal=62%	
GLUCAN CATABOLIC PROCESS%GOBP%GO:0009251	GLUCAN CATABOLIC PROCESS%GOBP%GO:0009251		18	-0.65452564	-1.5321572	0.011920529	0.20792337	1.0	3890	tags=44%, list=22%, signal=57%	
CYTOKINETIC PROCESS%GOBP%GO:0032506	CYTOKINETIC PROCESS%GOBP%GO:0032506		41	-0.5569872	-1.5309122	0.007751938	0.21029632	1.0	3446	tags=41%, list=20%, signal=52%	
NRF2 PATHWAY%WIKIPATHWAYS_20250810%WP2884%HOMO SAPIENS	NRF2 PATHWAY%WIKIPATHWAYS_20250810%WP2884%HOMO SAPIENS		74	-0.5166053	-1.530492	0.0035842294	0.21052974	1.0	3787	tags=39%, list=22%, signal=50%	
INTRINSIC APOPTOTIC SIGNALING PATHWAY BY P53 CLASS MEDIATOR%GOBP%GO:0072332	INTRINSIC APOPTOTIC SIGNALING PATHWAY BY P53 CLASS MEDIATOR%GOBP%GO:0072332		36	-0.5796422	-1.5299515	0.018252933	0.21109179	1.0	3898	tags=50%, list=22%, signal=64%	
FUMARASE DEFICIENCY%SMPDB%SMP0000547	FUMARASE DEFICIENCY%SMPDB%SMP0000547		21	-0.64283174	-1.5298748	0.020408163	0.21049795	1.0	5864	tags=90%, list=34%, signal=136%	
PYRUVATE DEHYDROGENASE COMPLEX DEFICIENCY%PATHWHIZ%PW000117	PYRUVATE DEHYDROGENASE COMPLEX DEFICIENCY%PATHWHIZ%PW000117		17	-0.6705978	-1.5297616	0.015172414	0.21003422	1.0	3585	tags=59%, list=21%, signal=74%	
IL2-MEDIATED SIGNALING EVENTS%PATHWAY INTERACTION DATABASE NCI-NATURE CURATED DATA%IL2-MEDIATED SIGNALING EVENTS	IL2-MEDIATED SIGNALING EVENTS%PATHWAY INTERACTION DATABASE NCI-NATURE CURATED DATA%IL2-MEDIATED SIGNALING EVENTS		48	-0.5540797	-1.5297451	0.0062111802	0.2093083	1.0	2922	tags=35%, list=17%, signal=42%	
NAD+ METABOLIC PROCESS%GOBP%GO:0019674	NAD+ METABOLIC PROCESS%GOBP%GO:0019674		25	-0.6157667	-1.5293882	0.015957447	0.20931137	1.0	3212	tags=44%, list=18%, signal=54%	
VOLTAGE GATED POTASSIUM CHANNELS%REACTOME%R-HSA-1296072.4	VOLTAGE GATED POTASSIUM CHANNELS%REACTOME%R-HSA-1296072.4		35	-0.57330406	-1.5291355	0.008032128	0.20918205	1.0	1921	tags=31%, list=11%, signal=35%	
STRESS FIBER ASSEMBLY%GOBP%GO:0043149	STRESS FIBER ASSEMBLY%GOBP%GO:0043149		16	-0.6713936	-1.5287479	0.021978023	0.20938107	1.0	2734	tags=50%, list=16%, signal=59%	
REGULATION OF EXOSOMAL SECRETION%GOBP%GO:1903541	REGULATION OF EXOSOMAL SECRETION%GOBP%GO:1903541		15	-0.68573874	-1.5279899	0.026610645	0.21042544	1.0	3518	tags=53%, list=20%, signal=67%	
NEGATIVE REGULATION OF AUTOPHAGY%GOBP%GO:0010507	NEGATIVE REGULATION OF AUTOPHAGY%GOBP%GO:0010507		69	-0.5213256	-1.5269924	0.004819277	0.21211834	1.0	2720	tags=32%, list=16%, signal=38%	
POSITIVE REGULATION OF RESPONSE TO CYTOKINE STIMULUS%GOBP%GO:0060760	POSITIVE REGULATION OF RESPONSE TO CYTOKINE STIMULUS%GOBP%GO:0060760		34	-0.5852097	-1.5269886	0.017082786	0.21137767	1.0	3327	tags=38%, list=19%, signal=47%	
PEPTIDE TRANSPORT%GOBP%GO:0015833	PEPTIDE TRANSPORT%GOBP%GO:0015833		31	-0.5830163	-1.5268774	0.0131233595	0.21090874	1.0	1491	tags=19%, list=9%, signal=21%	
SIGNALING BY PTK6%REACTOME DATABASE ID RELEASE 93%8848021	SIGNALING BY PTK6%REACTOME DATABASE ID RELEASE 93%8848021		46	-0.54797065	-1.526593	0.015584416	0.21077657	1.0	4961	tags=50%, list=28%, signal=70%	
NEGATIVE REGULATION OF CYTOKINE-MEDIATED SIGNALING PATHWAY%GOBP%GO:0001960	NEGATIVE REGULATION OF CYTOKINE-MEDIATED SIGNALING PATHWAY%GOBP%GO:0001960		49	-0.5541326	-1.5262783	0.0036674817	0.210864	1.0	3520	tags=33%, list=20%, signal=41%	
ADP CATABOLIC PROCESS%GOBP%GO:0046032	ADP CATABOLIC PROCESS%GOBP%GO:0046032		29	-0.60166854	-1.5262767	0.024291499	0.21012671	1.0	3545	tags=66%, list=20%, signal=82%	
PI3K AKT MTOR SIGNALING AND THERAPEUTIC OPPORTUNITIES IN PROSTATE CANCER%WIKIPATHWAYS_20250810%WP3844%HOMO SAPIENS	PI3K AKT MTOR SIGNALING AND THERAPEUTIC OPPORTUNITIES IN PROSTATE CANCER%WIKIPATHWAYS_20250810%WP3844%HOMO SAPIENS		24	-0.62622577	-1.5259987	0.012345679	0.21012214	1.0	2117	tags=33%, list=12%, signal=38%	
SIGNALING BY MET%REACTOME%R-HSA-6806834.4	SIGNALING BY MET%REACTOME%R-HSA-6806834.4		56	-0.53200656	-1.5257015	0.0048602675	0.21021193	1.0	4954	tags=48%, list=28%, signal=67%	
REGULATION OF MITOCHONDRIAL GENE EXPRESSION%GOBP%GO:0062125	REGULATION OF MITOCHONDRIAL GENE EXPRESSION%GOBP%GO:0062125		27	-0.6113978	-1.525667	0.015564202	0.20958911	1.0	4632	tags=52%, list=27%, signal=70%	
METABOLIC REPROGRAMMING IN COLON CANCER%WIKIPATHWAYS_20250810%WP4290%HOMO SAPIENS	METABOLIC REPROGRAMMING IN COLON CANCER%WIKIPATHWAYS_20250810%WP4290%HOMO SAPIENS		21	-0.6431506	-1.5251439	0.029166667	0.21012947	1.0	4967	tags=67%, list=28%, signal=93%	
PSEUDOURIDINE SYNTHESIS%GOBP%GO:0001522	PSEUDOURIDINE SYNTHESIS%GOBP%GO:0001522		18	-0.6431442	-1.5249052	0.021650879	0.21000351	1.0	3729	tags=44%, list=21%, signal=56%	
GLYCOGEN CATABOLIC PROCESS%GOBP%GO:0005980	GLYCOGEN CATABOLIC PROCESS%GOBP%GO:0005980		18	-0.65452564	-1.5244658	0.019390581	0.21036889	1.0	3890	tags=44%, list=22%, signal=57%	
RHOU GTPASE CYCLE%REACTOME DATABASE ID RELEASE 93%9013420	RHOU GTPASE CYCLE%REACTOME DATABASE ID RELEASE 93%9013420		37	-0.5701785	-1.5240846	0.014725569	0.21060306	1.0	4298	tags=57%, list=25%, signal=75%	
MITOCHONDRIAL RIBOSOME ASSEMBLY%GOBP%GO:0061668	MITOCHONDRIAL RIBOSOME ASSEMBLY%GOBP%GO:0061668		23	-0.6223988	-1.5235375	0.021650879	0.21105912	1.0	5602	tags=74%, list=32%, signal=109%	
FOXM1 TRANSCRIPTION FACTOR NETWORK%PATHWAY INTERACTION DATABASE NCI-NATURE CURATED DATA%FOXM1 TRANSCRIPTION FACTOR NETWORK	FOXM1 TRANSCRIPTION FACTOR NETWORK%PATHWAY INTERACTION DATABASE NCI-NATURE CURATED DATA%FOXM1 TRANSCRIPTION FACTOR NETWORK		36	-0.5756972	-1.5233481	0.015852047	0.21078917	1.0	1988	tags=31%, list=11%, signal=34%	
ABERRANT REGULATION OF MITOTIC G1 S TRANSITION IN CANCER DUE TO RB1 DEFECTS%REACTOME DATABASE ID RELEASE 93%9659787	ABERRANT REGULATION OF MITOTIC G1 S TRANSITION IN CANCER DUE TO RB1 DEFECTS%REACTOME DATABASE ID RELEASE 93%9659787		16	-0.6668301	-1.52312	0.026536312	0.21059713	1.0	3457	tags=44%, list=20%, signal=54%	
NEGATIVE REGULATION OF PROTEIN DEPOLYMERIZATION%GOBP%GO:1901880	NEGATIVE REGULATION OF PROTEIN DEPOLYMERIZATION%GOBP%GO:1901880		36	-0.57644725	-1.5219842	0.008	0.21278252	1.0	1256	tags=22%, list=7%, signal=24%	
POSITIVE REGULATION OF NUCLEOTIDE METABOLIC PROCESS%GOBP%GO:0045981	POSITIVE REGULATION OF NUCLEOTIDE METABOLIC PROCESS%GOBP%GO:0045981		22	-0.6173398	-1.521651	0.025104603	0.21287489	1.0	3875	tags=50%, list=22%, signal=64%	
POSITIVE REGULATION OF DNA-TEMPLATED TRANSCRIPTION INITIATION%GOBP%GO:2000144	POSITIVE REGULATION OF DNA-TEMPLATED TRANSCRIPTION INITIATION%GOBP%GO:2000144		58	-0.52633005	-1.5216377	0.00990099	0.21219173	1.0	2975	tags=28%, list=17%, signal=33%	
NEGATIVE REGULATION OF MRNA SPLICING, VIA SPLICEOSOME%GOBP%GO:0048025	NEGATIVE REGULATION OF MRNA SPLICING, VIA SPLICEOSOME%GOBP%GO:0048025		15	-0.6729505	-1.5213757	0.02503477	0.21209888	1.0	4370	tags=60%, list=25%, signal=80%	
FRAGILE X SYNDROME%WIKIPATHWAYS_20250810%WP4549%HOMO SAPIENS	FRAGILE X SYNDROME%WIKIPATHWAYS_20250810%WP4549%HOMO SAPIENS		93	-0.49562702	-1.5213726	0.0046674446	0.21140857	1.0	4330	tags=49%, list=25%, signal=65%	
PURINE NUCLEOSIDE DIPHOSPHATE CATABOLIC PROCESS%GOBP%GO:0009137	PURINE NUCLEOSIDE DIPHOSPHATE CATABOLIC PROCESS%GOBP%GO:0009137		31	-0.59397435	-1.5206896	0.016331658	0.21228829	1.0	3545	tags=61%, list=20%, signal=77%	
NEGATIVE REGULATION OF AMYLOID PRECURSOR PROTEIN CATABOLIC PROCESS%GOBP%GO:1902992	NEGATIVE REGULATION OF AMYLOID PRECURSOR PROTEIN CATABOLIC PROCESS%GOBP%GO:1902992		18	-0.6596156	-1.5199105	0.013736264	0.2134971	1.0	2686	tags=44%, list=15%, signal=52%	
COPII-COATED VESICLE CARGO LOADING%GOBP%GO:0090110	COPII-COATED VESICLE CARGO LOADING%GOBP%GO:0090110		16	-0.6568555	-1.5193068	0.025641026	0.21442382	1.0	3333	tags=50%, list=19%, signal=62%	
AMINO ACID METABOLISM%WIKIPATHWAYS_20250810%WP3925%HOMO SAPIENS	AMINO ACID METABOLISM%WIKIPATHWAYS_20250810%WP3925%HOMO SAPIENS		48	-0.54916877	-1.5186532	0.0075	0.2152403	1.0	4195	tags=56%, list=24%, signal=74%	
ATM SIGNALING IN DEVELOPMENT AND DISEASE %WIKIPATHWAYS_20250810%WP3878%HOMO SAPIENS	ATM SIGNALING IN DEVELOPMENT AND DISEASE %WIKIPATHWAYS_20250810%WP3878%HOMO SAPIENS		38	-0.5724711	-1.518308	0.014304291	0.21544234	1.0	4421	tags=39%, list=25%, signal=53%	
MONOSACCHARIDE CATABOLIC PROCESS%GOBP%GO:0046365	MONOSACCHARIDE CATABOLIC PROCESS%GOBP%GO:0046365		34	-0.5821831	-1.5179154	0.019379845	0.21567479	1.0	3545	tags=56%, list=20%, signal=70%	
REGULATION OF SYNAPTIC VESICLE FUSION TO PRESYNAPTIC ACTIVE ZONE MEMBRANE%GOBP%GO:0031630	REGULATION OF SYNAPTIC VESICLE FUSION TO PRESYNAPTIC ACTIVE ZONE MEMBRANE%GOBP%GO:0031630		16	-0.6798348	-1.5178779	0.020632736	0.21503063	1.0	1585	tags=38%, list=9%, signal=41%	
REELIN SIGNALING PATHWAY%PATHWAY INTERACTION DATABASE NCI-NATURE CURATED DATA%REELIN SIGNALING PATHWAY	REELIN SIGNALING PATHWAY%PATHWAY INTERACTION DATABASE NCI-NATURE CURATED DATA%REELIN SIGNALING PATHWAY		29	-0.58956337	-1.5173069	0.016971279	0.21565413	1.0	4089	tags=59%, list=23%, signal=76%	
THE ONCOGENIC ACTION OF L-2-HYDROXYGLUTARATE IN HYDROXYGLUTARIC ACIDURIA%PATHWHIZ%PW002451	THE ONCOGENIC ACTION OF L-2-HYDROXYGLUTARATE IN HYDROXYGLUTARIC ACIDURIA%PATHWHIZ%PW002451		26	-0.60178447	-1.5172709	0.017496636	0.21502121	1.0	4291	tags=62%, list=25%, signal=81%	
REGULATION OF TUMOR NECROSIS FACTOR PRODUCTION%GOBP%GO:0032680	REGULATION OF TUMOR NECROSIS FACTOR PRODUCTION%GOBP%GO:0032680		66	-0.5170416	-1.5171413	0.007168459	0.21464497	1.0	4219	tags=36%, list=24%, signal=48%	
RIBOSOMAL LARGE SUBUNIT ASSEMBLY%GOBP%GO:0000027	RIBOSOMAL LARGE SUBUNIT ASSEMBLY%GOBP%GO:0000027		20	-0.63683033	-1.5158682	0.023351649	0.21677494	1.0	4042	tags=55%, list=23%, signal=71%	
NUCLEOTIDE METABOLISM%REACTOME%R-HSA-15869.7	NUCLEOTIDE METABOLISM%REACTOME%R-HSA-15869.7		75	-0.51376873	-1.5152928	0.004819277	0.21751311	1.0	5419	tags=59%, list=31%, signal=85%	
NUCLEOTIDE CATABOLIC PROCESS%GOBP%GO:0009166	NUCLEOTIDE CATABOLIC PROCESS%GOBP%GO:0009166		70	-0.5206533	-1.5151291	0.004784689	0.21725257	1.0	3545	tags=44%, list=20%, signal=55%	
MATURATION OF 5.8S RRNA%GOBP%GO:0000460	MATURATION OF 5.8S RRNA%GOBP%GO:0000460		30	-0.57811975	-1.5145372	0.019762846	0.21800904	1.0	5201	tags=60%, list=30%, signal=85%	
RNA SURVEILLANCE%GOBP%GO:0071025	RNA SURVEILLANCE%GOBP%GO:0071025		34	-0.572654	-1.5144545	0.017902814	0.21751669	1.0	5191	tags=59%, list=30%, signal=84%	
NEGATIVE REGULATION OF CELL-SUBSTRATE JUNCTION ORGANIZATION%GOBP%GO:0150118	NEGATIVE REGULATION OF CELL-SUBSTRATE JUNCTION ORGANIZATION%GOBP%GO:0150118		16	-0.6688016	-1.5142981	0.026536312	0.21724173	1.0	4064	tags=56%, list=23%, signal=73%	
SULFUR AMINO ACID METABOLISM%REACTOME DATABASE ID RELEASE 93%1614635	SULFUR AMINO ACID METABOLISM%REACTOME DATABASE ID RELEASE 93%1614635		22	-0.63093364	-1.5140448	0.023319615	0.21721569	1.0	4296	tags=45%, list=25%, signal=60%	
POLYSACCHARIDE CATABOLIC PROCESS%GOBP%GO:0000272	POLYSACCHARIDE CATABOLIC PROCESS%GOBP%GO:0000272		18	-0.65452564	-1.5137843	0.030178327	0.21714638	1.0	3890	tags=44%, list=22%, signal=57%	
NUCLEAR ENVELOPE (NE) REASSEMBLY%REACTOME DATABASE ID RELEASE 93%2995410	NUCLEAR ENVELOPE (NE) REASSEMBLY%REACTOME DATABASE ID RELEASE 93%2995410		61	-0.52147496	-1.5131844	0.009638554	0.21796922	1.0	2856	tags=30%, list=16%, signal=35%	
REGULATION OF CELLULAR RESPONSE TO HEAT%GOBP%GO:1900034	REGULATION OF CELLULAR RESPONSE TO HEAT%GOBP%GO:1900034		15	-0.67486703	-1.5131824	0.02638889	0.21729355	1.0	1803	tags=33%, list=10%, signal=37%	
16P11 2 DISTAL DELETION SYNDROME%WIKIPATHWAYS_20250810%WP4950%HOMO SAPIENS	16P11 2 DISTAL DELETION SYNDROME%WIKIPATHWAYS_20250810%WP4950%HOMO SAPIENS		19	-0.6524923	-1.5130686	0.018571429	0.21689321	1.0	2522	tags=53%, list=14%, signal=61%	
COMMON PATHWAYS UNDERLYING DRUG ADDICTION%WIKIPATHWAYS_20250810%WP2636%HOMO SAPIENS	COMMON PATHWAYS UNDERLYING DRUG ADDICTION%WIKIPATHWAYS_20250810%WP2636%HOMO SAPIENS		21	-0.63303924	-1.5129668	0.03443526	0.21650852	1.0	3664	tags=43%, list=21%, signal=54%	
REGULATION OF NEURON MIGRATION%GOBP%GO:2001222	REGULATION OF NEURON MIGRATION%GOBP%GO:2001222		29	-0.5921656	-1.5129352	0.019151846	0.21590345	1.0	1651	tags=28%, list=9%, signal=30%	
RIBOSOME ASSEMBLY%GOBP%GO:0042255	RIBOSOME ASSEMBLY%GOBP%GO:0042255		53	-0.5315103	-1.5123099	0.01369863	0.21684524	1.0	5602	tags=53%, list=32%, signal=78%	
SIGNALING BY NON-RECEPTOR TYROSINE KINASES%REACTOME DATABASE ID RELEASE 93%9006927	SIGNALING BY NON-RECEPTOR TYROSINE KINASES%REACTOME DATABASE ID RELEASE 93%9006927		46	-0.54797065	-1.5120652	0.014012739	0.21676832	1.0	4961	tags=50%, list=28%, signal=70%	
ACUTE MYELOID LEUKEMIA%WIKIPATHWAYS_20250810%WP5293%HOMO SAPIENS	ACUTE MYELOID LEUKEMIA%WIKIPATHWAYS_20250810%WP5293%HOMO SAPIENS		45	-0.5529729	-1.5112154	0.016709512	0.21825214	1.0	2818	tags=42%, list=16%, signal=50%	
ASSOCIATIVE LEARNING%GOBP%GO:0008306	ASSOCIATIVE LEARNING%GOBP%GO:0008306		16	-0.67419326	-1.5111895	0.021037867	0.2176526	1.0	1532	tags=31%, list=9%, signal=34%	
STRIATED MUSCLE CONTRACTION PATHWAY%WIKIPATHWAYS_20250810%WP383%HOMO SAPIENS	STRIATED MUSCLE CONTRACTION PATHWAY%WIKIPATHWAYS_20250810%WP383%HOMO SAPIENS		21	-0.62285656	-1.5109756	0.023004059	0.21748212	1.0	569	tags=38%, list=3%, signal=39%	
PID_TRKR_PATHWAY%MSIGDB_C2%PID_TRKR_PATHWAY	PID_TRKR_PATHWAY%MSIGDB_C2%PID_TRKR_PATHWAY		45	-0.542905	-1.510262	0.007575758	0.21846233	1.0	4180	tags=47%, list=24%, signal=61%	
PI3K AKT SIGNALING IN CANCER%REACTOME%R-HSA-2219528.4	PI3K AKT SIGNALING IN CANCER%REACTOME%R-HSA-2219528.4		66	-0.5271419	-1.5101355	0.006090134	0.21810822	1.0	3301	tags=45%, list=19%, signal=56%	
REGULATION OF TUMOR NECROSIS FACTOR SUPERFAMILY CYTOKINE PRODUCTION%GOBP%GO:1903555	REGULATION OF TUMOR NECROSIS FACTOR SUPERFAMILY CYTOKINE PRODUCTION%GOBP%GO:1903555		68	-0.5127132	-1.5096858	0.008363202	0.21859999	1.0	4219	tags=35%, list=24%, signal=46%	
POSITIVE REGULATION OF REGULATED SECRETORY PATHWAY%GOBP%GO:1903307	POSITIVE REGULATION OF REGULATED SECRETORY PATHWAY%GOBP%GO:1903307		33	-0.5768134	-1.5092144	0.009138381	0.2190429	1.0	4034	tags=42%, list=23%, signal=55%	
REGULATION OF TYPE I INTERFERON-MEDIATED SIGNALING PATHWAY%GOBP%GO:0060338	REGULATION OF TYPE I INTERFERON-MEDIATED SIGNALING PATHWAY%GOBP%GO:0060338		29	-0.59500945	-1.508646	0.023578363	0.2197868	1.0	3520	tags=38%, list=20%, signal=47%	
POSITIVE REGULATION OF CHROMOSOME SEGREGATION%GOBP%GO:0051984	POSITIVE REGULATION OF CHROMOSOME SEGREGATION%GOBP%GO:0051984		29	-0.58535	-1.5079978	0.020053476	0.2207245	1.0	4016	tags=45%, list=23%, signal=58%	
P73 TRANSCRIPTION FACTOR NETWORK%PATHWAY INTERACTION DATABASE NCI-NATURE CURATED DATA%P73 TRANSCRIPTION FACTOR NETWORK	P73 TRANSCRIPTION FACTOR NETWORK%PATHWAY INTERACTION DATABASE NCI-NATURE CURATED DATA%P73 TRANSCRIPTION FACTOR NETWORK		68	-0.5133616	-1.5076349	0.008443909	0.221032	1.0	4353	tags=46%, list=25%, signal=60%	
ANDROGENRECEPTOR%IOB%ANDROGENRECEPTOR	ANDROGENRECEPTOR%IOB%ANDROGENRECEPTOR		83	-0.49941516	-1.5075454	0.004796163	0.22056164	1.0	4167	tags=41%, list=24%, signal=54%	
MAMMARY GLAND DEVELOPMENT PREGNANCY AND LACTATION STAGE 3 OF 4%WIKIPATHWAYS_20250810%WP2817%HOMO SAPIENS	MAMMARY GLAND DEVELOPMENT PREGNANCY AND LACTATION STAGE 3 OF 4%WIKIPATHWAYS_20250810%WP2817%HOMO SAPIENS		27	-0.5949178	-1.5070503	0.02225313	0.2211065	1.0	3564	tags=44%, list=20%, signal=56%	
DEFECTIVE BINDING OF RB1 MUTANTS TO E2F1,(E2F2, E2F3)%REACTOME DATABASE ID RELEASE 93%9661069	DEFECTIVE BINDING OF RB1 MUTANTS TO E2F1,(E2F2, E2F3)%REACTOME DATABASE ID RELEASE 93%9661069		16	-0.6668301	-1.5065051	0.01977401	0.22187477	1.0	3457	tags=44%, list=20%, signal=54%	
POSITIVE REGULATION OF RESPONSE TO WOUNDING%GOBP%GO:1903036	POSITIVE REGULATION OF RESPONSE TO WOUNDING%GOBP%GO:1903036		39	-0.5582138	-1.5059105	0.019736841	0.22272032	1.0	3385	tags=41%, list=19%, signal=51%	
POST-CHAPERONIN TUBULIN FOLDING PATHWAY%REACTOME DATABASE ID RELEASE 93%389977	POST-CHAPERONIN TUBULIN FOLDING PATHWAY%REACTOME DATABASE ID RELEASE 93%389977		17	-0.65166616	-1.505883	0.016348774	0.22214617	1.0	3434	tags=53%, list=20%, signal=66%	
MERCAPTOPURINE ACTION PATHWAY%PATHWHIZ%PW000267	MERCAPTOPURINE ACTION PATHWAY%PATHWHIZ%PW000267		39	-0.5555877	-1.5050377	0.018252933	0.22352874	1.0	5419	tags=56%, list=31%, signal=82%	
HEXOSE CATABOLIC PROCESS%GOBP%GO:0019320	HEXOSE CATABOLIC PROCESS%GOBP%GO:0019320		32	-0.5806496	-1.5048894	0.01458886	0.22324426	1.0	3545	tags=56%, list=20%, signal=70%	
NEGATIVE REGULATION OF FERROPTOSIS%GOBP%GO:0110076	NEGATIVE REGULATION OF FERROPTOSIS%GOBP%GO:0110076		17	-0.6486848	-1.5044225	0.024425287	0.22375096	1.0	4085	tags=53%, list=23%, signal=69%	
PRIMARY FOCAL SEGMENTAL GLOMERULOSCLEROSIS FSGS %WIKIPATHWAYS_20250810%WP2572%HOMO SAPIENS	PRIMARY FOCAL SEGMENTAL GLOMERULOSCLEROSIS FSGS %WIKIPATHWAYS_20250810%WP2572%HOMO SAPIENS		48	-0.54597616	-1.5043975	0.019035533	0.2231742	1.0	1193	tags=21%, list=7%, signal=22%	
CELL-EXTRACELLULAR MATRIX INTERACTIONS%REACTOME DATABASE ID RELEASE 93%446353	CELL-EXTRACELLULAR MATRIX INTERACTIONS%REACTOME DATABASE ID RELEASE 93%446353		15	-0.66310954	-1.5034584	0.025824964	0.22476381	1.0	3692	tags=73%, list=21%, signal=93%	
ORGANELLE TRANSPORT ALONG MICROTUBULE%GOBP%GO:0072384	ORGANELLE TRANSPORT ALONG MICROTUBULE%GOBP%GO:0072384		64	-0.5130524	-1.5032431	0.014201184	0.22455066	1.0	4869	tags=47%, list=28%, signal=65%	
WNT BETA CATENIN SIGNALING IN LEUKEMIA%WIKIPATHWAYS_20250810%WP3658%HOMO SAPIENS	WNT BETA CATENIN SIGNALING IN LEUKEMIA%WIKIPATHWAYS_20250810%WP3658%HOMO SAPIENS		18	-0.6387018	-1.5024371	0.021613833	0.22586471	1.0	602	tags=17%, list=3%, signal=17%	
THROMBOXANE A2 RECEPTOR SIGNALING%PATHWAY INTERACTION DATABASE NCI-NATURE CURATED DATA%THROMBOXANE A2 RECEPTOR SIGNALING	THROMBOXANE A2 RECEPTOR SIGNALING%PATHWAY INTERACTION DATABASE NCI-NATURE CURATED DATA%THROMBOXANE A2 RECEPTOR SIGNALING		39	-0.5620089	-1.5014485	0.01283697	0.22771087	1.0	2580	tags=36%, list=15%, signal=42%	
NUCLEOSIDE DIPHOSPHATE METABOLIC PROCESS%GOBP%GO:0009132	NUCLEOSIDE DIPHOSPHATE METABOLIC PROCESS%GOBP%GO:0009132		49	-0.54448545	-1.5006877	0.022222223	0.2289405	1.0	3764	tags=55%, list=22%, signal=70%	
THE ONCOGENIC ACTION OF D-2-HYDROXYGLUTARATE IN HYDROXYGLUTARIC ACIDURIA%SMPDB%SMP0002359	THE ONCOGENIC ACTION OF D-2-HYDROXYGLUTARATE IN HYDROXYGLUTARIC ACIDURIA%SMPDB%SMP0002359		27	-0.5961954	-1.500503	0.024489796	0.22874583	1.0	4291	tags=59%, list=25%, signal=78%	
P38 MAPK SIGNALING PATHWAY%PATHWAY INTERACTION DATABASE NCI-NATURE CURATED DATA%P38 MAPK SIGNALING PATHWAY	P38 MAPK SIGNALING PATHWAY%PATHWAY INTERACTION DATABASE NCI-NATURE CURATED DATA%P38 MAPK SIGNALING PATHWAY		27	-0.5877766	-1.5003856	0.012162162	0.22843547	1.0	1542	tags=30%, list=9%, signal=32%	
NON SMALL CELL LUNG CANCER%WIKIPATHWAYS_20250810%WP4255%HOMO SAPIENS	NON SMALL CELL LUNG CANCER%WIKIPATHWAYS_20250810%WP4255%HOMO SAPIENS		58	-0.5191545	-1.5002832	0.013414634	0.22804795	1.0	2818	tags=38%, list=16%, signal=45%	
POSITIVE REGULATION OF INTERLEUKIN-6 PRODUCTION%GOBP%GO:0032755	POSITIVE REGULATION OF INTERLEUKIN-6 PRODUCTION%GOBP%GO:0032755		40	-0.5613618	-1.5001928	0.018087855	0.22761379	1.0	1752	tags=25%, list=10%, signal=28%	
5Q35 COPY NUMBER VARIATION%WIKIPATHWAYS_20250810%WP5380%HOMO SAPIENS	5Q35 COPY NUMBER VARIATION%WIKIPATHWAYS_20250810%WP5380%HOMO SAPIENS		73	-0.510393	-1.4999455	0.008433735	0.22757943	1.0	4198	tags=45%, list=24%, signal=59%	
INTERNALIZATION OF ERBB1%PATHWAY INTERACTION DATABASE NCI-NATURE CURATED DATA%INTERNALIZATION OF ERBB1	INTERNALIZATION OF ERBB1%PATHWAY INTERACTION DATABASE NCI-NATURE CURATED DATA%INTERNALIZATION OF ERBB1		38	-0.5571985	-1.499932	0.017060367	0.22699149	1.0	2580	tags=29%, list=15%, signal=34%	
FORMATION OF THE DYSTROPHIN-GLYCOPROTEIN COMPLEX (DGC)%REACTOME%R-HSA-9913351.2	FORMATION OF THE DYSTROPHIN-GLYCOPROTEIN COMPLEX (DGC)%REACTOME%R-HSA-9913351.2		27	-0.5965256	-1.4996356	0.027359782	0.22706464	1.0	893	tags=26%, list=5%, signal=27%	
INTRACELLULAR ZINC ION HOMEOSTASIS%GOBP%GO:0006882	INTRACELLULAR ZINC ION HOMEOSTASIS%GOBP%GO:0006882		19	-0.63133085	-1.4986148	0.030683404	0.22895572	1.0	2557	tags=37%, list=15%, signal=43%	
NEGATIVE REGULATION OF DNA-TEMPLATED TRANSCRIPTION, ELONGATION%GOBP%GO:0032785	NEGATIVE REGULATION OF DNA-TEMPLATED TRANSCRIPTION, ELONGATION%GOBP%GO:0032785		21	-0.61935306	-1.4980624	0.027472528	0.22964488	1.0	3830	tags=52%, list=22%, signal=67%	
SEALING OF THE NUCLEAR ENVELOPE (NE) BY ESCRT-III%REACTOME DATABASE ID RELEASE 93%9668328	SEALING OF THE NUCLEAR ENVELOPE (NE) BY ESCRT-III%REACTOME DATABASE ID RELEASE 93%9668328		23	-0.61157507	-1.4979714	0.030178327	0.22919233	1.0	1302	tags=30%, list=7%, signal=33%	
PID_ERBB1_INTERNALIZATION_PATHWAY%MSIGDB_C2%PID_ERBB1_INTERNALIZATION_PATHWAY	PID_ERBB1_INTERNALIZATION_PATHWAY%MSIGDB_C2%PID_ERBB1_INTERNALIZATION_PATHWAY		33	-0.56912875	-1.4979575	0.02147651	0.22859018	1.0	2759	tags=33%, list=16%, signal=40%	
SOMITOGENESIS%REACTOME%R-HSA-9824272.2	SOMITOGENESIS%REACTOME%R-HSA-9824272.2		42	-0.54635084	-1.4972142	0.01774398	0.22980145	1.0	2634	tags=29%, list=15%, signal=34%	
TOR SIGNALING%GOBP%GO:0031929	TOR SIGNALING%GOBP%GO:0031929		33	-0.5730361	-1.4969366	0.018592298	0.22979178	1.0	5258	tags=55%, list=30%, signal=78%	
NEGATIVE REGULATION OF RECEPTOR SIGNALING PATHWAY VIA JAK-STAT%GOBP%GO:0046426	NEGATIVE REGULATION OF RECEPTOR SIGNALING PATHWAY VIA JAK-STAT%GOBP%GO:0046426		15	-0.667713	-1.4966787	0.034074076	0.22981398	1.0	1337	tags=33%, list=8%, signal=36%	
POSITIVE REGULATION OF MITOTIC SISTER CHROMATID SEPARATION%GOBP%GO:1901970	POSITIVE REGULATION OF MITOTIC SISTER CHROMATID SEPARATION%GOBP%GO:1901970		21	-0.62757325	-1.4965016	0.027137043	0.22962722	1.0	3997	tags=52%, list=23%, signal=68%	
CHOLESTEROL TRANSPORT%GOBP%GO:0030301	CHOLESTEROL TRANSPORT%GOBP%GO:0030301		39	-0.5631498	-1.4957515	0.021907216	0.23085721	1.0	3198	tags=41%, list=18%, signal=50%	
POSITIVE REGULATION OF TRANSCRIPTION INITIATION BY RNA POLYMERASE II%GOBP%GO:0060261	POSITIVE REGULATION OF TRANSCRIPTION INITIATION BY RNA POLYMERASE II%GOBP%GO:0060261		53	-0.5231269	-1.4957	0.015209125	0.2303721	1.0	2975	tags=28%, list=17%, signal=34%	
NEGATIVE REGULATION OF PROTEIN-CONTAINING COMPLEX DISASSEMBLY%GOBP%GO:0043242	NEGATIVE REGULATION OF PROTEIN-CONTAINING COMPLEX DISASSEMBLY%GOBP%GO:0043242		44	-0.54802734	-1.4947954	0.019753087	0.23206966	1.0	1256	tags=20%, list=7%, signal=22%	
METABOLISM OF WATER-SOLUBLE VITAMINS AND COFACTORS%REACTOME DATABASE ID RELEASE 93%196849	METABOLISM OF WATER-SOLUBLE VITAMINS AND COFACTORS%REACTOME DATABASE ID RELEASE 93%196849		96	-0.4929994	-1.4947404	0.008101852	0.23156315	1.0	4739	tags=48%, list=27%, signal=65%	
REGULATION OF RESPONSE TO ENDOPLASMIC RETICULUM STRESS%GOBP%GO:1905897	REGULATION OF RESPONSE TO ENDOPLASMIC RETICULUM STRESS%GOBP%GO:1905897		71	-0.5113254	-1.4946384	0.006016847	0.23119937	1.0	3086	tags=32%, list=18%, signal=39%	
LEUCINE ISOLEUCINE AND VALINE METABOLISM%WIKIPATHWAYS_20250810%WP4686%HOMO SAPIENS	LEUCINE ISOLEUCINE AND VALINE METABOLISM%WIKIPATHWAYS_20250810%WP4686%HOMO SAPIENS		16	-0.6476854	-1.4937918	0.028208744	0.23277701	1.0	3632	tags=50%, list=21%, signal=63%	
TRNA AMINOACYLATION FOR PROTEIN TRANSLATION%GOBP%GO:0006418	TRNA AMINOACYLATION FOR PROTEIN TRANSLATION%GOBP%GO:0006418		19	-0.63354015	-1.4930748	0.026685392	0.23385446	1.0	4489	tags=68%, list=26%, signal=92%	
NEGATIVE REGULATION OF CARBOHYDRATE METABOLIC PROCESS%GOBP%GO:0045912	NEGATIVE REGULATION OF CARBOHYDRATE METABOLIC PROCESS%GOBP%GO:0045912		29	-0.58061063	-1.4928694	0.027667984	0.23375916	1.0	5862	tags=72%, list=34%, signal=109%	
FOXA1 TRANSCRIPTION FACTOR NETWORK%PATHWAY INTERACTION DATABASE NCI-NATURE CURATED DATA%FOXA1 TRANSCRIPTION FACTOR NETWORK	FOXA1 TRANSCRIPTION FACTOR NETWORK%PATHWAY INTERACTION DATABASE NCI-NATURE CURATED DATA%FOXA1 TRANSCRIPTION FACTOR NETWORK		25	-0.5858985	-1.4923863	0.028314028	0.2343353	1.0	544	tags=20%, list=3%, signal=21%	
TRNA THREONYLCARBAMOYLADENOSINE METABOLIC PROCESS%GOBP%GO:0070525	TRNA THREONYLCARBAMOYLADENOSINE METABOLIC PROCESS%GOBP%GO:0070525		18	-0.6368721	-1.4917792	0.027548209	0.23534213	1.0	3637	tags=50%, list=21%, signal=63%	
NEGATIVE REGULATION OF RECEPTOR SIGNALING PATHWAY VIA STAT%GOBP%GO:1904893	NEGATIVE REGULATION OF RECEPTOR SIGNALING PATHWAY VIA STAT%GOBP%GO:1904893		17	-0.6437037	-1.4914478	0.032212887	0.23559587	1.0	1337	tags=29%, list=8%, signal=32%	
CENTRAL NERVOUS SYSTEM NEURON DIFFERENTIATION%GOBP%GO:0021953	CENTRAL NERVOUS SYSTEM NEURON DIFFERENTIATION%GOBP%GO:0021953		72	-0.5012291	-1.4913366	0.009615385	0.23523907	1.0	1165	tags=21%, list=7%, signal=22%	
LENS DEVELOPMENT IN CAMERA-TYPE EYE%GOBP%GO:0002088	LENS DEVELOPMENT IN CAMERA-TYPE EYE%GOBP%GO:0002088		22	-0.6111987	-1.4911178	0.029247912	0.23520595	1.0	2285	tags=32%, list=13%, signal=37%	
WARBURG EFFECT%PATHWHIZ%PW000630	WARBURG EFFECT%PATHWHIZ%PW000630		42	-0.5498998	-1.4910204	0.020330368	0.2348357	1.0	4479	tags=69%, list=26%, signal=93%	
POSITIVE REGULATION OF PURINE NUCLEOTIDE METABOLIC PROCESS%GOBP%GO:1900544	POSITIVE REGULATION OF PURINE NUCLEOTIDE METABOLIC PROCESS%GOBP%GO:1900544		22	-0.6173398	-1.4899111	0.028649386	0.23696214	1.0	3875	tags=50%, list=22%, signal=64%	
POSITIVE REGULATION OF RECEPTOR-MEDIATED ENDOCYTOSIS%GOBP%GO:0048260	POSITIVE REGULATION OF RECEPTOR-MEDIATED ENDOCYTOSIS%GOBP%GO:0048260		32	-0.5785025	-1.4897642	0.02077922	0.23671614	1.0	2316	tags=28%, list=13%, signal=32%	
ANTIGEN RECEPTOR-MEDIATED SIGNALING PATHWAY%GOBP%GO:0050851	ANTIGEN RECEPTOR-MEDIATED SIGNALING PATHWAY%GOBP%GO:0050851		70	-0.5110749	-1.489547	0.008383233	0.23663792	1.0	4353	tags=39%, list=25%, signal=51%	
CANONICAL WNT SIGNALING PATHWAY%PATHWAY INTERACTION DATABASE NCI-NATURE CURATED DATA%CANONICAL WNT SIGNALING PATHWAY	CANONICAL WNT SIGNALING PATHWAY%PATHWAY INTERACTION DATABASE NCI-NATURE CURATED DATA%CANONICAL WNT SIGNALING PATHWAY		18	-0.64039856	-1.4895287	0.024861878	0.23609054	1.0	1597	tags=28%, list=9%, signal=31%	
WARBURG EFFECT%SMPDB%SMP0087270	WARBURG EFFECT%SMPDB%SMP0087270		41	-0.55110615	-1.4892478	0.019329896	0.23615983	1.0	4479	tags=68%, list=26%, signal=92%	
PID_ARF_3PATHWAY%MSIGDB_C2%PID_ARF_3PATHWAY	PID_ARF_3PATHWAY%MSIGDB_C2%PID_ARF_3PATHWAY		15	-0.6673209	-1.488933	0.020497805	0.23637708	1.0	3858	tags=67%, list=22%, signal=85%	
REGULATION OF INTERLEUKIN-6 PRODUCTION%GOBP%GO:0032675	REGULATION OF INTERLEUKIN-6 PRODUCTION%GOBP%GO:0032675		55	-0.5225567	-1.4887575	0.016548464	0.23621672	1.0	3162	tags=29%, list=18%, signal=35%	
NUCLEAR MEMBRANE ORGANIZATION%GOBP%GO:0071763	NUCLEAR MEMBRANE ORGANIZATION%GOBP%GO:0071763		43	-0.54870975	-1.4877952	0.016372796	0.237819	1.0	2856	tags=33%, list=16%, signal=39%	
KIT RECEPTOR SIGNALING%WIKIPATHWAYS_20250810%WP304%HOMO SAPIENS	KIT RECEPTOR SIGNALING%WIKIPATHWAYS_20250810%WP304%HOMO SAPIENS		42	-0.5455997	-1.4875026	0.016497461	0.23797819	1.0	4954	tags=52%, list=28%, signal=73%	
REGULATION OF ACTIN FILAMENT LENGTH%GOBP%GO:0030832	REGULATION OF ACTIN FILAMENT LENGTH%GOBP%GO:0030832		81	-0.49987125	-1.4874842	0.0047789724	0.23740797	1.0	2875	tags=33%, list=16%, signal=40%	
THE ONCOGENIC ACTION OF 2-HYDROXYGLUTARATE%SMPDB%SMP0002291	THE ONCOGENIC ACTION OF 2-HYDROXYGLUTARATE%SMPDB%SMP0002291		24	-0.5949298	-1.4863924	0.03217158	0.23958609	1.0	4291	tags=63%, list=25%, signal=83%	
NUCLEOSIDE DIPHOSPHATE CATABOLIC PROCESS%GOBP%GO:0009134	NUCLEOSIDE DIPHOSPHATE CATABOLIC PROCESS%GOBP%GO:0009134		35	-0.55854344	-1.4853556	0.032552082	0.24167569	1.0	3545	tags=57%, list=20%, signal=72%	
POSITIVE REGULATION OF TUMOR NECROSIS FACTOR PRODUCTION%GOBP%GO:0032760	POSITIVE REGULATION OF TUMOR NECROSIS FACTOR PRODUCTION%GOBP%GO:0032760		43	-0.537431	-1.4852057	0.016476553	0.24144126	1.0	4219	tags=40%, list=24%, signal=52%	
REGULATION OF NECROPTOTIC PROCESS%GOBP%GO:0060544	REGULATION OF NECROPTOTIC PROCESS%GOBP%GO:0060544		15	-0.6634217	-1.4849814	0.034387894	0.2414589	1.0	1417	tags=33%, list=8%, signal=36%	
POSITIVE REGULATION OF MICROTUBULE POLYMERIZATION%GOBP%GO:0031116	POSITIVE REGULATION OF MICROTUBULE POLYMERIZATION%GOBP%GO:0031116		26	-0.59027344	-1.4846975	0.034899328	0.24153742	1.0	4307	tags=62%, list=25%, signal=82%	
THIOGUANINE ACTION PATHWAY%PATHWHIZ%PW000429	THIOGUANINE ACTION PATHWAY%PATHWHIZ%PW000429		39	-0.5555877	-1.4845917	0.016949153	0.24115783	1.0	5419	tags=56%, list=31%, signal=82%	
FORMATION OF TUBULIN FOLDING INTERMEDIATES BY CCT TRIC%REACTOME DATABASE ID RELEASE 93%389960	FORMATION OF TUBULIN FOLDING INTERMEDIATES BY CCT TRIC%REACTOME DATABASE ID RELEASE 93%389960		20	-0.62092763	-1.4843786	0.0260631	0.24109285	1.0	4206	tags=50%, list=24%, signal=66%	
C-MYC PATHWAY%PATHWAY INTERACTION DATABASE NCI-NATURE CURATED DATA%C-MYC PATHWAY	C-MYC PATHWAY%PATHWAY INTERACTION DATABASE NCI-NATURE CURATED DATA%C-MYC PATHWAY		25	-0.59416	-1.4839455	0.035019454	0.24155663	1.0	4037	tags=48%, list=23%, signal=62%	
NEGATIVE REGULATION OF AMYLOID-BETA FORMATION%GOBP%GO:1902430	NEGATIVE REGULATION OF AMYLOID-BETA FORMATION%GOBP%GO:1902430		17	-0.6437603	-1.483684	0.037037037	0.24156679	1.0	2686	tags=41%, list=15%, signal=49%	
FOREBRAIN CELL MIGRATION%GOBP%GO:0021885	FOREBRAIN CELL MIGRATION%GOBP%GO:0021885		23	-0.61726636	-1.483481	0.033738192	0.24148227	1.0	2245	tags=30%, list=13%, signal=35%	
NEGATIVE REGULATION OF ACTIN FILAMENT DEPOLYMERIZATION%GOBP%GO:0030835	NEGATIVE REGULATION OF ACTIN FILAMENT DEPOLYMERIZATION%GOBP%GO:0030835		18	-0.64000905	-1.4833474	0.026560426	0.24122052	1.0	2495	tags=33%, list=14%, signal=39%	
WARBURG EFFECT MODULATED BY DEUBIQUITINATING ENZYMES AND THEIR SUBSTRATES%WIKIPATHWAYS_20250810%WP5216%HOMO SAPIENS	WARBURG EFFECT MODULATED BY DEUBIQUITINATING ENZYMES AND THEIR SUBSTRATES%WIKIPATHWAYS_20250810%WP5216%HOMO SAPIENS		19	-0.6354611	-1.4831238	0.033195022	0.24117257	1.0	3507	tags=42%, list=20%, signal=53%	
TRICARBOXYLIC ACID CYCLE%GOBP%GO:0006099	TRICARBOXYLIC ACID CYCLE%GOBP%GO:0006099		25	-0.6016246	-1.4827962	0.023160763	0.24143791	1.0	5864	tags=80%, list=34%, signal=120%	
KISSPEPTIN KISSPEPTIN RECEPTOR SYSTEM IN THE OVARY%WIKIPATHWAYS_20250810%WP4871%HOMO SAPIENS	KISSPEPTIN KISSPEPTIN RECEPTOR SYSTEM IN THE OVARY%WIKIPATHWAYS_20250810%WP4871%HOMO SAPIENS		24	-0.6018994	-1.4824258	0.031207599	0.24179101	1.0	4062	tags=58%, list=23%, signal=76%	
RIBONUCLEOSIDE DIPHOSPHATE METABOLIC PROCESS%GOBP%GO:0009185	RIBONUCLEOSIDE DIPHOSPHATE METABOLIC PROCESS%GOBP%GO:0009185		45	-0.53978497	-1.4820374	0.020253165	0.24224523	1.0	3764	tags=56%, list=22%, signal=71%	
BIOCARTA_TPO_PATHWAY%MSIGDB_C2%BIOCARTA_TPO_PATHWAY	BIOCARTA_TPO_PATHWAY%MSIGDB_C2%BIOCARTA_TPO_PATHWAY		19	-0.6266894	-1.4819001	0.038356163	0.24196103	1.0	2818	tags=42%, list=16%, signal=50%	
NEGATIVE REGULATION OF PROTEASOMAL UBIQUITIN-DEPENDENT PROTEIN CATABOLIC PROCESS%GOBP%GO:0032435	NEGATIVE REGULATION OF PROTEASOMAL UBIQUITIN-DEPENDENT PROTEIN CATABOLIC PROCESS%GOBP%GO:0032435		35	-0.5629563	-1.4814975	0.023255814	0.2424207	1.0	4236	tags=43%, list=24%, signal=56%	
POSITIVE REGULATION OF CHEMOKINE PRODUCTION%GOBP%GO:0032722	POSITIVE REGULATION OF CHEMOKINE PRODUCTION%GOBP%GO:0032722		24	-0.6032481	-1.4809906	0.025104603	0.24309355	1.0	1398	tags=21%, list=8%, signal=23%	
HYPERINSULINISM-HYPERAMMONEMIA SYNDROME%PATHWHIZ%PW000072	HYPERINSULINISM-HYPERAMMONEMIA SYNDROME%PATHWHIZ%PW000072		20	-0.6119976	-1.4808095	0.034013607	0.2430146	1.0	5414	tags=70%, list=31%, signal=101%	
MITOCHONDRIAL CALCIUM ION HOMEOSTASIS%GOBP%GO:0051560	MITOCHONDRIAL CALCIUM ION HOMEOSTASIS%GOBP%GO:0051560		17	-0.6458406	-1.480573	0.027322404	0.24299502	1.0	1506	tags=35%, list=9%, signal=39%	
REGULATION OF CARBOHYDRATE CATABOLIC PROCESS%GOBP%GO:0043470	REGULATION OF CARBOHYDRATE CATABOLIC PROCESS%GOBP%GO:0043470		38	-0.553224	-1.4791234	0.024390243	0.24609995	1.0	5713	tags=61%, list=33%, signal=90%	
AZATHIOPRINE ACTION PATHWAY%SMPDB%SMP0000427	AZATHIOPRINE ACTION PATHWAY%SMPDB%SMP0000427		39	-0.5555877	-1.4791188	0.021329988	0.24551694	1.0	5419	tags=56%, list=31%, signal=82%	
RHOV GTPASE CYCLE%REACTOME DATABASE ID RELEASE 93%9013424	RHOV GTPASE CYCLE%REACTOME DATABASE ID RELEASE 93%9013424		36	-0.54878056	-1.4790097	0.02254642	0.24513796	1.0	4615	tags=56%, list=26%, signal=75%	
4-HYDROXYBUTYRIC ACIDURIA SUCCINIC SEMIALDEHYDE DEHYDROGENASE DEFICIENCY%SMPDB%SMP0000243	4-HYDROXYBUTYRIC ACIDURIA SUCCINIC SEMIALDEHYDE DEHYDROGENASE DEFICIENCY%SMPDB%SMP0000243		20	-0.6119976	-1.4787983	0.027027028	0.24502672	1.0	5414	tags=70%, list=31%, signal=101%	
TBC RABGAPS%REACTOME%R-HSA-8854214.2	TBC RABGAPS%REACTOME%R-HSA-8854214.2		41	-0.5506886	-1.4787946	0.015483871	0.24445046	1.0	3982	tags=51%, list=23%, signal=66%	
REGULATION OF POLYSACCHARIDE BIOSYNTHETIC PROCESS%GOBP%GO:0032885	REGULATION OF POLYSACCHARIDE BIOSYNTHETIC PROCESS%GOBP%GO:0032885		24	-0.59364706	-1.4785839	0.029294275	0.24440745	1.0	5713	tags=67%, list=33%, signal=99%	
SIGNALING EVENTS MEDIATED BY STEM CELL FACTOR RECEPTOR (C-KIT)%PATHWAY INTERACTION DATABASE NCI-NATURE CURATED DATA%SIGNALING EVENTS MEDIATED BY STEM CELL FACTOR RECEPTOR (C-KIT)	SIGNALING EVENTS MEDIATED BY STEM CELL FACTOR RECEPTOR (C-KIT)%PATHWAY INTERACTION DATABASE NCI-NATURE CURATED DATA%SIGNALING EVENTS MEDIATED BY STEM CELL FACTOR RECEPTOR (C-KIT)		48	-0.53135824	-1.4784405	0.017811704	0.24417466	1.0	4954	tags=48%, list=28%, signal=67%	
NEGATIVE REGULATION OF PROTEASOMAL PROTEIN CATABOLIC PROCESS%GOBP%GO:1901799	NEGATIVE REGULATION OF PROTEASOMAL PROTEIN CATABOLIC PROCESS%GOBP%GO:1901799		45	-0.52844185	-1.4779395	0.023809524	0.24484149	1.0	4236	tags=38%, list=24%, signal=50%	
RHOC GTPASE CYCLE%REACTOME%R-HSA-9013106.2	RHOC GTPASE CYCLE%REACTOME%R-HSA-9013106.2		69	-0.50086963	-1.4774147	0.017094018	0.2456702	1.0	5179	tags=57%, list=30%, signal=80%	
BIOCARTA_TNFR1_PATHWAY%MSIGDB_C2%BIOCARTA_TNFR1_PATHWAY	BIOCARTA_TNFR1_PATHWAY%MSIGDB_C2%BIOCARTA_TNFR1_PATHWAY		24	-0.593245	-1.4772704	0.032938078	0.24545172	1.0	3882	tags=54%, list=22%, signal=70%	
LIPOPROTEIN METABOLISM%REACTOME DATABASE ID RELEASE 93%174824	LIPOPROTEIN METABOLISM%REACTOME DATABASE ID RELEASE 93%174824		51	-0.5194512	-1.476994	0.019851116	0.24564482	1.0	4133	tags=45%, list=24%, signal=59%	
PANCREATIC ADENOCARCINOMA PATHWAY%WIKIPATHWAYS_20250810%WP4263%HOMO SAPIENS	PANCREATIC ADENOCARCINOMA PATHWAY%WIKIPATHWAYS_20250810%WP4263%HOMO SAPIENS		64	-0.49952883	-1.4754144	0.021377672	0.24913089	1.0	3122	tags=38%, list=18%, signal=45%	
REGULATION OF FERROPTOSIS%GOBP%GO:0110075	REGULATION OF FERROPTOSIS%GOBP%GO:0110075		26	-0.59094274	-1.4751711	0.03125	0.24921937	1.0	4716	tags=50%, list=27%, signal=68%	
REGULATION OF TUMOR NECROSIS FACTOR-MEDIATED SIGNALING PATHWAY%GOBP%GO:0010803	REGULATION OF TUMOR NECROSIS FACTOR-MEDIATED SIGNALING PATHWAY%GOBP%GO:0010803		39	-0.5483174	-1.4745945	0.030573249	0.25004116	1.0	2329	tags=31%, list=13%, signal=35%	
PROTEIN FOLDING%REACTOME DATABASE ID RELEASE 93%391251	PROTEIN FOLDING%REACTOME DATABASE ID RELEASE 93%391251		81	-0.49001533	-1.4741917	0.011641444	0.25051314	1.0	4236	tags=41%, list=24%, signal=54%	
NUCLEAR DNA REPLICATION%GOBP%GO:0033260	NUCLEAR DNA REPLICATION%GOBP%GO:0033260		20	-0.6041219	-1.4740229	0.036671367	0.2503192	1.0	5798	tags=60%, list=33%, signal=90%	
PROTEIN K6-LINKED UBIQUITINATION%GOBP%GO:0085020	PROTEIN K6-LINKED UBIQUITINATION%GOBP%GO:0085020		15	-0.662615	-1.4737296	0.024691358	0.25052005	1.0	2994	tags=47%, list=17%, signal=56%	
SUCCINIC SEMIALDEHYDE DEHYDROGENASE DEFICIENCY%SMPDB%SMP0000567	SUCCINIC SEMIALDEHYDE DEHYDROGENASE DEFICIENCY%SMPDB%SMP0000567		20	-0.6119976	-1.473276	0.026647966	0.2510989	1.0	5414	tags=70%, list=31%, signal=101%	
BIOCARTA_CREB_PATHWAY%MSIGDB_C2%BIOCARTA_CREB_PATHWAY	BIOCARTA_CREB_PATHWAY%MSIGDB_C2%BIOCARTA_CREB_PATHWAY		17	-0.63917017	-1.4730849	0.031636864	0.25097793	1.0	3889	tags=47%, list=22%, signal=60%	
NEGATIVE REGULATION OF UBIQUITIN-DEPENDENT PROTEIN CATABOLIC PROCESS%GOBP%GO:2000059	NEGATIVE REGULATION OF UBIQUITIN-DEPENDENT PROTEIN CATABOLIC PROCESS%GOBP%GO:2000059		45	-0.53732437	-1.4730008	0.020565553	0.25057873	1.0	4259	tags=42%, list=24%, signal=56%	
IL3 SIGNALING%WIKIPATHWAYS_20250810%WP286%HOMO SAPIENS	IL3 SIGNALING%WIKIPATHWAYS_20250810%WP286%HOMO SAPIENS		31	-0.56373644	-1.472816	0.027962716	0.2504618	1.0	3780	tags=55%, list=22%, signal=70%	
CLATHRIN-DEPENDENT ENDOCYTOSIS%GOBP%GO:0072583	CLATHRIN-DEPENDENT ENDOCYTOSIS%GOBP%GO:0072583		29	-0.57995355	-1.4713155	0.025032938	0.25371096	1.0	3618	tags=45%, list=21%, signal=56%	
PROTEIN MONOUBIQUITINATION%GOBP%GO:0006513	PROTEIN MONOUBIQUITINATION%GOBP%GO:0006513		37	-0.54485214	-1.469934	0.031168832	0.25652435	1.0	3181	tags=35%, list=18%, signal=43%	
POSITIVE REGULATION OF TUMOR NECROSIS FACTOR SUPERFAMILY CYTOKINE PRODUCTION%GOBP%GO:1903557	POSITIVE REGULATION OF TUMOR NECROSIS FACTOR SUPERFAMILY CYTOKINE PRODUCTION%GOBP%GO:1903557		45	-0.53176475	-1.4698924	0.020304568	0.2560387	1.0	4219	tags=38%, list=24%, signal=50%	
REGULATION OF RUFFLE ASSEMBLY%GOBP%GO:1900027	REGULATION OF RUFFLE ASSEMBLY%GOBP%GO:1900027		19	-0.6237488	-1.4683629	0.042194095	0.25955927	1.0	3902	tags=53%, list=22%, signal=68%	
TRNA WOBBLE BASE MODIFICATION%GOBP%GO:0002097	TRNA WOBBLE BASE MODIFICATION%GOBP%GO:0002097		22	-0.6085621	-1.4678234	0.0261348	0.2603498	1.0	3412	tags=41%, list=20%, signal=51%	
ANATOMICAL STRUCTURE HOMEOSTASIS%GOBP%GO:0060249	ANATOMICAL STRUCTURE HOMEOSTASIS%GOBP%GO:0060249		95	-0.4757588	-1.4674577	0.008225617	0.2607504	1.0	1514	tags=20%, list=9%, signal=22%	
ORGANIC HYDROXY COMPOUND TRANSPORT%GOBP%GO:0015850	ORGANIC HYDROXY COMPOUND TRANSPORT%GOBP%GO:0015850		81	-0.49196717	-1.4671936	0.015643803	0.26078495	1.0	1963	tags=26%, list=11%, signal=29%	
PROTEIN LOCALIZATION TO VACUOLE%GOBP%GO:0072665	PROTEIN LOCALIZATION TO VACUOLE%GOBP%GO:0072665		62	-0.5070221	-1.4669032	0.0154761905	0.26097903	1.0	4546	tags=39%, list=26%, signal=52%	
PID_CXCR4_PATHWAY%MSIGDB_C2%PID_CXCR4_PATHWAY	PID_CXCR4_PATHWAY%MSIGDB_C2%PID_CXCR4_PATHWAY		62	-0.5032697	-1.4661255	0.018337408	0.26256374	1.0	3433	tags=37%, list=20%, signal=46%	
REGULATION OF ATP METABOLIC PROCESS%GOBP%GO:1903578	REGULATION OF ATP METABOLIC PROCESS%GOBP%GO:1903578		43	-0.5384549	-1.4654976	0.028387098	0.2635956	1.0	4034	tags=44%, list=23%, signal=57%	
REGULATION OF INTEGRIN-MEDIATED SIGNALING PATHWAY%GOBP%GO:2001044	REGULATION OF INTEGRIN-MEDIATED SIGNALING PATHWAY%GOBP%GO:2001044		19	-0.62376684	-1.4648675	0.040106952	0.26469776	1.0	1415	tags=26%, list=8%, signal=29%	
RIBONUCLEOSIDE DIPHOSPHATE CATABOLIC PROCESS%GOBP%GO:0009191	RIBONUCLEOSIDE DIPHOSPHATE CATABOLIC PROCESS%GOBP%GO:0009191		35	-0.55854344	-1.4648582	0.03303685	0.26412085	1.0	3545	tags=57%, list=20%, signal=72%	
GLUTAMATE METABOLISM%PATHWHIZ%PW000003	GLUTAMATE METABOLISM%PATHWHIZ%PW000003		20	-0.6119976	-1.4636455	0.030942334	0.26680452	1.0	5414	tags=70%, list=31%, signal=101%	
TUBE CLOSURE%GOBP%GO:0060606	TUBE CLOSURE%GOBP%GO:0060606		28	-0.57400304	-1.463499	0.019021738	0.26664773	1.0	4081	tags=46%, list=23%, signal=60%	
CELL CYCLE DNA REPLICATION%GOBP%GO:0044786	CELL CYCLE DNA REPLICATION%GOBP%GO:0044786		21	-0.6069382	-1.4634547	0.046831954	0.2661817	1.0	5281	tags=57%, list=30%, signal=82%	
MITOTIC CYTOKINETIC PROCESS%GOBP%GO:1902410	MITOTIC CYTOKINETIC PROCESS%GOBP%GO:1902410		28	-0.5728168	-1.4632716	0.036048066	0.26611176	1.0	3446	tags=43%, list=20%, signal=53%	
SEMA4D IN SEMAPHORIN SIGNALING%REACTOME DATABASE ID RELEASE 93%400685	SEMA4D IN SEMAPHORIN SIGNALING%REACTOME DATABASE ID RELEASE 93%400685		23	-0.5964628	-1.4632468	0.030997304	0.26562008	1.0	5733	tags=61%, list=33%, signal=91%	
TORC1 SIGNALING%GOBP%GO:0038202	TORC1 SIGNALING%GOBP%GO:0038202		17	-0.6329153	-1.4628547	0.036984354	0.26607618	1.0	5691	tags=71%, list=33%, signal=105%	
REGULATION OF ARP2/3 COMPLEX-MEDIATED ACTIN NUCLEATION%GOBP%GO:0034315	REGULATION OF ARP2/3 COMPLEX-MEDIATED ACTIN NUCLEATION%GOBP%GO:0034315		20	-0.6083576	-1.4625181	0.036516853	0.26645058	1.0	4290	tags=50%, list=25%, signal=66%	
PERTURBATIONS TO HOST CELL AUTOPHAGY INDUCED BY SARS COV 2 PROTEINS%WIKIPATHWAYS_20250810%WP4936%HOMO SAPIENS	PERTURBATIONS TO HOST CELL AUTOPHAGY INDUCED BY SARS COV 2 PROTEINS%WIKIPATHWAYS_20250810%WP4936%HOMO SAPIENS		36	-0.55220646	-1.4624026	0.019280206	0.2661216	1.0	2756	tags=33%, list=16%, signal=39%	
CEREBRAL CORTEX CELL MIGRATION%GOBP%GO:0021795	CEREBRAL CORTEX CELL MIGRATION%GOBP%GO:0021795		18	-0.6201771	-1.4623445	0.04761905	0.26568916	1.0	2245	tags=33%, list=13%, signal=38%	
INTRINSIC APOPTOTIC SIGNALING PATHWAY IN RESPONSE TO DNA DAMAGE BY P53 CLASS MEDIATOR%GOBP%GO:0042771	INTRINSIC APOPTOTIC SIGNALING PATHWAY IN RESPONSE TO DNA DAMAGE BY P53 CLASS MEDIATOR%GOBP%GO:0042771		20	-0.62047374	-1.4620644	0.02688172	0.26579252	1.0	3898	tags=50%, list=22%, signal=64%	
NEGATIVE REGULATION OF OXIDATIVE STRESS-INDUCED INTRINSIC APOPTOTIC SIGNALING PATHWAY%GOBP%GO:1902176	NEGATIVE REGULATION OF OXIDATIVE STRESS-INDUCED INTRINSIC APOPTOTIC SIGNALING PATHWAY%GOBP%GO:1902176		21	-0.60385096	-1.4617128	0.03256445	0.2661551	1.0	1504	tags=29%, list=9%, signal=31%	
NEUROMUSCULAR PROCESS%GOBP%GO:0050905	NEUROMUSCULAR PROCESS%GOBP%GO:0050905		45	-0.53988284	-1.4614493	0.020100502	0.26620895	1.0	1155	tags=29%, list=7%, signal=31%	
SIGNAL TRANSDUCTION BY P53 CLASS MEDIATOR%GOBP%GO:0072331	SIGNAL TRANSDUCTION BY P53 CLASS MEDIATOR%GOBP%GO:0072331		65	-0.5063548	-1.4613254	0.014760148	0.26597673	1.0	4673	tags=46%, list=27%, signal=63%	
POSITIVE REGULATION OF MITOTIC CELL CYCLE%GOBP%GO:0045931	POSITIVE REGULATION OF MITOTIC CELL CYCLE%GOBP%GO:0045931		88	-0.47841442	-1.4611744	0.0133010885	0.26582322	1.0	4701	tags=43%, list=27%, signal=59%	
HOMOCARNOSINOSIS%SMPDB%SMP0000385	HOMOCARNOSINOSIS%SMPDB%SMP0000385		20	-0.6119976	-1.4602623	0.033755273	0.26758608	1.0	5414	tags=70%, list=31%, signal=101%	
HORMONE BIOSYNTHETIC PROCESS%GOBP%GO:0042446	HORMONE BIOSYNTHETIC PROCESS%GOBP%GO:0042446		15	-0.6598255	-1.4600285	0.032033425	0.2676794	1.0	883	tags=20%, list=5%, signal=21%	
IL2 SIGNALING%WIKIPATHWAYS_20250810%WP49%HOMO SAPIENS	IL2 SIGNALING%WIKIPATHWAYS_20250810%WP49%HOMO SAPIENS		28	-0.57924575	-1.4599155	0.035386633	0.26733562	1.0	2818	tags=43%, list=16%, signal=51%	
RESPONSE TO TOXIC SUBSTANCE%GOBP%GO:0009636	RESPONSE TO TOXIC SUBSTANCE%GOBP%GO:0009636		69	-0.4955508	-1.4595939	0.014150944	0.26763535	1.0	5297	tags=48%, list=30%, signal=68%	
SIGNAL RELEASE%GOBP%GO:0023061	SIGNAL RELEASE%GOBP%GO:0023061		88	-0.48112977	-1.4593421	0.010714286	0.2677228	1.0	4343	tags=40%, list=25%, signal=53%	
CARGO RECOGNITION FOR CLATHRIN-MEDIATED ENDOCYTOSIS%REACTOME%R-HSA-8856825.5	CARGO RECOGNITION FOR CLATHRIN-MEDIATED ENDOCYTOSIS%REACTOME%R-HSA-8856825.5		85	-0.48093206	-1.4592831	0.01173709	0.2672832	1.0	3304	tags=38%, list=19%, signal=46%	
NEGATIVE REGULATION OF PROTEIN UBIQUITINATION%GOBP%GO:0031397	NEGATIVE REGULATION OF PROTEIN UBIQUITINATION%GOBP%GO:0031397		59	-0.50691164	-1.4591163	0.020506635	0.26716864	1.0	3907	tags=34%, list=22%, signal=44%	
DEFECTIVE INTRINSIC PATHWAY FOR APOPTOSIS%REACTOME%R-HSA-9734009.2	DEFECTIVE INTRINSIC PATHWAY FOR APOPTOSIS%REACTOME%R-HSA-9734009.2		22	-0.5987836	-1.4591035	0.04587156	0.26661608	1.0	4332	tags=68%, list=25%, signal=91%	
GOUT OR KELLEY-SEEGMILLER SYNDROME%SMPDB%SMP0000365	GOUT OR KELLEY-SEEGMILLER SYNDROME%SMPDB%SMP0000365		32	-0.55672866	-1.4585586	0.030955585	0.26741123	1.0	5419	tags=59%, list=31%, signal=86%	
PTERIDINE-CONTAINING COMPOUND METABOLIC PROCESS%GOBP%GO:0042558	PTERIDINE-CONTAINING COMPOUND METABOLIC PROCESS%GOBP%GO:0042558		25	-0.584228	-1.4585314	0.03234501	0.26692298	1.0	3589	tags=48%, list=21%, signal=60%	
TISSUE HOMEOSTASIS%GOBP%GO:0001894	TISSUE HOMEOSTASIS%GOBP%GO:0001894		95	-0.4757588	-1.4584786	0.0081206495	0.26651484	1.0	1514	tags=20%, list=9%, signal=22%	
BIOCARTA_AT1R_PATHWAY%MSIGDB_C2%BIOCARTA_AT1R_PATHWAY	BIOCARTA_AT1R_PATHWAY%MSIGDB_C2%BIOCARTA_AT1R_PATHWAY		21	-0.6008377	-1.4580977	0.04109589	0.26692092	1.0	3882	tags=57%, list=22%, signal=73%	
REGULATION OF ACTIN POLYMERIZATION OR DEPOLYMERIZATION%GOBP%GO:0008064	REGULATION OF ACTIN POLYMERIZATION OR DEPOLYMERIZATION%GOBP%GO:0008064		78	-0.49265942	-1.4579681	0.013173653	0.2666274	1.0	4086	tags=42%, list=23%, signal=55%	
IL7 SIGNALING%WIKIPATHWAYS_20250810%WP205%HOMO SAPIENS	IL7 SIGNALING%WIKIPATHWAYS_20250810%WP205%HOMO SAPIENS		15	-0.65183324	-1.4577919	0.04895105	0.26653418	1.0	2818	tags=47%, list=16%, signal=56%	
RRNA MODIFICATION%GOBP%GO:0000154	RRNA MODIFICATION%GOBP%GO:0000154		28	-0.5709981	-1.4577461	0.023376623	0.26608253	1.0	3729	tags=36%, list=21%, signal=45%	
EBOLA VIRUS INFECTION IN HOST%WIKIPATHWAYS_20250810%WP4217%HOMO SAPIENS	EBOLA VIRUS INFECTION IN HOST%WIKIPATHWAYS_20250810%WP4217%HOMO SAPIENS		86	-0.47927588	-1.4576341	0.0094451	0.26581556	1.0	4171	tags=35%, list=24%, signal=46%	
SYNAPTIC VESICLE ENDOCYTOSIS%GOBP%GO:0048488	SYNAPTIC VESICLE ENDOCYTOSIS%GOBP%GO:0048488		32	-0.5616857	-1.4574459	0.028205128	0.26572502	1.0	4316	tags=41%, list=25%, signal=54%	
PATHOGENIC ESCHERICHIA COLI INFECTION%WIKIPATHWAYS_20250810%WP2272%HOMO SAPIENS	PATHOGENIC ESCHERICHIA COLI INFECTION%WIKIPATHWAYS_20250810%WP2272%HOMO SAPIENS		32	-0.56222737	-1.4572843	0.025806451	0.2655847	1.0	5365	tags=56%, list=31%, signal=81%	
REGULATION OF ENDOGENOUS RETROELEMENTS BY PIWI-INTERACTING RNAS (PIRNAS)%REACTOME%R-HSA-9845323.1	REGULATION OF ENDOGENOUS RETROELEMENTS BY PIWI-INTERACTING RNAS (PIRNAS)%REACTOME%R-HSA-9845323.1		34	-0.54237247	-1.457246	0.030831099	0.26513642	1.0	3950	tags=44%, list=23%, signal=57%	
VIRAL GENE EXPRESSION%GOBP%GO:0019080	VIRAL GENE EXPRESSION%GOBP%GO:0019080		50	-0.5106412	-1.4566673	0.027295286	0.2661319	1.0	2682	tags=36%, list=15%, signal=42%	
EGF SIGNALLING PATHWAY%SMPDB%SMP0063810	EGF SIGNALLING PATHWAY%SMPDB%SMP0063810		26	-0.58333576	-1.4563308	0.026455026	0.26636705	1.0	3809	tags=50%, list=22%, signal=64%	
VESICLE CARGO LOADING%GOBP%GO:0035459	VESICLE CARGO LOADING%GOBP%GO:0035459		27	-0.578842	-1.4554522	0.029333333	0.26814535	1.0	3633	tags=44%, list=21%, signal=56%	
NEURAL TUBE CLOSURE%GOBP%GO:0001843	NEURAL TUBE CLOSURE%GOBP%GO:0001843		28	-0.57400304	-1.4552169	0.034666665	0.26823953	1.0	4081	tags=46%, list=23%, signal=60%	
REGULATION OF SPROUTING ANGIOGENESIS%GOBP%GO:1903670	REGULATION OF SPROUTING ANGIOGENESIS%GOBP%GO:1903670		29	-0.5675172	-1.4550198	0.035714287	0.2682414	1.0	2748	tags=41%, list=16%, signal=49%	
PRESYNAPTIC ENDOCYTOSIS%GOBP%GO:0140238	PRESYNAPTIC ENDOCYTOSIS%GOBP%GO:0140238		32	-0.5616857	-1.4546356	0.040843215	0.26866162	1.0	4316	tags=41%, list=25%, signal=54%	
DNA IR DOUBLE STRAND BREAKS AND CELLULAR RESPONSE VIA ATM%WIKIPATHWAYS_20250810%WP3959%HOMO SAPIENS	DNA IR DOUBLE STRAND BREAKS AND CELLULAR RESPONSE VIA ATM%WIKIPATHWAYS_20250810%WP3959%HOMO SAPIENS		45	-0.52313304	-1.4543968	0.021850899	0.26875433	1.0	4822	tags=44%, list=28%, signal=61%	
IL2 SIGNALING EVENTS MEDIATED BY PI3K%PATHWAY INTERACTION DATABASE NCI-NATURE CURATED DATA%IL2 SIGNALING EVENTS MEDIATED BY PI3K	IL2 SIGNALING EVENTS MEDIATED BY PI3K%PATHWAY INTERACTION DATABASE NCI-NATURE CURATED DATA%IL2 SIGNALING EVENTS MEDIATED BY PI3K		31	-0.55363023	-1.4541794	0.034883723	0.26877582	1.0	5297	tags=61%, list=30%, signal=88%	
SOMATIC DIVERSIFICATION OF IMMUNOGLOBULINS%GOBP%GO:0016445	SOMATIC DIVERSIFICATION OF IMMUNOGLOBULINS%GOBP%GO:0016445		23	-0.5902893	-1.453942	0.038251366	0.2688571	1.0	5165	tags=57%, list=30%, signal=80%	
SIGNALING BY HIGH-KINASE ACTIVITY BRAF MUTANTS%REACTOME DATABASE ID RELEASE 93%6802948	SIGNALING BY HIGH-KINASE ACTIVITY BRAF MUTANTS%REACTOME DATABASE ID RELEASE 93%6802948		27	-0.5852164	-1.4538599	0.029569892	0.2685068	1.0	2818	tags=41%, list=16%, signal=49%	
NEGATIVE REGULATION OF TYPE I INTERFERON PRODUCTION%GOBP%GO:0032480	NEGATIVE REGULATION OF TYPE I INTERFERON PRODUCTION%GOBP%GO:0032480		31	-0.5629055	-1.4535937	0.03187251	0.26860335	1.0	5082	tags=45%, list=29%, signal=64%	
PLASMA MEMBRANE ORGANIZATION%GOBP%GO:0007009	PLASMA MEMBRANE ORGANIZATION%GOBP%GO:0007009		79	-0.48616764	-1.4529222	0.014405762	0.26983505	1.0	2996	tags=25%, list=17%, signal=30%	
LESCH-NYHAN SYNDROME (LNS)%SMPDB%SMP0000364	LESCH-NYHAN SYNDROME (LNS)%SMPDB%SMP0000364		32	-0.55672866	-1.4526613	0.02631579	0.26995122	1.0	5419	tags=59%, list=31%, signal=86%	
ALPHA 6 BETA 4 SIGNALING%WIKIPATHWAYS_20250810%WP244%HOMO SAPIENS	ALPHA 6 BETA 4 SIGNALING%WIKIPATHWAYS_20250810%WP244%HOMO SAPIENS		23	-0.6015253	-1.4525272	0.04189189	0.26976052	1.0	3129	tags=48%, list=18%, signal=58%	
NEGATIVE REGULATION OF CYTOPLASMIC PATTERN RECOGNITION RECEPTOR SIGNALING PATHWAY%GOBP%GO:0039532	NEGATIVE REGULATION OF CYTOPLASMIC PATTERN RECOGNITION RECEPTOR SIGNALING PATHWAY%GOBP%GO:0039532		43	-0.5294326	-1.452478	0.023407022	0.26935932	1.0	3215	tags=37%, list=18%, signal=45%	
A6B1 AND A6B4 INTEGRIN SIGNALING%PATHWAY INTERACTION DATABASE NCI-NATURE CURATED DATA%A6B1 AND A6B4 INTEGRIN SIGNALING	A6B1 AND A6B4 INTEGRIN SIGNALING%PATHWAY INTERACTION DATABASE NCI-NATURE CURATED DATA%A6B1 AND A6B4 INTEGRIN SIGNALING		39	-0.5447814	-1.4523753	0.028205128	0.26907632	1.0	3787	tags=44%, list=22%, signal=56%	
XANTHINURIA TYPE I%SMPDB%SMP0000512	XANTHINURIA TYPE I%SMPDB%SMP0000512		32	-0.55672866	-1.452332	0.043256998	0.2686324	1.0	5419	tags=59%, list=31%, signal=86%	
2-HYDROXYGLUTRIC ACIDURIA (D AND L FORM)%SMPDB%SMP0000136	2-HYDROXYGLUTRIC ACIDURIA (D AND L FORM)%SMPDB%SMP0000136		20	-0.6119976	-1.4522319	0.0472973	0.26830798	1.0	5414	tags=70%, list=31%, signal=101%	
PROTEIN TARGETING TO VACUOLE%GOBP%GO:0006623	PROTEIN TARGETING TO VACUOLE%GOBP%GO:0006623		37	-0.53591835	-1.4522094	0.031209363	0.26780406	1.0	4546	tags=41%, list=26%, signal=55%	
MONOSACCHARIDE METABOLIC PROCESS%GOBP%GO:0005996	MONOSACCHARIDE METABOLIC PROCESS%GOBP%GO:0005996		90	-0.4731343	-1.4521313	0.019744484	0.26741984	1.0	3694	tags=43%, list=21%, signal=55%	
PURINE NUCLEOSIDE PHOSPHORYLASE DEFICIENCY%SMPDB%SMP0000210	PURINE NUCLEOSIDE PHOSPHORYLASE DEFICIENCY%SMPDB%SMP0000210		32	-0.55672866	-1.4515362	0.04330709	0.2684398	1.0	5419	tags=59%, list=31%, signal=86%	
POSITIVE REGULATION OF WOUND HEALING%GOBP%GO:0090303	POSITIVE REGULATION OF WOUND HEALING%GOBP%GO:0090303		36	-0.5444049	-1.4512508	0.042801555	0.26865402	1.0	3385	tags=39%, list=19%, signal=48%	
HDAC6 INTERACTIONS IN THE CENTRAL NERVOUS SYSTEM%WIKIPATHWAYS_20250810%WP5426%HOMO SAPIENS	HDAC6 INTERACTIONS IN THE CENTRAL NERVOUS SYSTEM%WIKIPATHWAYS_20250810%WP5426%HOMO SAPIENS		72	-0.48802105	-1.4510566	0.018226003	0.26863813	1.0	4353	tags=53%, list=25%, signal=70%	
SIGNALING EVENTS MEDIATED BY VEGFR1 AND VEGFR2%PATHWAY INTERACTION DATABASE NCI-NATURE CURATED DATA%SIGNALING EVENTS MEDIATED BY VEGFR1 AND VEGFR2	SIGNALING EVENTS MEDIATED BY VEGFR1 AND VEGFR2%PATHWAY INTERACTION DATABASE NCI-NATURE CURATED DATA%SIGNALING EVENTS MEDIATED BY VEGFR1 AND VEGFR2		64	-0.49231857	-1.4510412	0.019253911	0.26812783	1.0	4954	tags=45%, list=28%, signal=63%	
NUCLEOTIDE SALVAGE%REACTOME DATABASE ID RELEASE 93%8956321	NUCLEOTIDE SALVAGE%REACTOME DATABASE ID RELEASE 93%8956321		19	-0.62018365	-1.4509596	0.04278075	0.26783502	1.0	4947	tags=68%, list=28%, signal=95%	
SIGNALING MEDIATED BY P38-ALPHA AND P38-BETA%PATHWAY INTERACTION DATABASE NCI-NATURE CURATED DATA%SIGNALING MEDIATED BY P38-ALPHA AND P38-BETA	SIGNALING MEDIATED BY P38-ALPHA AND P38-BETA%PATHWAY INTERACTION DATABASE NCI-NATURE CURATED DATA%SIGNALING MEDIATED BY P38-ALPHA AND P38-BETA		32	-0.5643585	-1.4508123	0.033810142	0.2677129	1.0	2029	tags=25%, list=12%, signal=28%	
VESICLE-MEDIATED TRANSPORT IN SYNAPSE%GOBP%GO:0099003	VESICLE-MEDIATED TRANSPORT IN SYNAPSE%GOBP%GO:0099003		86	-0.48293975	-1.4504321	0.012865497	0.2681448	1.0	2708	tags=31%, list=16%, signal=37%	
AICA-RIBOSIDURIA%PATHWHIZ%PW000082	AICA-RIBOSIDURIA%PATHWHIZ%PW000082		32	-0.55672866	-1.4502685	0.03547963	0.26801002	1.0	5419	tags=59%, list=31%, signal=86%	
REGULATION OF CYTOPLASMIC PATTERN RECOGNITION RECEPTOR SIGNALING PATHWAY%GOBP%GO:0039531	REGULATION OF CYTOPLASMIC PATTERN RECOGNITION RECEPTOR SIGNALING PATHWAY%GOBP%GO:0039531		86	-0.481794	-1.4501699	0.015028901	0.2677239	1.0	4807	tags=43%, list=28%, signal=59%	
RHO GTPASES ACTIVATE ROCKS%REACTOME DATABASE ID RELEASE 93%5627117	RHO GTPASES ACTIVATE ROCKS%REACTOME DATABASE ID RELEASE 93%5627117		18	-0.6212908	-1.4501004	0.042735044	0.26740077	1.0	1835	tags=39%, list=11%, signal=43%	
TRNA AMINOACYLATION%GOBP%GO:0043039	TRNA AMINOACYLATION%GOBP%GO:0043039		22	-0.59237593	-1.449942	0.04743083	0.2672687	1.0	4489	tags=59%, list=26%, signal=79%	
NEGATIVE REGULATION OF RESPONSE TO ENDOPLASMIC RETICULUM STRESS%GOBP%GO:1903573	NEGATIVE REGULATION OF RESPONSE TO ENDOPLASMIC RETICULUM STRESS%GOBP%GO:1903573		39	-0.53895557	-1.4498332	0.044736844	0.2670604	1.0	2962	tags=36%, list=17%, signal=43%	
PID_P75_NTR_PATHWAY%MSIGDB_C2%PID_P75_NTR_PATHWAY	PID_P75_NTR_PATHWAY%MSIGDB_C2%PID_P75_NTR_PATHWAY		47	-0.52807814	-1.4493831	0.029925186	0.26769495	1.0	4301	tags=45%, list=25%, signal=59%	
BIOCARTA_CXCR4_PATHWAY%MSIGDB_C2%BIOCARTA_CXCR4_PATHWAY	BIOCARTA_CXCR4_PATHWAY%MSIGDB_C2%BIOCARTA_CXCR4_PATHWAY		16	-0.6375032	-1.4490186	0.054545455	0.26815292	1.0	2818	tags=44%, list=16%, signal=52%	
RESPONSE TO MONOSACCHARIDE%GOBP%GO:0034284	RESPONSE TO MONOSACCHARIDE%GOBP%GO:0034284		48	-0.5108489	-1.4487281	0.025348542	0.2684041	1.0	4343	tags=42%, list=25%, signal=55%	
MITOCHONDRIAL DNA DEPLETION SYNDROME-3%SMPDB%SMP0000536	MITOCHONDRIAL DNA DEPLETION SYNDROME-3%SMPDB%SMP0000536		32	-0.55672866	-1.448011	0.033512063	0.26976994	1.0	5419	tags=59%, list=31%, signal=86%	
PROTEIN INSERTION INTO MITOCHONDRIAL MEMBRANE%GOBP%GO:0051204	PROTEIN INSERTION INTO MITOCHONDRIAL MEMBRANE%GOBP%GO:0051204		26	-0.5774995	-1.4472203	0.034300793	0.2713029	1.0	4811	tags=54%, list=28%, signal=74%	
CELL REDOX HOMEOSTASIS%GOBP%GO:0045454	CELL REDOX HOMEOSTASIS%GOBP%GO:0045454		35	-0.54454285	-1.4471982	0.026246719	0.27083915	1.0	2423	tags=31%, list=14%, signal=36%	
REGULATION OF CELLULAR RESPIRATION%GOBP%GO:0043457	REGULATION OF CELLULAR RESPIRATION%GOBP%GO:0043457		26	-0.5796239	-1.4471397	0.03230148	0.27045897	1.0	2834	tags=35%, list=16%, signal=41%	
INNER MITOCHONDRIAL MEMBRANE ORGANIZATION%GOBP%GO:0007007	INNER MITOCHONDRIAL MEMBRANE ORGANIZATION%GOBP%GO:0007007		33	-0.559791	-1.4467771	0.025974026	0.2709099	1.0	3251	tags=42%, list=19%, signal=52%	
G-CSF%IOB%G-CSF	G-CSF%IOB%G-CSF		27	-0.57261103	-1.4463484	0.04812834	0.2714818	1.0	6305	tags=63%, list=36%, signal=98%	
ADENINE PHOSPHORIBOSYLTRANSFERASE DEFICIENCY (APRT)%PATHWHIZ%PW000511	ADENINE PHOSPHORIBOSYLTRANSFERASE DEFICIENCY (APRT)%PATHWHIZ%PW000511		32	-0.55672866	-1.4463333	0.023319615	0.2709878	1.0	5419	tags=59%, list=31%, signal=86%	
ADENOSINE DEAMINASE DEFICIENCY%PATHWHIZ%PW000075	ADENOSINE DEAMINASE DEFICIENCY%PATHWHIZ%PW000075		32	-0.55672866	-1.4456367	0.02987013	0.2722849	1.0	5419	tags=59%, list=31%, signal=86%	
REGULATION OF DNA-TEMPLATED TRANSCRIPTION INITIATION%GOBP%GO:2000142	REGULATION OF DNA-TEMPLATED TRANSCRIPTION INITIATION%GOBP%GO:2000142		69	-0.49046433	-1.4455931	0.015757576	0.2718806	1.0	2975	tags=25%, list=17%, signal=30%	
PRODUCTION OF MOLECULAR MEDIATOR OF IMMUNE RESPONSE%GOBP%GO:0002440	PRODUCTION OF MOLECULAR MEDIATOR OF IMMUNE RESPONSE%GOBP%GO:0002440		23	-0.5902893	-1.4455652	0.04723347	0.27142826	1.0	5165	tags=57%, list=30%, signal=80%	
P38 MAPK PATHWAY%PANTHER PATHWAY%P05918	P38 MAPK PATHWAY%PANTHER PATHWAY%P05918		26	-0.581363	-1.4455051	0.044058744	0.27104804	1.0	3273	tags=42%, list=19%, signal=52%	
REGULATION OF MUSCLE CONTRACTION%GOBP%GO:0006937	REGULATION OF MUSCLE CONTRACTION%GOBP%GO:0006937		99	-0.4699201	-1.4453603	0.011389522	0.27093726	1.0	2445	tags=29%, list=14%, signal=34%	
MYOADENYLATE DEAMINASE DEFICIENCY%PATHWHIZ%PW000513	MYOADENYLATE DEAMINASE DEFICIENCY%PATHWHIZ%PW000513		32	-0.55672866	-1.4451545	0.030748663	0.2709815	1.0	5419	tags=59%, list=31%, signal=86%	
PID_HNF3A_PATHWAY%MSIGDB_C2%PID_HNF3A_PATHWAY	PID_HNF3A_PATHWAY%MSIGDB_C2%PID_HNF3A_PATHWAY		22	-0.5959095	-1.4446212	0.047945205	0.2719502	1.0	544	tags=23%, list=3%, signal=23%	
MORPHOGENESIS OF A POLARIZED EPITHELIUM%GOBP%GO:0001738	MORPHOGENESIS OF A POLARIZED EPITHELIUM%GOBP%GO:0001738		22	-0.59044087	-1.4440947	0.04781421	0.27275982	1.0	3543	tags=41%, list=20%, signal=51%	
ESTABLISHMENT OF PROTEIN LOCALIZATION TO VACUOLE%GOBP%GO:0072666	ESTABLISHMENT OF PROTEIN LOCALIZATION TO VACUOLE%GOBP%GO:0072666		47	-0.520416	-1.4422435	0.02457956	0.27722245	1.0	4546	tags=40%, list=26%, signal=55%	
JAK STAT SIGNALING IN THE REGULATION OF BETA CELLS%WIKIPATHWAYS_20250810%WP5358%HOMO SAPIENS	JAK STAT SIGNALING IN THE REGULATION OF BETA CELLS%WIKIPATHWAYS_20250810%WP5358%HOMO SAPIENS		22	-0.5957592	-1.442239	0.047945205	0.2767025	1.0	2756	tags=45%, list=16%, signal=54%	
ADENYLOSUCCINATE LYASE DEFICIENCY%SMPDB%SMP0000167	ADENYLOSUCCINATE LYASE DEFICIENCY%SMPDB%SMP0000167		32	-0.55672866	-1.4418272	0.029216468	0.27723333	1.0	5419	tags=59%, list=31%, signal=86%	
MELANOSOME ORGANIZATION%GOBP%GO:0032438	MELANOSOME ORGANIZATION%GOBP%GO:0032438		34	-0.5445092	-1.441796	0.05032258	0.27680102	1.0	4377	tags=50%, list=25%, signal=67%	
PURINE METABOLISM%PATHWHIZ%PW000052	PURINE METABOLISM%PATHWHIZ%PW000052		32	-0.55672866	-1.4416736	0.050980393	0.27661398	1.0	5419	tags=59%, list=31%, signal=86%	
ERK MAPK TARGETS%REACTOME DATABASE ID RELEASE 93%198753	ERK MAPK TARGETS%REACTOME DATABASE ID RELEASE 93%198753		22	-0.59628457	-1.4415879	0.039492242	0.2763182	1.0	3273	tags=41%, list=19%, signal=50%	
POSITIVE REGULATION OF UBIQUITIN-DEPENDENT PROTEIN CATABOLIC PROCESS%GOBP%GO:2000060	POSITIVE REGULATION OF UBIQUITIN-DEPENDENT PROTEIN CATABOLIC PROCESS%GOBP%GO:2000060		80	-0.48051748	-1.4413058	0.01911589	0.2765418	1.0	3228	tags=34%, list=18%, signal=41%	
LISSENCEPHALY GENE (LIS1) IN NEURONAL MIGRATION AND DEVELOPMENT%PATHWAY INTERACTION DATABASE NCI-NATURE CURATED DATA%LISSENCEPHALY GENE (LIS1) IN NEURONAL MIGRATION AND DEVELOPMENT	LISSENCEPHALY GENE (LIS1) IN NEURONAL MIGRATION AND DEVELOPMENT%PATHWAY INTERACTION DATABASE NCI-NATURE CURATED DATA%LISSENCEPHALY GENE (LIS1) IN NEURONAL MIGRATION AND DEVELOPMENT		28	-0.56760746	-1.4410113	0.050397877	0.2767725	1.0	4192	tags=50%, list=24%, signal=66%	
PIGMENT GRANULE ORGANIZATION%GOBP%GO:0048753	PIGMENT GRANULE ORGANIZATION%GOBP%GO:0048753		34	-0.5445092	-1.4403169	0.03504043	0.27811378	1.0	4377	tags=50%, list=25%, signal=67%	
7Q11 23 DISTAL COPY NUMBER VARIATION%WIKIPATHWAYS_20250810%WP5401%HOMO SAPIENS	7Q11 23 DISTAL COPY NUMBER VARIATION%WIKIPATHWAYS_20250810%WP5401%HOMO SAPIENS		16	-0.63413745	-1.4402299	0.058091287	0.27784333	1.0	3552	tags=63%, list=20%, signal=78%	
MOLYBDENUM COFACTOR DEFICIENCY%SMPDB%SMP0000203	MOLYBDENUM COFACTOR DEFICIENCY%SMPDB%SMP0000203		32	-0.55672866	-1.4401344	0.031766202	0.27758437	1.0	5419	tags=59%, list=31%, signal=86%	
XANTHINE DEHYDROGENASE DEFICIENCY (XANTHINURIA)%SMPDB%SMP0000220	XANTHINE DEHYDROGENASE DEFICIENCY (XANTHINURIA)%SMPDB%SMP0000220		32	-0.55672866	-1.4399889	0.027379401	0.2774301	1.0	5419	tags=59%, list=31%, signal=86%	
TNF SIGNALING%REACTOME%R-HSA-75893.10	TNF SIGNALING%REACTOME%R-HSA-75893.10		51	-0.5094681	-1.4396102	0.027603513	0.2778502	1.0	5082	tags=49%, list=29%, signal=69%	
B CELL ACTIVATION%GOBP%GO:0042113	B CELL ACTIVATION%GOBP%GO:0042113		65	-0.49684688	-1.4396073	0.018028846	0.27735272	1.0	4504	tags=42%, list=26%, signal=56%	
KITRECEPTOR%IOB%KITRECEPTOR	KITRECEPTOR%IOB%KITRECEPTOR		53	-0.5168389	-1.4388714	0.028255528	0.27875465	1.0	4954	tags=49%, list=28%, signal=68%	
SYNAPTIC VESICLE PATHWAY%WIKIPATHWAYS_20250810%WP2267%HOMO SAPIENS	SYNAPTIC VESICLE PATHWAY%WIKIPATHWAYS_20250810%WP2267%HOMO SAPIENS		32	-0.5575158	-1.4388045	0.03178808	0.27840438	1.0	2349	tags=41%, list=13%, signal=47%	
INTEGRATED CANCER PATHWAY%WIKIPATHWAYS_20250810%WP1971%HOMO SAPIENS	INTEGRATED CANCER PATHWAY%WIKIPATHWAYS_20250810%WP1971%HOMO SAPIENS		35	-0.54268414	-1.4383521	0.04539559	0.27899966	1.0	2288	tags=23%, list=13%, signal=26%	
TRNA WOBBLE URIDINE MODIFICATION%GOBP%GO:0002098	TRNA WOBBLE URIDINE MODIFICATION%GOBP%GO:0002098		15	-0.64751965	-1.4376687	0.04698972	0.28025323	1.0	3412	tags=47%, list=20%, signal=58%	
CHAPERONIN-MEDIATED PROTEIN FOLDING%REACTOME DATABASE ID RELEASE 93%390466	CHAPERONIN-MEDIATED PROTEIN FOLDING%REACTOME DATABASE ID RELEASE 93%390466		75	-0.48428634	-1.4374685	0.014268728	0.2803004	1.0	4236	tags=40%, list=24%, signal=53%	
REGULATION OF OXIDATIVE STRESS-INDUCED INTRINSIC APOPTOTIC SIGNALING PATHWAY%GOBP%GO:1902175	REGULATION OF OXIDATIVE STRESS-INDUCED INTRINSIC APOPTOTIC SIGNALING PATHWAY%GOBP%GO:1902175		27	-0.5623284	-1.4367554	0.029931974	0.2817009	1.0	1504	tags=22%, list=9%, signal=24%	
HEXOSE METABOLIC PROCESS%GOBP%GO:0019318	HEXOSE METABOLIC PROCESS%GOBP%GO:0019318		81	-0.47930267	-1.4367527	0.022222223	0.28119284	1.0	3694	tags=46%, list=21%, signal=58%	
PYRIMIDINE DEOXYRIBONUCLEOTIDE METABOLIC PROCESS%GOBP%GO:0009219	PYRIMIDINE DEOXYRIBONUCLEOTIDE METABOLIC PROCESS%GOBP%GO:0009219		20	-0.595839	-1.4365369	0.054469272	0.28129494	1.0	5974	tags=75%, list=34%, signal=114%	
NEGATIVE REGULATION OF PLASMA MEMBRANE BOUNDED CELL PROJECTION ASSEMBLY%GOBP%GO:0120033	NEGATIVE REGULATION OF PLASMA MEMBRANE BOUNDED CELL PROJECTION ASSEMBLY%GOBP%GO:0120033		35	-0.53890747	-1.4365178	0.04225352	0.28083095	1.0	2676	tags=34%, list=15%, signal=40%	
OOGENESIS%GOBP%GO:0048477	OOGENESIS%GOBP%GO:0048477		26	-0.5657174	-1.4364119	0.05263158	0.28059772	1.0	3520	tags=38%, list=20%, signal=48%	
ESTABLISHMENT OF PROTEIN LOCALIZATION TO MITOCHONDRIAL MEMBRANE%GOBP%GO:0090151	ESTABLISHMENT OF PROTEIN LOCALIZATION TO MITOCHONDRIAL MEMBRANE%GOBP%GO:0090151		26	-0.5774995	-1.4363424	0.0391363	0.2802776	1.0	4811	tags=54%, list=28%, signal=74%	
REGULATION OF DNA-TEMPLATED DNA REPLICATION%GOBP%GO:0090329	REGULATION OF DNA-TEMPLATED DNA REPLICATION%GOBP%GO:0090329		32	-0.5456703	-1.4362508	0.038359787	0.2799899	1.0	3645	tags=44%, list=21%, signal=55%	
LYMPHOCYTE COSTIMULATION%GOBP%GO:0031294	LYMPHOCYTE COSTIMULATION%GOBP%GO:0031294		18	-0.61963516	-1.43548	0.043895748	0.28157437	1.0	2759	tags=56%, list=16%, signal=66%	
SIGNALING DOWNSTREAM OF RAS MUTANTS%REACTOME DATABASE ID RELEASE 93%9649948	SIGNALING DOWNSTREAM OF RAS MUTANTS%REACTOME DATABASE ID RELEASE 93%9649948		36	-0.5370777	-1.4354371	0.040735874	0.28118005	1.0	3368	tags=42%, list=19%, signal=52%	
GDNF RET SIGNALING AXIS%WIKIPATHWAYS_20250810%WP4830%HOMO SAPIENS	GDNF RET SIGNALING AXIS%WIKIPATHWAYS_20250810%WP4830%HOMO SAPIENS		21	-0.6028249	-1.4352117	0.045961004	0.28127134	1.0	1049	tags=19%, list=6%, signal=20%	
REGULATION OF NUCLEOTIDE CATABOLIC PROCESS%GOBP%GO:0030811	REGULATION OF NUCLEOTIDE CATABOLIC PROCESS%GOBP%GO:0030811		33	-0.54201525	-1.435124	0.033854168	0.28095654	1.0	4009	tags=42%, list=23%, signal=55%	
EPO SIGNALING PATHWAY%PATHWHIZ%PW070692	EPO SIGNALING PATHWAY%PATHWHIZ%PW070692		15	-0.6415533	-1.4350522	0.06480118	0.28063732	1.0	3687	tags=60%, list=21%, signal=76%	
NEPHRIN FAMILY INTERACTIONS%REACTOME DATABASE ID RELEASE 93%373753	NEPHRIN FAMILY INTERACTIONS%REACTOME DATABASE ID RELEASE 93%373753		20	-0.60142237	-1.4347274	0.04229195	0.28101903	1.0	2659	tags=45%, list=15%, signal=53%	
GLYCEROLIPID CATABOLIC PROCESS%GOBP%GO:0046503	GLYCEROLIPID CATABOLIC PROCESS%GOBP%GO:0046503		32	-0.5517253	-1.4342226	0.035856575	0.2817841	1.0	3393	tags=34%, list=19%, signal=43%	
TRK RECEPTOR SIGNALING MEDIATED BY PI3K AND PLC-GAMMA%PATHWAY INTERACTION DATABASE NCI-NATURE CURATED DATA%TRK RECEPTOR SIGNALING MEDIATED BY PI3K AND PLC-GAMMA	TRK RECEPTOR SIGNALING MEDIATED BY PI3K AND PLC-GAMMA%PATHWAY INTERACTION DATABASE NCI-NATURE CURATED DATA%TRK RECEPTOR SIGNALING MEDIATED BY PI3K AND PLC-GAMMA		33	-0.55195326	-1.4341289	0.038359787	0.28150374	1.0	4276	tags=55%, list=24%, signal=72%	
PID_SHP2_PATHWAY%MSIGDB_C2%PID_SHP2_PATHWAY	PID_SHP2_PATHWAY%MSIGDB_C2%PID_SHP2_PATHWAY		40	-0.53141314	-1.4339328	0.038208168	0.28155535	1.0	4309	tags=43%, list=25%, signal=56%	
TRANSCRIPTION ELONGATION BY RNA POLYMERASE II%GOBP%GO:0006368	TRANSCRIPTION ELONGATION BY RNA POLYMERASE II%GOBP%GO:0006368		33	-0.5572511	-1.433899	0.03908356	0.2811475	1.0	6247	tags=58%, list=36%, signal=89%	
CHEMOKINE SIGNALING%WIKIPATHWAYS_20250810%WP3929%HOMO SAPIENS	CHEMOKINE SIGNALING%WIKIPATHWAYS_20250810%WP3929%HOMO SAPIENS		94	-0.4689057	-1.4338379	0.013793103	0.28081417	1.0	3966	tags=36%, list=23%, signal=47%	
POSITIVE REGULATION OF EXOCYTOSIS%GOBP%GO:0045921	POSITIVE REGULATION OF EXOCYTOSIS%GOBP%GO:0045921		61	-0.49782243	-1.433728	0.033128835	0.2806041	1.0	4199	tags=41%, list=24%, signal=54%	
POSITIVE REGULATION OF PEPTIDYL-SERINE PHOSPHORYLATION%GOBP%GO:0033138	POSITIVE REGULATION OF PEPTIDYL-SERINE PHOSPHORYLATION%GOBP%GO:0033138		15	-0.63763565	-1.4336736	0.058487874	0.28026694	1.0	2875	tags=33%, list=16%, signal=40%	
VESICLE DOCKING INVOLVED IN EXOCYTOSIS%GOBP%GO:0006904	VESICLE DOCKING INVOLVED IN EXOCYTOSIS%GOBP%GO:0006904		31	-0.54957426	-1.4336652	0.045637585	0.27979568	1.0	2665	tags=32%, list=15%, signal=38%	
SYNDECAN INTERACTIONS%REACTOME%R-HSA-3000170.4	SYNDECAN INTERACTIONS%REACTOME%R-HSA-3000170.4		17	-0.62468445	-1.4334847	0.045897078	0.27972004	1.0	3122	tags=41%, list=18%, signal=50%	
HEPATITIS C AND HEPATOCELLULAR CARCINOMA%WIKIPATHWAYS_20250810%WP3646%HOMO SAPIENS	HEPATITIS C AND HEPATOCELLULAR CARCINOMA%WIKIPATHWAYS_20250810%WP3646%HOMO SAPIENS		31	-0.5573785	-1.4328845	0.040682416	0.28076574	1.0	4020	tags=52%, list=23%, signal=67%	
INSULIN-MEDIATED GLUCOSE TRANSPORT%PATHWAY INTERACTION DATABASE NCI-NATURE CURATED DATA%INSULIN-MEDIATED GLUCOSE TRANSPORT	INSULIN-MEDIATED GLUCOSE TRANSPORT%PATHWAY INTERACTION DATABASE NCI-NATURE CURATED DATA%INSULIN-MEDIATED GLUCOSE TRANSPORT		23	-0.5912587	-1.4327251	0.043419268	0.28069076	1.0	5067	tags=48%, list=29%, signal=67%	
IMMUNOGLOBULIN PRODUCTION%GOBP%GO:0002377	IMMUNOGLOBULIN PRODUCTION%GOBP%GO:0002377		23	-0.5902893	-1.4325395	0.037037037	0.2807044	1.0	5165	tags=57%, list=30%, signal=80%	
POSITIVE REGULATION OF PROTEIN KINASE ACTIVITY%GOBP%GO:0045860	POSITIVE REGULATION OF PROTEIN KINASE ACTIVITY%GOBP%GO:0045860		78	-0.47557428	-1.432327	0.016826924	0.2807868	1.0	3162	tags=26%, list=18%, signal=31%	
MELATONIN METABOLISM AND EFFECTS%WIKIPATHWAYS_20250810%WP3298%HOMO SAPIENS	MELATONIN METABOLISM AND EFFECTS%WIKIPATHWAYS_20250810%WP3298%HOMO SAPIENS		26	-0.5711089	-1.4322008	0.05040872	0.28062156	1.0	3368	tags=42%, list=19%, signal=52%	
PROTEIN LOCALIZATION TO LYSOSOME%GOBP%GO:0061462	PROTEIN LOCALIZATION TO LYSOSOME%GOBP%GO:0061462		39	-0.52276546	-1.4319915	0.037711315	0.28065792	1.0	3760	tags=33%, list=22%, signal=42%	
REGULATION OF ACTIN FILAMENT POLYMERIZATION%GOBP%GO:0030833	REGULATION OF ACTIN FILAMENT POLYMERIZATION%GOBP%GO:0030833		64	-0.4947258	-1.43168	0.023058252	0.2809843	1.0	3815	tags=44%, list=22%, signal=56%	
HOST-MEDIATED ACTIVATION OF VIRAL TRANSCRIPTION%GOBP%GO:0043923	HOST-MEDIATED ACTIVATION OF VIRAL TRANSCRIPTION%GOBP%GO:0043923		16	-0.6264296	-1.4316717	0.04432133	0.28051162	1.0	5081	tags=56%, list=29%, signal=79%	
REGULATION OF CYTOKINE PRODUCTION INVOLVED IN INFLAMMATORY RESPONSE%GOBP%GO:1900015	REGULATION OF CYTOKINE PRODUCTION INVOLVED IN INFLAMMATORY RESPONSE%GOBP%GO:1900015		32	-0.5469939	-1.4315552	0.042440318	0.28031036	1.0	2219	tags=34%, list=13%, signal=39%	
TARGETED AGENTS IN TRIPLE NEGATIVE BREAST CANCER%WIKIPATHWAYS_20250810%WP5215%HOMO SAPIENS	TARGETED AGENTS IN TRIPLE NEGATIVE BREAST CANCER%WIKIPATHWAYS_20250810%WP5215%HOMO SAPIENS		32	-0.55400085	-1.4315023	0.05032258	0.27995822	1.0	3294	tags=50%, list=19%, signal=62%	
SPINAL CORD DEVELOPMENT%GOBP%GO:0021510	SPINAL CORD DEVELOPMENT%GOBP%GO:0021510		31	-0.5515348	-1.4313029	0.03751617	0.27998853	1.0	3024	tags=32%, list=17%, signal=39%	
TNFR1-INDUCED NF-KAPPA-B SIGNALING PATHWAY%REACTOME%R-HSA-5357956.5	TNFR1-INDUCED NF-KAPPA-B SIGNALING PATHWAY%REACTOME%R-HSA-5357956.5		26	-0.57130796	-1.4312738	0.045751635	0.27957103	1.0	3102	tags=38%, list=18%, signal=47%	
STEROL TRANSPORT%GOBP%GO:0015918	STEROL TRANSPORT%GOBP%GO:0015918		42	-0.5247988	-1.431193	0.038208168	0.2792853	1.0	3198	tags=40%, list=18%, signal=49%	
CITALOPRAM ACTION PATHWAY%PATHWHIZ%PW000426	CITALOPRAM ACTION PATHWAY%PATHWHIZ%PW000426		23	-0.58384776	-1.4311625	0.04918033	0.27887794	1.0	2163	tags=30%, list=12%, signal=35%	
DEPHOSPHORYLATION%GOBP%GO:0016311	DEPHOSPHORYLATION%GOBP%GO:0016311		99	-0.47054255	-1.4310927	0.011976048	0.27857777	1.0	3093	tags=31%, list=18%, signal=38%	
EPO%IOB%EPO	EPO%IOB%EPO		21	-0.60375506	-1.4305829	0.052558783	0.2793394	1.0	2818	tags=48%, list=16%, signal=57%	
FC-EPSILON RECEPTOR I SIGNALING IN MAST CELLS%PATHWAY INTERACTION DATABASE NCI-NATURE CURATED DATA%FC-EPSILON RECEPTOR I SIGNALING IN MAST CELLS	FC-EPSILON RECEPTOR I SIGNALING IN MAST CELLS%PATHWAY INTERACTION DATABASE NCI-NATURE CURATED DATA%FC-EPSILON RECEPTOR I SIGNALING IN MAST CELLS		47	-0.5139004	-1.4302388	0.023047375	0.27980277	1.0	3966	tags=47%, list=23%, signal=60%	
CELLULAR PIGMENTATION%GOBP%GO:0033059	CELLULAR PIGMENTATION%GOBP%GO:0033059		50	-0.5165695	-1.4297376	0.026751593	0.28065535	1.0	2823	tags=32%, list=16%, signal=38%	
XANTHINURIA TYPE II%PATHWHIZ%PW000489	XANTHINURIA TYPE II%PATHWHIZ%PW000489		32	-0.55672866	-1.4287394	0.037371133	0.2828236	1.0	5419	tags=59%, list=31%, signal=86%	
REGULATION OF REACTIVE OXYGEN SPECIES METABOLIC PROCESS%GOBP%GO:2000377	REGULATION OF REACTIVE OXYGEN SPECIES METABOLIC PROCESS%GOBP%GO:2000377		73	-0.48360896	-1.4287094	0.023724793	0.28241628	1.0	2522	tags=27%, list=14%, signal=32%	
AZATHIOPRINE ADME%REACTOME%R-HSA-9748787.3	AZATHIOPRINE ADME%REACTOME%R-HSA-9748787.3		18	-0.6172144	-1.4278584	0.05540166	0.28408858	1.0	1091	tags=22%, list=6%, signal=24%	
HOST-MEDIATED ACTIVATION OF VIRAL PROCESS%GOBP%GO:0044794	HOST-MEDIATED ACTIVATION OF VIRAL PROCESS%GOBP%GO:0044794		33	-0.5429353	-1.4274944	0.041290324	0.28455642	1.0	2842	tags=33%, list=16%, signal=40%	
TELENCEPHALON CELL MIGRATION%GOBP%GO:0022029	TELENCEPHALON CELL MIGRATION%GOBP%GO:0022029		22	-0.5753171	-1.4274719	0.04895105	0.284119	1.0	2245	tags=27%, list=13%, signal=31%	
MICROTUBULE ANCHORING%GOBP%GO:0034453	MICROTUBULE ANCHORING%GOBP%GO:0034453		20	-0.5976235	-1.4263432	0.061366808	0.2866087	1.0	4530	tags=50%, list=26%, signal=67%	
NEGATIVE REGULATION OF TRANSCRIPTION ELONGATION BY RNA POLYMERASE II%GOBP%GO:0034244	NEGATIVE REGULATION OF TRANSCRIPTION ELONGATION BY RNA POLYMERASE II%GOBP%GO:0034244		17	-0.6179296	-1.4260807	0.044880785	0.2868513	1.0	3830	tags=53%, list=22%, signal=68%	
PARADOXICAL ACTIVATION OF RAF SIGNALING BY KINASE INACTIVE BRAF%REACTOME DATABASE ID RELEASE 93%6802955	PARADOXICAL ACTIVATION OF RAF SIGNALING BY KINASE INACTIVE BRAF%REACTOME DATABASE ID RELEASE 93%6802955		36	-0.5370777	-1.4259887	0.051150896	0.28661048	1.0	3368	tags=42%, list=19%, signal=52%	
AMINO ACID ACTIVATION%GOBP%GO:0043038	AMINO ACID ACTIVATION%GOBP%GO:0043038		22	-0.59237593	-1.4259316	0.052348994	0.28625268	1.0	4489	tags=59%, list=26%, signal=79%	
POSITIVE REGULATION OF MITOTIC CELL CYCLE PHASE TRANSITION%GOBP%GO:1901992	POSITIVE REGULATION OF MITOTIC CELL CYCLE PHASE TRANSITION%GOBP%GO:1901992		65	-0.48416448	-1.4258885	0.026796589	0.28588858	1.0	3107	tags=31%, list=18%, signal=37%	
POSITIVE REGULATION OF TRANSCRIPTION BY RNA POLYMERASE I%GOBP%GO:0045943	POSITIVE REGULATION OF TRANSCRIPTION BY RNA POLYMERASE I%GOBP%GO:0045943		32	-0.54071057	-1.4257474	0.03470437	0.28575364	1.0	3911	tags=41%, list=22%, signal=52%	
REGULATION OF STRESS-ACTIVATED MAPK CASCADE%GOBP%GO:0032872	REGULATION OF STRESS-ACTIVATED MAPK CASCADE%GOBP%GO:0032872		25	-0.5719459	-1.4257013	0.045143638	0.2853809	1.0	5291	tags=52%, list=30%, signal=74%	
ALPHA9 BETA1 INTEGRIN SIGNALING EVENTS%PATHWAY INTERACTION DATABASE NCI-NATURE CURATED DATA%ALPHA9 BETA1 INTEGRIN SIGNALING EVENTS	ALPHA9 BETA1 INTEGRIN SIGNALING EVENTS%PATHWAY INTERACTION DATABASE NCI-NATURE CURATED DATA%ALPHA9 BETA1 INTEGRIN SIGNALING EVENTS		16	-0.62530464	-1.4256623	0.050215207	0.28500032	1.0	1377	tags=38%, list=8%, signal=41%	
REGULATION OF PROTEIN TARGETING%GOBP%GO:1903533	REGULATION OF PROTEIN TARGETING%GOBP%GO:1903533		56	-0.50413567	-1.4255813	0.019011406	0.28475612	1.0	4856	tags=46%, list=28%, signal=64%	
COHESIN COMPLEX CORNELIA DE LANGE SYNDROME%WIKIPATHWAYS_20250810%WP5117%HOMO SAPIENS	COHESIN COMPLEX CORNELIA DE LANGE SYNDROME%WIKIPATHWAYS_20250810%WP5117%HOMO SAPIENS		29	-0.55812466	-1.4253495	0.044235926	0.284858	1.0	2780	tags=38%, list=16%, signal=45%	
POSITIVE REGULATION OF PROTEOLYSIS INVOLVED IN PROTEIN CATABOLIC PROCESS%GOBP%GO:1903052	POSITIVE REGULATION OF PROTEOLYSIS INVOLVED IN PROTEIN CATABOLIC PROCESS%GOBP%GO:1903052		100	-0.4630345	-1.425209	0.018411968	0.28480828	1.0	3228	tags=31%, list=18%, signal=38%	
RESPONSE TO HEXOSE%GOBP%GO:0009746	RESPONSE TO HEXOSE%GOBP%GO:0009746		48	-0.5108489	-1.425074	0.032010242	0.28462663	1.0	4343	tags=42%, list=25%, signal=55%	
PYRIMIDINE-CONTAINING COMPOUND METABOLIC PROCESS%GOBP%GO:0072527	PYRIMIDINE-CONTAINING COMPOUND METABOLIC PROCESS%GOBP%GO:0072527		52	-0.5083456	-1.4249976	0.03237858	0.2843452	1.0	4947	tags=54%, list=28%, signal=75%	
MITOCHONDRIAL RNA PROCESSING%GOBP%GO:0000963	MITOCHONDRIAL RNA PROCESSING%GOBP%GO:0000963		27	-0.5546476	-1.4246607	0.03963012	0.28478596	1.0	4528	tags=52%, list=26%, signal=70%	
PID_CXCR3_PATHWAY%MSIGDB_C2%PID_CXCR3_PATHWAY	PID_CXCR3_PATHWAY%MSIGDB_C2%PID_CXCR3_PATHWAY		29	-0.5507593	-1.4246174	0.059760958	0.2844161	1.0	3294	tags=41%, list=19%, signal=51%	
RNA 3'-END PROCESSING%GOBP%GO:0031123	RNA 3'-END PROCESSING%GOBP%GO:0031123		65	-0.4863162	-1.4240544	0.026699029	0.28546157	1.0	6345	tags=60%, list=36%, signal=94%	
SIGNALING BY RAF1 MUTANTS%REACTOME%R-HSA-9656223.2	SIGNALING BY RAF1 MUTANTS%REACTOME%R-HSA-9656223.2		32	-0.5498641	-1.4239233	0.05	0.28533033	1.0	2202	tags=34%, list=13%, signal=39%	
FOLIC ACID-CONTAINING COMPOUND METABOLIC PROCESS%GOBP%GO:0006760	FOLIC ACID-CONTAINING COMPOUND METABOLIC PROCESS%GOBP%GO:0006760		19	-0.5994684	-1.4239074	0.060941827	0.28490987	1.0	4704	tags=63%, list=27%, signal=86%	
NEGATIVE REGULATION OF ERK1 AND ERK2 CASCADE%GOBP%GO:0070373	NEGATIVE REGULATION OF ERK1 AND ERK2 CASCADE%GOBP%GO:0070373		42	-0.5238071	-1.4237841	0.040920716	0.28480265	1.0	2475	tags=29%, list=14%, signal=33%	
NEPHROTIC SYNDROME%WIKIPATHWAYS_20250810%WP4758%HOMO SAPIENS	NEPHROTIC SYNDROME%WIKIPATHWAYS_20250810%WP4758%HOMO SAPIENS		28	-0.5764043	-1.4228486	0.035809018	0.2867938	1.0	1764	tags=25%, list=10%, signal=28%	
DNA STRAND ELONGATION INVOLVED IN DNA REPLICATION%GOBP%GO:0006271	DNA STRAND ELONGATION INVOLVED IN DNA REPLICATION%GOBP%GO:0006271		15	-0.63032293	-1.4223219	0.051209103	0.28771493	1.0	4979	tags=60%, list=29%, signal=84%	
BIOCARTA_GLEEVEC_PATHWAY%MSIGDB_C2%BIOCARTA_GLEEVEC_PATHWAY	BIOCARTA_GLEEVEC_PATHWAY%MSIGDB_C2%BIOCARTA_GLEEVEC_PATHWAY		19	-0.61393523	-1.42194	0.041551247	0.28827393	1.0	2818	tags=53%, list=16%, signal=63%	
GLUCOSE METABOLIC PROCESS%GOBP%GO:0006006	GLUCOSE METABOLIC PROCESS%GOBP%GO:0006006		56	-0.50038457	-1.4211823	0.032581452	0.28974047	1.0	3694	tags=54%, list=21%, signal=68%	
GLUCOSE 6-PHOSPHATE METABOLIC PROCESS%GOBP%GO:0051156	GLUCOSE 6-PHOSPHATE METABOLIC PROCESS%GOBP%GO:0051156		17	-0.6246359	-1.4208958	0.055152394	0.29002118	1.0	2239	tags=41%, list=13%, signal=47%	
RESPONSE TO ELEVATED PLATELET CYTOSOLIC CA2+%REACTOME%R-HSA-76005.4	RESPONSE TO ELEVATED PLATELET CYTOSOLIC CA2+%REACTOME%R-HSA-76005.4		87	-0.46857786	-1.4205428	0.023584906	0.29053336	1.0	1079	tags=21%, list=6%, signal=22%	
REGULATION OF STRESS-ACTIVATED PROTEIN KINASE SIGNALING CASCADE%GOBP%GO:0070302	REGULATION OF STRESS-ACTIVATED PROTEIN KINASE SIGNALING CASCADE%GOBP%GO:0070302		25	-0.5719459	-1.4204406	0.04576043	0.29035687	1.0	5291	tags=52%, list=30%, signal=74%	
POSITIVE REGULATION OF ENDOCYTOSIS%GOBP%GO:0045807	POSITIVE REGULATION OF ENDOCYTOSIS%GOBP%GO:0045807		84	-0.47371948	-1.4198216	0.017667845	0.29151866	1.0	3727	tags=32%, list=21%, signal=41%	
SIGNALING BY RAS MUTANTS%REACTOME DATABASE ID RELEASE 93%6802949	SIGNALING BY RAS MUTANTS%REACTOME DATABASE ID RELEASE 93%6802949		36	-0.5370777	-1.4196478	0.03717949	0.29150376	1.0	3368	tags=42%, list=19%, signal=52%	
REGULATION OF G2/M TRANSITION OF MITOTIC CELL CYCLE%GOBP%GO:0010389	REGULATION OF G2/M TRANSITION OF MITOTIC CELL CYCLE%GOBP%GO:0010389		79	-0.47098407	-1.4192708	0.024705883	0.29200965	1.0	2052	tags=20%, list=12%, signal=23%	
REGULATION OF PURINE NUCLEOTIDE CATABOLIC PROCESS%GOBP%GO:0033121	REGULATION OF PURINE NUCLEOTIDE CATABOLIC PROCESS%GOBP%GO:0033121		33	-0.54201525	-1.4183009	0.04227213	0.2942457	1.0	4009	tags=42%, list=23%, signal=55%	
MITOCHONDRIAL TRANSLATION ELONGATION%REACTOME%R-HSA-5389840.3	MITOCHONDRIAL TRANSLATION ELONGATION%REACTOME%R-HSA-5389840.3		86	-0.46342477	-1.4179553	0.023446659	0.29470128	1.0	4630	tags=36%, list=27%, signal=49%	
REGULATION OF GENERATION OF PRECURSOR METABOLITES AND ENERGY%GOBP%GO:0043467	REGULATION OF GENERATION OF PRECURSOR METABOLITES AND ENERGY%GOBP%GO:0043467		82	-0.47227508	-1.4177649	0.019744484	0.2947296	1.0	4009	tags=38%, list=23%, signal=49%	
CO-INHIBITION BY CTLA4%REACTOME DATABASE ID RELEASE 93%389513	CO-INHIBITION BY CTLA4%REACTOME DATABASE ID RELEASE 93%389513		16	-0.61867005	-1.4177127	0.06056338	0.29438555	1.0	2780	tags=50%, list=16%, signal=59%	
NANOPARTICLE TRIGGERED AUTOPHAGIC CELL DEATH%WIKIPATHWAYS_20250810%WP2509%HOMO SAPIENS	NANOPARTICLE TRIGGERED AUTOPHAGIC CELL DEATH%WIKIPATHWAYS_20250810%WP2509%HOMO SAPIENS		19	-0.59683764	-1.4176973	0.05957447	0.2939493	1.0	2019	tags=26%, list=12%, signal=30%	
SHP2 SIGNALING%PATHWAY INTERACTION DATABASE NCI-NATURE CURATED DATA%SHP2 SIGNALING	SHP2 SIGNALING%PATHWAY INTERACTION DATABASE NCI-NATURE CURATED DATA%SHP2 SIGNALING		47	-0.508936	-1.4174777	0.036662452	0.29409784	1.0	4309	tags=40%, list=25%, signal=54%	
NUCLEAR EVENTS MEDIATED BY NFE2L2%REACTOME DATABASE ID RELEASE 93%9759194	NUCLEAR EVENTS MEDIATED BY NFE2L2%REACTOME DATABASE ID RELEASE 93%9759194		77	-0.46982756	-1.417288	0.029726516	0.2941221	1.0	5355	tags=48%, list=31%, signal=69%	
RAC2 GTPASE CYCLE%REACTOME DATABASE ID RELEASE 93%9013404	RAC2 GTPASE CYCLE%REACTOME DATABASE ID RELEASE 93%9013404		75	-0.4802653	-1.4171075	0.027315915	0.2941597	1.0	3882	tags=37%, list=22%, signal=48%	
NEGATIVE REGULATION OF RNA SPLICING%GOBP%GO:0033119	NEGATIVE REGULATION OF RNA SPLICING%GOBP%GO:0033119		21	-0.59081626	-1.4169528	0.06853147	0.29404274	1.0	4370	tags=52%, list=25%, signal=70%	
REGULATION OF TELOMERASE%PATHWAY INTERACTION DATABASE NCI-NATURE CURATED DATA%REGULATION OF TELOMERASE	REGULATION OF TELOMERASE%PATHWAY INTERACTION DATABASE NCI-NATURE CURATED DATA%REGULATION OF TELOMERASE		63	-0.492344	-1.4166187	0.024937656	0.29445463	1.0	4828	tags=46%, list=28%, signal=63%	
LEUKOCYTE PROLIFERATION%GOBP%GO:0070661	LEUKOCYTE PROLIFERATION%GOBP%GO:0070661		24	-0.5851006	-1.4155571	0.0585034	0.29679996	1.0	2446	tags=38%, list=14%, signal=44%	
CHOLESTEROL METABOLISM%WIKIPATHWAYS_20250810%WP5304%HOMO SAPIENS	CHOLESTEROL METABOLISM%WIKIPATHWAYS_20250810%WP5304%HOMO SAPIENS		43	-0.52449566	-1.4151475	0.039540816	0.29740238	1.0	5010	tags=58%, list=29%, signal=81%	
PID_E2F_PATHWAY%MSIGDB_C2%PID_E2F_PATHWAY	PID_E2F_PATHWAY%MSIGDB_C2%PID_E2F_PATHWAY		56	-0.50019026	-1.4146905	0.032869786	0.29814762	1.0	3752	tags=32%, list=21%, signal=41%	
POSTSYNAPTIC SIGNAL TRANSDUCTION%GOBP%GO:0098926	POSTSYNAPTIC SIGNAL TRANSDUCTION%GOBP%GO:0098926		27	-0.5662072	-1.4146507	0.055851065	0.29779518	1.0	4090	tags=52%, list=23%, signal=68%	
REGULATION OF ACTIN NUCLEATION%GOBP%GO:0051125	REGULATION OF ACTIN NUCLEATION%GOBP%GO:0051125		24	-0.5684556	-1.4144324	0.048714478	0.29784107	1.0	4610	tags=50%, list=26%, signal=68%	
NEUROTROPHIN SIGNALING PATHWAY%GOBP%GO:0038179	NEUROTROPHIN SIGNALING PATHWAY%GOBP%GO:0038179		17	-0.62514687	-1.4143243	0.05047749	0.29765838	1.0	3780	tags=53%, list=22%, signal=68%	
CHOLESTEROL BIOSYNTHESIS%REACTOME DATABASE ID RELEASE 93%191273	CHOLESTEROL BIOSYNTHESIS%REACTOME DATABASE ID RELEASE 93%191273		24	-0.5705122	-1.4139421	0.07095047	0.29819924	1.0	4059	tags=54%, list=23%, signal=70%	
POSITIVE REGULATION OF NUCLEAR DIVISION%GOBP%GO:0051785	POSITIVE REGULATION OF NUCLEAR DIVISION%GOBP%GO:0051785		32	-0.5460773	-1.4139377	0.053947367	0.29773882	1.0	2209	tags=28%, list=13%, signal=32%	
MAP2K AND MAPK ACTIVATION%REACTOME DATABASE ID RELEASE 93%5674135	MAP2K AND MAPK ACTIVATION%REACTOME DATABASE ID RELEASE 93%5674135		31	-0.5449827	-1.4130093	0.0436457	0.2998393	1.0	2818	tags=35%, list=16%, signal=42%	
CELLULAR ANATOMICAL ENTITY MORPHOGENESIS%GOBP%GO:0032989	CELLULAR ANATOMICAL ENTITY MORPHOGENESIS%GOBP%GO:0032989		67	-0.4815122	-1.413009	0.026649747	0.29936934	1.0	1768	tags=25%, list=10%, signal=28%	
P53 PATHWAY%PANTHER PATHWAY%P00059	P53 PATHWAY%PANTHER PATHWAY%P00059		40	-0.5223806	-1.4130067	0.044699874	0.29891428	1.0	2519	tags=25%, list=14%, signal=29%	
CELLULAR COMPONENT ASSEMBLY INVOLVED IN MORPHOGENESIS%GOBP%GO:0010927	CELLULAR COMPONENT ASSEMBLY INVOLVED IN MORPHOGENESIS%GOBP%GO:0010927		67	-0.4815122	-1.4123487	0.031094527	0.3001534	1.0	1768	tags=25%, list=10%, signal=28%	
AUTOPHAGY%WIKIPATHWAYS_20250810%WP4923%HOMO SAPIENS	AUTOPHAGY%WIKIPATHWAYS_20250810%WP4923%HOMO SAPIENS		24	-0.5602758	-1.4121948	0.061813187	0.30010536	1.0	3718	tags=42%, list=21%, signal=53%	
NEGATIVE REGULATION OF MRNA PROCESSING%GOBP%GO:0050686	NEGATIVE REGULATION OF MRNA PROCESSING%GOBP%GO:0050686		16	-0.62921697	-1.4119811	0.053900708	0.30023855	1.0	4370	tags=56%, list=25%, signal=75%	
ELECTRON TRANSPORT CHAIN OXPHOS SYSTEM IN MITOCHONDRIA%WIKIPATHWAYS_20250810%WP111%HOMO SAPIENS	ELECTRON TRANSPORT CHAIN OXPHOS SYSTEM IN MITOCHONDRIA%WIKIPATHWAYS_20250810%WP111%HOMO SAPIENS		66	-0.4825519	-1.4115816	0.025	0.30084333	1.0	4291	tags=36%, list=25%, signal=48%	
PID_FAK_PATHWAY%MSIGDB_C2%PID_FAK_PATHWAY	PID_FAK_PATHWAY%MSIGDB_C2%PID_FAK_PATHWAY		46	-0.5093966	-1.411244	0.0339196	0.3012357	1.0	4086	tags=46%, list=23%, signal=59%	
ANGIOTENSIN_II-STIMULATED_SIGNALING_THROUGH_G_PROTEINS_AND_BETA-ARRESTIN%PANTHER PATHWAY%P05911	ANGIOTENSIN_II-STIMULATED_SIGNALING_THROUGH_G_PROTEINS_AND_BETA-ARRESTIN%PANTHER PATHWAY%P05911		27	-0.5528583	-1.4109586	0.056629833	0.30152503	1.0	3273	tags=41%, list=19%, signal=50%	
DNA DAMAGE RESPONSE%WIKIPATHWAYS_20250810%WP707%HOMO SAPIENS	DNA DAMAGE RESPONSE%WIKIPATHWAYS_20250810%WP707%HOMO SAPIENS		54	-0.49315727	-1.4107348	0.035131745	0.3016637	1.0	4421	tags=31%, list=25%, signal=42%	
REGULATION OF MITOPHAGY%GOBP%GO:1901524	REGULATION OF MITOPHAGY%GOBP%GO:1901524		30	-0.5511309	-1.4106563	0.048366014	0.3014091	1.0	6080	tags=67%, list=35%, signal=102%	
NEGATIVE REGULATION OF FAT CELL DIFFERENTIATION%GOBP%GO:0045599	NEGATIVE REGULATION OF FAT CELL DIFFERENTIATION%GOBP%GO:0045599		30	-0.54393864	-1.4105362	0.044386424	0.30124962	1.0	1374	tags=27%, list=8%, signal=29%	
AMINO ACID CATABOLIC PROCESS%GOBP%GO:0009063	AMINO ACID CATABOLIC PROCESS%GOBP%GO:0009063		63	-0.48576128	-1.4102869	0.020910209	0.3014623	1.0	4561	tags=44%, list=26%, signal=60%	
NEUROTROPHIC FACTOR-MEDIATED TRK RECEPTOR SIGNALING%PATHWAY INTERACTION DATABASE NCI-NATURE CURATED DATA%NEUROTROPHIC FACTOR-MEDIATED TRK RECEPTOR SIGNALING	NEUROTROPHIC FACTOR-MEDIATED TRK RECEPTOR SIGNALING%PATHWAY INTERACTION DATABASE NCI-NATURE CURATED DATA%NEUROTROPHIC FACTOR-MEDIATED TRK RECEPTOR SIGNALING		57	-0.4896845	-1.4095918	0.034177214	0.3028955	1.0	4276	tags=51%, list=24%, signal=67%	
PID_HNF3B_PATHWAY%MSIGDB_C2%PID_HNF3B_PATHWAY	PID_HNF3B_PATHWAY%MSIGDB_C2%PID_HNF3B_PATHWAY		21	-0.58066124	-1.4089917	0.05693431	0.30416092	1.0	3415	tags=38%, list=20%, signal=47%	
CELLULAR RESPONSE TO MONOSACCHARIDE STIMULUS%GOBP%GO:0071326	CELLULAR RESPONSE TO MONOSACCHARIDE STIMULUS%GOBP%GO:0071326		31	-0.5432909	-1.4081975	0.04792746	0.30584309	1.0	4343	tags=42%, list=25%, signal=56%	
KITRECEPTOR%NETPATH%KITRECEPTOR	KITRECEPTOR%NETPATH%KITRECEPTOR		51	-0.5042104	-1.4078999	0.034438774	0.30613858	1.0	2029	tags=27%, list=12%, signal=31%	
COMPLEMENT SYSTEM IN NEURONAL DEVELOPMENT AND PLASTICITY%WIKIPATHWAYS_20250810%WP5090%HOMO SAPIENS	COMPLEMENT SYSTEM IN NEURONAL DEVELOPMENT AND PLASTICITY%WIKIPATHWAYS_20250810%WP5090%HOMO SAPIENS		52	-0.5075403	-1.4077299	0.028241334	0.30608198	1.0	4117	tags=37%, list=24%, signal=48%	
INSULIN PATHWAY%PATHWAY INTERACTION DATABASE NCI-NATURE CURATED DATA%INSULIN PATHWAY	INSULIN PATHWAY%PATHWAY INTERACTION DATABASE NCI-NATURE CURATED DATA%INSULIN PATHWAY		44	-0.5107146	-1.4076676	0.034351144	0.30579406	1.0	5098	tags=55%, list=29%, signal=77%	
BIOCARTA_PYK2_PATHWAY%MSIGDB_C2%BIOCARTA_PYK2_PATHWAY	BIOCARTA_PYK2_PATHWAY%MSIGDB_C2%BIOCARTA_PYK2_PATHWAY		23	-0.57271206	-1.4076271	0.058666665	0.30544096	1.0	3882	tags=52%, list=22%, signal=67%	
PYRIMIDINE NUCLEOTIDE METABOLIC PROCESS%GOBP%GO:0006220	PYRIMIDINE NUCLEOTIDE METABOLIC PROCESS%GOBP%GO:0006220		39	-0.5269061	-1.4072865	0.034928847	0.305947	1.0	4864	tags=56%, list=28%, signal=78%	
NUCLEAR RNA SURVEILLANCE%GOBP%GO:0071027	NUCLEAR RNA SURVEILLANCE%GOBP%GO:0071027		30	-0.5553353	-1.4072123	0.05045278	0.30570292	1.0	5191	tags=57%, list=30%, signal=80%	
MITOCHONDRIAL GENE EXPRESSION%WIKIPATHWAYS_20250810%WP391%HOMO SAPIENS	MITOCHONDRIAL GENE EXPRESSION%WIKIPATHWAYS_20250810%WP391%HOMO SAPIENS		19	-0.5936976	-1.406885	0.07112971	0.30609414	1.0	3664	tags=37%, list=21%, signal=47%	
MYELOID CELL DEVELOPMENT%GOBP%GO:0061515	MYELOID CELL DEVELOPMENT%GOBP%GO:0061515		24	-0.5667131	-1.4065872	0.060288336	0.30641246	1.0	4980	tags=46%, list=29%, signal=64%	
PROTEIN-DNA COMPLEX DISASSEMBLY%GOBP%GO:0032986	PROTEIN-DNA COMPLEX DISASSEMBLY%GOBP%GO:0032986		19	-0.5904158	-1.4060986	0.05706522	0.30725878	1.0	3126	tags=42%, list=18%, signal=51%	
PID_RHOA_REG_PATHWAY%MSIGDB_C2%PID_RHOA_REG_PATHWAY	PID_RHOA_REG_PATHWAY%MSIGDB_C2%PID_RHOA_REG_PATHWAY		30	-0.55187994	-1.4060508	0.066576086	0.30689064	1.0	4261	tags=47%, list=24%, signal=62%	
REGULATION OF TP53 ACTIVITY THROUGH PHOSPHORYLATION%REACTOME%R-HSA-6804756.4	REGULATION OF TP53 ACTIVITY THROUGH PHOSPHORYLATION%REACTOME%R-HSA-6804756.4		87	-0.4674896	-1.4059962	0.024475524	0.3065837	1.0	4863	tags=45%, list=28%, signal=62%	
AMIDE TRANSPORT%GOBP%GO:0042886	AMIDE TRANSPORT%GOBP%GO:0042886		55	-0.49516192	-1.4059273	0.03883495	0.30632815	1.0	4452	tags=38%, list=25%, signal=51%	
FATTY ACID BETA OXIDATION%WIKIPATHWAYS_20250810%WP143%HOMO SAPIENS	FATTY ACID BETA OXIDATION%WIKIPATHWAYS_20250810%WP143%HOMO SAPIENS		20	-0.5973126	-1.4058523	0.04258242	0.30608952	1.0	2364	tags=35%, list=14%, signal=40%	
NUCLEAR RNA DECAY%REACTOME%R-HSA-9930044.1	NUCLEAR RNA DECAY%REACTOME%R-HSA-9930044.1		32	-0.54562	-1.4057115	0.043250326	0.3059971	1.0	5191	tags=47%, list=30%, signal=67%	
BIOCARTA_P53HYPOXIA_PATHWAY%MSIGDB_C2%BIOCARTA_P53HYPOXIA_PATHWAY	BIOCARTA_P53HYPOXIA_PATHWAY%MSIGDB_C2%BIOCARTA_P53HYPOXIA_PATHWAY		16	-0.6166377	-1.4055774	0.07386363	0.30590358	1.0	2423	tags=31%, list=14%, signal=36%	
CELL JUNCTION MAINTENANCE%GOBP%GO:0034331	CELL JUNCTION MAINTENANCE%GOBP%GO:0034331		18	-0.60354006	-1.4055082	0.062240664	0.30563596	1.0	4404	tags=50%, list=25%, signal=67%	
SECONDARY ALCOHOL METABOLIC PROCESS%GOBP%GO:1902652	SECONDARY ALCOHOL METABOLIC PROCESS%GOBP%GO:1902652		58	-0.4855976	-1.4054897	0.0327044	0.30523697	1.0	4270	tags=47%, list=24%, signal=61%	
VESICLE BUDDING FROM MEMBRANE%GOBP%GO:0006900	VESICLE BUDDING FROM MEMBRANE%GOBP%GO:0006900		71	-0.47300318	-1.4053764	0.031063322	0.30505648	1.0	4285	tags=35%, list=25%, signal=46%	
CALCINEURIN-REGULATED NFAT-DEPENDENT TRANSCRIPTION IN LYMPHOCYTES%PATHWAY INTERACTION DATABASE NCI-NATURE CURATED DATA%CALCINEURIN-REGULATED NFAT-DEPENDENT TRANSCRIPTION IN LYMPHOCYTES	CALCINEURIN-REGULATED NFAT-DEPENDENT TRANSCRIPTION IN LYMPHOCYTES%PATHWAY INTERACTION DATABASE NCI-NATURE CURATED DATA%CALCINEURIN-REGULATED NFAT-DEPENDENT TRANSCRIPTION IN LYMPHOCYTES		24	-0.55769384	-1.4053041	0.061497327	0.30477524	1.0	2411	tags=33%, list=14%, signal=39%	
SIGNALING BY FGFR1 IN DISEASE%REACTOME%R-HSA-5655302.4	SIGNALING BY FGFR1 IN DISEASE%REACTOME%R-HSA-5655302.4		26	-0.5567338	-1.4052377	0.06548431	0.3044788	1.0	1517	tags=27%, list=9%, signal=29%	
TP53 REGULATES TRANSCRIPTION OF CELL CYCLE GENES%REACTOME%R-HSA-6791312.6	TP53 REGULATES TRANSCRIPTION OF CELL CYCLE GENES%REACTOME%R-HSA-6791312.6		46	-0.51306397	-1.4052219	0.044585988	0.30406955	1.0	4891	tags=39%, list=28%, signal=54%	
DNA STRAND ELONGATION%REACTOME DATABASE ID RELEASE 93%69190	DNA STRAND ELONGATION%REACTOME DATABASE ID RELEASE 93%69190		32	-0.53869146	-1.4052083	0.052903228	0.30365527	1.0	6060	tags=66%, list=35%, signal=100%	
REGULATION OF GLYCOLYTIC PROCESS%GOBP%GO:0006110	REGULATION OF GLYCOLYTIC PROCESS%GOBP%GO:0006110		33	-0.54201525	-1.4050852	0.047496792	0.3034912	1.0	4009	tags=42%, list=23%, signal=55%	
INOSITOL METABOLISM%SMPDB%SMP0000011	INOSITOL METABOLISM%SMPDB%SMP0000011		20	-0.57773453	-1.4049742	0.07537012	0.30332083	1.0	3305	tags=40%, list=19%, signal=49%	
REGULATION OF PROGRAMMED NECROTIC CELL DEATH%GOBP%GO:0062098	REGULATION OF PROGRAMMED NECROTIC CELL DEATH%GOBP%GO:0062098		17	-0.6111974	-1.404781	0.06524823	0.30340922	1.0	1417	tags=29%, list=8%, signal=32%	
DEOXYRIBOSE PHOSPHATE CATABOLIC PROCESS%GOBP%GO:0046386	DEOXYRIBOSE PHOSPHATE CATABOLIC PROCESS%GOBP%GO:0046386		19	-0.5964191	-1.4044815	0.067586206	0.30374834	1.0	5974	tags=74%, list=34%, signal=112%	
MITOCHONDRIAL TRNA AMINOACYLATION%REACTOME DATABASE ID RELEASE 93%379726	MITOCHONDRIAL TRNA AMINOACYLATION%REACTOME DATABASE ID RELEASE 93%379726		18	-0.59442234	-1.4040353	0.07073509	0.3045179	1.0	4489	tags=61%, list=26%, signal=82%	
NEGATIVE REGULATION OF RELEASE OF CYTOCHROME C FROM MITOCHONDRIA%GOBP%GO:0090201	NEGATIVE REGULATION OF RELEASE OF CYTOCHROME C FROM MITOCHONDRIA%GOBP%GO:0090201		15	-0.6296367	-1.4039693	0.060820367	0.30423802	1.0	3251	tags=53%, list=19%, signal=65%	
REGULATION OF MICROTUBULE DEPOLYMERIZATION%GOBP%GO:0031114	REGULATION OF MICROTUBULE DEPOLYMERIZATION%GOBP%GO:0031114		24	-0.5714087	-1.4034971	0.058423914	0.30505154	1.0	1158	tags=25%, list=7%, signal=27%	
MRNA 3'-END PROCESSING%REACTOME%R-HSA-72187.7	MRNA 3'-END PROCESSING%REACTOME%R-HSA-72187.7		56	-0.4861832	-1.4034941	0.041769043	0.30461526	1.0	4787	tags=39%, list=27%, signal=54%	
POSITIVE REGULATION OF LEUKOCYTE MEDIATED CYTOTOXICITY%GOBP%GO:0001912	POSITIVE REGULATION OF LEUKOCYTE MEDIATED CYTOTOXICITY%GOBP%GO:0001912		21	-0.58828825	-1.4034276	0.06666667	0.30434754	1.0	969	tags=19%, list=6%, signal=20%	
RELEASE OF CYTOCHROME C FROM MITOCHONDRIA%GOBP%GO:0001836	RELEASE OF CYTOCHROME C FROM MITOCHONDRIA%GOBP%GO:0001836		15	-0.62483436	-1.4026804	0.07085562	0.30587506	1.0	2705	tags=33%, list=15%, signal=39%	
SIGNALING BY MODERATE KINASE ACTIVITY BRAF MUTANTS%REACTOME%R-HSA-6802946.3	SIGNALING BY MODERATE KINASE ACTIVITY BRAF MUTANTS%REACTOME%R-HSA-6802946.3		36	-0.5370777	-1.402302	0.04134367	0.30640092	1.0	3368	tags=42%, list=19%, signal=52%	
PHOSPHOLIPID DEPHOSPHORYLATION%GOBP%GO:0046839	PHOSPHOLIPID DEPHOSPHORYLATION%GOBP%GO:0046839		20	-0.5858581	-1.4022568	0.05898491	0.30607054	1.0	2944	tags=35%, list=17%, signal=42%	
FAS%IOB%FAS	FAS%IOB%FAS		71	-0.47819683	-1.4021562	0.033653848	0.30589262	1.0	5343	tags=46%, list=31%, signal=67%	
NEGATIVE REGULATION OF SUPRAMOLECULAR FIBER ORGANIZATION%GOBP%GO:1902904	NEGATIVE REGULATION OF SUPRAMOLECULAR FIBER ORGANIZATION%GOBP%GO:1902904		98	-0.45312896	-1.4018555	0.02306805	0.30624005	1.0	1572	tags=19%, list=9%, signal=21%	
NRF2 ARE REGULATION%WIKIPATHWAYS_20250810%WP4357%HOMO SAPIENS	NRF2 ARE REGULATION%WIKIPATHWAYS_20250810%WP4357%HOMO SAPIENS		21	-0.5811011	-1.4017819	0.06329114	0.30598947	1.0	2813	tags=38%, list=16%, signal=45%	
REGULATION OF AUTOPHAGY OF MITOCHONDRION%GOBP%GO:1903146	REGULATION OF AUTOPHAGY OF MITOCHONDRION%GOBP%GO:1903146		36	-0.5275602	-1.4014916	0.048843186	0.30630398	1.0	4236	tags=47%, list=24%, signal=62%	
SUPEROXIDE METABOLIC PROCESS%GOBP%GO:0006801	SUPEROXIDE METABOLIC PROCESS%GOBP%GO:0006801		19	-0.5913654	-1.4013518	0.07923497	0.3062754	1.0	5225	tags=58%, list=30%, signal=83%	
REGULATION OF LONG-TERM SYNAPTIC POTENTIATION%GOBP%GO:1900271	REGULATION OF LONG-TERM SYNAPTIC POTENTIATION%GOBP%GO:1900271		20	-0.5921791	-1.4013082	0.07692308	0.30594176	1.0	954	tags=25%, list=5%, signal=26%	
SYNTHESIS OF PC%REACTOME DATABASE ID RELEASE 93%1483191	SYNTHESIS OF PC%REACTOME DATABASE ID RELEASE 93%1483191		26	-0.56412864	-1.4009691	0.057029177	0.30637553	1.0	5642	tags=62%, list=32%, signal=91%	
ENTEROCYTE CHOLESTEROL METABOLISM%WIKIPATHWAYS_20250810%WP5333%HOMO SAPIENS	ENTEROCYTE CHOLESTEROL METABOLISM%WIKIPATHWAYS_20250810%WP5333%HOMO SAPIENS		26	-0.56214267	-1.4009242	0.062246278	0.3060488	1.0	4119	tags=62%, list=24%, signal=80%	
RAC3 GTPASE CYCLE%REACTOME DATABASE ID RELEASE 93%9013423	RAC3 GTPASE CYCLE%REACTOME DATABASE ID RELEASE 93%9013423		74	-0.47090235	-1.4005235	0.03045067	0.30669376	1.0	4086	tags=38%, list=23%, signal=49%	
MITOCHONDRIAL TRANSPORT%GOBP%GO:0006839	MITOCHONDRIAL TRANSPORT%GOBP%GO:0006839		64	-0.47966078	-1.400227	0.037530266	0.30703363	1.0	3630	tags=34%, list=21%, signal=43%	
ESTABLISHMENT OF SPINDLE LOCALIZATION%GOBP%GO:0051293	ESTABLISHMENT OF SPINDLE LOCALIZATION%GOBP%GO:0051293		46	-0.49859253	-1.4002044	0.053367216	0.3066563	1.0	4185	tags=39%, list=24%, signal=51%	
BIOCARTA_BCR_PATHWAY%MSIGDB_C2%BIOCARTA_BCR_PATHWAY	BIOCARTA_BCR_PATHWAY%MSIGDB_C2%BIOCARTA_BCR_PATHWAY		24	-0.5686422	-1.399783	0.072289154	0.3073144	1.0	3060	tags=46%, list=18%, signal=55%	
REGULATION OF TRANSCRIPTION ELONGATION BY RNA POLYMERASE II%GOBP%GO:0034243	REGULATION OF TRANSCRIPTION ELONGATION BY RNA POLYMERASE II%GOBP%GO:0034243		79	-0.46708167	-1.399407	0.021791767	0.30786407	1.0	6328	tags=51%, list=36%, signal=79%	
REGULATION OF PTEN GENE TRANSCRIPTION%REACTOME%R-HSA-8943724.2	REGULATION OF PTEN GENE TRANSCRIPTION%REACTOME%R-HSA-8943724.2		59	-0.49147433	-1.3993553	0.03452528	0.30756903	1.0	3752	tags=36%, list=21%, signal=45%	
SEMA4D INDUCED CELL MIGRATION AND GROWTH-CONE COLLAPSE%REACTOME%R-HSA-416572.5	SEMA4D INDUCED CELL MIGRATION AND GROWTH-CONE COLLAPSE%REACTOME%R-HSA-416572.5		19	-0.5937075	-1.398773	0.072289154	0.30869627	1.0	5733	tags=63%, list=33%, signal=94%	
DNA STRAND ELONGATION%GOBP%GO:0022616	DNA STRAND ELONGATION%GOBP%GO:0022616		19	-0.59580976	-1.3986369	0.06602476	0.3086046	1.0	4979	tags=58%, list=29%, signal=81%	
MATURATION OF 5.8S RRNA FROM TRICISTRONIC RRNA TRANSCRIPT (SSU-RRNA, 5.8S RRNA, LSU-RRNA)%GOBP%GO:0000466	MATURATION OF 5.8S RRNA FROM TRICISTRONIC RRNA TRANSCRIPT (SSU-RRNA, 5.8S RRNA, LSU-RRNA)%GOBP%GO:0000466		20	-0.5930677	-1.39827	0.0651289	0.30911398	1.0	5191	tags=65%, list=30%, signal=92%	
POSITIVE REGULATION OF CELL CYCLE PHASE TRANSITION%GOBP%GO:1901989	POSITIVE REGULATION OF CELL CYCLE PHASE TRANSITION%GOBP%GO:1901989		79	-0.47289205	-1.3975531	0.026190476	0.3106153	1.0	3107	tags=30%, list=18%, signal=37%	
AURORA A SIGNALING%PATHWAY INTERACTION DATABASE NCI-NATURE CURATED DATA%AURORA A SIGNALING	AURORA A SIGNALING%PATHWAY INTERACTION DATABASE NCI-NATURE CURATED DATA%AURORA A SIGNALING		31	-0.53862154	-1.397465	0.060766183	0.31044355	1.0	4234	tags=55%, list=24%, signal=72%	
RNA POLYMERASE II PREINITIATION COMPLEX ASSEMBLY%GOBP%GO:0051123	RNA POLYMERASE II PREINITIATION COMPLEX ASSEMBLY%GOBP%GO:0051123		46	-0.5018947	-1.3973879	0.054156173	0.31019905	1.0	4863	tags=35%, list=28%, signal=48%	
REGULATION OF RESPONSE TO TUMOR CELL%GOBP%GO:0002834	REGULATION OF RESPONSE TO TUMOR CELL%GOBP%GO:0002834		16	-0.6084479	-1.3971089	0.077586204	0.31054974	1.0	5021	tags=50%, list=29%, signal=70%	
CELLULAR RESPONSE TO HEXOSE STIMULUS%GOBP%GO:0071331	CELLULAR RESPONSE TO HEXOSE STIMULUS%GOBP%GO:0071331		31	-0.5432909	-1.397101	0.049731184	0.31012776	1.0	4343	tags=42%, list=25%, signal=56%	
REGULATION OF ERAD PATHWAY%GOBP%GO:1904292	REGULATION OF ERAD PATHWAY%GOBP%GO:1904292		22	-0.57023424	-1.3970702	0.05963939	0.3097755	1.0	3086	tags=32%, list=18%, signal=39%	
ARYL HYDROCARBON RECEPTOR PATHWAY%WIKIPATHWAYS_20250810%WP2873%HOMO SAPIENS	ARYL HYDROCARBON RECEPTOR PATHWAY%WIKIPATHWAYS_20250810%WP2873%HOMO SAPIENS		27	-0.5536981	-1.3969331	0.056074765	0.30968973	1.0	3360	tags=41%, list=19%, signal=50%	
HALLMARK_KRAS_SIGNALING_DN%MSIGDBHALLMARK%HALLMARK_KRAS_SIGNALING_DN	HALLMARK_KRAS_SIGNALING_DN%MSIGDBHALLMARK%HALLMARK_KRAS_SIGNALING_DN		99	-0.4592009	-1.3954641	0.021814007	0.31313497	1.0	2362	tags=27%, list=14%, signal=31%	
MELANOSOME ASSEMBLY%GOBP%GO:1903232	MELANOSOME ASSEMBLY%GOBP%GO:1903232		18	-0.59745735	-1.3953437	0.07391911	0.3130206	1.0	2736	tags=39%, list=16%, signal=46%	
AMINO ACID TRANSPORT ACROSS THE PLASMA MEMBRANE%REACTOME%R-HSA-352230.5	AMINO ACID TRANSPORT ACROSS THE PLASMA MEMBRANE%REACTOME%R-HSA-352230.5		22	-0.57143617	-1.3953066	0.057563588	0.3126783	1.0	5393	tags=55%, list=31%, signal=79%	
T CELL COSTIMULATION%GOBP%GO:0031295	T CELL COSTIMULATION%GOBP%GO:0031295		17	-0.60803425	-1.3952266	0.061366808	0.31239584	1.0	2759	tags=53%, list=16%, signal=63%	
RAC1 PAK1 P38 MMP2 PATHWAY%WIKIPATHWAYS_20250810%WP3303%HOMO SAPIENS	RAC1 PAK1 P38 MMP2 PATHWAY%WIKIPATHWAYS_20250810%WP3303%HOMO SAPIENS		51	-0.49563184	-1.3951703	0.05185185	0.31211114	1.0	3966	tags=43%, list=23%, signal=56%	
SYNAPTIC VESICLE CYCLE%GOBP%GO:0099504	SYNAPTIC VESICLE CYCLE%GOBP%GO:0099504		84	-0.46574163	-1.3950216	0.026963657	0.31204534	1.0	2708	tags=30%, list=16%, signal=35%	
POSITIVE REGULATION OF KINASE ACTIVITY%GOBP%GO:0033674	POSITIVE REGULATION OF KINASE ACTIVITY%GOBP%GO:0033674		84	-0.45679763	-1.3944063	0.024038462	0.31323522	1.0	3162	tags=24%, list=18%, signal=29%	
PEPTIDYL-SERINE MODIFICATION%GOBP%GO:0018209	PEPTIDYL-SERINE MODIFICATION%GOBP%GO:0018209		37	-0.5218335	-1.3943237	0.06167979	0.31304362	1.0	2853	tags=32%, list=16%, signal=39%	
PID_AP1_PATHWAY%MSIGDB_C2%PID_AP1_PATHWAY	PID_AP1_PATHWAY%MSIGDB_C2%PID_AP1_PATHWAY		43	-0.5164123	-1.394061	0.04597701	0.3133052	1.0	3415	tags=33%, list=20%, signal=40%	
PID_VEGFR1_2_PATHWAY%MSIGDB_C2%PID_VEGFR1_2_PATHWAY	PID_VEGFR1_2_PATHWAY%MSIGDB_C2%PID_VEGFR1_2_PATHWAY		51	-0.4949631	-1.3940036	0.03358209	0.31300467	1.0	4954	tags=47%, list=28%, signal=66%	
POSITIVE REGULATION OF PATTERN RECOGNITION RECEPTOR SIGNALING PATHWAY%GOBP%GO:0062208	POSITIVE REGULATION OF PATTERN RECOGNITION RECEPTOR SIGNALING PATHWAY%GOBP%GO:0062208		51	-0.49314913	-1.3935609	0.05964467	0.31368005	1.0	4807	tags=49%, list=28%, signal=67%	
BOSUTINIB INHIBITION OF BCR-ABL%PATHWHIZ%PW032596	BOSUTINIB INHIBITION OF BCR-ABL%PATHWHIZ%PW032596		18	-0.59677386	-1.3931447	0.061428573	0.31430447	1.0	2528	tags=44%, list=14%, signal=52%	
REGULATION OF TRANSCRIPTION INITIATION BY RNA POLYMERASE II%GOBP%GO:0060260	REGULATION OF TRANSCRIPTION INITIATION BY RNA POLYMERASE II%GOBP%GO:0060260		64	-0.48514372	-1.3929687	0.024067389	0.31437176	1.0	2975	tags=25%, list=17%, signal=30%	
NPAS4 REGULATES EXPRESSION OF TARGET GENES%REACTOME%R-HSA-9768919.3	NPAS4 REGULATES EXPRESSION OF TARGET GENES%REACTOME%R-HSA-9768919.3		16	-0.61640555	-1.3928682	0.07560628	0.31420845	1.0	3046	tags=38%, list=17%, signal=45%	
GOLGI ASSOCIATED VESICLE BIOGENESIS%REACTOME DATABASE ID RELEASE 93%432722	GOLGI ASSOCIATED VESICLE BIOGENESIS%REACTOME DATABASE ID RELEASE 93%432722		54	-0.49075654	-1.3926814	0.04050633	0.31426385	1.0	4377	tags=39%, list=25%, signal=52%	
CLEAR CELL RENAL CELL CARCINOMA PATHWAYS%WIKIPATHWAYS_20250810%WP4018%HOMO SAPIENS	CLEAR CELL RENAL CELL CARCINOMA PATHWAYS%WIKIPATHWAYS_20250810%WP4018%HOMO SAPIENS		54	-0.48833147	-1.3926306	0.062043797	0.3139913	1.0	3309	tags=41%, list=19%, signal=50%	
PATHWAYS INTO METHIONINE AND FOLATE CYCLES%WIKIPATHWAYS_20250810%WP5488%HOMO SAPIENS	PATHWAYS INTO METHIONINE AND FOLATE CYCLES%WIKIPATHWAYS_20250810%WP5488%HOMO SAPIENS		23	-0.56124455	-1.3924205	0.07539683	0.31407928	1.0	3894	tags=57%, list=22%, signal=73%	
NEGATIVE REGULATION OF MAPK PATHWAY%REACTOME DATABASE ID RELEASE 93%5675221	NEGATIVE REGULATION OF MAPK PATHWAY%REACTOME DATABASE ID RELEASE 93%5675221		41	-0.51637256	-1.392004	0.05215124	0.3148004	1.0	2952	tags=37%, list=17%, signal=44%	
PROTEIN LOCALIZATION TO CELL-CELL JUNCTION%GOBP%GO:0150105	PROTEIN LOCALIZATION TO CELL-CELL JUNCTION%GOBP%GO:0150105		16	-0.6150914	-1.3914477	0.074927956	0.31586978	1.0	3920	tags=44%, list=22%, signal=56%	
COOPERATION OF PREFOLDIN AND TRIC CCT IN ACTIN AND TUBULIN FOLDING%REACTOME DATABASE ID RELEASE 93%389958	COOPERATION OF PREFOLDIN AND TRIC CCT IN ACTIN AND TUBULIN FOLDING%REACTOME DATABASE ID RELEASE 93%389958		27	-0.55502456	-1.3913363	0.06868132	0.31574562	1.0	4206	tags=48%, list=24%, signal=63%	
TRANSPORT OF MATURE TRANSCRIPT TO CYTOPLASM%REACTOME%R-HSA-72202.4	TRANSPORT OF MATURE TRANSCRIPT TO CYTOPLASM%REACTOME%R-HSA-72202.4		77	-0.4679304	-1.3912653	0.03255814	0.31552574	1.0	4924	tags=39%, list=28%, signal=54%	
E2F TRANSCRIPTION FACTOR NETWORK%PATHWAY INTERACTION DATABASE NCI-NATURE CURATED DATA%E2F TRANSCRIPTION FACTOR NETWORK	E2F TRANSCRIPTION FACTOR NETWORK%PATHWAY INTERACTION DATABASE NCI-NATURE CURATED DATA%E2F TRANSCRIPTION FACTOR NETWORK		70	-0.4769001	-1.3911908	0.027811367	0.31526536	1.0	4052	tags=33%, list=23%, signal=43%	
RNA EXPORT FROM NUCLEUS%GOBP%GO:0006405	RNA EXPORT FROM NUCLEUS%GOBP%GO:0006405		71	-0.46230584	-1.3911837	0.033878505	0.31486323	1.0	4976	tags=41%, list=28%, signal=57%	
PHOSPHATIDIC ACID METABOLIC PROCESS%GOBP%GO:0046473	PHOSPHATIDIC ACID METABOLIC PROCESS%GOBP%GO:0046473		27	-0.5482112	-1.3908557	0.054739654	0.3152576	1.0	3858	tags=48%, list=22%, signal=62%	
IL2%NETPATH%IL2	IL2%NETPATH%IL2		51	-0.49649417	-1.3902051	0.03846154	0.3166375	1.0	5067	tags=55%, list=29%, signal=77%	
PROTEIN DEPOLYMERIZATION%GOBP%GO:0051261	PROTEIN DEPOLYMERIZATION%GOBP%GO:0051261		32	-0.53303415	-1.3900459	0.05172414	0.3166564	1.0	1634	tags=28%, list=9%, signal=31%	
PYRIMIDINE METABOLISM%WIKIPATHWAYS_20250810%WP4022%HOMO SAPIENS	PYRIMIDINE METABOLISM%WIKIPATHWAYS_20250810%WP4022%HOMO SAPIENS		65	-0.47679552	-1.3899955	0.028503563	0.31634226	1.0	5446	tags=48%, list=31%, signal=69%	
AMP ACTIVATED PROTEIN KINASE SIGNALING%WIKIPATHWAYS_20250810%WP1403%HOMO SAPIENS	AMP ACTIVATED PROTEIN KINASE SIGNALING%WIKIPATHWAYS_20250810%WP1403%HOMO SAPIENS		47	-0.5023508	-1.3897905	0.039948452	0.31647223	1.0	3845	tags=43%, list=22%, signal=54%	
PROTEIN K63-LINKED UBIQUITINATION%GOBP%GO:0070534	PROTEIN K63-LINKED UBIQUITINATION%GOBP%GO:0070534		53	-0.4891566	-1.3894616	0.03884712	0.316954	1.0	3535	tags=36%, list=20%, signal=45%	
NEUROINFLAMMATORY RESPONSE%GOBP%GO:0150076	NEUROINFLAMMATORY RESPONSE%GOBP%GO:0150076		15	-0.61845225	-1.3892287	0.08005618	0.31715712	1.0	955	tags=20%, list=5%, signal=21%	
BCR SIGNALING PATHWAY%PATHWHIZ%PW070885	BCR SIGNALING PATHWAY%PATHWHIZ%PW070885		28	-0.54570025	-1.3890573	0.05950841	0.31716496	1.0	3687	tags=50%, list=21%, signal=63%	
REGULATION OF RESPONSE TO WOUNDING%GOBP%GO:1903034	REGULATION OF RESPONSE TO WOUNDING%GOBP%GO:1903034		83	-0.46227485	-1.3890169	0.036405005	0.31683907	1.0	3385	tags=36%, list=19%, signal=45%	
FLT3 SIGNALING%REACTOME%R-HSA-9607240.8	FLT3 SIGNALING%REACTOME%R-HSA-9607240.8		31	-0.5378703	-1.3886402	0.061007958	0.31743866	1.0	1517	tags=29%, list=9%, signal=32%	
GLYCOGEN SYNTHESIS AND DEGRADATION%WIKIPATHWAYS_20250810%WP500%HOMO SAPIENS	GLYCOGEN SYNTHESIS AND DEGRADATION%WIKIPATHWAYS_20250810%WP500%HOMO SAPIENS		26	-0.5496089	-1.3885988	0.05191257	0.3171163	1.0	3890	tags=46%, list=22%, signal=59%	
BCR%NETPATH%BCR	BCR%NETPATH%BCR		61	-0.4836608	-1.3884648	0.034739453	0.3170491	1.0	2859	tags=31%, list=16%, signal=37%	
POSITIVE REGULATION OF INTERLEUKIN-8 PRODUCTION%GOBP%GO:0032757	POSITIVE REGULATION OF INTERLEUKIN-8 PRODUCTION%GOBP%GO:0032757		28	-0.54278636	-1.388438	0.0691906	0.31669202	1.0	1700	tags=25%, list=10%, signal=28%	
SNRNA PROCESSING%GOBP%GO:0016180	SNRNA PROCESSING%GOBP%GO:0016180		30	-0.53712153	-1.3883888	0.06161746	0.3163776	1.0	5191	tags=53%, list=30%, signal=76%	
REGULATION OF MAP KINASE ACTIVITY%GOBP%GO:0043405	REGULATION OF MAP KINASE ACTIVITY%GOBP%GO:0043405		41	-0.51067454	-1.3882796	0.056461733	0.31621653	1.0	3308	tags=37%, list=19%, signal=45%	
RESPONSE TO GLUCOSE%GOBP%GO:0009749	RESPONSE TO GLUCOSE%GOBP%GO:0009749		46	-0.50077695	-1.3881445	0.04619226	0.31617126	1.0	4343	tags=41%, list=25%, signal=55%	
INTRA-GOLGI VESICLE-MEDIATED TRANSPORT%GOBP%GO:0006891	INTRA-GOLGI VESICLE-MEDIATED TRANSPORT%GOBP%GO:0006891		31	-0.54116833	-1.3880789	0.056728233	0.31591347	1.0	3314	tags=29%, list=19%, signal=36%	
CELLULAR RESPONSE TO CHEMOKINE%GOBP%GO:1990869	CELLULAR RESPONSE TO CHEMOKINE%GOBP%GO:1990869		31	-0.52676415	-1.3877871	0.06324111	0.31629318	1.0	2338	tags=26%, list=13%, signal=30%	
HALLMARK_PEROXISOME%MSIGDBHALLMARK%HALLMARK_PEROXISOME	HALLMARK_PEROXISOME%MSIGDBHALLMARK%HALLMARK_PEROXISOME		73	-0.47699672	-1.3874954	0.02286402	0.3166117	1.0	2127	tags=22%, list=12%, signal=25%	
FORMATION OF THE NON-CANONICAL BAF (NCBAF) COMPLEX%REACTOME%R-HSA-9933947.1	FORMATION OF THE NON-CANONICAL BAF (NCBAF) COMPLEX%REACTOME%R-HSA-9933947.1		15	-0.62141323	-1.3873363	0.08645533	0.31665158	1.0	3950	tags=53%, list=23%, signal=69%	
THERMOGENESIS%WIKIPATHWAYS_20250810%WP4321%HOMO SAPIENS	THERMOGENESIS%WIKIPATHWAYS_20250810%WP4321%HOMO SAPIENS		80	-0.46091586	-1.387168	0.035409037	0.31669027	1.0	3652	tags=36%, list=21%, signal=46%	
SPINDLE LOCALIZATION%GOBP%GO:0051653	SPINDLE LOCALIZATION%GOBP%GO:0051653		47	-0.49529716	-1.3865784	0.04447268	0.3178507	1.0	4185	tags=38%, list=24%, signal=50%	
SECRETORY GRANULE ORGANIZATION%GOBP%GO:0033363	SECRETORY GRANULE ORGANIZATION%GOBP%GO:0033363		38	-0.514212	-1.3864014	0.056921087	0.31786612	1.0	5064	tags=47%, list=29%, signal=67%	
CITRIC ACID CYCLE (TCA CYCLE)%REACTOME DATABASE ID RELEASE 93%71403	CITRIC ACID CYCLE (TCA CYCLE)%REACTOME DATABASE ID RELEASE 93%71403		30	-0.5434296	-1.3863847	0.054830287	0.31750447	1.0	4445	tags=50%, list=25%, signal=67%	
NEGATIVE REGULATION OF MET ACTIVITY%REACTOME%R-HSA-6807004.4	NEGATIVE REGULATION OF MET ACTIVITY%REACTOME%R-HSA-6807004.4		19	-0.57962185	-1.386265	0.0845839	0.31741393	1.0	4954	tags=58%, list=28%, signal=81%	
NILOTINIB INHIBITION OF BCR-ABL%PATHWHIZ%PW032595	NILOTINIB INHIBITION OF BCR-ABL%PATHWHIZ%PW032595		18	-0.59677386	-1.3862389	0.07832168	0.31705815	1.0	2528	tags=44%, list=14%, signal=52%	
ATR SIGNALING PATHWAY%PATHWAY INTERACTION DATABASE NCI-NATURE CURATED DATA%ATR SIGNALING PATHWAY	ATR SIGNALING PATHWAY%PATHWAY INTERACTION DATABASE NCI-NATURE CURATED DATA%ATR SIGNALING PATHWAY		39	-0.5136199	-1.385973	0.069857694	0.31735194	1.0	3918	tags=36%, list=22%, signal=46%	
REGULATION OF METAPHASE/ANAPHASE TRANSITION OF CELL CYCLE%GOBP%GO:1902099	REGULATION OF METAPHASE/ANAPHASE TRANSITION OF CELL CYCLE%GOBP%GO:1902099		85	-0.4545145	-1.3858331	0.031914894	0.31733423	1.0	4013	tags=34%, list=23%, signal=44%	
BCR-ABL ACTION IN CML PATHOGENESIS%SMPDB%SMP0031692	BCR-ABL ACTION IN CML PATHOGENESIS%SMPDB%SMP0031692		18	-0.59677386	-1.3854249	0.07375886	0.31806174	1.0	2528	tags=44%, list=14%, signal=52%	
2'-DEOXYRIBONUCLEOTIDE METABOLIC PROCESS%GOBP%GO:0009394	2'-DEOXYRIBONUCLEOTIDE METABOLIC PROCESS%GOBP%GO:0009394		32	-0.53524804	-1.385415	0.054616384	0.3176717	1.0	5974	tags=66%, list=34%, signal=100%	
PLATELET DEGRANULATION%REACTOME%R-HSA-114608.5	PLATELET DEGRANULATION%REACTOME%R-HSA-114608.5		83	-0.45711097	-1.3852186	0.032490976	0.31774086	1.0	1079	tags=20%, list=6%, signal=22%	
G13 SIGNALING%WIKIPATHWAYS_20250810%WP524%HOMO SAPIENS	G13 SIGNALING%WIKIPATHWAYS_20250810%WP524%HOMO SAPIENS		28	-0.5485347	-1.385171	0.05319149	0.31743672	1.0	5179	tags=68%, list=30%, signal=96%	
PID_A6B1_A6B4_INTEGRIN_PATHWAY%MSIGDB_C2%PID_A6B1_A6B4_INTEGRIN_PATHWAY	PID_A6B1_A6B4_INTEGRIN_PATHWAY%MSIGDB_C2%PID_A6B1_A6B4_INTEGRIN_PATHWAY		31	-0.5333148	-1.384945	0.058981232	0.31765747	1.0	3787	tags=45%, list=22%, signal=58%	
NEURODEGENERATIVE DISEASES%REACTOME DATABASE ID RELEASE 93%8863678	NEURODEGENERATIVE DISEASES%REACTOME DATABASE ID RELEASE 93%8863678		19	-0.59103286	-1.3847277	0.07960894	0.31790447	1.0	4332	tags=68%, list=25%, signal=91%	
DIHYDROMORPHINE ACTION PATHWAY%PATHWHIZ%PW000666	DIHYDROMORPHINE ACTION PATHWAY%PATHWHIZ%PW000666		21	-0.56480205	-1.3846147	0.066576086	0.31780902	1.0	2163	tags=29%, list=12%, signal=33%	
SIGNALING BY EGFR%REACTOME%R-HSA-177929.6	SIGNALING BY EGFR%REACTOME%R-HSA-177929.6		45	-0.50609875	-1.3844337	0.055068836	0.3178788	1.0	4954	tags=51%, list=28%, signal=71%	
SIGNALING EVENTS MEDIATED BY PTP1B%PATHWAY INTERACTION DATABASE NCI-NATURE CURATED DATA%SIGNALING EVENTS MEDIATED BY PTP1B	SIGNALING EVENTS MEDIATED BY PTP1B%PATHWAY INTERACTION DATABASE NCI-NATURE CURATED DATA%SIGNALING EVENTS MEDIATED BY PTP1B		38	-0.5252939	-1.3843566	0.058900524	0.31767437	1.0	2580	tags=32%, list=15%, signal=37%	
RESPONSE TO ARSENIC-CONTAINING SUBSTANCE%GOBP%GO:0046685	RESPONSE TO ARSENIC-CONTAINING SUBSTANCE%GOBP%GO:0046685		17	-0.598944	-1.3843342	0.07596685	0.3173379	1.0	4632	tags=53%, list=27%, signal=72%	
PLASMA MEMBRANE REPAIR%GOBP%GO:0001778	PLASMA MEMBRANE REPAIR%GOBP%GO:0001778		22	-0.5648826	-1.3842225	0.07640751	0.31721145	1.0	2856	tags=36%, list=16%, signal=43%	
NEUTRAL AMINO ACID TRANSPORT%GOBP%GO:0015804	NEUTRAL AMINO ACID TRANSPORT%GOBP%GO:0015804		32	-0.5331933	-1.3842027	0.06332454	0.31685686	1.0	2704	tags=34%, list=15%, signal=41%	
REGULATION OF CELL-SUBSTRATE JUNCTION ORGANIZATION%GOBP%GO:0150116	REGULATION OF CELL-SUBSTRATE JUNCTION ORGANIZATION%GOBP%GO:0150116		58	-0.48520046	-1.3840387	0.045962732	0.31689397	1.0	3816	tags=45%, list=22%, signal=57%	
DEREGULATED CDK5 TRIGGERS MULTIPLE NEURODEGENERATIVE PATHWAYS IN ALZHEIMER'S DISEASE MODELS%REACTOME DATABASE ID RELEASE 93%8862803	DEREGULATED CDK5 TRIGGERS MULTIPLE NEURODEGENERATIVE PATHWAYS IN ALZHEIMER'S DISEASE MODELS%REACTOME DATABASE ID RELEASE 93%8862803		19	-0.59103286	-1.3836986	0.077028885	0.317415	1.0	4332	tags=68%, list=25%, signal=91%	
GROWTH HORMONE RECEPTOR SIGNALING%REACTOME DATABASE ID RELEASE 93%982772	GROWTH HORMONE RECEPTOR SIGNALING%REACTOME DATABASE ID RELEASE 93%982772		16	-0.59901714	-1.3836288	0.082993194	0.31719202	1.0	2818	tags=38%, list=16%, signal=45%	
COREGULATION OF ANDROGEN RECEPTOR ACTIVITY%PATHWAY INTERACTION DATABASE NCI-NATURE CURATED DATA%COREGULATION OF ANDROGEN RECEPTOR ACTIVITY	COREGULATION OF ANDROGEN RECEPTOR ACTIVITY%PATHWAY INTERACTION DATABASE NCI-NATURE CURATED DATA%COREGULATION OF ANDROGEN RECEPTOR ACTIVITY		53	-0.49590963	-1.3835697	0.03196931	0.31692228	1.0	3093	tags=26%, list=18%, signal=32%	
POSITIVE REGULATION OF PROTEASOMAL PROTEIN CATABOLIC PROCESS%GOBP%GO:1901800	POSITIVE REGULATION OF PROTEASOMAL PROTEIN CATABOLIC PROCESS%GOBP%GO:1901800		87	-0.4579781	-1.3833786	0.028968714	0.3170063	1.0	3228	tags=32%, list=18%, signal=39%	
SIGNALING BY PHOSPHORYLATED JUXTAMEMBRANE, EXTRACELLULAR AND KINASE DOMAIN KIT MUTANTS%REACTOME%R-HSA-9670439.2	SIGNALING BY PHOSPHORYLATED JUXTAMEMBRANE, EXTRACELLULAR AND KINASE DOMAIN KIT MUTANTS%REACTOME%R-HSA-9670439.2		15	-0.61010987	-1.3833574	0.088193454	0.3166725	1.0	2338	tags=33%, list=13%, signal=38%	
XBP1(S) ACTIVATES CHAPERONE GENES%REACTOME%R-HSA-381038.5	XBP1(S) ACTIVATES CHAPERONE GENES%REACTOME%R-HSA-381038.5		45	-0.49781847	-1.3831985	0.05216285	0.31667393	1.0	3968	tags=42%, list=23%, signal=54%	
BIOCARTA_IL2RB_PATHWAY%MSIGDB_C2%BIOCARTA_IL2RB_PATHWAY	BIOCARTA_IL2RB_PATHWAY%MSIGDB_C2%BIOCARTA_IL2RB_PATHWAY		26	-0.5483349	-1.3829135	0.061007958	0.31698382	1.0	5508	tags=58%, list=32%, signal=84%	
INOSITOL METABOLISM%PATHWHIZ%PW088261	INOSITOL METABOLISM%PATHWHIZ%PW088261		19	-0.590346	-1.3828775	0.06925208	0.3166611	1.0	5753	tags=63%, list=33%, signal=94%	
POSTMITOTIC NUCLEAR PORE COMPLEX (NPC) REFORMATION%REACTOME DATABASE ID RELEASE 93%9615933	POSTMITOTIC NUCLEAR PORE COMPLEX (NPC) REFORMATION%REACTOME DATABASE ID RELEASE 93%9615933		24	-0.55849767	-1.382723	0.07258064	0.316654	1.0	2209	tags=29%, list=13%, signal=33%	
AXONEMAL DYNEIN COMPLEX ASSEMBLY%GOBP%GO:0070286	AXONEMAL DYNEIN COMPLEX ASSEMBLY%GOBP%GO:0070286		16	-0.6001066	-1.3823377	0.08044383	0.3172407	1.0	5319	tags=50%, list=30%, signal=72%	
REGULATION OF GLUCAN BIOSYNTHETIC PROCESS%GOBP%GO:0010962	REGULATION OF GLUCAN BIOSYNTHETIC PROCESS%GOBP%GO:0010962		19	-0.589281	-1.3823363	0.085195534	0.31684348	1.0	5713	tags=63%, list=33%, signal=94%	
VALIDATED NUCLEAR ESTROGEN RECEPTOR ALPHA NETWORK%PATHWAY INTERACTION DATABASE NCI-NATURE CURATED DATA%VALIDATED NUCLEAR ESTROGEN RECEPTOR ALPHA NETWORK	VALIDATED NUCLEAR ESTROGEN RECEPTOR ALPHA NETWORK%PATHWAY INTERACTION DATABASE NCI-NATURE CURATED DATA%VALIDATED NUCLEAR ESTROGEN RECEPTOR ALPHA NETWORK		52	-0.49259517	-1.3820541	0.034739453	0.31721222	1.0	2375	tags=29%, list=14%, signal=33%	
POSITIVE REGULATION OF HEMOSTASIS%GOBP%GO:1900048	POSITIVE REGULATION OF HEMOSTASIS%GOBP%GO:1900048		15	-0.6038558	-1.3819039	0.07794118	0.3172113	1.0	1210	tags=27%, list=7%, signal=29%	
MITOCHONDRIAL RIBOSOME-ASSOCIATED QUALITY CONTROL%REACTOME%R-HSA-9937383.1	MITOCHONDRIAL RIBOSOME-ASSOCIATED QUALITY CONTROL%REACTOME%R-HSA-9937383.1		86	-0.45641583	-1.381542	0.030303031	0.31773135	1.0	6716	tags=56%, list=38%, signal=90%	
PID_PI3KCI_PATHWAY%MSIGDB_C2%PID_PI3KCI_PATHWAY	PID_PI3KCI_PATHWAY%MSIGDB_C2%PID_PI3KCI_PATHWAY		28	-0.53659534	-1.3815136	0.064	0.31743228	1.0	3815	tags=50%, list=22%, signal=64%	
GANGLIOSIDE METABOLIC PROCESS%GOBP%GO:0001573	GANGLIOSIDE METABOLIC PROCESS%GOBP%GO:0001573		22	-0.5680434	-1.3814652	0.077030815	0.31715593	1.0	5459	tags=73%, list=31%, signal=106%	
MTORC1-MEDIATED SIGNALLING%REACTOME DATABASE ID RELEASE 93%166208	MTORC1-MEDIATED SIGNALLING%REACTOME DATABASE ID RELEASE 93%166208		24	-0.55383	-1.3812442	0.06258503	0.31730422	1.0	5027	tags=50%, list=29%, signal=70%	
NEGATIVE REGULATION OF MRNA METABOLIC PROCESS%GOBP%GO:1903312	NEGATIVE REGULATION OF MRNA METABOLIC PROCESS%GOBP%GO:1903312		68	-0.4723004	-1.3811656	0.034813926	0.3171498	1.0	4655	tags=37%, list=27%, signal=50%	
REGULATION OF AMYLOID PRECURSOR PROTEIN CATABOLIC PROCESS%GOBP%GO:1902991	REGULATION OF AMYLOID PRECURSOR PROTEIN CATABOLIC PROCESS%GOBP%GO:1902991		38	-0.52428174	-1.3809628	0.05844981	0.3172738	1.0	2686	tags=34%, list=15%, signal=40%	
PROTEIN TARGETING TO MITOCHONDRION%GOBP%GO:0006626	PROTEIN TARGETING TO MITOCHONDRION%GOBP%GO:0006626		29	-0.54251754	-1.3809595	0.047314577	0.31688505	1.0	4583	tags=48%, list=26%, signal=65%	
REGULATION OF ATTACHMENT OF SPINDLE MICROTUBULES TO KINETOCHORE%GOBP%GO:0051988	REGULATION OF ATTACHMENT OF SPINDLE MICROTUBULES TO KINETOCHORE%GOBP%GO:0051988		22	-0.56804246	-1.3806083	0.0785124	0.3174059	1.0	3747	tags=36%, list=21%, signal=46%	
CARBOHYDRATE TRANSPORT%GOBP%GO:0008643	CARBOHYDRATE TRANSPORT%GOBP%GO:0008643		26	-0.54785734	-1.3805767	0.06612685	0.31708422	1.0	4752	tags=46%, list=27%, signal=63%	
EXTENSION OF TELOMERES%REACTOME DATABASE ID RELEASE 93%180786	EXTENSION OF TELOMERES%REACTOME DATABASE ID RELEASE 93%180786		49	-0.49448028	-1.3802797	0.05970149	0.31742734	1.0	5833	tags=55%, list=33%, signal=83%	
PROTEIN DEUBIQUITINATION%GOBP%GO:0016579	PROTEIN DEUBIQUITINATION%GOBP%GO:0016579		68	-0.46975568	-1.3801858	0.044471152	0.31727794	1.0	3102	tags=29%, list=18%, signal=36%	
PARKIN UBIQUITIN PROTEASOMAL SYSTEM PATHWAY%WIKIPATHWAYS_20250810%WP2359%HOMO SAPIENS	PARKIN UBIQUITIN PROTEASOMAL SYSTEM PATHWAY%WIKIPATHWAYS_20250810%WP2359%HOMO SAPIENS		46	-0.49551985	-1.3799635	0.056953643	0.31745133	1.0	5209	tags=46%, list=30%, signal=65%	
REGULATION OF CARBOHYDRATE METABOLIC PROCESS%GOBP%GO:0006109	REGULATION OF CARBOHYDRATE METABOLIC PROCESS%GOBP%GO:0006109		98	-0.45351598	-1.3793433	0.030409357	0.31871068	1.0	5900	tags=58%, list=34%, signal=87%	
DEOXYRIBONUCLEOTIDE METABOLIC PROCESS%GOBP%GO:0009262	DEOXYRIBONUCLEOTIDE METABOLIC PROCESS%GOBP%GO:0009262		33	-0.5227063	-1.3792695	0.054263566	0.31850109	1.0	5974	tags=64%, list=34%, signal=97%	
TRANSCRIPTION OF E2F TARGETS UNDER NEGATIVE CONTROL BY DREAM COMPLEX%REACTOME DATABASE ID RELEASE 93%1362277	TRANSCRIPTION OF E2F TARGETS UNDER NEGATIVE CONTROL BY DREAM COMPLEX%REACTOME DATABASE ID RELEASE 93%1362277		19	-0.58141154	-1.3790402	0.08672087	0.31869614	1.0	4037	tags=37%, list=23%, signal=48%	
SHC1 EVENTS IN ERBB2 SIGNALING%REACTOME DATABASE ID RELEASE 93%1250196	SHC1 EVENTS IN ERBB2 SIGNALING%REACTOME DATABASE ID RELEASE 93%1250196		16	-0.6015984	-1.3789247	0.070809245	0.31858757	1.0	4062	tags=56%, list=23%, signal=73%	
TRNA PROCESSING%REACTOME DATABASE ID RELEASE 93%72306	TRNA PROCESSING%REACTOME DATABASE ID RELEASE 93%72306		100	-0.44635642	-1.3788424	0.026744187	0.31840968	1.0	4568	tags=35%, list=26%, signal=47%	
NEGATIVE REGULATION OF RESPONSE TO CYTOKINE STIMULUS%GOBP%GO:0060761	NEGATIVE REGULATION OF RESPONSE TO CYTOKINE STIMULUS%GOBP%GO:0060761		52	-0.49194455	-1.3788193	0.054320987	0.3180784	1.0	3520	tags=31%, list=20%, signal=38%	
REGULATION OF DNA-TEMPLATED TRANSCRIPTION ELONGATION%GOBP%GO:0032784	REGULATION OF DNA-TEMPLATED TRANSCRIPTION ELONGATION%GOBP%GO:0032784		90	-0.45243514	-1.378754	0.039007094	0.31786942	1.0	6328	tags=49%, list=36%, signal=76%	
BARBED-END ACTIN FILAMENT CAPPING%GOBP%GO:0051016	BARBED-END ACTIN FILAMENT CAPPING%GOBP%GO:0051016		15	-0.61246735	-1.3786291	0.08238637	0.31778675	1.0	2495	tags=33%, list=14%, signal=39%	
REGULATION OF GLYCOGEN BIOSYNTHETIC PROCESS%GOBP%GO:0005979	REGULATION OF GLYCOGEN BIOSYNTHETIC PROCESS%GOBP%GO:0005979		19	-0.589281	-1.3783689	0.07285714	0.318085	1.0	5713	tags=63%, list=33%, signal=94%	
SIGNALING BY KIT IN DISEASE%REACTOME DATABASE ID RELEASE 93%9669938	SIGNALING BY KIT IN DISEASE%REACTOME DATABASE ID RELEASE 93%9669938		15	-0.61010987	-1.3780934	0.079831935	0.3184254	1.0	2338	tags=33%, list=13%, signal=38%	
DNA MODIFICATION%GOBP%GO:0006304	DNA MODIFICATION%GOBP%GO:0006304		19	-0.5815385	-1.3776706	0.08165997	0.31909513	1.0	6408	tags=74%, list=37%, signal=116%	
NEGATIVE REGULATION OF CYTOSKELETON ORGANIZATION%GOBP%GO:0051494	NEGATIVE REGULATION OF CYTOSKELETON ORGANIZATION%GOBP%GO:0051494		98	-0.44835228	-1.3774179	0.026047565	0.31939453	1.0	2650	tags=24%, list=15%, signal=29%	
TRNA AMINOACYLATION%REACTOME%R-HSA-379724.3	TRNA AMINOACYLATION%REACTOME%R-HSA-379724.3		24	-0.5605383	-1.3764048	0.055629138	0.3217335	1.0	4489	tags=58%, list=26%, signal=78%	
REGULATION OF CELL CYCLE G2/M PHASE TRANSITION%GOBP%GO:1902749	REGULATION OF CELL CYCLE G2/M PHASE TRANSITION%GOBP%GO:1902749		86	-0.4588535	-1.3762882	0.025912838	0.32167426	1.0	2052	tags=20%, list=12%, signal=22%	
ISOVALERIC ACIDURIA%PATHWHIZ%PW000091	ISOVALERIC ACIDURIA%PATHWHIZ%PW000091		27	-0.5371844	-1.3760562	0.0744382	0.32188484	1.0	3632	tags=33%, list=21%, signal=42%	
IL5%NETPATH%IL5	IL5%NETPATH%IL5		33	-0.5308457	-1.3759688	0.053639848	0.3217278	1.0	2528	tags=36%, list=14%, signal=42%	
BIOCARTA_IL6_PATHWAY%MSIGDB_C2%BIOCARTA_IL6_PATHWAY	BIOCARTA_IL6_PATHWAY%MSIGDB_C2%BIOCARTA_IL6_PATHWAY		16	-0.60923	-1.3758521	0.0781893	0.3216333	1.0	4883	tags=63%, list=28%, signal=87%	
PEPTIDE HORMONE SECRETION%GOBP%GO:0030072	PEPTIDE HORMONE SECRETION%GOBP%GO:0030072		19	-0.57573575	-1.3758401	0.085365854	0.3212633	1.0	4214	tags=42%, list=24%, signal=55%	
MITOCHONDRIAL TRANSMEMBRANE TRANSPORT%GOBP%GO:1990542	MITOCHONDRIAL TRANSMEMBRANE TRANSPORT%GOBP%GO:1990542		20	-0.5733902	-1.375819	0.082987554	0.3209259	1.0	4330	tags=45%, list=25%, signal=60%	
CHRONIC HYPERGLYCEMIA IMPAIRMENT OF NEURON FUNCTION%WIKIPATHWAYS_20250810%WP5283%HOMO SAPIENS	CHRONIC HYPERGLYCEMIA IMPAIRMENT OF NEURON FUNCTION%WIKIPATHWAYS_20250810%WP5283%HOMO SAPIENS		24	-0.55524814	-1.375697	0.08647141	0.3208539	1.0	2106	tags=21%, list=12%, signal=24%	
POSITIVE REGULATION OF CELL CYCLE G1/S PHASE TRANSITION%GOBP%GO:1902808	POSITIVE REGULATION OF CELL CYCLE G1/S PHASE TRANSITION%GOBP%GO:1902808		39	-0.507717	-1.3756317	0.06153846	0.32066855	1.0	5615	tags=59%, list=32%, signal=87%	
BIOCARTA_TFF_PATHWAY%MSIGDB_C2%BIOCARTA_TFF_PATHWAY	BIOCARTA_TFF_PATHWAY%MSIGDB_C2%BIOCARTA_TFF_PATHWAY		15	-0.6140911	-1.375233	0.08213256	0.3213027	1.0	3687	tags=47%, list=21%, signal=59%	
ATM SIGNALING%WIKIPATHWAYS_20250810%WP2516%HOMO SAPIENS	ATM SIGNALING%WIKIPATHWAYS_20250810%WP2516%HOMO SAPIENS		30	-0.520988	-1.3750199	0.07591623	0.3215133	1.0	2889	tags=27%, list=17%, signal=32%	
ROPIVACAINE ACTION PATHWAY%PATHWHIZ%PW000410	ROPIVACAINE ACTION PATHWAY%PATHWHIZ%PW000410		21	-0.56480205	-1.3750122	0.065918654	0.32114485	1.0	2163	tags=29%, list=12%, signal=33%	
FORMATION OF THE CANONICAL BAF (CBAF) COMPLEX%REACTOME DATABASE ID RELEASE 93%9933937	FORMATION OF THE CANONICAL BAF (CBAF) COMPLEX%REACTOME DATABASE ID RELEASE 93%9933937		18	-0.5984102	-1.3748398	0.0821727	0.32121634	1.0	3829	tags=44%, list=22%, signal=57%	
PDGFR BETA PATHWAY%WIKIPATHWAYS_20250810%WP3972%HOMO SAPIENS	PDGFR BETA PATHWAY%WIKIPATHWAYS_20250810%WP3972%HOMO SAPIENS		22	-0.5662715	-1.374796	0.06901218	0.3209431	1.0	2818	tags=41%, list=16%, signal=49%	
L-AMINO ACID CATABOLIC PROCESS%GOBP%GO:0170035	L-AMINO ACID CATABOLIC PROCESS%GOBP%GO:0170035		41	-0.5001004	-1.3747844	0.067620285	0.3205912	1.0	5892	tags=61%, list=34%, signal=92%	
POSITIVE REGULATION OF NEURON APOPTOTIC PROCESS%GOBP%GO:0043525	POSITIVE REGULATION OF NEURON APOPTOTIC PROCESS%GOBP%GO:0043525		27	-0.5447146	-1.3747365	0.07104558	0.32033375	1.0	4353	tags=44%, list=25%, signal=59%	
PID_KIT_PATHWAY%MSIGDB_C2%PID_KIT_PATHWAY	PID_KIT_PATHWAY%MSIGDB_C2%PID_KIT_PATHWAY		41	-0.51090354	-1.3746071	0.06273526	0.3202709	1.0	2818	tags=32%, list=16%, signal=38%	
RESPONSE OF MTB TO PHAGOCYTOSIS%REACTOME DATABASE ID RELEASE 93%9637690	RESPONSE OF MTB TO PHAGOCYTOSIS%REACTOME DATABASE ID RELEASE 93%9637690		22	-0.57028145	-1.3744481	0.06906077	0.32027784	1.0	5040	tags=68%, list=29%, signal=96%	
POSITIVE REGULATION OF MIRNA METABOLIC PROCESS%GOBP%GO:2000630	POSITIVE REGULATION OF MIRNA METABOLIC PROCESS%GOBP%GO:2000630		41	-0.5080806	-1.37419	0.059431523	0.32056284	1.0	3557	tags=41%, list=20%, signal=52%	
RHO GTPASES ACTIVATE CIT%REACTOME DATABASE ID RELEASE 93%5625900	RHO GTPASES ACTIVATE CIT%REACTOME DATABASE ID RELEASE 93%5625900		18	-0.5938467	-1.3740723	0.09016393	0.32047236	1.0	3127	tags=44%, list=18%, signal=54%	
REGULATION OF GLUCOSE METABOLIC PROCESS%GOBP%GO:0010906	REGULATION OF GLUCOSE METABOLIC PROCESS%GOBP%GO:0010906		53	-0.48975152	-1.3739341	0.05121951	0.32047153	1.0	5900	tags=57%, list=34%, signal=85%	
RRNA TRANSCRIPTION%GOBP%GO:0009303	RRNA TRANSCRIPTION%GOBP%GO:0009303		16	-0.60174304	-1.3737061	0.082058415	0.32065836	1.0	2347	tags=38%, list=13%, signal=43%	
DISASSEMBLY OF THE DESTRUCTION COMPLEX AND RECRUITMENT OF AXIN TO THE MEMBRANE%REACTOME DATABASE ID RELEASE 93%4641262	DISASSEMBLY OF THE DESTRUCTION COMPLEX AND RECRUITMENT OF AXIN TO THE MEMBRANE%REACTOME DATABASE ID RELEASE 93%4641262		27	-0.5406611	-1.373525	0.08638743	0.3207686	1.0	3304	tags=41%, list=19%, signal=50%	
MRNA PROCESSING%WIKIPATHWAYS_20250810%WP411%HOMO SAPIENS	MRNA PROCESSING%WIKIPATHWAYS_20250810%WP411%HOMO SAPIENS		94	-0.44951147	-1.3732127	0.033105023	0.32117662	1.0	4802	tags=38%, list=27%, signal=53%	
POSITIVE REGULATION OF LIPID BIOSYNTHETIC PROCESS%GOBP%GO:0046889	POSITIVE REGULATION OF LIPID BIOSYNTHETIC PROCESS%GOBP%GO:0046889		57	-0.48153684	-1.3731546	0.06487148	0.3209535	1.0	4247	tags=40%, list=24%, signal=53%	
TARGET OF RAPAMYCIN SIGNALING%WIKIPATHWAYS_20250810%WP1471%HOMO SAPIENS	TARGET OF RAPAMYCIN SIGNALING%WIKIPATHWAYS_20250810%WP1471%HOMO SAPIENS		31	-0.5343613	-1.3730415	0.06919946	0.3208865	1.0	3652	tags=39%, list=21%, signal=49%	
CELLULAR RESPONSE TO TOXIC SUBSTANCE%GOBP%GO:0097237	CELLULAR RESPONSE TO TOXIC SUBSTANCE%GOBP%GO:0097237		37	-0.5100329	-1.3730327	0.06600249	0.3205241	1.0	5225	tags=46%, list=30%, signal=65%	
NALTREXONE ACTION PATHWAY%PATHWHIZ%PW000664	NALTREXONE ACTION PATHWAY%PATHWHIZ%PW000664		21	-0.56480205	-1.3730204	0.09090909	0.32018557	1.0	2163	tags=29%, list=12%, signal=33%	
BIOCARTA_IL2_PATHWAY%MSIGDB_C2%BIOCARTA_IL2_PATHWAY	BIOCARTA_IL2_PATHWAY%MSIGDB_C2%BIOCARTA_IL2_PATHWAY		16	-0.6077924	-1.372911	0.0876217	0.32011068	1.0	2818	tags=50%, list=16%, signal=60%	
BETA1 INTEGRIN CELL SURFACE INTERACTIONS%PATHWAY INTERACTION DATABASE NCI-NATURE CURATED DATA%BETA1 INTEGRIN CELL SURFACE INTERACTIONS	BETA1 INTEGRIN CELL SURFACE INTERACTIONS%PATHWAY INTERACTION DATABASE NCI-NATURE CURATED DATA%BETA1 INTEGRIN CELL SURFACE INTERACTIONS		53	-0.4834253	-1.3727854	0.05603985	0.32001418	1.0	1672	tags=19%, list=10%, signal=21%	
ACETYLCHOLINE RECEPTOR SIGNALING PATHWAY%GOBP%GO:0095500	ACETYLCHOLINE RECEPTOR SIGNALING PATHWAY%GOBP%GO:0095500		24	-0.5631759	-1.372768	0.07681756	0.31969184	1.0	5093	tags=63%, list=29%, signal=88%	
AUTOPHAGOSOME ORGANIZATION%GOBP%GO:1905037	AUTOPHAGOSOME ORGANIZATION%GOBP%GO:1905037		67	-0.47494596	-1.3727641	0.040189125	0.31931892	1.0	6394	tags=57%, list=37%, signal=89%	
TYROSINE KINASE INHIBITORS IN GLIOBLASTOMA%WIKIPATHWAYS_20250810%WP5494%HOMO SAPIENS	TYROSINE KINASE INHIBITORS IN GLIOBLASTOMA%WIKIPATHWAYS_20250810%WP5494%HOMO SAPIENS		21	-0.56682485	-1.3725703	0.07355021	0.31944713	1.0	2522	tags=43%, list=14%, signal=50%	
LEVALLORPHAN ACTION PATHWAY%SMPDB%SMP0000683	LEVALLORPHAN ACTION PATHWAY%SMPDB%SMP0000683		21	-0.56480205	-1.3724576	0.08232119	0.31934935	1.0	2163	tags=29%, list=12%, signal=33%	
ENERGY HOMEOSTASIS%GOBP%GO:0097009	ENERGY HOMEOSTASIS%GOBP%GO:0097009		31	-0.5337984	-1.3723227	0.060367454	0.319304	1.0	4752	tags=58%, list=27%, signal=80%	
AMPK REGULATION OF MAMMARY MILK PROTEIN SYNTHESIS%WIKIPATHWAYS_20250810%WP5492%HOMO SAPIENS	AMPK REGULATION OF MAMMARY MILK PROTEIN SYNTHESIS%WIKIPATHWAYS_20250810%WP5492%HOMO SAPIENS		16	-0.6041872	-1.3723125	0.08097166	0.31895235	1.0	3652	tags=56%, list=21%, signal=71%	
POSITIVE REGULATION OF MITOTIC NUCLEAR DIVISION%GOBP%GO:0045840	POSITIVE REGULATION OF MITOTIC NUCLEAR DIVISION%GOBP%GO:0045840		28	-0.53852695	-1.3716875	0.065595716	0.32018018	1.0	2209	tags=29%, list=13%, signal=33%	
REGULATION OF MITOTIC METAPHASE/ANAPHASE TRANSITION%GOBP%GO:0030071	REGULATION OF MITOTIC METAPHASE/ANAPHASE TRANSITION%GOBP%GO:0030071		84	-0.45814893	-1.3716339	0.044879172	0.31994522	1.0	4013	tags=35%, list=23%, signal=45%	
REGULATION OF TNFR1 SIGNALING%REACTOME DATABASE ID RELEASE 93%5357905	REGULATION OF TNFR1 SIGNALING%REACTOME DATABASE ID RELEASE 93%5357905		42	-0.5041249	-1.3716319	0.06398996	0.31957892	1.0	6065	tags=62%, list=35%, signal=95%	
RHO GTPASES ACTIVATE PAKS%REACTOME%R-HSA-5627123.4	RHO GTPASES ACTIVATE PAKS%REACTOME%R-HSA-5627123.4		20	-0.5734393	-1.3715641	0.09192201	0.31936547	1.0	4080	tags=60%, list=23%, signal=78%	
ACYLGLYCEROL METABOLIC PROCESS%GOBP%GO:0006639	ACYLGLYCEROL METABOLIC PROCESS%GOBP%GO:0006639		48	-0.4940205	-1.3711392	0.064638786	0.3200562	1.0	2865	tags=33%, list=16%, signal=40%	
POSITIVE REGULATION OF DNA REPLICATION%GOBP%GO:0045740	POSITIVE REGULATION OF DNA REPLICATION%GOBP%GO:0045740		31	-0.52926093	-1.3709877	0.06928105	0.32007495	1.0	3826	tags=35%, list=22%, signal=45%	
REGULATION OF CHROMOSOME SEPARATION%GOBP%GO:1905818	REGULATION OF CHROMOSOME SEPARATION%GOBP%GO:1905818		68	-0.46285543	-1.3708774	0.05376344	0.32000542	1.0	7046	tags=60%, list=40%, signal=101%	
PHOTODYNAMIC THERAPY INDUCED HIF 1 SURVIVAL SIGNALING%WIKIPATHWAYS_20250810%WP3614%HOMO SAPIENS	PHOTODYNAMIC THERAPY INDUCED HIF 1 SURVIVAL SIGNALING%WIKIPATHWAYS_20250810%WP3614%HOMO SAPIENS		20	-0.5762688	-1.3706954	0.07244318	0.320067	1.0	2470	tags=35%, list=14%, signal=41%	
NEGATIVE REGULATION OF G2/M TRANSITION OF MITOTIC CELL CYCLE%GOBP%GO:0010972	NEGATIVE REGULATION OF G2/M TRANSITION OF MITOTIC CELL CYCLE%GOBP%GO:0010972		54	-0.48567483	-1.3706843	0.046798028	0.31972453	1.0	1966	tags=20%, list=11%, signal=23%	
SENESCENCE AND AUTOPHAGY IN CANCER%WIKIPATHWAYS_20250810%WP615%HOMO SAPIENS	SENESCENCE AND AUTOPHAGY IN CANCER%WIKIPATHWAYS_20250810%WP615%HOMO SAPIENS		69	-0.46712855	-1.3706172	0.049382716	0.31952628	1.0	2117	tags=23%, list=12%, signal=26%	
PONATINIB INHIBITION OF BCR-ABL%PATHWHIZ%PW032598	PONATINIB INHIBITION OF BCR-ABL%PATHWHIZ%PW032598		18	-0.59677386	-1.3703924	0.07	0.3197158	1.0	2528	tags=44%, list=14%, signal=52%	
LIDOCAINE (LOCAL ANAESTHETIC) ACTION PATHWAY%SMPDB%SMP0000398	LIDOCAINE (LOCAL ANAESTHETIC) ACTION PATHWAY%SMPDB%SMP0000398		21	-0.56480205	-1.3702953	0.08402204	0.31959972	1.0	2163	tags=29%, list=12%, signal=33%	
REGULATION OF EXECUTION PHASE OF APOPTOSIS%GOBP%GO:1900117	REGULATION OF EXECUTION PHASE OF APOPTOSIS%GOBP%GO:1900117		15	-0.6063571	-1.3701563	0.10810811	0.3195878	1.0	3058	tags=60%, list=18%, signal=73%	
MAINTENANCE OF PROTEIN LOCALIZATION IN ORGANELLE%GOBP%GO:0072595	MAINTENANCE OF PROTEIN LOCALIZATION IN ORGANELLE%GOBP%GO:0072595		32	-0.5210154	-1.3699437	0.07421875	0.31969562	1.0	3366	tags=34%, list=19%, signal=43%	
MIDBODY ABSCISSION%GOBP%GO:0061952	MIDBODY ABSCISSION%GOBP%GO:0061952		21	-0.5699505	-1.3697616	0.088797815	0.31982318	1.0	2944	tags=38%, list=17%, signal=46%	
CHOLESTEROL METABOLIC PROCESS%GOBP%GO:0008203	CHOLESTEROL METABOLIC PROCESS%GOBP%GO:0008203		51	-0.4873549	-1.3697159	0.07430731	0.31954363	1.0	5010	tags=55%, list=29%, signal=77%	
NALOXONE ACTION PATHWAY%SMPDB%SMP0000688	NALOXONE ACTION PATHWAY%SMPDB%SMP0000688		21	-0.56480205	-1.3696669	0.07671601	0.31928363	1.0	2163	tags=29%, list=12%, signal=33%	
OXYCODONE ACTION PATHWAY%SMPDB%SMP0000409	OXYCODONE ACTION PATHWAY%SMPDB%SMP0000409		21	-0.56480205	-1.3695172	0.097222224	0.3192246	1.0	2163	tags=29%, list=12%, signal=33%	
CARBOHYDRATE DERIVATIVE TRANSPORT%GOBP%GO:1901264	CARBOHYDRATE DERIVATIVE TRANSPORT%GOBP%GO:1901264		54	-0.4825933	-1.3694336	0.05625	0.31906736	1.0	4684	tags=41%, list=27%, signal=56%	
DISEASES OF CARBOHYDRATE METABOLISM%REACTOME DATABASE ID RELEASE 93%5663084	DISEASES OF CARBOHYDRATE METABOLISM%REACTOME DATABASE ID RELEASE 93%5663084		27	-0.53727967	-1.3694208	0.08677686	0.31873912	1.0	4375	tags=48%, list=25%, signal=64%	
NICOTINE ACTION PATHWAY%SMPDB%SMP0000431	NICOTINE ACTION PATHWAY%SMPDB%SMP0000431		22	-0.55926216	-1.36931	0.07458564	0.3186527	1.0	2163	tags=27%, list=12%, signal=31%	
3-METHYLGLUTACONIC ACIDURIA TYPE I%SMPDB%SMP0000139	3-METHYLGLUTACONIC ACIDURIA TYPE I%SMPDB%SMP0000139		27	-0.5371844	-1.3692789	0.082099594	0.31834924	1.0	3632	tags=33%, list=21%, signal=42%	
NETRIN UNC5B SIGNALING%WIKIPATHWAYS_20250810%WP4747%HOMO SAPIENS	NETRIN UNC5B SIGNALING%WIKIPATHWAYS_20250810%WP4747%HOMO SAPIENS		32	-0.53209615	-1.3691052	0.070876285	0.31843787	1.0	1988	tags=38%, list=11%, signal=42%	
NEGATIVE REGULATION OF INTRINSIC APOPTOTIC SIGNALING PATHWAY%GOBP%GO:2001243	NEGATIVE REGULATION OF INTRINSIC APOPTOTIC SIGNALING PATHWAY%GOBP%GO:2001243		69	-0.46410722	-1.3690772	0.042944785	0.31814155	1.0	2411	tags=28%, list=14%, signal=32%	
3-METHYLTHIOFENTANYL ACTION PATHWAY%PATHWHIZ%PW000656	3-METHYLTHIOFENTANYL ACTION PATHWAY%PATHWHIZ%PW000656		21	-0.56480205	-1.3689573	0.08185539	0.31808305	1.0	2163	tags=29%, list=12%, signal=33%	
NEGATIVE REGULATION OF CELL CYCLE G2/M PHASE TRANSITION%GOBP%GO:1902750	NEGATIVE REGULATION OF CELL CYCLE G2/M PHASE TRANSITION%GOBP%GO:1902750		55	-0.4838815	-1.368849	0.053658538	0.3179741	1.0	1966	tags=20%, list=11%, signal=22%	
ISOBUTYRYL-COA DEHYDROGENASE DEFICIENCY%SMPDB%SMP0000523	ISOBUTYRYL-COA DEHYDROGENASE DEFICIENCY%SMPDB%SMP0000523		27	-0.5371844	-1.3686551	0.08366534	0.31808728	1.0	3632	tags=33%, list=21%, signal=42%	
OMEGA 6 FATTY ACIDS IN SENESCENCE%WIKIPATHWAYS_20250810%WP5424%HOMO SAPIENS	OMEGA 6 FATTY ACIDS IN SENESCENCE%WIKIPATHWAYS_20250810%WP5424%HOMO SAPIENS		15	-0.6091768	-1.3684344	0.097595476	0.3183012	1.0	2879	tags=40%, list=16%, signal=48%	
CARFENTANIL ACTION PATHWAY%SMPDB%SMP0000414	CARFENTANIL ACTION PATHWAY%SMPDB%SMP0000414		21	-0.56480205	-1.368429	0.08855586	0.3179514	1.0	2163	tags=29%, list=12%, signal=33%	
NICOTINATE METABOLISM%REACTOME%R-HSA-196807.7	NICOTINATE METABOLISM%REACTOME%R-HSA-196807.7		22	-0.5581446	-1.3683023	0.07073509	0.317902	1.0	4730	tags=55%, list=27%, signal=75%	
ABORTIVE ELONGATION OF HIV-1 TRANSCRIPT IN THE ABSENCE OF TAT%REACTOME%R-HSA-167242.4	ABORTIVE ELONGATION OF HIV-1 TRANSCRIPT IN THE ABSENCE OF TAT%REACTOME%R-HSA-167242.4		22	-0.56100285	-1.368297	0.09226594	0.31755346	1.0	4787	tags=45%, list=27%, signal=63%	
DEOXYRIBONUCLEOTIDE CATABOLIC PROCESS%GOBP%GO:0009264	DEOXYRIBONUCLEOTIDE CATABOLIC PROCESS%GOBP%GO:0009264		20	-0.57427835	-1.3678844	0.09335219	0.31825206	1.0	6387	tags=75%, list=37%, signal=118%	
OXYMORPHONE ACTION PATHWAY%PATHWHIZ%PW000418	OXYMORPHONE ACTION PATHWAY%PATHWHIZ%PW000418		21	-0.56480205	-1.3676605	0.082993194	0.31842887	1.0	2163	tags=29%, list=12%, signal=33%	
RETINOBLASTOMA GENE IN CANCER%WIKIPATHWAYS_20250810%WP2446%HOMO SAPIENS	RETINOBLASTOMA GENE IN CANCER%WIKIPATHWAYS_20250810%WP2446%HOMO SAPIENS		68	-0.4654257	-1.3676186	0.04074074	0.318169	1.0	4461	tags=35%, list=26%, signal=47%	
AUTOPHAGOSOME ASSEMBLY%GOBP%GO:0000045	AUTOPHAGOSOME ASSEMBLY%GOBP%GO:0000045		63	-0.46752864	-1.3674095	0.049321827	0.31832016	1.0	6394	tags=57%, list=37%, signal=90%	
MELANOMA%WIKIPATHWAYS_20250810%WP4685%HOMO SAPIENS	MELANOMA%WIKIPATHWAYS_20250810%WP4685%HOMO SAPIENS		49	-0.49336913	-1.3672241	0.050617285	0.3184621	1.0	3060	tags=33%, list=18%, signal=39%	
SPLICEOSOMAL SNRNP ASSEMBLY%GOBP%GO:0000387	SPLICEOSOMAL SNRNP ASSEMBLY%GOBP%GO:0000387		38	-0.5092782	-1.3672166	0.06041131	0.318114	1.0	5003	tags=47%, list=29%, signal=66%	
KETOBEMIDONE ACTION PATHWAY%SMPDB%SMP0000690	KETOBEMIDONE ACTION PATHWAY%SMPDB%SMP0000690		21	-0.56480205	-1.3671383	0.072222225	0.31794322	1.0	2163	tags=29%, list=12%, signal=33%	
EPH-EPHRIN SIGNALING%REACTOME DATABASE ID RELEASE 93%2682334	EPH-EPHRIN SIGNALING%REACTOME DATABASE ID RELEASE 93%2682334		86	-0.44714782	-1.3670819	0.034924332	0.31770602	1.0	4133	tags=42%, list=24%, signal=55%	
LEVOMETHADYL ACETATE ACTION ACTION PATHWAY%SMPDB%SMP0000677	LEVOMETHADYL ACETATE ACTION ACTION PATHWAY%SMPDB%SMP0000677		21	-0.56480205	-1.3670787	0.08344549	0.31735393	1.0	2163	tags=29%, list=12%, signal=33%	
G1 S-SPECIFIC TRANSCRIPTION%REACTOME%R-HSA-69205.5	G1 S-SPECIFIC TRANSCRIPTION%REACTOME%R-HSA-69205.5		28	-0.5294959	-1.366932	0.09947644	0.31737342	1.0	4027	tags=32%, list=23%, signal=42%	
AMYLOID PRECURSOR PROTEIN METABOLIC PROCESS%GOBP%GO:0042982	AMYLOID PRECURSOR PROTEIN METABOLIC PROCESS%GOBP%GO:0042982		16	-0.59769315	-1.3667822	0.09295775	0.3173945	1.0	3312	tags=44%, list=19%, signal=54%	
SOMATIC DIVERSIFICATION OF IMMUNE RECEPTORS%GOBP%GO:0002200	SOMATIC DIVERSIFICATION OF IMMUNE RECEPTORS%GOBP%GO:0002200		26	-0.5455045	-1.3666326	0.066753924	0.31741893	1.0	5165	tags=50%, list=30%, signal=71%	
7Q11 23 COPY NUMBER VARIATION SYNDROME%WIKIPATHWAYS_20250810%WP4932%HOMO SAPIENS	7Q11 23 COPY NUMBER VARIATION SYNDROME%WIKIPATHWAYS_20250810%WP4932%HOMO SAPIENS		71	-0.46663865	-1.3664131	0.053892214	0.3176114	1.0	4406	tags=41%, list=25%, signal=54%	
ANILERIDINE ACTION PATHWAY%SMPDB%SMP0000674	ANILERIDINE ACTION PATHWAY%SMPDB%SMP0000674		21	-0.56480205	-1.3662684	0.09296149	0.31762862	1.0	2163	tags=29%, list=12%, signal=33%	
BUPIVACAINE ACTION PATHWAY%SMPDB%SMP0000393	BUPIVACAINE ACTION PATHWAY%SMPDB%SMP0000393		21	-0.56480205	-1.3662565	0.08855586	0.3173151	1.0	2163	tags=29%, list=12%, signal=33%	
GLIAL CELL MIGRATION%GOBP%GO:0008347	GLIAL CELL MIGRATION%GOBP%GO:0008347		15	-0.6038602	-1.3661203	0.10402219	0.31730115	1.0	1651	tags=33%, list=9%, signal=37%	
THYROTROPIN-RELEASING HORMONE RECEPTOR SIGNALING PATHWAY%PANTHER PATHWAY%P04394	THYROTROPIN-RELEASING HORMONE RECEPTOR SIGNALING PATHWAY%PANTHER PATHWAY%P04394		46	-0.49505195	-1.3661131	0.0608365	0.3169671	1.0	2570	tags=26%, list=15%, signal=31%	
TNF RELATED WEAK INDUCER OF APOPTOSIS TWEAK SIGNALING%WIKIPATHWAYS_20250810%WP2036%HOMO SAPIENS	TNF RELATED WEAK INDUCER OF APOPTOSIS TWEAK SIGNALING%WIKIPATHWAYS_20250810%WP2036%HOMO SAPIENS		30	-0.52149504	-1.3658144	0.08401084	0.31737915	1.0	3966	tags=50%, list=23%, signal=65%	
COCAINE ACTION PATHWAY%SMPDB%SMP0000395	COCAINE ACTION PATHWAY%SMPDB%SMP0000395		21	-0.56480205	-1.3654696	0.077885956	0.31788358	1.0	2163	tags=29%, list=12%, signal=33%	
REGULATION OF RETINOBLASTOMA PROTEIN%PATHWAY INTERACTION DATABASE NCI-NATURE CURATED DATA%REGULATION OF RETINOBLASTOMA PROTEIN	REGULATION OF RETINOBLASTOMA PROTEIN%PATHWAY INTERACTION DATABASE NCI-NATURE CURATED DATA%REGULATION OF RETINOBLASTOMA PROTEIN		58	-0.47472757	-1.3647922	0.051533744	0.31924963	1.0	3752	tags=36%, list=21%, signal=46%	
PID_INTEGRIN3_PATHWAY%MSIGDB_C2%PID_INTEGRIN3_PATHWAY	PID_INTEGRIN3_PATHWAY%MSIGDB_C2%PID_INTEGRIN3_PATHWAY		29	-0.5322445	-1.3645883	0.07258064	0.3193977	1.0	929	tags=17%, list=5%, signal=18%	
CORTICOTROPIN RELEASING HORMONE SIGNALING%WIKIPATHWAYS_20250810%WP2355%HOMO SAPIENS	CORTICOTROPIN RELEASING HORMONE SIGNALING%WIKIPATHWAYS_20250810%WP2355%HOMO SAPIENS		52	-0.4854933	-1.3645841	0.05498721	0.31905243	1.0	4213	tags=46%, list=24%, signal=61%	
BAFETINIB INHIBITION OF BCR-ABL%PATHWHIZ%PW032597	BAFETINIB INHIBITION OF BCR-ABL%PATHWHIZ%PW032597		18	-0.59677386	-1.3645164	0.09861111	0.31883824	1.0	2528	tags=44%, list=14%, signal=52%	
CARBOHYDRATE HOMEOSTASIS%GOBP%GO:0033500	CARBOHYDRATE HOMEOSTASIS%GOBP%GO:0033500		89	-0.44887942	-1.3642781	0.03448276	0.31910652	1.0	2711	tags=31%, list=16%, signal=37%	
ALBUTEROL AND BUDESONIDE THERAPY FOR ASTHMA%WIKIPATHWAYS_20250810%WP5503%HOMO SAPIENS	ALBUTEROL AND BUDESONIDE THERAPY FOR ASTHMA%WIKIPATHWAYS_20250810%WP5503%HOMO SAPIENS		16	-0.6048703	-1.3642577	0.083215795	0.31882346	1.0	427	tags=25%, list=2%, signal=26%	
RESPONSE TO CHEMOKINE%GOBP%GO:1990868	RESPONSE TO CHEMOKINE%GOBP%GO:1990868		31	-0.52676415	-1.3640809	0.07630522	0.3189377	1.0	2338	tags=26%, list=13%, signal=30%	
DESIPRAMINE ACTION PATHWAY%PATHWHIZ%PW000425	DESIPRAMINE ACTION PATHWAY%PATHWHIZ%PW000425		22	-0.55680966	-1.3639803	0.06896552	0.3188555	1.0	2163	tags=27%, list=12%, signal=31%	
POSITIVE REGULATION OF HYDROLASE ACTIVITY%GOBP%GO:0051345	POSITIVE REGULATION OF HYDROLASE ACTIVITY%GOBP%GO:0051345		88	-0.44845822	-1.3636037	0.03815029	0.31944904	1.0	3833	tags=40%, list=22%, signal=51%	
LAMININ INTERACTIONS%REACTOME DATABASE ID RELEASE 93%3000157	LAMININ INTERACTIONS%REACTOME DATABASE ID RELEASE 93%3000157		19	-0.5706748	-1.363332	0.091530055	0.3197938	1.0	718	tags=21%, list=4%, signal=22%	
ACTIN POLYMERIZATION OR DEPOLYMERIZATION%GOBP%GO:0008154	ACTIN POLYMERIZATION OR DEPOLYMERIZATION%GOBP%GO:0008154		40	-0.5092814	-1.3632412	0.0630517	0.3196635	1.0	5356	tags=48%, list=31%, signal=68%	
ALVIMOPAN ACTION PATHWAY%SMPDB%SMP0000685	ALVIMOPAN ACTION PATHWAY%SMPDB%SMP0000685		21	-0.56480205	-1.3626434	0.086592175	0.32079887	1.0	2163	tags=29%, list=12%, signal=33%	
NUCLEAR MIGRATION%GOBP%GO:0007097	NUCLEAR MIGRATION%GOBP%GO:0007097		19	-0.5810094	-1.3626205	0.0744249	0.32051498	1.0	4358	tags=53%, list=25%, signal=70%	
VIRAL PROTEIN PROCESSING%GOBP%GO:0019082	VIRAL PROTEIN PROCESSING%GOBP%GO:0019082		30	-0.5241967	-1.362499	0.07620321	0.32047787	1.0	2682	tags=43%, list=15%, signal=51%	
IMATINIB INHIBITION OF BCR-ABL%SMPDB%SMP0031694	IMATINIB INHIBITION OF BCR-ABL%SMPDB%SMP0031694		19	-0.5807614	-1.3622413	0.10569106	0.3207581	1.0	2528	tags=42%, list=14%, signal=49%	
CHLOROPROCAINE ACTION PATHWAY%SMPDB%SMP0000394	CHLOROPROCAINE ACTION PATHWAY%SMPDB%SMP0000394		21	-0.56480205	-1.3621979	0.08998549	0.3205165	1.0	2163	tags=29%, list=12%, signal=33%	
DASATINIB INHIBITION OF BCR-ABL%PATHWHIZ%PW032594	DASATINIB INHIBITION OF BCR-ABL%PATHWHIZ%PW032594		18	-0.59677386	-1.3621707	0.087643676	0.32022226	1.0	2528	tags=44%, list=14%, signal=52%	
CODEINE ACTION PATHWAY%PATHWHIZ%PW000411	CODEINE ACTION PATHWAY%PATHWHIZ%PW000411		22	-0.55680966	-1.36195	0.09466667	0.32043996	1.0	2163	tags=27%, list=12%, signal=31%	
METHYLMALONIC ACIDURIA%SMPDB%SMP0000200	METHYLMALONIC ACIDURIA%SMPDB%SMP0000200		27	-0.5371844	-1.3619332	0.08401084	0.32014665	1.0	3632	tags=33%, list=21%, signal=42%	
NUCLEAR SIGNALING BY ERBB4%REACTOME DATABASE ID RELEASE 93%1251985	NUCLEAR SIGNALING BY ERBB4%REACTOME DATABASE ID RELEASE 93%1251985		24	-0.55649185	-1.3618413	0.08277704	0.32003006	1.0	2697	tags=38%, list=15%, signal=44%	
DNA REPLICATION CHECKPOINT SIGNALING%GOBP%GO:0000076	DNA REPLICATION CHECKPOINT SIGNALING%GOBP%GO:0000076		18	-0.5825673	-1.361824	0.09779614	0.31973308	1.0	5851	tags=56%, list=34%, signal=83%	
MAPLE SYRUP URINE DISEASE%PATHWHIZ%PW000064	MAPLE SYRUP URINE DISEASE%PATHWHIZ%PW000064		27	-0.5371844	-1.3617562	0.092866756	0.3195237	1.0	3632	tags=33%, list=21%, signal=42%	
ACTIN FILAMENT CAPPING%GOBP%GO:0051693	ACTIN FILAMENT CAPPING%GOBP%GO:0051693		15	-0.61246735	-1.361573	0.10300429	0.31964535	1.0	2495	tags=33%, list=14%, signal=39%	
PENTAZOCINE ACTION PATHWAY%SMPDB%SMP0000686	PENTAZOCINE ACTION PATHWAY%SMPDB%SMP0000686		21	-0.56480205	-1.3613405	0.08275862	0.31986678	1.0	2163	tags=29%, list=12%, signal=33%	
FEMALE GAMETE GENERATION%GOBP%GO:0007292	FEMALE GAMETE GENERATION%GOBP%GO:0007292		45	-0.4921457	-1.3612937	0.07259074	0.31964025	1.0	3520	tags=33%, list=20%, signal=42%	
MITOCHONDRIAL TRANSLATION INITIATION%REACTOME DATABASE ID RELEASE 93%5368286	MITOCHONDRIAL TRANSLATION INITIATION%REACTOME DATABASE ID RELEASE 93%5368286		86	-0.44681528	-1.3611637	0.037558686	0.31959155	1.0	6716	tags=53%, list=38%, signal=86%	
LEVOBUPIVACAINE ACTION PATHWAY%PATHWHIZ%PW000403	LEVOBUPIVACAINE ACTION PATHWAY%PATHWHIZ%PW000403		21	-0.56480205	-1.3611406	0.088948786	0.31930053	1.0	2163	tags=29%, list=12%, signal=33%	
TRAMADOL ACTION ACTION PATHWAY%SMPDB%SMP0000671	TRAMADOL ACTION ACTION PATHWAY%SMPDB%SMP0000671		21	-0.56480205	-1.3607149	0.09282701	0.3200464	1.0	2163	tags=29%, list=12%, signal=33%	
ASPARTATE FAMILY AMINO ACID METABOLIC PROCESS%GOBP%GO:0009066	ASPARTATE FAMILY AMINO ACID METABOLIC PROCESS%GOBP%GO:0009066		28	-0.53847027	-1.360639	0.080601096	0.3198974	1.0	4079	tags=39%, list=23%, signal=51%	
OXYBUPROCAINE ACTION PATHWAY%SMPDB%SMP0000400	OXYBUPROCAINE ACTION PATHWAY%SMPDB%SMP0000400		21	-0.56480205	-1.3604902	0.08874172	0.31995073	1.0	2163	tags=29%, list=12%, signal=33%	
RECYCLING PATHWAY OF L1%REACTOME%R-HSA-437239.3	RECYCLING PATHWAY OF L1%REACTOME%R-HSA-437239.3		26	-0.54512185	-1.3601762	0.08481532	0.32038492	1.0	3186	tags=42%, list=18%, signal=52%	
3-HYDROXYISOBUTYRIC ACIDURIA%PATHWHIZ%PW000498	3-HYDROXYISOBUTYRIC ACIDURIA%PATHWHIZ%PW000498		27	-0.5371844	-1.3600183	0.085195534	0.32044476	1.0	3632	tags=33%, list=21%, signal=42%	
RESPONSE TO HYDROGEN PEROXIDE%GOBP%GO:0042542	RESPONSE TO HYDROGEN PEROXIDE%GOBP%GO:0042542		35	-0.5111459	-1.3599735	0.07948718	0.32022747	1.0	5300	tags=43%, list=30%, signal=61%	
COPI-MEDIATED ANTEROGRADE TRANSPORT%REACTOME%R-HSA-6807878.2	COPI-MEDIATED ANTEROGRADE TRANSPORT%REACTOME%R-HSA-6807878.2		80	-0.45744994	-1.3599082	0.04307334	0.32002458	1.0	4332	tags=35%, list=25%, signal=46%	
POSITIVE REGULATION OF PROTEASOMAL UBIQUITIN-DEPENDENT PROTEIN CATABOLIC PROCESS%GOBP%GO:0032436	POSITIVE REGULATION OF PROTEASOMAL UBIQUITIN-DEPENDENT PROTEIN CATABOLIC PROCESS%GOBP%GO:0032436		63	-0.47153732	-1.3597233	0.045238096	0.3201365	1.0	3228	tags=37%, list=18%, signal=45%	
MALE MEIOTIC NUCLEAR DIVISION%GOBP%GO:0007140	MALE MEIOTIC NUCLEAR DIVISION%GOBP%GO:0007140		21	-0.5543976	-1.3594973	0.08953168	0.32039478	1.0	5024	tags=43%, list=29%, signal=60%	
PYRIMIDINE-CONTAINING COMPOUND BIOSYNTHETIC PROCESS%GOBP%GO:0072528	PYRIMIDINE-CONTAINING COMPOUND BIOSYNTHETIC PROCESS%GOBP%GO:0072528		25	-0.54640055	-1.359402	0.07733333	0.3203059	1.0	4947	tags=64%, list=28%, signal=89%	
DIMETHYLTHIAMBUTENE ACTION PATHWAY%SMPDB%SMP0000680	DIMETHYLTHIAMBUTENE ACTION PATHWAY%SMPDB%SMP0000680		21	-0.56480205	-1.3593869	0.090287276	0.3200012	1.0	2163	tags=29%, list=12%, signal=33%	
CLASS I PI3K SIGNALING EVENTS MEDIATED BY AKT%PATHWAY INTERACTION DATABASE NCI-NATURE CURATED DATA%CLASS I PI3K SIGNALING EVENTS MEDIATED BY AKT	CLASS I PI3K SIGNALING EVENTS MEDIATED BY AKT%PATHWAY INTERACTION DATABASE NCI-NATURE CURATED DATA%CLASS I PI3K SIGNALING EVENTS MEDIATED BY AKT		34	-0.51025856	-1.3591806	0.08129032	0.32014588	1.0	3552	tags=44%, list=20%, signal=55%	
REGULATION OF INSULIN RECEPTOR SIGNALING PATHWAY%GOBP%GO:0046626	REGULATION OF INSULIN RECEPTOR SIGNALING PATHWAY%GOBP%GO:0046626		40	-0.4980446	-1.3591661	0.059354838	0.31983286	1.0	6440	tags=60%, list=37%, signal=95%	
XENOBIOTIC TRANSPORT%GOBP%GO:0042908	XENOBIOTIC TRANSPORT%GOBP%GO:0042908		26	-0.5426398	-1.359115	0.08310992	0.31962273	1.0	5505	tags=50%, list=32%, signal=73%	
WNT SIGNALING NETPATH%WIKIPATHWAYS_20250810%WP363%HOMO SAPIENS	WNT SIGNALING NETPATH%WIKIPATHWAYS_20250810%WP363%HOMO SAPIENS		39	-0.5029641	-1.3583806	0.06725888	0.32115775	1.0	1653	tags=28%, list=9%, signal=31%	
REGULATION OF AMYLOID-BETA FORMATION%GOBP%GO:1902003	REGULATION OF AMYLOID-BETA FORMATION%GOBP%GO:1902003		32	-0.52389485	-1.3580455	0.08125819	0.32165837	1.0	2017	tags=31%, list=12%, signal=35%	
REMIFENTANIL ACTION PATHWAY%PATHWHIZ%PW000422	REMIFENTANIL ACTION PATHWAY%PATHWHIZ%PW000422		21	-0.56480205	-1.3579309	0.084791385	0.32162005	1.0	2163	tags=29%, list=12%, signal=33%	
EXPORT ACROSS PLASMA MEMBRANE%GOBP%GO:0140115	EXPORT ACROSS PLASMA MEMBRANE%GOBP%GO:0140115		37	-0.51263344	-1.3577275	0.0651289	0.32180125	1.0	2055	tags=30%, list=12%, signal=34%	
INTRACELLULAR CHOLESTEROL TRANSPORT%GOBP%GO:0032367	INTRACELLULAR CHOLESTEROL TRANSPORT%GOBP%GO:0032367		16	-0.5940957	-1.3571416	0.08039492	0.32300568	1.0	3198	tags=56%, list=18%, signal=69%	
NEUTRAL LIPID METABOLIC PROCESS%GOBP%GO:0006638	NEUTRAL LIPID METABOLIC PROCESS%GOBP%GO:0006638		48	-0.4940205	-1.357141	0.060150377	0.32266352	1.0	2865	tags=33%, list=16%, signal=40%	
PROCAINE ACTION PATHWAY%PATHWHIZ%PW000408	PROCAINE ACTION PATHWAY%PATHWHIZ%PW000408		21	-0.56480205	-1.3571392	0.09497207	0.3223266	1.0	2163	tags=29%, list=12%, signal=33%	
MODULATION OF HOST RESPONSES BY IFN-STIMULATED GENES%REACTOME DATABASE ID RELEASE 93%9909505	MODULATION OF HOST RESPONSES BY IFN-STIMULATED GENES%REACTOME DATABASE ID RELEASE 93%9909505		17	-0.58881193	-1.3569854	0.092460886	0.32232374	1.0	2582	tags=29%, list=15%, signal=34%	
PRILOCAINE ACTION PATHWAY%PATHWHIZ%PW000407	PRILOCAINE ACTION PATHWAY%PATHWHIZ%PW000407		21	-0.56480205	-1.3567734	0.104166664	0.32247952	1.0	2163	tags=29%, list=12%, signal=33%	
POSITIVE REGULATION OF MITOPHAGY%GOBP%GO:1901526	POSITIVE REGULATION OF MITOPHAGY%GOBP%GO:1901526		15	-0.6061927	-1.3567085	0.08713693	0.32230875	1.0	5839	tags=73%, list=33%, signal=110%	
REGULATION OF ACTIN FILAMENT BUNDLE ASSEMBLY%GOBP%GO:0032231	REGULATION OF ACTIN FILAMENT BUNDLE ASSEMBLY%GOBP%GO:0032231		70	-0.46128944	-1.3566984	0.046483908	0.32199854	1.0	3882	tags=37%, list=22%, signal=48%	
PROTEINOGENIC AMINO ACID CATABOLIC PROCESS%GOBP%GO:0170040	PROTEINOGENIC AMINO ACID CATABOLIC PROCESS%GOBP%GO:0170040		43	-0.49907055	-1.3566117	0.06887755	0.3218582	1.0	5892	tags=60%, list=34%, signal=91%	
REGULATION OF RHO PROTEIN SIGNAL TRANSDUCTION%GOBP%GO:0035023	REGULATION OF RHO PROTEIN SIGNAL TRANSDUCTION%GOBP%GO:0035023		62	-0.47049803	-1.3565185	0.045566503	0.32176688	1.0	4119	tags=44%, list=24%, signal=57%	
POSITIVE REGULATION OF AUTOPHAGY OF MITOCHONDRION%GOBP%GO:1903599	POSITIVE REGULATION OF AUTOPHAGY OF MITOCHONDRION%GOBP%GO:1903599		17	-0.5918245	-1.3564439	0.11357341	0.3216087	1.0	5839	tags=71%, list=33%, signal=106%	
3-HYDROXYISOBUTYRIC ACID DEHYDROGENASE DEFICIENCY%SMPDB%SMP0000521	3-HYDROXYISOBUTYRIC ACID DEHYDROGENASE DEFICIENCY%SMPDB%SMP0000521		27	-0.5371844	-1.3563205	0.07983762	0.3216048	1.0	3632	tags=33%, list=21%, signal=42%	
ACTIVATION OF GTPASE ACTIVITY%GOBP%GO:0090630	ACTIVATION OF GTPASE ACTIVITY%GOBP%GO:0090630		21	-0.5614032	-1.3562187	0.08579466	0.32152486	1.0	3798	tags=48%, list=22%, signal=61%	
REGULATION OF AMIDE METABOLIC PROCESS%GOBP%GO:0034248	REGULATION OF AMIDE METABOLIC PROCESS%GOBP%GO:0034248		59	-0.4772866	-1.3558576	0.05	0.32214624	1.0	4034	tags=41%, list=23%, signal=53%	
IMIPRAMINE ACTION PATHWAY%SMPDB%SMP0000422	IMIPRAMINE ACTION PATHWAY%SMPDB%SMP0000422		22	-0.5568096	-1.3558154	0.082530946	0.32191744	1.0	2163	tags=27%, list=12%, signal=31%	
PEPTIDE SECRETION%GOBP%GO:0002790	PEPTIDE SECRETION%GOBP%GO:0002790		19	-0.57573575	-1.3553655	0.08583106	0.3226524	1.0	4214	tags=42%, list=24%, signal=55%	
3-METHYLGLUTACONIC ACIDURIA TYPE III%SMPDB%SMP0000140	3-METHYLGLUTACONIC ACIDURIA TYPE III%SMPDB%SMP0000140		27	-0.5371844	-1.3552442	0.10027855	0.3226731	1.0	3632	tags=33%, list=21%, signal=42%	
3-METHYLGLUTACONIC ACIDURIA TYPE IV%SMPDB%SMP0000141	3-METHYLGLUTACONIC ACIDURIA TYPE IV%SMPDB%SMP0000141		27	-0.5371844	-1.3551462	0.08141112	0.322577	1.0	3632	tags=33%, list=21%, signal=42%	
TRISTETRAPROLIN (TTP, ZFP36) BINDS AND DESTABILIZES MRNA%REACTOME DATABASE ID RELEASE 93%450513	TRISTETRAPROLIN (TTP, ZFP36) BINDS AND DESTABILIZES MRNA%REACTOME DATABASE ID RELEASE 93%450513		17	-0.59194094	-1.3548622	0.1	0.32292014	1.0	5560	tags=59%, list=32%, signal=86%	
PROPOXYPHENE ACTION PATHWAY%PATHWHIZ%PW000649	PROPOXYPHENE ACTION PATHWAY%PATHWHIZ%PW000649		21	-0.56480205	-1.354743	0.10054348	0.32289347	1.0	2163	tags=29%, list=12%, signal=33%	
TRANSCRIPTION PREINITIATION COMPLEX ASSEMBLY%GOBP%GO:0070897	TRANSCRIPTION PREINITIATION COMPLEX ASSEMBLY%GOBP%GO:0070897		49	-0.4848709	-1.3545258	0.07503234	0.32303903	1.0	5569	tags=39%, list=32%, signal=57%	
PROPIONIC ACIDEMIA%PATHWHIZ%PW000062	PROPIONIC ACIDEMIA%PATHWHIZ%PW000062		27	-0.5371844	-1.3543612	0.07577808	0.3231106	1.0	3632	tags=33%, list=21%, signal=42%	
NALBUPHINE ACTION PATHWAY%SMPDB%SMP0000691	NALBUPHINE ACTION PATHWAY%SMPDB%SMP0000691		22	-0.55453545	-1.3543421	0.0896921	0.32282442	1.0	2163	tags=27%, list=12%, signal=31%	
FATTY ACID BIOSYNTHESIS%WIKIPATHWAYS_20250810%WP357%HOMO SAPIENS	FATTY ACID BIOSYNTHESIS%WIKIPATHWAYS_20250810%WP357%HOMO SAPIENS		15	-0.59665114	-1.3542978	0.102453105	0.3225868	1.0	2051	tags=33%, list=12%, signal=38%	
PID_CASPASE_PATHWAY%MSIGDB_C2%PID_CASPASE_PATHWAY	PID_CASPASE_PATHWAY%MSIGDB_C2%PID_CASPASE_PATHWAY		32	-0.51696146	-1.3539332	0.077939235	0.32322505	1.0	5366	tags=59%, list=31%, signal=86%	
LEVORPHANOL ACTION PATHWAY%SMPDB%SMP0000673	LEVORPHANOL ACTION PATHWAY%SMPDB%SMP0000673		21	-0.56480205	-1.3539017	0.086538464	0.3229687	1.0	2163	tags=29%, list=12%, signal=33%	
BENZOCAINE ACTION PATHWAY%SMPDB%SMP0000392	BENZOCAINE ACTION PATHWAY%SMPDB%SMP0000392		21	-0.56480205	-1.353771	0.0900277	0.3229643	1.0	2163	tags=29%, list=12%, signal=33%	
POSITIVE REGULATION OF BLOOD COAGULATION%GOBP%GO:0030194	POSITIVE REGULATION OF BLOOD COAGULATION%GOBP%GO:0030194		15	-0.6038558	-1.353355	0.08888889	0.32365283	1.0	1210	tags=27%, list=7%, signal=29%	
3-HYDROXY-3-METHYLGLUTARYL-COA LYASE DEFICIENCY%PATHWHIZ%PW000063	3-HYDROXY-3-METHYLGLUTARYL-COA LYASE DEFICIENCY%PATHWHIZ%PW000063		27	-0.5371844	-1.3532354	0.084487535	0.32360676	1.0	3632	tags=33%, list=21%, signal=42%	
ESCITALOPRAM ACTION PATHWAY%PATHWHIZ%PW000427	ESCITALOPRAM ACTION PATHWAY%PATHWHIZ%PW000427		21	-0.56480205	-1.3529353	0.07797538	0.32403135	1.0	2163	tags=29%, list=12%, signal=33%	
AUTOPHAGOSOME MATURATION%GOBP%GO:0097352	AUTOPHAGOSOME MATURATION%GOBP%GO:0097352		41	-0.4956126	-1.3525702	0.06274008	0.32457665	1.0	2856	tags=27%, list=16%, signal=32%	
REGULATION OF CELL SIZE%GOBP%GO:0008361	REGULATION OF CELL SIZE%GOBP%GO:0008361		86	-0.44234875	-1.3519175	0.05399061	0.3258261	1.0	5130	tags=55%, list=29%, signal=77%	
TRNA MODIFICATION%GOBP%GO:0006400	TRNA MODIFICATION%GOBP%GO:0006400		84	-0.45430326	-1.3518368	0.043735225	0.32571086	1.0	3871	tags=31%, list=22%, signal=40%	
GLUCOSE HOMEOSTASIS%GOBP%GO:0042593	GLUCOSE HOMEOSTASIS%GOBP%GO:0042593		89	-0.44887942	-1.3515148	0.046728972	0.32617426	1.0	2711	tags=31%, list=16%, signal=37%	
PID_TELOMERASE_PATHWAY%MSIGDB_C2%PID_TELOMERASE_PATHWAY	PID_TELOMERASE_PATHWAY%MSIGDB_C2%PID_TELOMERASE_PATHWAY		56	-0.473222	-1.3514152	0.05904059	0.32610923	1.0	5050	tags=46%, list=29%, signal=65%	
2-METHYL-3-HYDROXYBUTYRYL-COA DEHYDROGENASE DEFICIENCY%PATHWHIZ%PW000061	2-METHYL-3-HYDROXYBUTYRYL-COA DEHYDROGENASE DEFICIENCY%PATHWHIZ%PW000061		27	-0.5371844	-1.3511094	0.07441253	0.32652417	1.0	3632	tags=33%, list=21%, signal=42%	
L1CAM INTERACTIONS%REACTOME%R-HSA-373760.4	L1CAM INTERACTIONS%REACTOME%R-HSA-373760.4		89	-0.4474358	-1.35084	0.047072332	0.3268853	1.0	3186	tags=39%, list=18%, signal=48%	
ETHER LIPID BIOSYNTHESIS%WIKIPATHWAYS_20250810%WP5275%HOMO SAPIENS	ETHER LIPID BIOSYNTHESIS%WIKIPATHWAYS_20250810%WP5275%HOMO SAPIENS		15	-0.60138524	-1.3507938	0.095375724	0.3266701	1.0	2489	tags=33%, list=14%, signal=39%	
TRANSPORT OF BILE SALTS AND ORGANIC ACIDS, METAL IONS AND AMINE COMPOUNDS%REACTOME%R-HSA-425366.5	TRANSPORT OF BILE SALTS AND ORGANIC ACIDS, METAL IONS AND AMINE COMPOUNDS%REACTOME%R-HSA-425366.5		48	-0.48138654	-1.350769	0.073979594	0.32638523	1.0	2135	tags=21%, list=12%, signal=24%	
REGULATION OF MITOCHONDRION ORGANIZATION%GOBP%GO:0010821	REGULATION OF MITOCHONDRION ORGANIZATION%GOBP%GO:0010821		94	-0.44456995	-1.3506141	0.041284405	0.32643995	1.0	3774	tags=38%, list=22%, signal=49%	
REGULATION OF ESTABLISHMENT OF PROTEIN LOCALIZATION TO MITOCHONDRION%GOBP%GO:1903747	REGULATION OF ESTABLISHMENT OF PROTEIN LOCALIZATION TO MITOCHONDRION%GOBP%GO:1903747		39	-0.48746535	-1.3504509	0.078947365	0.32650453	1.0	4289	tags=41%, list=25%, signal=54%	
RAF ACTIVATION%REACTOME DATABASE ID RELEASE 93%5673000	RAF ACTIVATION%REACTOME DATABASE ID RELEASE 93%5673000		32	-0.5130578	-1.3502017	0.08222812	0.32676497	1.0	3368	tags=38%, list=19%, signal=46%	
METHADYL ACETATE ACTION PATHWAY%PATHWHIZ%PW000655	METHADYL ACETATE ACTION PATHWAY%PATHWHIZ%PW000655		21	-0.56480205	-1.3501204	0.08888889	0.32664517	1.0	2163	tags=29%, list=12%, signal=33%	
MIRNA REGULATION OF DNA DAMAGE RESPONSE%WIKIPATHWAYS_20250810%WP1530%HOMO SAPIENS	MIRNA REGULATION OF DNA DAMAGE RESPONSE%WIKIPATHWAYS_20250810%WP1530%HOMO SAPIENS		55	-0.47396642	-1.3500624	0.073800735	0.32645142	1.0	4421	tags=31%, list=25%, signal=41%	
PROPARACAINE ACTION PATHWAY%PATHWHIZ%PW000409	PROPARACAINE ACTION PATHWAY%PATHWHIZ%PW000409		21	-0.56480205	-1.3498964	0.101265825	0.32652143	1.0	2163	tags=29%, list=12%, signal=33%	
APOPTOTIC MITOCHONDRIAL CHANGES%GOBP%GO:0008637	APOPTOTIC MITOCHONDRIAL CHANGES%GOBP%GO:0008637		37	-0.50594354	-1.3498187	0.076416336	0.32640472	1.0	4353	tags=35%, list=25%, signal=47%	
SIGNAL RELEASE FROM SYNAPSE%GOBP%GO:0099643	SIGNAL RELEASE FROM SYNAPSE%GOBP%GO:0099643		59	-0.4636148	-1.3497424	0.05230386	0.32627916	1.0	2708	tags=32%, list=16%, signal=38%	
CAMKK2 PATHWAY%WIKIPATHWAYS_20250810%WP4874%HOMO SAPIENS	CAMKK2 PATHWAY%WIKIPATHWAYS_20250810%WP4874%HOMO SAPIENS		72	-0.45477724	-1.3496543	0.05609756	0.32617253	1.0	4701	tags=42%, list=27%, signal=57%	
SIGNALING BY SCF-KIT%REACTOME DATABASE ID RELEASE 93%1433557	SIGNALING BY SCF-KIT%REACTOME DATABASE ID RELEASE 93%1433557		31	-0.52820295	-1.34933	0.069986545	0.32665926	1.0	4954	tags=48%, list=28%, signal=67%	
EPITHELIUM MIGRATION%GOBP%GO:0090132	EPITHELIUM MIGRATION%GOBP%GO:0090132		18	-0.5731342	-1.3493285	0.102920726	0.32633182	1.0	6759	tags=61%, list=39%, signal=100%	
POSITIVE REGULATION OF ERAD PATHWAY%GOBP%GO:1904294	POSITIVE REGULATION OF ERAD PATHWAY%GOBP%GO:1904294		15	-0.5946835	-1.3492866	0.10043668	0.3261257	1.0	3086	tags=33%, list=18%, signal=40%	
CELLULAR RESPONSE TO KETONE%GOBP%GO:1901655	CELLULAR RESPONSE TO KETONE%GOBP%GO:1901655		35	-0.51283693	-1.3491551	0.06746032	0.32613233	1.0	1045	tags=26%, list=6%, signal=27%	
TRANSLATION OF STRUCTURAL PROTEINS%REACTOME DATABASE ID RELEASE 93%9683701	TRANSLATION OF STRUCTURAL PROTEINS%REACTOME DATABASE ID RELEASE 93%9683701		29	-0.5224443	-1.3489466	0.105058365	0.32634038	1.0	2682	tags=38%, list=15%, signal=45%	
NUCLEOSOME DISASSEMBLY%GOBP%GO:0006337	NUCLEOSOME DISASSEMBLY%GOBP%GO:0006337		17	-0.59066397	-1.3486369	0.100981764	0.32679075	1.0	3950	tags=47%, list=23%, signal=61%	
EPO RECEPTOR SIGNALING%WIKIPATHWAYS_20250810%WP581%HOMO SAPIENS	EPO RECEPTOR SIGNALING%WIKIPATHWAYS_20250810%WP581%HOMO SAPIENS		17	-0.58561516	-1.3486187	0.10306407	0.32652	1.0	5508	tags=65%, list=32%, signal=94%	
NEURON FUNCTION%SMPDB%SMP0000224	NEURON FUNCTION%SMPDB%SMP0000224		21	-0.56480205	-1.3483529	0.11473088	0.32678634	1.0	2163	tags=29%, list=12%, signal=33%	
CELLULAR RESPONSE TO HEAT STRESS%REACTOME DATABASE ID RELEASE 93%3371556	CELLULAR RESPONSE TO HEAT STRESS%REACTOME DATABASE ID RELEASE 93%3371556		84	-0.45195112	-1.3482938	0.038869258	0.3266109	1.0	4432	tags=38%, list=25%, signal=51%	
DIPHENOXYLATE ACTION PATHWAY%SMPDB%SMP0000675	DIPHENOXYLATE ACTION PATHWAY%SMPDB%SMP0000675		21	-0.56480205	-1.3481643	0.08516484	0.3266334	1.0	2163	tags=29%, list=12%, signal=33%	
BASE EXCISION REPAIR%WIKIPATHWAYS_20250810%WP4752%HOMO SAPIENS	BASE EXCISION REPAIR%WIKIPATHWAYS_20250810%WP4752%HOMO SAPIENS		27	-0.5405347	-1.347976	0.097855225	0.3267483	1.0	4979	tags=56%, list=29%, signal=78%	
HYDROCODONE ACTION PATHWAY%SMPDB%SMP0000411	HYDROCODONE ACTION PATHWAY%SMPDB%SMP0000411		21	-0.56480205	-1.3478202	0.10169491	0.32680297	1.0	2163	tags=29%, list=12%, signal=33%	
ETHYLMORPHINE ACTION PATHWAY%SMPDB%SMP0000681	ETHYLMORPHINE ACTION PATHWAY%SMPDB%SMP0000681		21	-0.56480205	-1.3477542	0.075	0.3266456	1.0	2163	tags=29%, list=12%, signal=33%	
METHYLMALONATE SEMIALDEHYDE DEHYDROGENASE DEFICIENCY%SMPDB%SMP0000384	METHYLMALONATE SEMIALDEHYDE DEHYDROGENASE DEFICIENCY%SMPDB%SMP0000384		27	-0.5371844	-1.3476648	0.09165527	0.32654217	1.0	3632	tags=33%, list=21%, signal=42%	
TAT-MEDIATED HIV ELONGATION ARREST AND RECOVERY%REACTOME DATABASE ID RELEASE 93%167243	TAT-MEDIATED HIV ELONGATION ARREST AND RECOVERY%REACTOME DATABASE ID RELEASE 93%167243		26	-0.528244	-1.3476224	0.09353507	0.32632315	1.0	3830	tags=35%, list=22%, signal=44%	
ISOVALERIC ACIDEMIA%PATHWHIZ%PW000500	ISOVALERIC ACIDEMIA%PATHWHIZ%PW000500		27	-0.5371844	-1.3472041	0.07681756	0.32709035	1.0	3632	tags=33%, list=21%, signal=42%	
DIBUCAINE ACTION PATHWAY%SMPDB%SMP0000396	DIBUCAINE ACTION PATHWAY%SMPDB%SMP0000396		21	-0.56480205	-1.3471373	0.08277704	0.32694608	1.0	2163	tags=29%, list=12%, signal=33%	
MAPK TARGETS  NUCLEAR EVENTS MEDIATED BY MAP KINASES%REACTOME DATABASE ID RELEASE 93%450282	MAPK TARGETS  NUCLEAR EVENTS MEDIATED BY MAP KINASES%REACTOME DATABASE ID RELEASE 93%450282		30	-0.5280672	-1.3468574	0.07506702	0.3272982	1.0	3273	tags=37%, list=19%, signal=45%	
SIGNALING BY BRAF AND RAF1 FUSIONS%REACTOME DATABASE ID RELEASE 93%6802952	SIGNALING BY BRAF AND RAF1 FUSIONS%REACTOME DATABASE ID RELEASE 93%6802952		54	-0.47353658	-1.3467441	0.077586204	0.32726943	1.0	2818	tags=30%, list=16%, signal=35%	
HYDROMORPHONE ACTION PATHWAY%PATHWHIZ%PW000416	HYDROMORPHONE ACTION PATHWAY%PATHWHIZ%PW000416		21	-0.56480205	-1.3466965	0.09583333	0.32707217	1.0	2163	tags=29%, list=12%, signal=33%	
EPHB-MEDIATED FORWARD SIGNALING%REACTOME%R-HSA-3928662.4	EPHB-MEDIATED FORWARD SIGNALING%REACTOME%R-HSA-3928662.4		33	-0.5110132	-1.3466904	0.08524173	0.32675686	1.0	4615	tags=48%, list=26%, signal=66%	
REGULATION OF CELL-MATRIX ADHESION%GOBP%GO:0001952	REGULATION OF CELL-MATRIX ADHESION%GOBP%GO:0001952		79	-0.45207274	-1.3466716	0.05791962	0.32648155	1.0	3809	tags=34%, list=22%, signal=44%	
BUPRENORPHINE ACTION PATHWAY%SMPDB%SMP0000684	BUPRENORPHINE ACTION PATHWAY%SMPDB%SMP0000684		21	-0.56480205	-1.3466592	0.086538464	0.32619938	1.0	2163	tags=29%, list=12%, signal=33%	
REGULATION OF TRANSMEMBRANE TRANSPORTER ACTIVITY%GOBP%GO:0022898	REGULATION OF TRANSMEMBRANE TRANSPORTER ACTIVITY%GOBP%GO:0022898		49	-0.48503694	-1.3465018	0.06361323	0.3262656	1.0	4034	tags=35%, list=23%, signal=45%	
TSH%NETPATH%TSH	TSH%NETPATH%TSH		16	-0.6013559	-1.3464186	0.09903714	0.32616484	1.0	2818	tags=38%, list=16%, signal=45%	
CARBOHYDRATE TRANSMEMBRANE TRANSPORT%GOBP%GO:0034219	CARBOHYDRATE TRANSMEMBRANE TRANSPORT%GOBP%GO:0034219		24	-0.54845244	-1.3464149	0.09127517	0.32585627	1.0	4752	tags=46%, list=27%, signal=63%	
MYELOID LEUKOCYTE DIFFERENTIATION%GOBP%GO:0002573	MYELOID LEUKOCYTE DIFFERENTIATION%GOBP%GO:0002573		60	-0.4668769	-1.346235	0.05	0.32598308	1.0	3787	tags=32%, list=22%, signal=40%	
3-METHYLCROTONYL-COA CARBOXYLASE DEFICIENCY TYPE I%SMPDB%SMP0000237	3-METHYLCROTONYL-COA CARBOXYLASE DEFICIENCY TYPE I%SMPDB%SMP0000237		27	-0.5371844	-1.3460594	0.08672799	0.32611468	1.0	3632	tags=33%, list=21%, signal=42%	
MACROMOLECULE DEACYLATION%GOBP%GO:0098732	MACROMOLECULE DEACYLATION%GOBP%GO:0098732		19	-0.56086004	-1.345906	0.10891089	0.32618687	1.0	5117	tags=58%, list=29%, signal=82%	
REGULATION OF FOCAL ADHESION ASSEMBLY%GOBP%GO:0051893	REGULATION OF FOCAL ADHESION ASSEMBLY%GOBP%GO:0051893		51	-0.47579855	-1.3456035	0.06871165	0.3266178	1.0	3720	tags=41%, list=21%, signal=52%	
POSITIVE REGULATION OF CELL KILLING%GOBP%GO:0031343	POSITIVE REGULATION OF CELL KILLING%GOBP%GO:0031343		22	-0.55802745	-1.3455403	0.09646739	0.3264369	1.0	969	tags=18%, list=6%, signal=19%	
POSITIVE REGULATION OF D-GLUCOSE IMPORT%GOBP%GO:0046326	POSITIVE REGULATION OF D-GLUCOSE IMPORT%GOBP%GO:0046326		18	-0.5812753	-1.3451363	0.1066482	0.32716787	1.0	439	tags=17%, list=3%, signal=17%	
CONSTITUTIVE HETEROCHROMATIN FORMATION%GOBP%GO:0140719	CONSTITUTIVE HETEROCHROMATIN FORMATION%GOBP%GO:0140719		39	-0.50257343	-1.3449924	0.08290155	0.3272103	1.0	5495	tags=54%, list=31%, signal=78%	
BIOCARTA_RAS_PATHWAY%MSIGDB_C2%BIOCARTA_RAS_PATHWAY	BIOCARTA_RAS_PATHWAY%MSIGDB_C2%BIOCARTA_RAS_PATHWAY		16	-0.5970429	-1.344945	0.0882353	0.327004	1.0	3060	tags=50%, list=18%, signal=61%	
VIRION ASSEMBLY%GOBP%GO:0019068	VIRION ASSEMBLY%GOBP%GO:0019068		32	-0.5190351	-1.344717	0.08344031	0.3272598	1.0	2856	tags=34%, list=16%, signal=41%	
RNA POLYMERASE II TRANSCRIPTION TERMINATION%REACTOME DATABASE ID RELEASE 93%73856	RNA POLYMERASE II TRANSCRIPTION TERMINATION%REACTOME DATABASE ID RELEASE 93%73856		65	-0.46355668	-1.3444391	0.06045949	0.32765764	1.0	4787	tags=40%, list=27%, signal=55%	
TROP2 REGULATORY SIGNALING%WIKIPATHWAYS_20250810%WP5300%HOMO SAPIENS	TROP2 REGULATORY SIGNALING%WIKIPATHWAYS_20250810%WP5300%HOMO SAPIENS		31	-0.5198637	-1.3443185	0.089121886	0.32766235	1.0	3060	tags=32%, list=18%, signal=39%	
MITOCHONDRIAL CALCIUM ION TRANSMEMBRANE TRANSPORT%GOBP%GO:0006851	MITOCHONDRIAL CALCIUM ION TRANSMEMBRANE TRANSPORT%GOBP%GO:0006851		17	-0.5813749	-1.3442308	0.10584958	0.32755205	1.0	4539	tags=59%, list=26%, signal=79%	
NEGATIVE REGULATION OF PROTEOLYSIS INVOLVED IN PROTEIN CATABOLIC PROCESS%GOBP%GO:1903051	NEGATIVE REGULATION OF PROTEOLYSIS INVOLVED IN PROTEIN CATABOLIC PROCESS%GOBP%GO:1903051		56	-0.4731826	-1.3439283	0.05172414	0.3280057	1.0	4259	tags=38%, list=24%, signal=49%	
DEZOCINE ACTION PATHWAY%PATHWHIZ%PW000653	DEZOCINE ACTION PATHWAY%PATHWHIZ%PW000653		21	-0.56480205	-1.3433572	0.08678237	0.32907325	1.0	2163	tags=29%, list=12%, signal=33%	
PID_BETA_CATENIN_DEG_PATHWAY%MSIGDB_C2%PID_BETA_CATENIN_DEG_PATHWAY	PID_BETA_CATENIN_DEG_PATHWAY%MSIGDB_C2%PID_BETA_CATENIN_DEG_PATHWAY		15	-0.5919134	-1.34324	0.11857143	0.32904875	1.0	3304	tags=33%, list=19%, signal=41%	
B CELL RECEPTOR SIGNALING PATHWAY%GOBP%GO:0050853	B CELL RECEPTOR SIGNALING PATHWAY%GOBP%GO:0050853		16	-0.5902871	-1.342947	0.10623229	0.32946783	1.0	2759	tags=38%, list=16%, signal=44%	
NUCLEOSIDE MONOPHOSPHATE METABOLIC PROCESS%GOBP%GO:0009123	NUCLEOSIDE MONOPHOSPHATE METABOLIC PROCESS%GOBP%GO:0009123		33	-0.5061942	-1.342932	0.0821382	0.32919016	1.0	4660	tags=52%, list=27%, signal=70%	
CELLULAR RESPONSE TO GLUCOSE STIMULUS%GOBP%GO:0071333	CELLULAR RESPONSE TO GLUCOSE STIMULUS%GOBP%GO:0071333		29	-0.530405	-1.3427399	0.105053194	0.3293368	1.0	4343	tags=41%, list=25%, signal=55%	
REGULATION OF POTASSIUM ION TRANSPORT%GOBP%GO:0043266	REGULATION OF POTASSIUM ION TRANSPORT%GOBP%GO:0043266		50	-0.48246956	-1.3426768	0.07483871	0.32918605	1.0	3375	tags=32%, list=19%, signal=40%	
MITOCHONDRIAL COMPLEX IV ASSEMBLY%WIKIPATHWAYS_20250810%WP4922%HOMO SAPIENS	MITOCHONDRIAL COMPLEX IV ASSEMBLY%WIKIPATHWAYS_20250810%WP4922%HOMO SAPIENS		27	-0.5390193	-1.3424457	0.09906292	0.32939887	1.0	4094	tags=41%, list=23%, signal=53%	
REGULATION OF RECEPTOR RECYCLING%GOBP%GO:0001919	REGULATION OF RECEPTOR RECYCLING%GOBP%GO:0001919		15	-0.59869003	-1.342438	0.11927878	0.32910383	1.0	5700	tags=67%, list=33%, signal=99%	
METHADONE ACTION PATHWAY%PATHWHIZ%PW000414	METHADONE ACTION PATHWAY%PATHWHIZ%PW000414		22	-0.5568096	-1.3422273	0.09140518	0.3292825	1.0	2163	tags=27%, list=12%, signal=31%	
REGULATION OF CELL KILLING%GOBP%GO:0031341	REGULATION OF CELL KILLING%GOBP%GO:0031341		35	-0.50482905	-1.3420541	0.09350649	0.32940415	1.0	3400	tags=29%, list=19%, signal=35%	
MITOPHAGY%REACTOME%R-HSA-5205647.6	MITOPHAGY%REACTOME%R-HSA-5205647.6		34	-0.5068336	-1.3418959	0.10198676	0.3294509	1.0	4825	tags=53%, list=28%, signal=73%	
REGULATION OF ENDOTHELIAL CELL PROLIFERATION%GOBP%GO:0001936	REGULATION OF ENDOTHELIAL CELL PROLIFERATION%GOBP%GO:0001936		81	-0.45010307	-1.3415236	0.0472255	0.33004817	1.0	2491	tags=22%, list=14%, signal=26%	
NEGATIVE REGULATION OF ENDOPLASMIC RETICULUM UNFOLDED PROTEIN RESPONSE%GOBP%GO:1900102	NEGATIVE REGULATION OF ENDOPLASMIC RETICULUM UNFOLDED PROTEIN RESPONSE%GOBP%GO:1900102		16	-0.5875029	-1.3410325	0.0952381	0.3309376	1.0	4308	tags=63%, list=25%, signal=83%	
SUFENTANIL ACTION PATHWAY%PATHWHIZ%PW000423	SUFENTANIL ACTION PATHWAY%PATHWHIZ%PW000423		21	-0.56480205	-1.3408444	0.08891929	0.33113924	1.0	2163	tags=29%, list=12%, signal=33%	
SUMOYLATION OF DNA REPLICATION PROTEINS%REACTOME%R-HSA-4615885.7	SUMOYLATION OF DNA REPLICATION PROTEINS%REACTOME%R-HSA-4615885.7		42	-0.49860263	-1.3407019	0.072632946	0.3311522	1.0	2209	tags=26%, list=13%, signal=30%	
REGULATION OF MICROTUBULE-BASED MOVEMENT%GOBP%GO:0060632	REGULATION OF MICROTUBULE-BASED MOVEMENT%GOBP%GO:0060632		26	-0.53112996	-1.3404332	0.10568032	0.33151835	1.0	5319	tags=38%, list=30%, signal=55%	
RNA POLYMERASE III TRANSCRIPTION%REACTOME DATABASE ID RELEASE 93%74158	RNA POLYMERASE III TRANSCRIPTION%REACTOME DATABASE ID RELEASE 93%74158		40	-0.49271107	-1.3404112	0.08701135	0.33124852	1.0	5787	tags=52%, list=33%, signal=78%	
BIOCARTA_INSULIN_PATHWAY%MSIGDB_C2%BIOCARTA_INSULIN_PATHWAY	BIOCARTA_INSULIN_PATHWAY%MSIGDB_C2%BIOCARTA_INSULIN_PATHWAY		17	-0.5914275	-1.3402345	0.10070922	0.33137363	1.0	4883	tags=71%, list=28%, signal=98%	
STRIATED MUSCLE CELL DEVELOPMENT%GOBP%GO:0055002	STRIATED MUSCLE CELL DEVELOPMENT%GOBP%GO:0055002		72	-0.45745495	-1.3400973	0.05269461	0.3313707	1.0	2742	tags=35%, list=16%, signal=41%	
POSITIVE REGULATION OF TRANSCRIPTION ELONGATION BY RNA POLYMERASE II%GOBP%GO:0032968	POSITIVE REGULATION OF TRANSCRIPTION ELONGATION BY RNA POLYMERASE II%GOBP%GO:0032968		50	-0.48309666	-1.3398802	0.070197046	0.33159712	1.0	6247	tags=50%, list=36%, signal=78%	
REGULATION OF LEUKOCYTE DEGRANULATION%GOBP%GO:0043300	REGULATION OF LEUKOCYTE DEGRANULATION%GOBP%GO:0043300		19	-0.561699	-1.339633	0.102351315	0.3318896	1.0	4034	tags=42%, list=23%, signal=55%	
MODIFIED AMINO ACID TRANSPORT%GOBP%GO:0072337	MODIFIED AMINO ACID TRANSPORT%GOBP%GO:0072337		20	-0.55543375	-1.3396167	0.10373444	0.33162174	1.0	2631	tags=40%, list=15%, signal=47%	
FGFR1 MUTANT RECEPTOR ACTIVATION%REACTOME DATABASE ID RELEASE 93%1839124	FGFR1 MUTANT RECEPTOR ACTIVATION%REACTOME DATABASE ID RELEASE 93%1839124		20	-0.5623657	-1.339578	0.10174029	0.33141914	1.0	1517	tags=30%, list=9%, signal=33%	
REGULATION OF JUN KINASE ACTIVITY%GOBP%GO:0043506	REGULATION OF JUN KINASE ACTIVITY%GOBP%GO:0043506		15	-0.5962691	-1.3395479	0.121751025	0.33117062	1.0	3089	tags=33%, list=18%, signal=40%	
CELLULAR RESPONSES TO MECHANICAL STIMULI%REACTOME DATABASE ID RELEASE 93%9855142	CELLULAR RESPONSES TO MECHANICAL STIMULI%REACTOME DATABASE ID RELEASE 93%9855142		85	-0.44132513	-1.339354	0.050410315	0.33135402	1.0	4101	tags=39%, list=23%, signal=50%	
POSITIVE REGULATION OF ACTIN FILAMENT BUNDLE ASSEMBLY%GOBP%GO:0032233	POSITIVE REGULATION OF ACTIN FILAMENT BUNDLE ASSEMBLY%GOBP%GO:0032233		42	-0.48939183	-1.3392969	0.06967742	0.3311961	1.0	3882	tags=45%, list=22%, signal=58%	
POTASSIUM ION TRANSMEMBRANE TRANSPORT%GOBP%GO:0071805	POTASSIUM ION TRANSMEMBRANE TRANSPORT%GOBP%GO:0071805		93	-0.43612403	-1.3392004	0.043879908	0.33111495	1.0	2055	tags=24%, list=12%, signal=27%	
EPITHELIAL CELL MIGRATION%GOBP%GO:0010631	EPITHELIAL CELL MIGRATION%GOBP%GO:0010631		17	-0.58967113	-1.3390617	0.115384616	0.33116043	1.0	4604	tags=41%, list=26%, signal=56%	
BETA3 INTEGRIN CELL SURFACE INTERACTIONS%PATHWAY INTERACTION DATABASE NCI-NATURE CURATED DATA%BETA3 INTEGRIN CELL SURFACE INTERACTIONS	BETA3 INTEGRIN CELL SURFACE INTERACTIONS%PATHWAY INTERACTION DATABASE NCI-NATURE CURATED DATA%BETA3 INTEGRIN CELL SURFACE INTERACTIONS		32	-0.523061	-1.3388238	0.07948718	0.33145308	1.0	929	tags=19%, list=5%, signal=20%	
INTEGRIN-MEDIATED SIGNALING PATHWAY%GOBP%GO:0007229	INTEGRIN-MEDIATED SIGNALING PATHWAY%GOBP%GO:0007229		56	-0.4788132	-1.3387601	0.05896806	0.3312853	1.0	2582	tags=32%, list=15%, signal=38%	
RIBOSOMAL LARGE SUBUNIT BIOGENESIS%GOBP%GO:0042273	RIBOSOMAL LARGE SUBUNIT BIOGENESIS%GOBP%GO:0042273		64	-0.46216047	-1.3383288	0.04534314	0.33202925	1.0	5608	tags=53%, list=32%, signal=78%	
EPIDERMAL GROWTH FACTOR RECEPTOR SIGNALING PATHWAY%GOBP%GO:0007173	EPIDERMAL GROWTH FACTOR RECEPTOR SIGNALING PATHWAY%GOBP%GO:0007173		42	-0.49598426	-1.3381225	0.083226636	0.3322038	1.0	3720	tags=40%, list=21%, signal=51%	
REGULATION OF PROTEIN TARGETING TO MEMBRANE%GOBP%GO:0090313	REGULATION OF PROTEIN TARGETING TO MEMBRANE%GOBP%GO:0090313		21	-0.5562612	-1.3373154	0.09543569	0.33384216	1.0	1415	tags=29%, list=8%, signal=31%	
4 HYDROXYTAMOXIFEN DEXAMETHASONE AND RETINOIC ACIDS REGULATION OF P27 EXPRESSION%WIKIPATHWAYS_20250810%WP3879%HOMO SAPIENS	4 HYDROXYTAMOXIFEN DEXAMETHASONE AND RETINOIC ACIDS REGULATION OF P27 EXPRESSION%WIKIPATHWAYS_20250810%WP3879%HOMO SAPIENS		19	-0.55829966	-1.3372257	0.09766162	0.33375168	1.0	3089	tags=47%, list=18%, signal=57%	
CLASS I PI3K SIGNALING EVENTS%PATHWAY INTERACTION DATABASE NCI-NATURE CURATED DATA%CLASS I PI3K SIGNALING EVENTS	CLASS I PI3K SIGNALING EVENTS%PATHWAY INTERACTION DATABASE NCI-NATURE CURATED DATA%CLASS I PI3K SIGNALING EVENTS		34	-0.5115267	-1.337119	0.080872916	0.33373868	1.0	3815	tags=44%, list=22%, signal=56%	
NUCLEUS LOCALIZATION%GOBP%GO:0051647	NUCLEUS LOCALIZATION%GOBP%GO:0051647		22	-0.5596864	-1.3370948	0.10326087	0.33348566	1.0	4358	tags=45%, list=25%, signal=60%	
TRANSPOSABLE ELEMENT SILENCING%GOBP%GO:0010526	TRANSPOSABLE ELEMENT SILENCING%GOBP%GO:0010526		19	-0.569232	-1.3370428	0.10364146	0.33328995	1.0	3959	tags=47%, list=23%, signal=61%	
VEGF SIGNALING PATHWAY%PANTHER PATHWAY%P00056	VEGF SIGNALING PATHWAY%PANTHER PATHWAY%P00056		54	-0.47431856	-1.3367264	0.061728396	0.33373234	1.0	4062	tags=43%, list=23%, signal=55%	
FENTANYL ACTION PATHWAY%PATHWHIZ%PW000421	FENTANYL ACTION PATHWAY%PATHWHIZ%PW000421		21	-0.56480205	-1.3366895	0.11451398	0.33352354	1.0	2163	tags=29%, list=12%, signal=33%	
PHOSPHATIDIC ACID BIOSYNTHETIC PROCESS%GOBP%GO:0006654	PHOSPHATIDIC ACID BIOSYNTHETIC PROCESS%GOBP%GO:0006654		25	-0.5403846	-1.3365492	0.08781127	0.3335875	1.0	3858	tags=48%, list=22%, signal=62%	
2Q37 COPY NUMBER VARIATION SYNDROME%WIKIPATHWAYS_20250810%WP5224%HOMO SAPIENS	2Q37 COPY NUMBER VARIATION SYNDROME%WIKIPATHWAYS_20250810%WP5224%HOMO SAPIENS		73	-0.45307395	-1.336516	0.071513705	0.333363	1.0	4127	tags=47%, list=24%, signal=61%	
VALINE, LEUCINE, AND ISOLEUCINE DEGRADATION%PATHWHIZ%PW000051	VALINE, LEUCINE, AND ISOLEUCINE DEGRADATION%PATHWHIZ%PW000051		27	-0.5371844	-1.3362898	0.08129032	0.33361095	1.0	3632	tags=33%, list=21%, signal=42%	
AMINO ACID IMPORT ACROSS PLASMA MEMBRANE%GOBP%GO:0089718	AMINO ACID IMPORT ACROSS PLASMA MEMBRANE%GOBP%GO:0089718		22	-0.5589907	-1.336202	0.0928382	0.33353448	1.0	2704	tags=32%, list=15%, signal=38%	
BETA-KETOTHIOLASE DEFICIENCY%SMPDB%SMP0000173	BETA-KETOTHIOLASE DEFICIENCY%SMPDB%SMP0000173		27	-0.5371844	-1.3359543	0.08735333	0.3338381	1.0	3632	tags=33%, list=21%, signal=42%	
NEGATIVE REGULATION OF FIBROBLAST PROLIFERATION%GOBP%GO:0048147	NEGATIVE REGULATION OF FIBROBLAST PROLIFERATION%GOBP%GO:0048147		16	-0.58250177	-1.3356618	0.09594595	0.3342235	1.0	3007	tags=44%, list=17%, signal=53%	
IL8- AND CXCR2-MEDIATED SIGNALING EVENTS%PATHWAY INTERACTION DATABASE NCI-NATURE CURATED DATA%IL8- AND CXCR2-MEDIATED SIGNALING EVENTS	IL8- AND CXCR2-MEDIATED SIGNALING EVENTS%PATHWAY INTERACTION DATABASE NCI-NATURE CURATED DATA%IL8- AND CXCR2-MEDIATED SIGNALING EVENTS		24	-0.5482262	-1.3356203	0.09756097	0.3340107	1.0	3265	tags=46%, list=19%, signal=56%	
MEPIVACAINE ACTION PATHWAY%PATHWHIZ%PW000405	MEPIVACAINE ACTION PATHWAY%PATHWHIZ%PW000405		21	-0.56480205	-1.3355683	0.11570248	0.33382735	1.0	2163	tags=29%, list=12%, signal=33%	
NEGATIVE REGULATION OF AXONOGENESIS%GOBP%GO:0050771	NEGATIVE REGULATION OF AXONOGENESIS%GOBP%GO:0050771		21	-0.5588849	-1.3354273	0.094233476	0.33385006	1.0	4869	tags=48%, list=28%, signal=66%	
REGULATION OF IMMUNE RESPONSE TO TUMOR CELL%GOBP%GO:0002837	REGULATION OF IMMUNE RESPONSE TO TUMOR CELL%GOBP%GO:0002837		15	-0.5929712	-1.3346785	0.123641305	0.33542314	1.0	5021	tags=47%, list=29%, signal=65%	
NANOPARTICLE MEDIATED ACTIVATION OF RECEPTOR SIGNALING%WIKIPATHWAYS_20250810%WP2643%HOMO SAPIENS	NANOPARTICLE MEDIATED ACTIVATION OF RECEPTOR SIGNALING%WIKIPATHWAYS_20250810%WP2643%HOMO SAPIENS		25	-0.5297129	-1.3345953	0.089779004	0.33532777	1.0	3433	tags=44%, list=20%, signal=55%	
REGULATION OF CELL-SUBSTRATE JUNCTION ASSEMBLY%GOBP%GO:0090109	REGULATION OF CELL-SUBSTRATE JUNCTION ASSEMBLY%GOBP%GO:0090109		51	-0.47579855	-1.3342845	0.07551766	0.33584583	1.0	3720	tags=41%, list=21%, signal=52%	
MET PROMOTES CELL MOTILITY%REACTOME DATABASE ID RELEASE 93%8875878	MET PROMOTES CELL MOTILITY%REACTOME DATABASE ID RELEASE 93%8875878		22	-0.553628	-1.3342555	0.09686221	0.3356136	1.0	4741	tags=45%, list=27%, signal=62%	
ALFENTANIL ACTION PATHWAY%PATHWHIZ%PW000419	ALFENTANIL ACTION PATHWAY%PATHWHIZ%PW000419		21	-0.56480205	-1.3341641	0.09391534	0.33554012	1.0	2163	tags=29%, list=12%, signal=33%	
HALLMARK_INTERFERON_ALPHA_RESPONSE%MSIGDBHALLMARK%HALLMARK_INTERFERON_ALPHA_RESPONSE	HALLMARK_INTERFERON_ALPHA_RESPONSE%MSIGDBHALLMARK%HALLMARK_INTERFERON_ALPHA_RESPONSE		64	-0.4527083	-1.3332705	0.053204354	0.337557	1.0	3230	tags=25%, list=18%, signal=31%	
SUDDEN INFANT DEATH SYNDROME SIDS SUSCEPTIBILITY PATHWAYS%WIKIPATHWAYS_20250810%WP706%HOMO SAPIENS	SUDDEN INFANT DEATH SYNDROME SIDS SUSCEPTIBILITY PATHWAYS%WIKIPATHWAYS_20250810%WP706%HOMO SAPIENS		91	-0.43939126	-1.3331838	0.044496488	0.33748302	1.0	1018	tags=21%, list=6%, signal=22%	
NUCLEOSIDE MONOPHOSPHATE BIOSYNTHETIC PROCESS%GOBP%GO:0009124	NUCLEOSIDE MONOPHOSPHATE BIOSYNTHETIC PROCESS%GOBP%GO:0009124		22	-0.5506213	-1.3327761	0.123796426	0.3381569	1.0	4660	tags=59%, list=27%, signal=80%	
GLYCOGEN METABOLIC PROCESS%GOBP%GO:0005977	GLYCOGEN METABOLIC PROCESS%GOBP%GO:0005977		29	-0.51777226	-1.3326311	0.08815427	0.33820647	1.0	3890	tags=34%, list=22%, signal=44%	
PEXOPHAGY%GOBP%GO:0000425	PEXOPHAGY%GOBP%GO:0000425		15	-0.59321487	-1.3324744	0.109375	0.33825406	1.0	3450	tags=40%, list=20%, signal=50%	
INTERLEUKIN SIGNALING PATHWAY%PANTHER PATHWAY%P00036	INTERLEUKIN SIGNALING PATHWAY%PANTHER PATHWAY%P00036		59	-0.46585548	-1.3324617	0.06333739	0.33797258	1.0	1517	tags=22%, list=9%, signal=24%	
GLUCAN METABOLIC PROCESS%GOBP%GO:0044042	GLUCAN METABOLIC PROCESS%GOBP%GO:0044042		29	-0.51777226	-1.3323071	0.09795918	0.33804485	1.0	3890	tags=34%, list=22%, signal=44%	
CD209 (DC-SIGN) SIGNALING%REACTOME%R-HSA-5621575.2	CD209 (DC-SIGN) SIGNALING%REACTOME%R-HSA-5621575.2		17	-0.5653066	-1.3320627	0.11416781	0.33833283	1.0	3966	tags=53%, list=23%, signal=68%	
INSULIN RECEPTOR SIGNALLING CASCADE%REACTOME DATABASE ID RELEASE 93%74751	INSULIN RECEPTOR SIGNALLING CASCADE%REACTOME DATABASE ID RELEASE 93%74751		27	-0.52692246	-1.3320543	0.110192835	0.33805305	1.0	4883	tags=48%, list=28%, signal=67%	
SIGNALING BY TYPE 1 INSULIN-LIKE GROWTH FACTOR 1 RECEPTOR (IGF1R)%REACTOME%R-HSA-2404192.5	SIGNALING BY TYPE 1 INSULIN-LIKE GROWTH FACTOR 1 RECEPTOR (IGF1R)%REACTOME%R-HSA-2404192.5		25	-0.52950275	-1.3319334	0.09329829	0.33802158	1.0	1374	tags=24%, list=8%, signal=26%	
INTEGRIN CELL SURFACE INTERACTIONS%REACTOME DATABASE ID RELEASE 93%216083	INTEGRIN CELL SURFACE INTERACTIONS%REACTOME DATABASE ID RELEASE 93%216083		47	-0.478126	-1.3317089	0.087563455	0.33828652	1.0	1254	tags=21%, list=7%, signal=23%	
PHOSPHATIDYLINOSITOL DEPHOSPHORYLATION%GOBP%GO:0046856	PHOSPHATIDYLINOSITOL DEPHOSPHORYLATION%GOBP%GO:0046856		17	-0.57144845	-1.3315923	0.11643836	0.3383017	1.0	5844	tags=53%, list=33%, signal=79%	
RESPONSE TO REACTIVE OXYGEN SPECIES%GOBP%GO:0000302	RESPONSE TO REACTIVE OXYGEN SPECIES%GOBP%GO:0000302		81	-0.44567788	-1.3314105	0.050827425	0.3384648	1.0	4681	tags=42%, list=27%, signal=57%	
POSITIVE REGULATION OF MITOCHONDRIAL MEMBRANE PERMEABILITY%GOBP%GO:0035794	POSITIVE REGULATION OF MITOCHONDRIAL MEMBRANE PERMEABILITY%GOBP%GO:0035794		17	-0.58660024	-1.3312356	0.11898017	0.33854634	1.0	3630	tags=41%, list=21%, signal=52%	
REGULATION OF PHAGOCYTOSIS%GOBP%GO:0050764	REGULATION OF PHAGOCYTOSIS%GOBP%GO:0050764		45	-0.4885076	-1.3311477	0.07673267	0.3384586	1.0	1532	tags=22%, list=9%, signal=24%	
PROTEIN MODIFICATION BY SMALL PROTEIN REMOVAL%GOBP%GO:0070646	PROTEIN MODIFICATION BY SMALL PROTEIN REMOVAL%GOBP%GO:0070646		86	-0.44580165	-1.3310659	0.052386496	0.33833468	1.0	3102	tags=28%, list=18%, signal=34%	
CERAMIDE SIGNALING PATHWAY%PATHWAY INTERACTION DATABASE NCI-NATURE CURATED DATA%CERAMIDE SIGNALING PATHWAY	CERAMIDE SIGNALING PATHWAY%PATHWAY INTERACTION DATABASE NCI-NATURE CURATED DATA%CERAMIDE SIGNALING PATHWAY		44	-0.48814213	-1.3309307	0.0879397	0.33834064	1.0	5366	tags=55%, list=31%, signal=79%	
CELLULAR RESPONSE TO HYDROGEN PEROXIDE%GOBP%GO:0070301	CELLULAR RESPONSE TO HYDROGEN PEROXIDE%GOBP%GO:0070301		30	-0.5125779	-1.3308825	0.10391363	0.3381622	1.0	4559	tags=37%, list=26%, signal=50%	
7 OXO C AND 7 BETA HC PATHWAYS%WIKIPATHWAYS_20250810%WP5064%HOMO SAPIENS	7 OXO C AND 7 BETA HC PATHWAYS%WIKIPATHWAYS_20250810%WP5064%HOMO SAPIENS		16	-0.58839005	-1.3306687	0.11684783	0.33837262	1.0	1963	tags=38%, list=11%, signal=42%	
SIGNALING BY ERBB2 KD MUTANTS%REACTOME%R-HSA-9664565.3	SIGNALING BY ERBB2 KD MUTANTS%REACTOME%R-HSA-9664565.3		18	-0.5823045	-1.3303457	0.09483961	0.33881575	1.0	4276	tags=50%, list=24%, signal=66%	
REGULATION OF SISTER CHROMATID SEGREGATION%GOBP%GO:0033045	REGULATION OF SISTER CHROMATID SEGREGATION%GOBP%GO:0033045		96	-0.43574545	-1.3302774	0.05070755	0.33865875	1.0	6265	tags=51%, list=36%, signal=79%	
REGULATION OF MONOATOMIC ION TRANSMEMBRANE TRANSPORTER ACTIVITY%GOBP%GO:0032412	REGULATION OF MONOATOMIC ION TRANSMEMBRANE TRANSPORTER ACTIVITY%GOBP%GO:0032412		48	-0.4757722	-1.3301164	0.0826972	0.3387641	1.0	4034	tags=33%, list=23%, signal=43%	
BIOCARTA_VDR_PATHWAY%MSIGDB_C2%BIOCARTA_VDR_PATHWAY	BIOCARTA_VDR_PATHWAY%MSIGDB_C2%BIOCARTA_VDR_PATHWAY		21	-0.54781264	-1.3299773	0.11780455	0.33879483	1.0	3950	tags=38%, list=23%, signal=49%	
CHOLESTEROL EFFLUX%GOBP%GO:0033344	CHOLESTEROL EFFLUX%GOBP%GO:0033344		15	-0.59083873	-1.329933	0.12059621	0.33859465	1.0	4270	tags=53%, list=24%, signal=71%	
POSITIVE REGULATION OF MIRNA TRANSCRIPTION%GOBP%GO:1902895	POSITIVE REGULATION OF MIRNA TRANSCRIPTION%GOBP%GO:1902895		35	-0.50467926	-1.3299059	0.078249335	0.33836251	1.0	2069	tags=29%, list=12%, signal=32%	
IGF1 PATHWAY%PATHWAY INTERACTION DATABASE NCI-NATURE CURATED DATA%IGF1 PATHWAY	IGF1 PATHWAY%PATHWAY INTERACTION DATABASE NCI-NATURE CURATED DATA%IGF1 PATHWAY		29	-0.5243304	-1.3299034	0.082666665	0.3380656	1.0	5067	tags=62%, list=29%, signal=87%	
SMALL CELL LUNG CANCER%WIKIPATHWAYS_20250810%WP4658%HOMO SAPIENS	SMALL CELL LUNG CANCER%WIKIPATHWAYS_20250810%WP4658%HOMO SAPIENS		74	-0.45215797	-1.3296456	0.066587396	0.3383918	1.0	4072	tags=36%, list=23%, signal=47%	
AUTOPHAGY OF PEROXISOME%GOBP%GO:0030242	AUTOPHAGY OF PEROXISOME%GOBP%GO:0030242		15	-0.59321487	-1.3295666	0.11297071	0.33828312	1.0	3450	tags=40%, list=20%, signal=50%	
PID_AR_PATHWAY%MSIGDB_C2%PID_AR_PATHWAY	PID_AR_PATHWAY%MSIGDB_C2%PID_AR_PATHWAY		41	-0.48846444	-1.32942	0.091364205	0.33836466	1.0	3093	tags=27%, list=18%, signal=33%	
REGULATION OF AXONOGENESIS%GOBP%GO:0050770	REGULATION OF AXONOGENESIS%GOBP%GO:0050770		67	-0.4536305	-1.3294126	0.06625	0.33807757	1.0	1819	tags=24%, list=10%, signal=27%	
COPII-COATED VESICLE BUDDING%GOBP%GO:0090114	COPII-COATED VESICLE BUDDING%GOBP%GO:0090114		38	-0.5009148	-1.3293625	0.07850708	0.3378985	1.0	4113	tags=34%, list=24%, signal=45%	
RNA POLYMERASE III TRANSCRIPTION INITIATION%REACTOME%R-HSA-76046.4	RNA POLYMERASE III TRANSCRIPTION INITIATION%REACTOME%R-HSA-76046.4		35	-0.5053992	-1.3293597	0.09933775	0.33759975	1.0	5787	tags=57%, list=33%, signal=85%	
22Q11 2 COPY NUMBER VARIATION SYNDROME%WIKIPATHWAYS_20250810%WP4657%HOMO SAPIENS	22Q11 2 COPY NUMBER VARIATION SYNDROME%WIKIPATHWAYS_20250810%WP4657%HOMO SAPIENS		69	-0.4482072	-1.3291917	0.06925881	0.33772597	1.0	2580	tags=33%, list=15%, signal=39%	
PIGMENTATION%GOBP%GO:0043473	PIGMENTATION%GOBP%GO:0043473		67	-0.45636302	-1.3291782	0.05946602	0.33746463	1.0	3642	tags=33%, list=21%, signal=41%	
PID_RB_1PATHWAY%MSIGDB_C2%PID_RB_1PATHWAY	PID_RB_1PATHWAY%MSIGDB_C2%PID_RB_1PATHWAY		51	-0.4714429	-1.3291249	0.06758448	0.33726835	1.0	3752	tags=33%, list=21%, signal=42%	
BIOCARTA_EGF_PATHWAY%MSIGDB_C2%BIOCARTA_EGF_PATHWAY	BIOCARTA_EGF_PATHWAY%MSIGDB_C2%BIOCARTA_EGF_PATHWAY		23	-0.53715694	-1.3289077	0.10818308	0.33752573	1.0	2818	tags=39%, list=16%, signal=47%	
REGULATION OF PROTEIN LOCALIZATION TO PLASMA MEMBRANE%GOBP%GO:1903076	REGULATION OF PROTEIN LOCALIZATION TO PLASMA MEMBRANE%GOBP%GO:1903076		87	-0.44221246	-1.3282292	0.05503513	0.3389025	1.0	4214	tags=43%, list=24%, signal=56%	
PEPTIDYL-SERINE PHOSPHORYLATION%GOBP%GO:0018105	PEPTIDYL-SERINE PHOSPHORYLATION%GOBP%GO:0018105		36	-0.5031004	-1.3281269	0.0882353	0.3388635	1.0	2853	tags=31%, list=16%, signal=36%	
NEUROTRANSMITTER SECRETION%GOBP%GO:0007269	NEUROTRANSMITTER SECRETION%GOBP%GO:0007269		59	-0.4636148	-1.3281178	0.078066915	0.33858886	1.0	2708	tags=32%, list=16%, signal=38%	
MRNA TRANSCRIPTION%GOBP%GO:0009299	MRNA TRANSCRIPTION%GOBP%GO:0009299		38	-0.49354073	-1.3280863	0.08994709	0.33836085	1.0	5383	tags=47%, list=31%, signal=68%	
RNA POLYMERASE II TRANSCRIPTION THE PREINITIATION COMPLEX%WIKIPATHWAYS_20250810%WP5563%HOMO SAPIENS	RNA POLYMERASE II TRANSCRIPTION THE PREINITIATION COMPLEX%WIKIPATHWAYS_20250810%WP5563%HOMO SAPIENS		61	-0.4631052	-1.3276497	0.06812652	0.33913115	1.0	5176	tags=39%, list=30%, signal=56%	
CYCLIN DEPENDENT KINASE 4 6 INHIBITORS IN BREAST CANCER%WIKIPATHWAYS_20250810%WP5497%HOMO SAPIENS	CYCLIN DEPENDENT KINASE 4 6 INHIBITORS IN BREAST CANCER%WIKIPATHWAYS_20250810%WP5497%HOMO SAPIENS		27	-0.52727306	-1.3276469	0.10638298	0.33883688	1.0	2818	tags=37%, list=16%, signal=44%	
TRANSCRIPTIONAL REGULATION OF GRANULOPOIESIS%REACTOME DATABASE ID RELEASE 93%9616222	TRANSCRIPTIONAL REGULATION OF GRANULOPOIESIS%REACTOME DATABASE ID RELEASE 93%9616222		20	-0.5431695	-1.3276134	0.11484594	0.33861792	1.0	456	tags=15%, list=3%, signal=15%	
NUCLEAR MEMBRANE REASSEMBLY%GOBP%GO:0031468	NUCLEAR MEMBRANE REASSEMBLY%GOBP%GO:0031468		23	-0.53737885	-1.3274171	0.08994709	0.33877155	1.0	2856	tags=30%, list=16%, signal=36%	
REGULATION OF ACTOMYOSIN STRUCTURE ORGANIZATION%GOBP%GO:0110020	REGULATION OF ACTOMYOSIN STRUCTURE ORGANIZATION%GOBP%GO:0110020		68	-0.4506126	-1.3273534	0.061904762	0.33865717	1.0	3882	tags=37%, list=22%, signal=47%	
HSP90 CHAPERONE CYCLE FOR SHRS%REACTOME%R-HSA-3371497.7	HSP90 CHAPERONE CYCLE FOR SHRS%REACTOME%R-HSA-3371497.7		34	-0.49611822	-1.3268274	0.11096257	0.33965954	1.0	4545	tags=41%, list=26%, signal=56%	
PHAGOCYTOSIS%GOBP%GO:0006909	PHAGOCYTOSIS%GOBP%GO:0006909		80	-0.44527513	-1.3267386	0.057901084	0.33956757	1.0	4062	tags=33%, list=23%, signal=42%	
NEGATIVE REGULATION OF CELL GROWTH%GOBP%GO:0030308	NEGATIVE REGULATION OF CELL GROWTH%GOBP%GO:0030308		96	-0.43297526	-1.326665	0.043829296	0.33945462	1.0	4869	tags=42%, list=28%, signal=57%	
PID_TXA2PATHWAY%MSIGDB_C2%PID_TXA2PATHWAY	PID_TXA2PATHWAY%MSIGDB_C2%PID_TXA2PATHWAY		28	-0.5257824	-1.326197	0.09972299	0.34027025	1.0	3060	tags=39%, list=18%, signal=48%	
PID_TAP63_PATHWAY%MSIGDB_C2%PID_TAP63_PATHWAY	PID_TAP63_PATHWAY%MSIGDB_C2%PID_TAP63_PATHWAY		36	-0.50047874	-1.3260406	0.10090556	0.34033814	1.0	3539	tags=36%, list=20%, signal=45%	
RNA POLYMERASE III ABORTIVE AND RETRACTIVE INITIATION%REACTOME%R-HSA-749476.4	RNA POLYMERASE III ABORTIVE AND RETRACTIVE INITIATION%REACTOME%R-HSA-749476.4		40	-0.49271107	-1.3259866	0.07702182	0.34019175	1.0	5787	tags=52%, list=33%, signal=78%	
ESTABLISHMENT OF SPINDLE ORIENTATION%GOBP%GO:0051294	ESTABLISHMENT OF SPINDLE ORIENTATION%GOBP%GO:0051294		35	-0.49671832	-1.3258545	0.09079284	0.34024137	1.0	4185	tags=43%, list=24%, signal=56%	
PID_LIS1_PATHWAY%MSIGDB_C2%PID_LIS1_PATHWAY	PID_LIS1_PATHWAY%MSIGDB_C2%PID_LIS1_PATHWAY		21	-0.549807	-1.3253901	0.10699589	0.341066	1.0	4089	tags=48%, list=23%, signal=62%	
DETECTION OF EXTERNAL STIMULUS%GOBP%GO:0009581	DETECTION OF EXTERNAL STIMULUS%GOBP%GO:0009581		61	-0.45901045	-1.3250057	0.07326008	0.34171614	1.0	247	tags=13%, list=1%, signal=13%	
PURINE RIBONUCLEOSIDE MONOPHOSPHATE METABOLIC PROCESS%GOBP%GO:0009167	PURINE RIBONUCLEOSIDE MONOPHOSPHATE METABOLIC PROCESS%GOBP%GO:0009167		18	-0.5585636	-1.3249487	0.104395606	0.3415585	1.0	4140	tags=56%, list=24%, signal=73%	
SYNAPTIC VESICLE EXOCYTOSIS%GOBP%GO:0016079	SYNAPTIC VESICLE EXOCYTOSIS%GOBP%GO:0016079		44	-0.48668137	-1.324689	0.086624205	0.34187737	1.0	2708	tags=30%, list=16%, signal=35%	
VIRAL LIFE CYCLE%GOBP%GO:0019058	VIRAL LIFE CYCLE%GOBP%GO:0019058		86	-0.43962806	-1.3246049	0.06868452	0.34179837	1.0	3517	tags=35%, list=20%, signal=43%	
GASTRIC CANCER NETWORK 2%WIKIPATHWAYS_20250810%WP2363%HOMO SAPIENS	GASTRIC CANCER NETWORK 2%WIKIPATHWAYS_20250810%WP2363%HOMO SAPIENS		27	-0.5324985	-1.324538	0.10081744	0.34166	1.0	2951	tags=30%, list=17%, signal=36%	
HETEROCHROMATIN FORMATION%GOBP%GO:0031507	HETEROCHROMATIN FORMATION%GOBP%GO:0031507		86	-0.44096494	-1.3241317	0.051948052	0.34237033	1.0	5495	tags=43%, list=31%, signal=62%	
NUCLEAR RECEPTORS%WIKIPATHWAYS_20250810%WP170%HOMO SAPIENS	NUCLEAR RECEPTORS%WIKIPATHWAYS_20250810%WP170%HOMO SAPIENS		20	-0.54236066	-1.3238596	0.12933333	0.34274602	1.0	1521	tags=25%, list=9%, signal=27%	
GASTRULATION%REACTOME%R-HSA-9758941.6	GASTRULATION%REACTOME%R-HSA-9758941.6		88	-0.437996	-1.3237791	0.04475854	0.34265336	1.0	2634	tags=28%, list=15%, signal=33%	
SPINAL CORD INJURY%WIKIPATHWAYS_20250810%WP2431%HOMO SAPIENS	SPINAL CORD INJURY%WIKIPATHWAYS_20250810%WP2431%HOMO SAPIENS		62	-0.45235872	-1.3236809	0.075980395	0.34257042	1.0	3760	tags=39%, list=22%, signal=49%	
REGULATION OF CHEMOKINE PRODUCTION%GOBP%GO:0032642	REGULATION OF CHEMOKINE PRODUCTION%GOBP%GO:0032642		33	-0.5115502	-1.3234795	0.10243278	0.34279913	1.0	1398	tags=18%, list=8%, signal=20%	
REGULATION OF MICROTUBULE NUCLEATION%GOBP%GO:0010968	REGULATION OF MICROTUBULE NUCLEATION%GOBP%GO:0010968		18	-0.57811815	-1.323226	0.0980663	0.3431386	1.0	5671	tags=67%, list=32%, signal=99%	
RESPONSE TO DSRNA%GOBP%GO:0043331	RESPONSE TO DSRNA%GOBP%GO:0043331		16	-0.58399236	-1.3231884	0.10396717	0.34293655	1.0	4723	tags=50%, list=27%, signal=68%	
REGULATION OF PLASMA LIPOPROTEIN PARTICLE LEVELS%GOBP%GO:0097006	REGULATION OF PLASMA LIPOPROTEIN PARTICLE LEVELS%GOBP%GO:0097006		38	-0.4999947	-1.3228703	0.08502538	0.34344628	1.0	2995	tags=37%, list=17%, signal=44%	
NEURON CELLULAR HOMEOSTASIS%GOBP%GO:0070050	NEURON CELLULAR HOMEOSTASIS%GOBP%GO:0070050		18	-0.5691862	-1.3222406	0.11495845	0.3447268	1.0	4663	tags=39%, list=27%, signal=53%	
GROWTH HORMONE RECEPTOR SIGNALING PATHWAY%GOBP%GO:0060396	GROWTH HORMONE RECEPTOR SIGNALING PATHWAY%GOBP%GO:0060396		15	-0.5858903	-1.3216637	0.11315417	0.34586796	1.0	3433	tags=47%, list=20%, signal=58%	
HALLMARK_CHOLESTEROL_HOMEOSTASIS%MSIGDBHALLMARK%HALLMARK_CHOLESTEROL_HOMEOSTASIS	HALLMARK_CHOLESTEROL_HOMEOSTASIS%MSIGDBHALLMARK%HALLMARK_CHOLESTEROL_HOMEOSTASIS		57	-0.46837106	-1.3214281	0.07625	0.34614974	1.0	4264	tags=42%, list=24%, signal=56%	
HALLMARK OF CANCER SUSTAINING PROLIFERATIVE SIGNALING%WIKIPATHWAYS_20250810%WP5475%HOMO SAPIENS	HALLMARK OF CANCER SUSTAINING PROLIFERATIVE SIGNALING%WIKIPATHWAYS_20250810%WP5475%HOMO SAPIENS		76	-0.44499522	-1.321329	0.057038836	0.34609044	1.0	2818	tags=36%, list=16%, signal=42%	
IL2 SIGNALING EVENTS MEDIATED BY STAT5%PATHWAY INTERACTION DATABASE NCI-NATURE CURATED DATA%IL2 SIGNALING EVENTS MEDIATED BY STAT5	IL2 SIGNALING EVENTS MEDIATED BY STAT5%PATHWAY INTERACTION DATABASE NCI-NATURE CURATED DATA%IL2 SIGNALING EVENTS MEDIATED BY STAT5		21	-0.5510681	-1.3212649	0.115384616	0.34595934	1.0	3687	tags=48%, list=21%, signal=60%	
MAPK CASCADE%WIKIPATHWAYS_20250810%WP422%HOMO SAPIENS	MAPK CASCADE%WIKIPATHWAYS_20250810%WP422%HOMO SAPIENS		30	-0.5182828	-1.321109	0.11395647	0.34601215	1.0	3905	tags=47%, list=22%, signal=60%	
NEGATIVE REGULATION OF TUMOR NECROSIS FACTOR-MEDIATED SIGNALING PATHWAY%GOBP%GO:0010804	NEGATIVE REGULATION OF TUMOR NECROSIS FACTOR-MEDIATED SIGNALING PATHWAY%GOBP%GO:0010804		17	-0.58641785	-1.3206673	0.0993007	0.34684703	1.0	3162	tags=29%, list=18%, signal=36%	
PID_TCR_PATHWAY%MSIGDB_C2%PID_TCR_PATHWAY	PID_TCR_PATHWAY%MSIGDB_C2%PID_TCR_PATHWAY		34	-0.507235	-1.3199264	0.091264665	0.348411	1.0	2738	tags=32%, list=16%, signal=38%	
SENSORY PROCESSING OF SOUND BY INNER HAIR CELLS OF THE COCHLEA%REACTOME%R-HSA-9662360.2	SENSORY PROCESSING OF SOUND BY INNER HAIR CELLS OF THE COCHLEA%REACTOME%R-HSA-9662360.2		51	-0.4715884	-1.3198727	0.064556964	0.3482605	1.0	3392	tags=35%, list=19%, signal=44%	
NEGATIVE REGULATION OF CILIUM ASSEMBLY%GOBP%GO:1902018	NEGATIVE REGULATION OF CILIUM ASSEMBLY%GOBP%GO:1902018		23	-0.5335583	-1.3196042	0.12041885	0.3486551	1.0	2676	tags=35%, list=15%, signal=41%	
PROTEIN INSERTION INTO MEMBRANE%GOBP%GO:0051205	PROTEIN INSERTION INTO MEMBRANE%GOBP%GO:0051205		56	-0.46366423	-1.3195462	0.08170731	0.3485084	1.0	6147	tags=57%, list=35%, signal=88%	
PHOSPHOLIPID BIOSYNTHESIS%SMPDB%SMP0000025	PHOSPHOLIPID BIOSYNTHESIS%SMPDB%SMP0000025		23	-0.5368966	-1.3193605	0.10407876	0.34868467	1.0	5642	tags=70%, list=32%, signal=103%	
REGULATION OF CELL CYCLE CHECKPOINT%GOBP%GO:1901976	REGULATION OF CELL CYCLE CHECKPOINT%GOBP%GO:1901976		38	-0.4931147	-1.3193159	0.09174312	0.3485188	1.0	3747	tags=42%, list=21%, signal=53%	
TRNA PROCESSING IN THE NUCLEUS%REACTOME%R-HSA-6784531.6	TRNA PROCESSING IN THE NUCLEUS%REACTOME%R-HSA-6784531.6		53	-0.46322164	-1.319289	0.079245284	0.34828174	1.0	5127	tags=38%, list=29%, signal=53%	
POTENTIAL THERAPEUTICS FOR SARS%REACTOME%R-HSA-9679191.5	POTENTIAL THERAPEUTICS FOR SARS%REACTOME%R-HSA-9679191.5		79	-0.44139805	-1.3191502	0.058139537	0.34835368	1.0	2953	tags=28%, list=17%, signal=33%	
TELOMERE MAINTENANCE%REACTOME DATABASE ID RELEASE 93%157579	TELOMERE MAINTENANCE%REACTOME DATABASE ID RELEASE 93%157579		62	-0.4557253	-1.3189642	0.08251231	0.34854934	1.0	5833	tags=50%, list=33%, signal=75%	
POSITIVE REGULATION OF INTRACELLULAR TRANSPORT%GOBP%GO:0032388	POSITIVE REGULATION OF INTRACELLULAR TRANSPORT%GOBP%GO:0032388		98	-0.4260534	-1.3184997	0.04368359	0.34943482	1.0	3425	tags=30%, list=20%, signal=37%	
HUMORAL IMMUNE RESPONSE%GOBP%GO:0006959	HUMORAL IMMUNE RESPONSE%GOBP%GO:0006959		45	-0.47914788	-1.3184502	0.09	0.34924045	1.0	4171	tags=33%, list=24%, signal=44%	
REGULATION OF NEURONAL SYNAPTIC PLASTICITY%GOBP%GO:0048168	REGULATION OF NEURONAL SYNAPTIC PLASTICITY%GOBP%GO:0048168		38	-0.49147278	-1.3180404	0.10863874	0.34996516	1.0	4214	tags=45%, list=24%, signal=59%	
CHROMOSOME LOCALIZATION%GOBP%GO:0050000	CHROMOSOME LOCALIZATION%GOBP%GO:0050000		80	-0.44433725	-1.318002	0.055099647	0.34976676	1.0	3823	tags=34%, list=22%, signal=43%	
MTOR SIGNALLING%REACTOME%R-HSA-165159.8	MTOR SIGNALLING%REACTOME%R-HSA-165159.8		40	-0.4874629	-1.3177483	0.0974359	0.35011783	1.0	5027	tags=45%, list=29%, signal=63%	
TRANSPORT OF MATURE MRNA DERIVED FROM AN INTRON-CONTAINING TRANSCRIPT%REACTOME%R-HSA-159236.5	TRANSPORT OF MATURE MRNA DERIVED FROM AN INTRON-CONTAINING TRANSCRIPT%REACTOME%R-HSA-159236.5		68	-0.4519804	-1.3176255	0.07125604	0.3500922	1.0	4924	tags=38%, list=28%, signal=53%	
PAUSING AND RECOVERY OF TAT-MEDIATED HIV ELONGATION%REACTOME%R-HSA-167238.4	PAUSING AND RECOVERY OF TAT-MEDIATED HIV ELONGATION%REACTOME%R-HSA-167238.4		26	-0.528244	-1.3175316	0.10738255	0.3500091	1.0	3830	tags=35%, list=22%, signal=44%	
REGULATION OF PROTEIN SERINE/THREONINE KINASE ACTIVITY%GOBP%GO:0071900	REGULATION OF PROTEIN SERINE/THREONINE KINASE ACTIVITY%GOBP%GO:0071900		87	-0.43480837	-1.3174596	0.064889915	0.3498746	1.0	3597	tags=31%, list=21%, signal=39%	
POSITIVE REGULATION OF POTASSIUM ION TRANSMEMBRANE TRANSPORT%GOBP%GO:1901381	POSITIVE REGULATION OF POTASSIUM ION TRANSMEMBRANE TRANSPORT%GOBP%GO:1901381		15	-0.5856773	-1.3173192	0.12230216	0.34991914	1.0	7047	tags=80%, list=40%, signal=134%	
HIPPOCAMPAL SYNAPTOGENESIS AND NEUROGENESIS%WIKIPATHWAYS_20250810%WP5231%HOMO SAPIENS	HIPPOCAMPAL SYNAPTOGENESIS AND NEUROGENESIS%WIKIPATHWAYS_20250810%WP5231%HOMO SAPIENS		23	-0.5385056	-1.3168759	0.11732606	0.3507404	1.0	3755	tags=48%, list=22%, signal=61%	
REGULATION OF ESTABLISHMENT OR MAINTENANCE OF CELL POLARITY%GOBP%GO:0032878	REGULATION OF ESTABLISHMENT OR MAINTENANCE OF CELL POLARITY%GOBP%GO:0032878		19	-0.55814373	-1.3167529	0.12978142	0.35073987	1.0	6792	tags=74%, list=39%, signal=120%	
TP53 REGULATES TRANSCRIPTION OF GENES INVOLVED IN G2 CELL CYCLE ARREST%REACTOME%R-HSA-6804114.3	TP53 REGULATES TRANSCRIPTION OF GENES INVOLVED IN G2 CELL CYCLE ARREST%REACTOME%R-HSA-6804114.3		17	-0.58298594	-1.3165557	0.10714286	0.35094106	1.0	4891	tags=53%, list=28%, signal=73%	
PID_FCER1_PATHWAY%MSIGDB_C2%PID_FCER1_PATHWAY	PID_FCER1_PATHWAY%MSIGDB_C2%PID_FCER1_PATHWAY		37	-0.4940791	-1.3163328	0.102998696	0.3511905	1.0	3966	tags=49%, list=23%, signal=63%	
POSITIVE REGULATION OF IMMUNE EFFECTOR PROCESS%GOBP%GO:0002699	POSITIVE REGULATION OF IMMUNE EFFECTOR PROCESS%GOBP%GO:0002699		98	-0.43026978	-1.3163141	0.06334842	0.35094535	1.0	3122	tags=27%, list=18%, signal=32%	
FAS SIGNALING PATHWAY ( CD95 )%PATHWHIZ%PW070709	FAS SIGNALING PATHWAY ( CD95 )%PATHWHIZ%PW070709		26	-0.5262544	-1.3160307	0.10096819	0.35138583	1.0	4301	tags=54%, list=25%, signal=71%	
ESTABLISHMENT OF CELL POLARITY%GOBP%GO:0030010	ESTABLISHMENT OF CELL POLARITY%GOBP%GO:0030010		83	-0.44037136	-1.3153349	0.06818182	0.35282505	1.0	4185	tags=41%, list=24%, signal=54%	
REGULATION OF MITOTIC SISTER CHROMATID SEGREGATION%GOBP%GO:0033047	REGULATION OF MITOTIC SISTER CHROMATID SEGREGATION%GOBP%GO:0033047		50	-0.47318715	-1.3152119	0.08030113	0.35284296	1.0	6265	tags=54%, list=36%, signal=84%	
PROTEINOGENIC AMINO ACID METABOLIC PROCESS%GOBP%GO:0170039	PROTEINOGENIC AMINO ACID METABOLIC PROCESS%GOBP%GO:0170039		100	-0.42766654	-1.3151325	0.059311982	0.35273668	1.0	4215	tags=36%, list=24%, signal=47%	
EGF RECEPTOR SIGNALING PATHWAY%PANTHER PATHWAY%P00018	EGF RECEPTOR SIGNALING PATHWAY%PANTHER PATHWAY%P00018		80	-0.43768096	-1.3148206	0.07438017	0.35322413	1.0	3060	tags=28%, list=18%, signal=33%	
ESTABLISHMENT OF EPITHELIAL CELL POLARITY%GOBP%GO:0090162	ESTABLISHMENT OF EPITHELIAL CELL POLARITY%GOBP%GO:0090162		15	-0.58847344	-1.314415	0.13841808	0.3539529	1.0	4638	tags=47%, list=27%, signal=63%	
TARGETING YAP IN PANCREATIC DUCTAL ADENOCARCINOMA PDAC %WIKIPATHWAYS_20250810%WP5495%HOMO SAPIENS	TARGETING YAP IN PANCREATIC DUCTAL ADENOCARCINOMA PDAC %WIKIPATHWAYS_20250810%WP5495%HOMO SAPIENS		17	-0.57629144	-1.3141887	0.10943913	0.3542025	1.0	3652	tags=35%, list=21%, signal=45%	
POSITIVE REGULATION OF PLASMA MEMBRANE BOUNDED CELL PROJECTION ASSEMBLY%GOBP%GO:0120034	POSITIVE REGULATION OF PLASMA MEMBRANE BOUNDED CELL PROJECTION ASSEMBLY%GOBP%GO:0120034		80	-0.44186926	-1.3140126	0.058472555	0.35431185	1.0	3277	tags=31%, list=19%, signal=38%	
RESPONSE OF ENDOTHELIAL CELLS TO SHEAR STRESS%REACTOME DATABASE ID RELEASE 93%9860931	RESPONSE OF ENDOTHELIAL CELLS TO SHEAR STRESS%REACTOME DATABASE ID RELEASE 93%9860931		80	-0.43837315	-1.3139986	0.06807512	0.35404223	1.0	4101	tags=38%, list=23%, signal=49%	
POSITIVE REGULATION OF COAGULATION%GOBP%GO:0050820	POSITIVE REGULATION OF COAGULATION%GOBP%GO:0050820		17	-0.5855054	-1.3136308	0.12288135	0.35466108	1.0	1210	tags=24%, list=7%, signal=25%	
OXIDATIVE DAMAGE RESPONSE%WIKIPATHWAYS_20250810%WP3941%HOMO SAPIENS	OXIDATIVE DAMAGE RESPONSE%WIKIPATHWAYS_20250810%WP3941%HOMO SAPIENS		26	-0.5239332	-1.3134607	0.10483871	0.35479346	1.0	5297	tags=58%, list=30%, signal=83%	
NEGATIVE REGULATION OF REACTIVE OXYGEN SPECIES METABOLIC PROCESS%GOBP%GO:2000378	NEGATIVE REGULATION OF REACTIVE OXYGEN SPECIES METABOLIC PROCESS%GOBP%GO:2000378		16	-0.576768	-1.3132437	0.118644066	0.3550398	1.0	2416	tags=38%, list=14%, signal=43%	
POSITIVE REGULATION OF DNA-TEMPLATED TRANSCRIPTION, ELONGATION%GOBP%GO:0032786	POSITIVE REGULATION OF DNA-TEMPLATED TRANSCRIPTION, ELONGATION%GOBP%GO:0032786		58	-0.45458567	-1.3129214	0.07804878	0.35557362	1.0	6247	tags=47%, list=36%, signal=72%	
SYNTHESIS OF ACTIVE UBIQUITIN: ROLES OF E1 AND E2 ENZYMES%REACTOME DATABASE ID RELEASE 93%8866652	SYNTHESIS OF ACTIVE UBIQUITIN: ROLES OF E1 AND E2 ENZYMES%REACTOME DATABASE ID RELEASE 93%8866652		30	-0.50966924	-1.3127962	0.10239362	0.35560146	1.0	4104	tags=47%, list=24%, signal=61%	
NEGATIVE REGULATION OF INSULIN RECEPTOR SIGNALING PATHWAY%GOBP%GO:0046627	NEGATIVE REGULATION OF INSULIN RECEPTOR SIGNALING PATHWAY%GOBP%GO:0046627		30	-0.50989074	-1.312615	0.11139565	0.35575145	1.0	6440	tags=67%, list=37%, signal=105%	
SUMOYLATION OF INTRACELLULAR RECEPTORS%REACTOME%R-HSA-4090294.5	SUMOYLATION OF INTRACELLULAR RECEPTORS%REACTOME%R-HSA-4090294.5		19	-0.5631376	-1.3125407	0.121045396	0.3556213	1.0	2215	tags=32%, list=13%, signal=36%	
TRANSPORT OF MATURE MRNAS DERIVED FROM INTRONLESS TRANSCRIPTS%REACTOME%R-HSA-159234.4	TRANSPORT OF MATURE MRNAS DERIVED FROM INTRONLESS TRANSCRIPTS%REACTOME%R-HSA-159234.4		39	-0.48898908	-1.3123908	0.11464968	0.35566893	1.0	4924	tags=41%, list=28%, signal=57%	
RNA 5'-END PROCESSING%GOBP%GO:0000966	RNA 5'-END PROCESSING%GOBP%GO:0000966		33	-0.5004245	-1.3123556	0.113182425	0.35545418	1.0	4482	tags=39%, list=26%, signal=53%	
NEGATIVE REGULATION OF MICROTUBULE POLYMERIZATION OR DEPOLYMERIZATION%GOBP%GO:0031111	NEGATIVE REGULATION OF MICROTUBULE POLYMERIZATION OR DEPOLYMERIZATION%GOBP%GO:0031111		30	-0.5122395	-1.3122826	0.11277174	0.35534248	1.0	1550	tags=20%, list=9%, signal=22%	
NEGATIVE REGULATION OF POST-TRANSLATIONAL PROTEIN MODIFICATION%GOBP%GO:1901874	NEGATIVE REGULATION OF POST-TRANSLATIONAL PROTEIN MODIFICATION%GOBP%GO:1901874		66	-0.44649214	-1.3117006	0.08043218	0.3565313	1.0	3907	tags=32%, list=22%, signal=41%	
SUMOYLATION OF DNA METHYLATION PROTEINS%REACTOME%R-HSA-4655427.5	SUMOYLATION OF DNA METHYLATION PROTEINS%REACTOME%R-HSA-4655427.5		15	-0.5833524	-1.3113685	0.13940255	0.35704657	1.0	3745	tags=40%, list=21%, signal=51%	
COMPLEX III ASSEMBLY%REACTOME%R-HSA-9865881.2	COMPLEX III ASSEMBLY%REACTOME%R-HSA-9865881.2		22	-0.5395819	-1.3113259	0.11691885	0.35686198	1.0	3110	tags=45%, list=18%, signal=55%	
GM-CSF%IOB%GM-CSF	GM-CSF%IOB%GM-CSF		44	-0.4814382	-1.3112427	0.097964376	0.3567592	1.0	4963	tags=52%, list=28%, signal=73%	
ENDOSOME ORGANIZATION%GOBP%GO:0007032	ENDOSOME ORGANIZATION%GOBP%GO:0007032		74	-0.4396288	-1.3105863	0.07511737	0.3581211	1.0	6225	tags=51%, list=36%, signal=79%	
POSITIVE REGULATION OF MEMBRANE PERMEABILITY%GOBP%GO:1905710	POSITIVE REGULATION OF MEMBRANE PERMEABILITY%GOBP%GO:1905710		18	-0.56350595	-1.3103099	0.11634349	0.35851	1.0	3630	tags=39%, list=21%, signal=49%	
DETECTION OF ABIOTIC STIMULUS%GOBP%GO:0009582	DETECTION OF ABIOTIC STIMULUS%GOBP%GO:0009582		62	-0.45556256	-1.3102889	0.06666667	0.35828012	1.0	247	tags=13%, list=1%, signal=13%	
SUMOYLATION OF TRANSCRIPTION FACTORS%REACTOME%R-HSA-3232118.9	SUMOYLATION OF TRANSCRIPTION FACTORS%REACTOME%R-HSA-3232118.9		16	-0.5726449	-1.3102856	0.12981455	0.35798612	1.0	2080	tags=25%, list=12%, signal=28%	
TCR SIGNALING IN NAIVE CD8+ T CELLS%PATHWAY INTERACTION DATABASE NCI-NATURE CURATED DATA%TCR SIGNALING IN NAIVE CD8+ T CELLS	TCR SIGNALING IN NAIVE CD8+ T CELLS%PATHWAY INTERACTION DATABASE NCI-NATURE CURATED DATA%TCR SIGNALING IN NAIVE CD8+ T CELLS		31	-0.50101525	-1.3101295	0.11443433	0.3580917	1.0	2522	tags=39%, list=14%, signal=45%	
SULFUR COMPOUND TRANSPORT%GOBP%GO:0072348	SULFUR COMPOUND TRANSPORT%GOBP%GO:0072348		37	-0.49060154	-1.3100531	0.105058365	0.35795546	1.0	3992	tags=35%, list=23%, signal=45%	
BIOCARTA_ARENRF2_PATHWAY%MSIGDB_C2%BIOCARTA_ARENRF2_PATHWAY	BIOCARTA_ARENRF2_PATHWAY%MSIGDB_C2%BIOCARTA_ARENRF2_PATHWAY		16	-0.5744914	-1.3099437	0.13265306	0.3579061	1.0	1224	tags=25%, list=7%, signal=27%	
ESTROGEN-DEPENDENT GENE EXPRESSION%REACTOME%R-HSA-9018519.3	ESTROGEN-DEPENDENT GENE EXPRESSION%REACTOME%R-HSA-9018519.3		81	-0.43619168	-1.3098619	0.06323185	0.35780168	1.0	3959	tags=30%, list=23%, signal=38%	
RNA POLYMERASE III TRANSCRIPTION INITIATION FROM TYPE 1 PROMOTER%REACTOME%R-HSA-76061.4	RNA POLYMERASE III TRANSCRIPTION INITIATION FROM TYPE 1 PROMOTER%REACTOME%R-HSA-76061.4		27	-0.51635414	-1.3098398	0.12433863	0.35755914	1.0	5666	tags=56%, list=32%, signal=82%	
REGULATION OF DEFENSE RESPONSE TO VIRUS BY HOST%GOBP%GO:0050691	REGULATION OF DEFENSE RESPONSE TO VIRUS BY HOST%GOBP%GO:0050691		23	-0.5444559	-1.30967	0.11066667	0.3577048	1.0	4245	tags=43%, list=24%, signal=57%	
MUSCLE CELL DEVELOPMENT%GOBP%GO:0055001	MUSCLE CELL DEVELOPMENT%GOBP%GO:0055001		88	-0.43471658	-1.3095425	0.07110092	0.3576922	1.0	2742	tags=33%, list=16%, signal=39%	
HORMONE SECRETION%GOBP%GO:0046879	HORMONE SECRETION%GOBP%GO:0046879		22	-0.5380248	-1.3093264	0.11748252	0.35794896	1.0	5872	tags=55%, list=34%, signal=82%	
PHOSPHOLIPID TRANSPORT%GOBP%GO:0015914	PHOSPHOLIPID TRANSPORT%GOBP%GO:0015914		58	-0.46231803	-1.3090612	0.08560794	0.35831496	1.0	4551	tags=43%, list=26%, signal=58%	
CYCLIN A:CDK2-ASSOCIATED EVENTS AT S PHASE ENTRY%REACTOME%R-HSA-69656.6	CYCLIN A:CDK2-ASSOCIATED EVENTS AT S PHASE ENTRY%REACTOME%R-HSA-69656.6		72	-0.44180083	-1.3090489	0.07628129	0.35804993	1.0	5667	tags=43%, list=32%, signal=63%	
POSITIVE REGULATION OF PHAGOCYTOSIS%GOBP%GO:0050766	POSITIVE REGULATION OF PHAGOCYTOSIS%GOBP%GO:0050766		32	-0.49935108	-1.3088367	0.10064516	0.35831606	1.0	1532	tags=25%, list=9%, signal=27%	
SNRNA 3'-END PROCESSING%GOBP%GO:0034472	SNRNA 3'-END PROCESSING%GOBP%GO:0034472		19	-0.5480531	-1.3087121	0.14917128	0.35834822	1.0	5191	tags=53%, list=30%, signal=75%	
PROTEIN METHYLATION%GOBP%GO:0006479	PROTEIN METHYLATION%GOBP%GO:0006479		30	-0.5053421	-1.3083127	0.11497326	0.35908237	1.0	5752	tags=63%, list=33%, signal=94%	
PID_SYNDECAN_2_PATHWAY%MSIGDB_C2%PID_SYNDECAN_2_PATHWAY	PID_SYNDECAN_2_PATHWAY%MSIGDB_C2%PID_SYNDECAN_2_PATHWAY		20	-0.54341584	-1.307681	0.1349096	0.36034894	1.0	4353	tags=35%, list=25%, signal=47%	
REGULATION OF ENDOPLASMIC RETICULUM UNFOLDED PROTEIN RESPONSE%GOBP%GO:1900101	REGULATION OF ENDOPLASMIC RETICULUM UNFOLDED PROTEIN RESPONSE%GOBP%GO:1900101		29	-0.5130229	-1.3076541	0.121983916	0.360132	1.0	4353	tags=52%, list=25%, signal=69%	
POSITIVE REGULATION OF MONOATOMIC ION TRANSMEMBRANE TRANSPORT%GOBP%GO:0034767	POSITIVE REGULATION OF MONOATOMIC ION TRANSMEMBRANE TRANSPORT%GOBP%GO:0034767		66	-0.4505499	-1.3076414	0.0686747	0.35986504	1.0	2893	tags=26%, list=17%, signal=31%	
PLASMA MEMBRANE ESTROGEN RECEPTOR SIGNALING%PATHWAY INTERACTION DATABASE NCI-NATURE CURATED DATA%PLASMA MEMBRANE ESTROGEN RECEPTOR SIGNALING	PLASMA MEMBRANE ESTROGEN RECEPTOR SIGNALING%PATHWAY INTERACTION DATABASE NCI-NATURE CURATED DATA%PLASMA MEMBRANE ESTROGEN RECEPTOR SIGNALING		38	-0.48837766	-1.3074208	0.10923277	0.36010817	1.0	3687	tags=37%, list=21%, signal=47%	
BICARBONATE TRANSPORT%GOBP%GO:0015701	BICARBONATE TRANSPORT%GOBP%GO:0015701		17	-0.5635075	-1.307171	0.12430168	0.36045516	1.0	1632	tags=24%, list=9%, signal=26%	
ONE CARBON METABOLISM%WIKIPATHWAYS_20250810%WP241%HOMO SAPIENS	ONE CARBON METABOLISM%WIKIPATHWAYS_20250810%WP241%HOMO SAPIENS		16	-0.5678528	-1.307133	0.12587413	0.36027476	1.0	3042	tags=44%, list=17%, signal=53%	
G0 AND EARLY G1%REACTOME DATABASE ID RELEASE 93%1538133	G0 AND EARLY G1%REACTOME DATABASE ID RELEASE 93%1538133		27	-0.5123548	-1.3066082	0.11795544	0.361254	1.0	4037	tags=30%, list=23%, signal=38%	
SENSORY PROCESSING OF SOUND%REACTOME DATABASE ID RELEASE 93%9659379	SENSORY PROCESSING OF SOUND%REACTOME DATABASE ID RELEASE 93%9659379		57	-0.45931724	-1.3064522	0.10696518	0.36134753	1.0	3392	tags=33%, list=19%, signal=41%	
KSRP (KHSRP) BINDS AND DESTABILIZES MRNA%REACTOME%R-HSA-450604.4	KSRP (KHSRP) BINDS AND DESTABILIZES MRNA%REACTOME%R-HSA-450604.4		17	-0.57403207	-1.3063551	0.13333334	0.36129788	1.0	6102	tags=59%, list=35%, signal=90%	
IRE1ALPHA ACTIVATES CHAPERONES%REACTOME%R-HSA-381070.3	IRE1ALPHA ACTIVATES CHAPERONES%REACTOME%R-HSA-381070.3		47	-0.46920636	-1.306346	0.078085646	0.3610262	1.0	3968	tags=40%, list=23%, signal=52%	
AUF1 (HNRNP D0) BINDS AND DESTABILIZES MRNA%REACTOME%R-HSA-450408.5	AUF1 (HNRNP D0) BINDS AND DESTABILIZES MRNA%REACTOME%R-HSA-450408.5		40	-0.48353428	-1.3061396	0.11581569	0.36120656	1.0	5499	tags=48%, list=31%, signal=69%	
MIRNA REGULATION OF PROSTATE CANCER SIGNALING%WIKIPATHWAYS_20250810%WP3981%HOMO SAPIENS	MIRNA REGULATION OF PROSTATE CANCER SIGNALING%WIKIPATHWAYS_20250810%WP3981%HOMO SAPIENS		23	-0.5340736	-1.3059931	0.12280702	0.3612504	1.0	2522	tags=39%, list=14%, signal=46%	
GLUCOCORTICOID RECEPTOR REGULATORY NETWORK%PATHWAY INTERACTION DATABASE NCI-NATURE CURATED DATA%GLUCOCORTICOID RECEPTOR REGULATORY NETWORK	GLUCOCORTICOID RECEPTOR REGULATORY NETWORK%PATHWAY INTERACTION DATABASE NCI-NATURE CURATED DATA%GLUCOCORTICOID RECEPTOR REGULATORY NETWORK		56	-0.4569293	-1.3059554	0.07917174	0.36104873	1.0	1573	tags=25%, list=9%, signal=27%	
COMPLEMENT CASCADE%REACTOME%R-HSA-166658.6	COMPLEMENT CASCADE%REACTOME%R-HSA-166658.6		17	-0.57298803	-1.3056968	0.123655915	0.36140767	1.0	3055	tags=35%, list=17%, signal=43%	
ANGIOPOIETIN LIKE PROTEIN 8 REGULATORY PATHWAY%WIKIPATHWAYS_20250810%WP3915%HOMO SAPIENS	ANGIOPOIETIN LIKE PROTEIN 8 REGULATORY PATHWAY%WIKIPATHWAYS_20250810%WP3915%HOMO SAPIENS		97	-0.4238067	-1.3054867	0.06484642	0.36165035	1.0	3875	tags=42%, list=22%, signal=54%	
MAINTENANCE OF BLOOD-BRAIN BARRIER%GOBP%GO:0035633	MAINTENANCE OF BLOOD-BRAIN BARRIER%GOBP%GO:0035633		27	-0.5171835	-1.3054035	0.13788487	0.3615773	1.0	1445	tags=19%, list=8%, signal=20%	
SPLICING FACTOR NOVA REGULATED SYNAPTIC PROTEINS%WIKIPATHWAYS_20250810%WP4148%HOMO SAPIENS	SPLICING FACTOR NOVA REGULATED SYNAPTIC PROTEINS%WIKIPATHWAYS_20250810%WP4148%HOMO SAPIENS		31	-0.50220543	-1.3053377	0.11066127	0.36145458	1.0	2337	tags=26%, list=13%, signal=30%	
REGULATION OF MRNA STABILITY BY PROTEINS THAT BIND AU-RICH ELEMENTS%REACTOME%R-HSA-450531.6	REGULATION OF MRNA STABILITY BY PROTEINS THAT BIND AU-RICH ELEMENTS%REACTOME%R-HSA-450531.6		71	-0.4460506	-1.3049308	0.06603774	0.36219478	1.0	5560	tags=49%, list=32%, signal=72%	
BIOCARTA_ERK_PATHWAY%MSIGDB_C2%BIOCARTA_ERK_PATHWAY	BIOCARTA_ERK_PATHWAY%MSIGDB_C2%BIOCARTA_ERK_PATHWAY		22	-0.5354925	-1.3048555	0.12043302	0.36208403	1.0	2818	tags=45%, list=16%, signal=54%	
NUCLEOBASE METABOLIC PROCESS%GOBP%GO:0009112	NUCLEOBASE METABOLIC PROCESS%GOBP%GO:0009112		19	-0.5518266	-1.3046845	0.12942779	0.36222574	1.0	4566	tags=53%, list=26%, signal=71%	
IL1-MEDIATED SIGNALING EVENTS%PATHWAY INTERACTION DATABASE NCI-NATURE CURATED DATA%IL1-MEDIATED SIGNALING EVENTS	IL1-MEDIATED SIGNALING EVENTS%PATHWAY INTERACTION DATABASE NCI-NATURE CURATED DATA%IL1-MEDIATED SIGNALING EVENTS		27	-0.5235117	-1.3045127	0.12588401	0.3623734	1.0	1665	tags=26%, list=10%, signal=29%	
PROTEIN ALKYLATION%GOBP%GO:0008213	PROTEIN ALKYLATION%GOBP%GO:0008213		30	-0.5053421	-1.3043303	0.1	0.36255327	1.0	5752	tags=63%, list=33%, signal=94%	
VALIDATED TRANSCRIPTIONAL TARGETS OF TAP63 ISOFORMS%PATHWAY INTERACTION DATABASE NCI-NATURE CURATED DATA%VALIDATED TRANSCRIPTIONAL TARGETS OF TAP63 ISOFORMS	VALIDATED TRANSCRIPTIONAL TARGETS OF TAP63 ISOFORMS%PATHWAY INTERACTION DATABASE NCI-NATURE CURATED DATA%VALIDATED TRANSCRIPTIONAL TARGETS OF TAP63 ISOFORMS		45	-0.46701437	-1.3037978	0.09326425	0.36358216	1.0	3767	tags=36%, list=22%, signal=45%	
CELLULAR RESPONSE TO GROWTH HORMONE STIMULUS%GOBP%GO:0071378	CELLULAR RESPONSE TO GROWTH HORMONE STIMULUS%GOBP%GO:0071378		15	-0.5858903	-1.3036698	0.13529412	0.36359027	1.0	3433	tags=47%, list=20%, signal=58%	
HIGH LAMINAR FLOW SHEAR STRESS ACTIVATES SIGNALING BY PIEZO1 AND PECAM1:CDH5:KDR IN ENDOTHELIAL CELLS%REACTOME DATABASE ID RELEASE 93%9856530	HIGH LAMINAR FLOW SHEAR STRESS ACTIVATES SIGNALING BY PIEZO1 AND PECAM1:CDH5:KDR IN ENDOTHELIAL CELLS%REACTOME DATABASE ID RELEASE 93%9856530		60	-0.4538835	-1.3035074	0.096415326	0.36369118	1.0	2759	tags=28%, list=16%, signal=34%	
SIGNALING BY INSULIN RECEPTOR%REACTOME DATABASE ID RELEASE 93%74752	SIGNALING BY INSULIN RECEPTOR%REACTOME DATABASE ID RELEASE 93%74752		51	-0.4675392	-1.3031037	0.1006135	0.364419	1.0	4309	tags=39%, list=25%, signal=52%	
PROTEIN LOCALIZATION TO CELL SURFACE%GOBP%GO:0034394	PROTEIN LOCALIZATION TO CELL SURFACE%GOBP%GO:0034394		19	-0.56078327	-1.3030026	0.14025246	0.36439204	1.0	4189	tags=37%, list=24%, signal=48%	
ETHANOL EFFECTS ON HISTONE MODIFICATIONS%WIKIPATHWAYS_20250810%WP3996%HOMO SAPIENS	ETHANOL EFFECTS ON HISTONE MODIFICATIONS%WIKIPATHWAYS_20250810%WP3996%HOMO SAPIENS		21	-0.5397016	-1.3029158	0.13108107	0.3643106	1.0	4102	tags=48%, list=23%, signal=62%	
FLUOXETINE ACTION PATHWAY%PATHWHIZ%PW000428	FLUOXETINE ACTION PATHWAY%PATHWHIZ%PW000428		23	-0.5390518	-1.302914	0.12890095	0.3640243	1.0	2163	tags=26%, list=12%, signal=30%	
FOCAL ADHESION ASSEMBLY%GOBP%GO:0048041	FOCAL ADHESION ASSEMBLY%GOBP%GO:0048041		21	-0.53883225	-1.3027169	0.13538875	0.3642066	1.0	1024	tags=33%, list=6%, signal=35%	
REGULATION OF FILOPODIUM ASSEMBLY%GOBP%GO:0051489	REGULATION OF FILOPODIUM ASSEMBLY%GOBP%GO:0051489		32	-0.5010638	-1.3021177	0.11879896	0.36540526	1.0	3051	tags=38%, list=17%, signal=45%	
METABOTROPIC GLUTAMATE RECEPTOR GROUP II PATHWAY%PANTHER PATHWAY%P00040	METABOTROPIC GLUTAMATE RECEPTOR GROUP II PATHWAY%PANTHER PATHWAY%P00040		37	-0.48296303	-1.3016752	0.09492848	0.36623353	1.0	2554	tags=30%, list=15%, signal=35%	
POSITIVE REGULATION OF ENDOTHELIAL CELL MIGRATION%GOBP%GO:0010595	POSITIVE REGULATION OF ENDOTHELIAL CELL MIGRATION%GOBP%GO:0010595		75	-0.4396699	-1.3016179	0.09210526	0.36609656	1.0	3527	tags=35%, list=20%, signal=43%	
PID_ATR_PATHWAY%MSIGDB_C2%PID_ATR_PATHWAY	PID_ATR_PATHWAY%MSIGDB_C2%PID_ATR_PATHWAY		32	-0.4950574	-1.3016131	0.11154856	0.3658152	1.0	3918	tags=34%, list=22%, signal=44%	
HIPPO YAP SIGNALING%WIKIPATHWAYS_20250810%WP4537%HOMO SAPIENS	HIPPO YAP SIGNALING%WIKIPATHWAYS_20250810%WP4537%HOMO SAPIENS		15	-0.5837549	-1.3012477	0.13426574	0.36642906	1.0	3502	tags=53%, list=20%, signal=67%	
POSITIVE REGULATION OF MITOTIC METAPHASE/ANAPHASE TRANSITION%GOBP%GO:0045842	POSITIVE REGULATION OF MITOTIC METAPHASE/ANAPHASE TRANSITION%GOBP%GO:0045842		17	-0.566232	-1.3011776	0.14855571	0.36629403	1.0	3997	tags=41%, list=23%, signal=53%	
PID_P38_ALPHA_BETA_DOWNSTREAM_PATHWAY%MSIGDB_C2%PID_P38_ALPHA_BETA_DOWNSTREAM_PATHWAY	PID_P38_ALPHA_BETA_DOWNSTREAM_PATHWAY%MSIGDB_C2%PID_P38_ALPHA_BETA_DOWNSTREAM_PATHWAY		24	-0.52830994	-1.3008813	0.12962963	0.3667408	1.0	2029	tags=25%, list=12%, signal=28%	
SUMOYLATION OF UBIQUITINYLATION PROTEINS%REACTOME%R-HSA-3232142.5	SUMOYLATION OF UBIQUITINYLATION PROTEINS%REACTOME%R-HSA-3232142.5		34	-0.49174953	-1.3005992	0.12483913	0.36716577	1.0	2209	tags=24%, list=13%, signal=27%	
BIOCARTA_PPARA_PATHWAY%MSIGDB_C2%BIOCARTA_PPARA_PATHWAY	BIOCARTA_PPARA_PATHWAY%MSIGDB_C2%BIOCARTA_PPARA_PATHWAY		34	-0.4957174	-1.3002522	0.102564104	0.36776042	1.0	3889	tags=32%, list=22%, signal=42%	
MEMBRANE BIOGENESIS%GOBP%GO:0044091	MEMBRANE BIOGENESIS%GOBP%GO:0044091		52	-0.4656949	-1.2998304	0.10050251	0.36847487	1.0	3409	tags=29%, list=20%, signal=36%	
HEPATITIS B INFECTION%WIKIPATHWAYS_20250810%WP4666%HOMO SAPIENS	HEPATITIS B INFECTION%WIKIPATHWAYS_20250810%WP4666%HOMO SAPIENS		100	-0.41935626	-1.2997829	0.074745186	0.3683121	1.0	4822	tags=42%, list=28%, signal=58%	
FOLLICLE STIMULATING HORMONE FSH SIGNALING%WIKIPATHWAYS_20250810%WP2035%HOMO SAPIENS	FOLLICLE STIMULATING HORMONE FSH SIGNALING%WIKIPATHWAYS_20250810%WP2035%HOMO SAPIENS		17	-0.5621374	-1.2997693	0.15020862	0.36805642	1.0	2818	tags=41%, list=16%, signal=49%	
HEPATOCYTE GROWTH FACTOR RECEPTOR SIGNALING%WIKIPATHWAYS_20250810%WP313%HOMO SAPIENS	HEPATOCYTE GROWTH FACTOR RECEPTOR SIGNALING%WIKIPATHWAYS_20250810%WP313%HOMO SAPIENS		28	-0.5079123	-1.2996665	0.110067114	0.36800894	1.0	3882	tags=39%, list=22%, signal=50%	
PYRUVATE METABOLISM%REACTOME%R-HSA-70268.10	PYRUVATE METABOLISM%REACTOME%R-HSA-70268.10		40	-0.4870165	-1.2995479	0.09808917	0.36800757	1.0	5060	tags=52%, list=29%, signal=74%	
NUCLEIC ACID TRANSPORT%GOBP%GO:0050657	NUCLEIC ACID TRANSPORT%GOBP%GO:0050657		92	-0.42773932	-1.2994831	0.074204944	0.3678702	1.0	4976	tags=45%, list=28%, signal=62%	
RAC1 SIGNALING PATHWAY%PATHWAY INTERACTION DATABASE NCI-NATURE CURATED DATA%RAC1 SIGNALING PATHWAY	RAC1 SIGNALING PATHWAY%PATHWAY INTERACTION DATABASE NCI-NATURE CURATED DATA%RAC1 SIGNALING PATHWAY		48	-0.4677763	-1.2993417	0.09102402	0.3679133	1.0	3882	tags=42%, list=22%, signal=53%	
CYTOPLASMIC MICROTUBULE ORGANIZATION%GOBP%GO:0031122	CYTOPLASMIC MICROTUBULE ORGANIZATION%GOBP%GO:0031122		56	-0.45583272	-1.2993245	0.09902201	0.36767334	1.0	1310	tags=18%, list=8%, signal=19%	
BIOCARTA_CERAMIDE_PATHWAY%MSIGDB_C2%BIOCARTA_CERAMIDE_PATHWAY	BIOCARTA_CERAMIDE_PATHWAY%MSIGDB_C2%BIOCARTA_CERAMIDE_PATHWAY		20	-0.54268235	-1.2992632	0.13406293	0.3675334	1.0	5343	tags=65%, list=31%, signal=94%	
PROTEIN LOCALIZATION TO CHROMATIN%GOBP%GO:0071168	PROTEIN LOCALIZATION TO CHROMATIN%GOBP%GO:0071168		25	-0.52781177	-1.2992232	0.1230982	0.36732054	1.0	4485	tags=52%, list=26%, signal=70%	
P53 PATHWAY BY GLUCOSE DEPRIVATION%PANTHER PATHWAY%P04397	P53 PATHWAY BY GLUCOSE DEPRIVATION%PANTHER PATHWAY%P04397		19	-0.5540875	-1.2991856	0.12412831	0.36713594	1.0	4701	tags=53%, list=27%, signal=72%	
P53 PATHWAY%PATHWAY INTERACTION DATABASE NCI-NATURE CURATED DATA%P53 PATHWAY	P53 PATHWAY%PATHWAY INTERACTION DATABASE NCI-NATURE CURATED DATA%P53 PATHWAY		55	-0.46392712	-1.2989893	0.08652657	0.36731434	1.0	4052	tags=31%, list=23%, signal=40%	
REGULATION OF TYPE I INTERFERON PRODUCTION%GOBP%GO:0032479	REGULATION OF TYPE I INTERFERON PRODUCTION%GOBP%GO:0032479		84	-0.431251	-1.2987452	0.07058824	0.36760384	1.0	5106	tags=44%, list=29%, signal=62%	
GRANULOCYTE MIGRATION%GOBP%GO:0097530	GRANULOCYTE MIGRATION%GOBP%GO:0097530		27	-0.51915926	-1.2987415	0.13270777	0.36732203	1.0	826	tags=15%, list=5%, signal=16%	
PROTEIN IMPORT INTO MITOCHONDRIAL MATRIX%GOBP%GO:0030150	PROTEIN IMPORT INTO MITOCHONDRIAL MATRIX%GOBP%GO:0030150		22	-0.5381802	-1.2986352	0.118367344	0.36729315	1.0	4645	tags=41%, list=27%, signal=56%	
CLEC7A (DECTIN-1) SIGNALING%REACTOME DATABASE ID RELEASE 93%5607764	CLEC7A (DECTIN-1) SIGNALING%REACTOME DATABASE ID RELEASE 93%5607764		77	-0.42871162	-1.2983289	0.0867052	0.3677755	1.0	6156	tags=52%, list=35%, signal=80%	
SIGNALING EVENTS MEDIATED BY FOCAL ADHESION KINASE%PATHWAY INTERACTION DATABASE NCI-NATURE CURATED DATA%SIGNALING EVENTS MEDIATED BY FOCAL ADHESION KINASE	SIGNALING EVENTS MEDIATED BY FOCAL ADHESION KINASE%PATHWAY INTERACTION DATABASE NCI-NATURE CURATED DATA%SIGNALING EVENTS MEDIATED BY FOCAL ADHESION KINASE		54	-0.45781025	-1.2980906	0.08852868	0.3680885	1.0	4101	tags=44%, list=23%, signal=58%	
HORMONE-MEDIATED SIGNALING PATHWAY%GOBP%GO:0009755	HORMONE-MEDIATED SIGNALING PATHWAY%GOBP%GO:0009755		71	-0.44212765	-1.2972387	0.07673861	0.36993924	1.0	3837	tags=31%, list=22%, signal=40%	
ELECTRON TRANSPORT CHAIN%GOBP%GO:0022900	ELECTRON TRANSPORT CHAIN%GOBP%GO:0022900		88	-0.43011007	-1.2969406	0.0627907	0.37040445	1.0	4291	tags=39%, list=25%, signal=51%	
PID_BCR_5PATHWAY%MSIGDB_C2%PID_BCR_5PATHWAY	PID_BCR_5PATHWAY%MSIGDB_C2%PID_BCR_5PATHWAY		46	-0.46725997	-1.296836	0.09685534	0.3703487	1.0	3060	tags=37%, list=18%, signal=45%	
REGULATION OF NOTCH SIGNALING PATHWAY%GOBP%GO:0008593	REGULATION OF NOTCH SIGNALING PATHWAY%GOBP%GO:0008593		66	-0.44530475	-1.2966462	0.07533415	0.3705201	1.0	2748	tags=33%, list=16%, signal=39%	
GLYCOSAMINOGLYCAN METABOLIC PROCESS%GOBP%GO:0030203	GLYCOSAMINOGLYCAN METABOLIC PROCESS%GOBP%GO:0030203		31	-0.49412268	-1.2965432	0.11232877	0.37048364	1.0	5585	tags=45%, list=32%, signal=66%	
PROTEIN LOCALIZATION TO PHAGOPHORE ASSEMBLY SITE%GOBP%GO:0034497	PROTEIN LOCALIZATION TO PHAGOPHORE ASSEMBLY SITE%GOBP%GO:0034497		16	-0.5684922	-1.2963942	0.12188365	0.370578	1.0	6159	tags=81%, list=35%, signal=125%	
RETROGRADE VESICLE-MEDIATED TRANSPORT, GOLGI TO ENDOPLASMIC RETICULUM%GOBP%GO:0006890	RETROGRADE VESICLE-MEDIATED TRANSPORT, GOLGI TO ENDOPLASMIC RETICULUM%GOBP%GO:0006890		44	-0.4756208	-1.296326	0.11847134	0.3704625	1.0	4551	tags=41%, list=26%, signal=55%	
RNA TRANSPORT%GOBP%GO:0050658	RNA TRANSPORT%GOBP%GO:0050658		92	-0.42773932	-1.2956413	0.061611373	0.37183273	1.0	4976	tags=45%, list=28%, signal=62%	
IL-7%NETPATH%IL-7	IL-7%NETPATH%IL-7		17	-0.57255995	-1.2955815	0.14825581	0.37168303	1.0	4309	tags=53%, list=25%, signal=70%	
NON-INTEGRIN MEMBRANE-ECM INTERACTIONS%REACTOME%R-HSA-3000171.6	NON-INTEGRIN MEMBRANE-ECM INTERACTIONS%REACTOME%R-HSA-3000171.6		48	-0.4656743	-1.2955561	0.10592686	0.37145543	1.0	893	tags=21%, list=5%, signal=22%	
LEUKOCYTE CELL-CELL ADHESION%GOBP%GO:0007159	LEUKOCYTE CELL-CELL ADHESION%GOBP%GO:0007159		28	-0.5125014	-1.2954016	0.11096076	0.37152308	1.0	4020	tags=46%, list=23%, signal=60%	
POSITIVE REGULATION OF ANGIOGENESIS%GOBP%GO:0045766	POSITIVE REGULATION OF ANGIOGENESIS%GOBP%GO:0045766		89	-0.42178002	-1.2953205	0.0638051	0.37145093	1.0	2853	tags=27%, list=16%, signal=32%	
CONSTITUTIVE SIGNALING BY ABERRANT PI3K IN CANCER%REACTOME%R-HSA-2219530.3	CONSTITUTIVE SIGNALING BY ABERRANT PI3K IN CANCER%REACTOME%R-HSA-2219530.3		40	-0.48378778	-1.2952799	0.09326425	0.37126175	1.0	3301	tags=43%, list=19%, signal=52%	
COSTIMULATION BY THE CD28 FAMILY%REACTOME%R-HSA-388841.8	COSTIMULATION BY THE CD28 FAMILY%REACTOME%R-HSA-388841.8		42	-0.47900584	-1.2952452	0.107731305	0.37107772	1.0	3882	tags=48%, list=22%, signal=61%	
HALLMARK_COAGULATION%MSIGDBHALLMARK%HALLMARK_COAGULATION	HALLMARK_COAGULATION%MSIGDBHALLMARK%HALLMARK_COAGULATION		61	-0.44962788	-1.2950944	0.10037641	0.37116265	1.0	2554	tags=31%, list=15%, signal=36%	
RNA POLYMERASE III TRANSCRIPTION INITIATION FROM TYPE 2 PROMOTER%REACTOME%R-HSA-76066.4	RNA POLYMERASE III TRANSCRIPTION INITIATION FROM TYPE 2 PROMOTER%REACTOME%R-HSA-76066.4		26	-0.52670294	-1.2942251	0.124487005	0.37303522	1.0	5666	tags=58%, list=32%, signal=85%	
REGULATION OF INSULIN SECRETION%GOBP%GO:0050796	REGULATION OF INSULIN SECRETION%GOBP%GO:0050796		76	-0.43057105	-1.2935342	0.07656066	0.37446392	1.0	2472	tags=30%, list=14%, signal=35%	
REGULATION OF MITOCHONDRIAL MEMBRANE PERMEABILITY%GOBP%GO:0046902	REGULATION OF MITOCHONDRIAL MEMBRANE PERMEABILITY%GOBP%GO:0046902		36	-0.48497206	-1.2933115	0.11357702	0.3747421	1.0	3630	tags=42%, list=21%, signal=52%	
GASTRIN SIGNALING%WIKIPATHWAYS_20250810%WP4659%HOMO SAPIENS	GASTRIN SIGNALING%WIKIPATHWAYS_20250810%WP4659%HOMO SAPIENS		83	-0.4347892	-1.292378	0.08283313	0.376829	1.0	4062	tags=43%, list=23%, signal=56%	
CHEMOKINE-MEDIATED SIGNALING PATHWAY%GOBP%GO:0070098	CHEMOKINE-MEDIATED SIGNALING PATHWAY%GOBP%GO:0070098		25	-0.51707166	-1.2923592	0.123641305	0.37658262	1.0	2338	tags=24%, list=13%, signal=28%	
POSITIVE REGULATION OF DOUBLE-STRAND BREAK REPAIR%GOBP%GO:2000781	POSITIVE REGULATION OF DOUBLE-STRAND BREAK REPAIR%GOBP%GO:2000781		81	-0.4326527	-1.292314	0.07857143	0.37641975	1.0	4013	tags=32%, list=23%, signal=41%	
MONOCARBOXYLIC ACID CATABOLIC PROCESS%GOBP%GO:0072329	MONOCARBOXYLIC ACID CATABOLIC PROCESS%GOBP%GO:0072329		77	-0.43572804	-1.2923033	0.08224076	0.37615663	1.0	5539	tags=51%, list=32%, signal=74%	
BLADDER CANCER%WIKIPATHWAYS_20250810%WP2828%HOMO SAPIENS	BLADDER CANCER%WIKIPATHWAYS_20250810%WP2828%HOMO SAPIENS		30	-0.4988077	-1.2922392	0.12247644	0.37601194	1.0	2697	tags=37%, list=15%, signal=43%	
B CELL ACTIVATION%PANTHER PATHWAY%P00010	B CELL ACTIVATION%PANTHER PATHWAY%P00010		44	-0.47109333	-1.2921087	0.12082262	0.37605143	1.0	3060	tags=34%, list=18%, signal=41%	
FORMATION OF THE POLYBROMO-BAF (PBAF) COMPLEX%REACTOME DATABASE ID RELEASE 93%9933939	FORMATION OF THE POLYBROMO-BAF (PBAF) COMPLEX%REACTOME DATABASE ID RELEASE 93%9933939		18	-0.5617977	-1.291881	0.14305949	0.37634176	1.0	4013	tags=50%, list=23%, signal=65%	
NOVEL INTRACELLULAR COMPONENTS OF RIG I LIKE RECEPTOR PATHWAY%WIKIPATHWAYS_20250810%WP3865%HOMO SAPIENS	NOVEL INTRACELLULAR COMPONENTS OF RIG I LIKE RECEPTOR PATHWAY%WIKIPATHWAYS_20250810%WP3865%HOMO SAPIENS		46	-0.46853554	-1.291769	0.096525095	0.37632307	1.0	2582	tags=30%, list=15%, signal=36%	
PID_ERBB4_PATHWAY%MSIGDB_C2%PID_ERBB4_PATHWAY	PID_ERBB4_PATHWAY%MSIGDB_C2%PID_ERBB4_PATHWAY		29	-0.5094173	-1.2917218	0.12089356	0.37614968	1.0	3127	tags=41%, list=18%, signal=50%	
INTRACELLULAR GLUCOSE HOMEOSTASIS%GOBP%GO:0001678	INTRACELLULAR GLUCOSE HOMEOSTASIS%GOBP%GO:0001678		46	-0.46613914	-1.2916133	0.10314465	0.37613457	1.0	4504	tags=37%, list=26%, signal=50%	
REGULATION OF GENE SILENCING BY REGULATORY NCRNA%GOBP%GO:0060966	REGULATION OF GENE SILENCING BY REGULATORY NCRNA%GOBP%GO:0060966		20	-0.5391984	-1.2915817	0.14745308	0.37591943	1.0	5955	tags=50%, list=34%, signal=76%	
HYALURONAN METABOLISM%REACTOME DATABASE ID RELEASE 93%2142845	HYALURONAN METABOLISM%REACTOME DATABASE ID RELEASE 93%2142845		15	-0.57414	-1.2910408	0.14369501	0.37699956	1.0	4684	tags=47%, list=27%, signal=64%	
POSITIVE REGULATION OF SMALL GTPASE MEDIATED SIGNAL TRANSDUCTION%GOBP%GO:0051057	POSITIVE REGULATION OF SMALL GTPASE MEDIATED SIGNAL TRANSDUCTION%GOBP%GO:0051057		45	-0.46829185	-1.2908893	0.12839507	0.37711287	1.0	3476	tags=33%, list=20%, signal=42%	
RIBONUCLEOSIDE MONOPHOSPHATE BIOSYNTHETIC PROCESS%GOBP%GO:0009156	RIBONUCLEOSIDE MONOPHOSPHATE BIOSYNTHETIC PROCESS%GOBP%GO:0009156		17	-0.5651313	-1.2904749	0.12907802	0.37792405	1.0	4660	tags=65%, list=27%, signal=88%	
CELL CYCLE G1/S PHASE TRANSITION%GOBP%GO:0044843	CELL CYCLE G1/S PHASE TRANSITION%GOBP%GO:0044843		61	-0.44973722	-1.2903801	0.10429448	0.37786886	1.0	6737	tags=56%, list=39%, signal=90%	
ORGANELLE LOCALIZATION BY MEMBRANE TETHERING%GOBP%GO:0140056	ORGANELLE LOCALIZATION BY MEMBRANE TETHERING%GOBP%GO:0140056		63	-0.44001484	-1.290001	0.07810651	0.37856427	1.0	2841	tags=25%, list=16%, signal=30%	
MITOCHONDRIAL TRNA PROCESSING%GOBP%GO:0090646	MITOCHONDRIAL TRNA PROCESSING%GOBP%GO:0090646		16	-0.56926614	-1.2899563	0.13694721	0.37839088	1.0	3637	tags=50%, list=21%, signal=63%	
TNF RECEPTOR SIGNALING PATHWAY%PATHWAY INTERACTION DATABASE NCI-NATURE CURATED DATA%TNF RECEPTOR SIGNALING PATHWAY	TNF RECEPTOR SIGNALING PATHWAY%PATHWAY INTERACTION DATABASE NCI-NATURE CURATED DATA%TNF RECEPTOR SIGNALING PATHWAY		40	-0.47254324	-1.2899436	0.122897804	0.37813884	1.0	2575	tags=30%, list=15%, signal=35%	
IL3%NETPATH%IL3	IL3%NETPATH%IL3		32	-0.49820042	-1.2896839	0.13544303	0.3784794	1.0	3972	tags=44%, list=23%, signal=57%	
ERBB4 SIGNALING EVENTS%PATHWAY INTERACTION DATABASE NCI-NATURE CURATED DATA%ERBB4 SIGNALING EVENTS	ERBB4 SIGNALING EVENTS%PATHWAY INTERACTION DATABASE NCI-NATURE CURATED DATA%ERBB4 SIGNALING EVENTS		31	-0.49573135	-1.2894298	0.119521916	0.3788356	1.0	3127	tags=39%, list=18%, signal=47%	
INTERLEUKIN-17 SIGNALING%REACTOME%R-HSA-448424.8	INTERLEUKIN-17 SIGNALING%REACTOME%R-HSA-448424.8		65	-0.43683314	-1.2894256	0.09296482	0.37855667	1.0	4825	tags=45%, list=28%, signal=61%	
VALIDATED TARGETS OF C-MYC TRANSCRIPTIONAL ACTIVATION%PATHWAY INTERACTION DATABASE NCI-NATURE CURATED DATA%VALIDATED TARGETS OF C-MYC TRANSCRIPTIONAL ACTIVATION	VALIDATED TARGETS OF C-MYC TRANSCRIPTIONAL ACTIVATION%PATHWAY INTERACTION DATABASE NCI-NATURE CURATED DATA%VALIDATED TARGETS OF C-MYC TRANSCRIPTIONAL ACTIVATION		74	-0.43867162	-1.2888793	0.08488372	0.37963405	1.0	5112	tags=55%, list=29%, signal=78%	
DISORDERS OF MITOCHONDRIAL HOMEOSTATIS DYNAMICS PROTEIN IMPORT AND QUALITY CONTROL%WIKIPATHWAYS_20250810%WP5504%HOMO SAPIENS	DISORDERS OF MITOCHONDRIAL HOMEOSTATIS DYNAMICS PROTEIN IMPORT AND QUALITY CONTROL%WIKIPATHWAYS_20250810%WP5504%HOMO SAPIENS		51	-0.45667958	-1.2888178	0.0925	0.37950334	1.0	5343	tags=53%, list=31%, signal=76%	
PI METABOLISM%REACTOME DATABASE ID RELEASE 93%1483255	PI METABOLISM%REACTOME DATABASE ID RELEASE 93%1483255		74	-0.43217754	-1.2886226	0.08175355	0.3797135	1.0	3233	tags=28%, list=19%, signal=35%	
DICARBOXYLIC ACID METABOLIC PROCESS%GOBP%GO:0043648	DICARBOXYLIC ACID METABOLIC PROCESS%GOBP%GO:0043648		58	-0.4512742	-1.2885264	0.11743772	0.3796697	1.0	2805	tags=36%, list=16%, signal=43%	
NF1 COPY NUMBER VARIATION SYNDROME %WIKIPATHWAYS_20250810%WP5366%HOMO SAPIENS	NF1 COPY NUMBER VARIATION SYNDROME %WIKIPATHWAYS_20250810%WP5366%HOMO SAPIENS		65	-0.4434499	-1.2883806	0.09102245	0.37975585	1.0	5615	tags=45%, list=32%, signal=66%	
COOPERATION OF PDCL (PHLP1) AND TRIC CCT IN G-PROTEIN BETA FOLDING%REACTOME%R-HSA-6814122.3	COOPERATION OF PDCL (PHLP1) AND TRIC CCT IN G-PROTEIN BETA FOLDING%REACTOME%R-HSA-6814122.3		32	-0.4988978	-1.2883517	0.12564766	0.379538	1.0	4831	tags=38%, list=28%, signal=52%	
RHOH GTPASE CYCLE%REACTOME%R-HSA-9013407.3	RHOH GTPASE CYCLE%REACTOME%R-HSA-9013407.3		31	-0.49815044	-1.2879832	0.13743456	0.38015622	1.0	5112	tags=55%, list=29%, signal=77%	
BIOCARTA_DEATH_PATHWAY%MSIGDB_C2%BIOCARTA_DEATH_PATHWAY	BIOCARTA_DEATH_PATHWAY%MSIGDB_C2%BIOCARTA_DEATH_PATHWAY		20	-0.5370265	-1.2878276	0.15510204	0.38025367	1.0	3966	tags=60%, list=23%, signal=78%	
POSITIVE REGULATION OF METAPHASE/ANAPHASE TRANSITION OF CELL CYCLE%GOBP%GO:1902101	POSITIVE REGULATION OF METAPHASE/ANAPHASE TRANSITION OF CELL CYCLE%GOBP%GO:1902101		17	-0.566232	-1.2877386	0.14482759	0.3801949	1.0	3997	tags=41%, list=23%, signal=53%	
REGULATION OF TRANSPORTER ACTIVITY%GOBP%GO:0032409	REGULATION OF TRANSPORTER ACTIVITY%GOBP%GO:0032409		53	-0.45428765	-1.2875918	0.09673367	0.3802658	1.0	4034	tags=34%, list=23%, signal=44%	
NEGATIVE REGULATION OF AMIDE METABOLIC PROCESS%GOBP%GO:0034249	NEGATIVE REGULATION OF AMIDE METABOLIC PROCESS%GOBP%GO:0034249		24	-0.52293456	-1.2874538	0.14404432	0.3803202	1.0	2686	tags=29%, list=15%, signal=34%	
ACTIVATION OF INNATE IMMUNE RESPONSE%GOBP%GO:0002218	ACTIVATION OF INNATE IMMUNE RESPONSE%GOBP%GO:0002218		95	-0.42217848	-1.287434	0.07906977	0.38009012	1.0	5266	tags=51%, list=30%, signal=72%	
NOTCH3 ACTIVATION AND TRANSMISSION OF SIGNAL TO THE NUCLEUS%REACTOME DATABASE ID RELEASE 93%9013507	NOTCH3 ACTIVATION AND TRANSMISSION OF SIGNAL TO THE NUCLEUS%REACTOME DATABASE ID RELEASE 93%9013507		25	-0.5123774	-1.2873645	0.13458951	0.37997422	1.0	4104	tags=48%, list=24%, signal=63%	
OLIGODENDROCYTE SPECIFICATION AND DIFFERENTIATION LEADING TO MYELIN COMPONENTS FOR CNS%WIKIPATHWAYS_20250810%WP4304%HOMO SAPIENS	OLIGODENDROCYTE SPECIFICATION AND DIFFERENTIATION LEADING TO MYELIN COMPONENTS FOR CNS%WIKIPATHWAYS_20250810%WP4304%HOMO SAPIENS		17	-0.55708104	-1.2872117	0.15020862	0.38007316	1.0	624	tags=24%, list=4%, signal=24%	
ANDROGEN RECEPTOR SIGNALING%WIKIPATHWAYS_20250810%WP138%HOMO SAPIENS	ANDROGEN RECEPTOR SIGNALING%WIKIPATHWAYS_20250810%WP138%HOMO SAPIENS		61	-0.4443831	-1.2871307	0.10231425	0.38000125	1.0	5059	tags=39%, list=29%, signal=55%	
TRANS-GOLGI NETWORK VESICLE BUDDING%REACTOME DATABASE ID RELEASE 93%199992	TRANS-GOLGI NETWORK VESICLE BUDDING%REACTOME DATABASE ID RELEASE 93%199992		71	-0.43729225	-1.286987	0.08886256	0.38006717	1.0	4377	tags=38%, list=25%, signal=51%	
TRK RECEPTOR SIGNALING MEDIATED BY THE MAPK PATHWAY%PATHWAY INTERACTION DATABASE NCI-NATURE CURATED DATA%TRK RECEPTOR SIGNALING MEDIATED BY THE MAPK PATHWAY	TRK RECEPTOR SIGNALING MEDIATED BY THE MAPK PATHWAY%PATHWAY INTERACTION DATABASE NCI-NATURE CURATED DATA%TRK RECEPTOR SIGNALING MEDIATED BY THE MAPK PATHWAY		32	-0.49125493	-1.2869287	0.115384616	0.37992868	1.0	2091	tags=34%, list=12%, signal=39%	
STEM CELL PROLIFERATION%GOBP%GO:0072089	STEM CELL PROLIFERATION%GOBP%GO:0072089		17	-0.5595525	-1.286828	0.14305751	0.37992743	1.0	3593	tags=41%, list=21%, signal=52%	
LEPTIN%NETPATH%LEPTIN	LEPTIN%NETPATH%LEPTIN		40	-0.47617918	-1.2864276	0.11406844	0.38063478	1.0	4701	tags=50%, list=27%, signal=68%	
NFE2L2 REGULATING ANTI-OXIDANT DETOXIFICATION ENZYMES%REACTOME%R-HSA-9818027.3	NFE2L2 REGULATING ANTI-OXIDANT DETOXIFICATION ENZYMES%REACTOME%R-HSA-9818027.3		15	-0.5814506	-1.2863176	0.14623338	0.38061088	1.0	3825	tags=40%, list=22%, signal=51%	
MITOCHONDRIAL UNFOLDED PROTEIN RESPONSE (UPRMT)%REACTOME%R-HSA-9841251.1	MITOCHONDRIAL UNFOLDED PROTEIN RESPONSE (UPRMT)%REACTOME%R-HSA-9841251.1		16	-0.5763859	-1.2863132	0.15655853	0.38033348	1.0	5225	tags=63%, list=30%, signal=89%	
PID_ERBB1_RECEPTOR_PROXIMAL_PATHWAY%MSIGDB_C2%PID_ERBB1_RECEPTOR_PROXIMAL_PATHWAY	PID_ERBB1_RECEPTOR_PROXIMAL_PATHWAY%MSIGDB_C2%PID_ERBB1_RECEPTOR_PROXIMAL_PATHWAY		28	-0.50308573	-1.2860733	0.11973684	0.3806778	1.0	4883	tags=46%, list=28%, signal=64%	
GLYCOSAMINOGLYCAN BIOSYNTHETIC PROCESS%GOBP%GO:0006024	GLYCOSAMINOGLYCAN BIOSYNTHETIC PROCESS%GOBP%GO:0006024		18	-0.55140126	-1.2854601	0.15558699	0.38193783	1.0	3647	tags=28%, list=21%, signal=35%	
NEGATIVE REGULATION OF ENDOCYTOSIS%GOBP%GO:0045806	NEGATIVE REGULATION OF ENDOCYTOSIS%GOBP%GO:0045806		42	-0.4705687	-1.2854527	0.11681643	0.3816697	1.0	3391	tags=38%, list=19%, signal=47%	
DNA INTEGRITY CHECKPOINT SIGNALING%GOBP%GO:0031570	DNA INTEGRITY CHECKPOINT SIGNALING%GOBP%GO:0031570		85	-0.42500696	-1.2852833	0.08362369	0.38182575	1.0	6522	tags=49%, list=37%, signal=78%	
MITOCHONDRIAL ATP SYNTHESIS COUPLED ELECTRON TRANSPORT%GOBP%GO:0042775	MITOCHONDRIAL ATP SYNTHESIS COUPLED ELECTRON TRANSPORT%GOBP%GO:0042775		75	-0.43286127	-1.2852701	0.10143198	0.38156933	1.0	4291	tags=40%, list=25%, signal=53%	
ONCOGENIC MAPK SIGNALING%REACTOME DATABASE ID RELEASE 93%6802957	ONCOGENIC MAPK SIGNALING%REACTOME DATABASE ID RELEASE 93%6802957		71	-0.43745443	-1.2851996	0.08323424	0.381471	1.0	3089	tags=28%, list=18%, signal=34%	
PID_MYC_ACTIV_PATHWAY%MSIGDB_C2%PID_MYC_ACTIV_PATHWAY	PID_MYC_ACTIV_PATHWAY%MSIGDB_C2%PID_MYC_ACTIV_PATHWAY		61	-0.44354314	-1.2847879	0.09102091	0.38219836	1.0	5112	tags=57%, list=29%, signal=81%	
SKELETAL MUSCLE ORGAN DEVELOPMENT%GOBP%GO:0060538	SKELETAL MUSCLE ORGAN DEVELOPMENT%GOBP%GO:0060538		43	-0.4703564	-1.2847492	0.13108614	0.38202903	1.0	1163	tags=21%, list=7%, signal=22%	
ORGANELLE DISASSEMBLY%GOBP%GO:1903008	ORGANELLE DISASSEMBLY%GOBP%GO:1903008		59	-0.44093153	-1.2843666	0.092055485	0.38270435	1.0	5004	tags=36%, list=29%, signal=50%	
INTERACTIONS OF VPR WITH HOST CELLULAR PROTEINS%REACTOME%R-HSA-176033.4	INTERACTIONS OF VPR WITH HOST CELLULAR PROTEINS%REACTOME%R-HSA-176033.4		33	-0.49593747	-1.284219	0.12533693	0.38277772	1.0	2209	tags=24%, list=13%, signal=28%	
PURINE NUCLEOSIDE MONOPHOSPHATE METABOLIC PROCESS%GOBP%GO:0009126	PURINE NUCLEOSIDE MONOPHOSPHATE METABOLIC PROCESS%GOBP%GO:0009126		19	-0.5479181	-1.284156	0.14442916	0.38267067	1.0	3428	tags=47%, list=20%, signal=59%	
ALPHA-AMINO ACID CATABOLIC PROCESS%GOBP%GO:1901606	ALPHA-AMINO ACID CATABOLIC PROCESS%GOBP%GO:1901606		51	-0.45356852	-1.2840011	0.112623766	0.38279498	1.0	4079	tags=37%, list=23%, signal=48%	
SWI SNF CHROMATIN REMODELERS%REACTOME%R-HSA-9932451.1	SWI SNF CHROMATIN REMODELERS%REACTOME%R-HSA-9932451.1		29	-0.49795774	-1.283819	0.14285715	0.3829859	1.0	4013	tags=41%, list=23%, signal=54%	
SECONDARY ALCOHOL BIOSYNTHETIC PROCESS%GOBP%GO:1902653	SECONDARY ALCOHOL BIOSYNTHETIC PROCESS%GOBP%GO:1902653		27	-0.50224763	-1.2836561	0.14614344	0.38309404	1.0	4029	tags=48%, list=23%, signal=62%	
POSITIVE REGULATION OF ION TRANSMEMBRANE TRANSPORTER ACTIVITY%GOBP%GO:0032414	POSITIVE REGULATION OF ION TRANSMEMBRANE TRANSPORTER ACTIVITY%GOBP%GO:0032414		22	-0.5302524	-1.2835649	0.15352112	0.38304615	1.0	569	tags=18%, list=3%, signal=19%	
TP53 REGULATES METABOLIC GENES%REACTOME%R-HSA-5628897.6	TP53 REGULATES METABOLIC GENES%REACTOME%R-HSA-5628897.6		72	-0.43770808	-1.2834759	0.0877193	0.3829658	1.0	5027	tags=44%, list=29%, signal=62%	
EXTRA-NUCLEAR ESTROGEN SIGNALING%REACTOME DATABASE ID RELEASE 93%9009391	EXTRA-NUCLEAR ESTROGEN SIGNALING%REACTOME DATABASE ID RELEASE 93%9009391		59	-0.44333678	-1.2834545	0.11636364	0.3827374	1.0	3523	tags=31%, list=20%, signal=38%	
PID_CONE_PATHWAY%MSIGDB_C2%PID_CONE_PATHWAY	PID_CONE_PATHWAY%MSIGDB_C2%PID_CONE_PATHWAY		19	-0.5460312	-1.2834249	0.16051136	0.38253054	1.0	782	tags=21%, list=4%, signal=22%	
EGFR DOWNREGULATION%REACTOME%R-HSA-182971.8	EGFR DOWNREGULATION%REACTOME%R-HSA-182971.8		27	-0.5135493	-1.2834226	0.12690355	0.38225317	1.0	4954	tags=52%, list=28%, signal=72%	
TRANS SULFURATION ONE CARBON METABOLISM AND RELATED PATHWAYS%WIKIPATHWAYS_20250810%WP2525%HOMO SAPIENS	TRANS SULFURATION ONE CARBON METABOLISM AND RELATED PATHWAYS%WIKIPATHWAYS_20250810%WP2525%HOMO SAPIENS		36	-0.4868826	-1.2833449	0.112548515	0.38216093	1.0	3894	tags=42%, list=22%, signal=54%	
15Q13 3 COPY NUMBER VARIATION SYNDROME%WIKIPATHWAYS_20250810%WP4942%HOMO SAPIENS	15Q13 3 COPY NUMBER VARIATION SYNDROME%WIKIPATHWAYS_20250810%WP4942%HOMO SAPIENS		15	-0.5639625	-1.2833284	0.17018284	0.38191926	1.0	1452	tags=20%, list=8%, signal=22%	
CELLULAR RESPONSE TO HYPOXIA%GOBP%GO:0071456	CELLULAR RESPONSE TO HYPOXIA%GOBP%GO:0071456		67	-0.44042057	-1.2832417	0.087740384	0.38185292	1.0	3122	tags=30%, list=18%, signal=36%	
DECTIN-1 MEDIATED NONCANONICAL NF-KB SIGNALING%REACTOME DATABASE ID RELEASE 93%5607761	DECTIN-1 MEDIATED NONCANONICAL NF-KB SIGNALING%REACTOME DATABASE ID RELEASE 93%5607761		46	-0.46466812	-1.2832263	0.111801244	0.38161188	1.0	5641	tags=48%, list=32%, signal=70%	
MEMBRANE DOCKING%GOBP%GO:0022406	MEMBRANE DOCKING%GOBP%GO:0022406		72	-0.43812743	-1.2831212	0.09223301	0.38156796	1.0	3907	tags=32%, list=22%, signal=41%	
REGULATION OF MITOTIC SISTER CHROMATID SEPARATION%GOBP%GO:0010965	REGULATION OF MITOTIC SISTER CHROMATID SEPARATION%GOBP%GO:0010965		55	-0.4461461	-1.2830067	0.11318408	0.38159084	1.0	3997	tags=31%, list=23%, signal=40%	
POSITIVE REGULATION OF PROTEIN TARGETING TO MEMBRANE%GOBP%GO:0090314	POSITIVE REGULATION OF PROTEIN TARGETING TO MEMBRANE%GOBP%GO:0090314		18	-0.55866396	-1.2829292	0.1350614	0.3815085	1.0	1415	tags=28%, list=8%, signal=30%	
FLT3 SIGNALING IN DISEASE%REACTOME%R-HSA-9682385.3	FLT3 SIGNALING IN DISEASE%REACTOME%R-HSA-9682385.3		25	-0.51894385	-1.2829229	0.14363144	0.38124377	1.0	2522	tags=36%, list=14%, signal=42%	
PRE-NOTCH PROCESSING IN GOLGI%REACTOME DATABASE ID RELEASE 93%1912420	PRE-NOTCH PROCESSING IN GOLGI%REACTOME DATABASE ID RELEASE 93%1912420		18	-0.5539709	-1.282881	0.13783784	0.38106015	1.0	685	tags=22%, list=4%, signal=23%	
PAR1-MEDIATED THROMBIN SIGNALING EVENTS%PATHWAY INTERACTION DATABASE NCI-NATURE CURATED DATA%PAR1-MEDIATED THROMBIN SIGNALING EVENTS	PAR1-MEDIATED THROMBIN SIGNALING EVENTS%PATHWAY INTERACTION DATABASE NCI-NATURE CURATED DATA%PAR1-MEDIATED THROMBIN SIGNALING EVENTS		36	-0.49002242	-1.282746	0.12451362	0.38110068	1.0	2570	tags=33%, list=15%, signal=39%	
TOLL LIKE RECEPTOR TLR6:TLR2 CASCADE%REACTOME DATABASE ID RELEASE 93%168188	TOLL LIKE RECEPTOR TLR6:TLR2 CASCADE%REACTOME DATABASE ID RELEASE 93%168188		93	-0.4202012	-1.2825792	0.08421053	0.38124213	1.0	4104	tags=39%, list=24%, signal=50%	
POSITIVE REGULATION OF MACROAUTOPHAGY%GOBP%GO:0016239	POSITIVE REGULATION OF MACROAUTOPHAGY%GOBP%GO:0016239		74	-0.43809396	-1.282434	0.09587379	0.38133857	1.0	5368	tags=46%, list=31%, signal=66%	
REGULATION OF TP53 ACTIVITY THROUGH ACETYLATION%REACTOME DATABASE ID RELEASE 93%6804758	REGULATION OF TP53 ACTIVITY THROUGH ACETYLATION%REACTOME DATABASE ID RELEASE 93%6804758		29	-0.50551903	-1.2824067	0.12032086	0.3811145	1.0	4886	tags=52%, list=28%, signal=72%	
ACTIN NUCLEATION%GOBP%GO:0045010	ACTIN NUCLEATION%GOBP%GO:0045010		21	-0.53159624	-1.2822517	0.13956639	0.38119438	1.0	5365	tags=57%, list=31%, signal=82%	
ESTABLISHMENT OF RNA LOCALIZATION%GOBP%GO:0051236	ESTABLISHMENT OF RNA LOCALIZATION%GOBP%GO:0051236		94	-0.42205423	-1.2821628	0.085580304	0.38112754	1.0	4976	tags=44%, list=28%, signal=61%	
G1/S TRANSITION OF MITOTIC CELL CYCLE%GOBP%GO:0000082	G1/S TRANSITION OF MITOTIC CELL CYCLE%GOBP%GO:0000082		59	-0.44689843	-1.2818842	0.115384616	0.381509	1.0	6737	tags=56%, list=39%, signal=91%	
PYRIMIDINE NUCLEOTIDE BIOSYNTHETIC PROCESS%GOBP%GO:0006221	PYRIMIDINE NUCLEOTIDE BIOSYNTHETIC PROCESS%GOBP%GO:0006221		20	-0.5397758	-1.2817572	0.15811966	0.38156	1.0	4660	tags=60%, list=27%, signal=82%	
COPII-MEDIATED VESICLE TRANSPORT%REACTOME DATABASE ID RELEASE 93%204005	COPII-MEDIATED VESICLE TRANSPORT%REACTOME DATABASE ID RELEASE 93%204005		63	-0.442737	-1.2816054	0.12267658	0.38164383	1.0	6394	tags=49%, list=37%, signal=77%	
TRANSCRIPTION BY RNA POLYMERASE I%GOBP%GO:0006360	TRANSCRIPTION BY RNA POLYMERASE I%GOBP%GO:0006360		17	-0.5670876	-1.2815008	0.15220484	0.3816115	1.0	3467	tags=35%, list=20%, signal=44%	
POSITIVE REGULATION OF VASCULATURE DEVELOPMENT%GOBP%GO:1904018	POSITIVE REGULATION OF VASCULATURE DEVELOPMENT%GOBP%GO:1904018		93	-0.42004082	-1.2813368	0.0850059	0.38172355	1.0	3527	tags=31%, list=20%, signal=39%	
PROTEIN K48-LINKED UBIQUITINATION%GOBP%GO:0070936	PROTEIN K48-LINKED UBIQUITINATION%GOBP%GO:0070936		91	-0.4204204	-1.2813219	0.090697676	0.38148168	1.0	6140	tags=44%, list=35%, signal=67%	
NOD1 2 SIGNALING PATHWAY%REACTOME%R-HSA-168638.5	NOD1 2 SIGNALING PATHWAY%REACTOME%R-HSA-168638.5		27	-0.5136522	-1.2807163	0.14379947	0.38268986	1.0	1862	tags=26%, list=11%, signal=29%	
CELLULAR RESPONSE TO HEAT%GOBP%GO:0034605	CELLULAR RESPONSE TO HEAT%GOBP%GO:0034605		30	-0.49897233	-1.2803389	0.14814815	0.38335255	1.0	4242	tags=43%, list=24%, signal=57%	
PURINE RIBONUCLEOTIDE TRANSPORT%GOBP%GO:0015868	PURINE RIBONUCLEOTIDE TRANSPORT%GOBP%GO:0015868		23	-0.5154955	-1.2801132	0.14285715	0.38363197	1.0	4504	tags=43%, list=26%, signal=59%	
NUCLEAR ENVELOPE BREAKDOWN%REACTOME DATABASE ID RELEASE 93%2980766	NUCLEAR ENVELOPE BREAKDOWN%REACTOME DATABASE ID RELEASE 93%2980766		46	-0.46643305	-1.2798811	0.11111111	0.38390556	1.0	2209	tags=22%, list=13%, signal=25%	
IMMUNE RESPONSE-REGULATING CELL SURFACE RECEPTOR SIGNALING PATHWAY INVOLVED IN PHAGOCYTOSIS%GOBP%GO:0002433	IMMUNE RESPONSE-REGULATING CELL SURFACE RECEPTOR SIGNALING PATHWAY INVOLVED IN PHAGOCYTOSIS%GOBP%GO:0002433		18	-0.5417957	-1.279845	0.15373962	0.38373235	1.0	4062	tags=50%, list=23%, signal=65%	
MEMBRANE ASSEMBLY%GOBP%GO:0071709	MEMBRANE ASSEMBLY%GOBP%GO:0071709		49	-0.46170482	-1.2795784	0.11168164	0.38410562	1.0	3409	tags=29%, list=20%, signal=35%	
MRNA TRANSCRIPTION BY RNA POLYMERASE II%GOBP%GO:0042789	MRNA TRANSCRIPTION BY RNA POLYMERASE II%GOBP%GO:0042789		35	-0.4856968	-1.2794803	0.10776942	0.3840803	1.0	4863	tags=43%, list=28%, signal=59%	
PREFOLDIN MEDIATED TRANSFER OF SUBSTRATE TO CCT TRIC%REACTOME DATABASE ID RELEASE 93%389957	PREFOLDIN MEDIATED TRANSFER OF SUBSTRATE TO CCT TRIC%REACTOME DATABASE ID RELEASE 93%389957		25	-0.5136541	-1.2794349	0.14227642	0.38392535	1.0	3087	tags=36%, list=18%, signal=44%	
REGULATION OF ENDOCYTIC RECYCLING%GOBP%GO:2001135	REGULATION OF ENDOCYTIC RECYCLING%GOBP%GO:2001135		15	-0.57974935	-1.2793137	0.16895604	0.3839592	1.0	4875	tags=60%, list=28%, signal=83%	
REGULATION OF TRIGLYCERIDE BIOSYNTHETIC PROCESS%GOBP%GO:0010866	REGULATION OF TRIGLYCERIDE BIOSYNTHETIC PROCESS%GOBP%GO:0010866		16	-0.55583173	-1.2792457	0.18439716	0.38385075	1.0	4247	tags=44%, list=24%, signal=58%	
ISG15 ANTIVIRAL MECHANISM%REACTOME DATABASE ID RELEASE 93%1169408	ISG15 ANTIVIRAL MECHANISM%REACTOME DATABASE ID RELEASE 93%1169408		66	-0.4386695	-1.2790924	0.08971292	0.38395238	1.0	4924	tags=35%, list=28%, signal=48%	
LEUKOCYTE MIGRATION%GOBP%GO:0050900	LEUKOCYTE MIGRATION%GOBP%GO:0050900		88	-0.42405638	-1.2790521	0.07359813	0.38375908	1.0	3870	tags=30%, list=22%, signal=38%	
PLATELET AGGREGATION (PLUG FORMATION)%REACTOME%R-HSA-76009.4	PLATELET AGGREGATION (PLUG FORMATION)%REACTOME%R-HSA-76009.4		22	-0.52798057	-1.2789054	0.13950276	0.38383973	1.0	3833	tags=45%, list=22%, signal=58%	
UBIQUITIN-DEPENDENT PROTEIN CATABOLIC PROCESS VIA THE MULTIVESICULAR BODY SORTING PATHWAY%GOBP%GO:0043162	UBIQUITIN-DEPENDENT PROTEIN CATABOLIC PROCESS VIA THE MULTIVESICULAR BODY SORTING PATHWAY%GOBP%GO:0043162		34	-0.48663628	-1.2788628	0.13666229	0.38366255	1.0	4687	tags=41%, list=27%, signal=56%	
INHIBITORY SYNAPSE ASSEMBLY%GOBP%GO:1904862	INHIBITORY SYNAPSE ASSEMBLY%GOBP%GO:1904862		15	-0.5698055	-1.278805	0.15659341	0.38352275	1.0	2167	tags=27%, list=12%, signal=30%	
RUNX1 INTERACTS WITH CO-FACTORS WHOSE PRECISE EFFECT ON RUNX1 TARGETS IS NOT KNOWN%REACTOME%R-HSA-8939243.3	RUNX1 INTERACTS WITH CO-FACTORS WHOSE PRECISE EFFECT ON RUNX1 TARGETS IS NOT KNOWN%REACTOME%R-HSA-8939243.3		35	-0.47971195	-1.278576	0.12432432	0.3837863	1.0	4236	tags=37%, list=24%, signal=49%	
METAPHASE CHROMOSOME ALIGNMENT%GOBP%GO:0051310	METAPHASE CHROMOSOME ALIGNMENT%GOBP%GO:0051310		73	-0.43353727	-1.2785687	0.08716137	0.38353032	1.0	3549	tags=32%, list=20%, signal=39%	
G PROTEIN SIGNALING%WIKIPATHWAYS_20250810%WP35%HOMO SAPIENS	G PROTEIN SIGNALING%WIKIPATHWAYS_20250810%WP35%HOMO SAPIENS		60	-0.44303012	-1.2784015	0.11235955	0.38364863	1.0	4307	tags=32%, list=25%, signal=42%	
HATS ACETYLATE HISTONES%REACTOME%R-HSA-3214847.3	HATS ACETYLATE HISTONES%REACTOME%R-HSA-3214847.3		77	-0.4333338	-1.2781086	0.098574825	0.3840968	1.0	4907	tags=36%, list=28%, signal=50%	
ADENINE NUCLEOTIDE TRANSPORT%GOBP%GO:0051503	ADENINE NUCLEOTIDE TRANSPORT%GOBP%GO:0051503		24	-0.5199977	-1.2780722	0.14518318	0.38391468	1.0	4544	tags=46%, list=26%, signal=62%	
NEGATIVE REGULATION OF CELLULAR RESPONSE TO INSULIN STIMULUS%GOBP%GO:1900077	NEGATIVE REGULATION OF CELLULAR RESPONSE TO INSULIN STIMULUS%GOBP%GO:1900077		31	-0.49958032	-1.2779529	0.13013698	0.38390654	1.0	6440	tags=65%, list=37%, signal=102%	
POLYCYSTIC KIDNEY DISEASE PATHWAY%WIKIPATHWAYS_20250810%WP2571%HOMO SAPIENS	POLYCYSTIC KIDNEY DISEASE PATHWAY%WIKIPATHWAYS_20250810%WP2571%HOMO SAPIENS		59	-0.4370004	-1.2775611	0.10408922	0.38458854	1.0	2818	tags=31%, list=16%, signal=36%	
CELLULAR DETOXIFICATION%GOBP%GO:1990748	CELLULAR DETOXIFICATION%GOBP%GO:1990748		34	-0.48908448	-1.2774428	0.14473684	0.38462648	1.0	5225	tags=44%, list=30%, signal=63%	
REGULATION OF PROTEIN TARGETING TO MITOCHONDRION%GOBP%GO:1903214	REGULATION OF PROTEIN TARGETING TO MITOCHONDRION%GOBP%GO:1903214		35	-0.48143765	-1.277302	0.13202615	0.38473427	1.0	4289	tags=40%, list=25%, signal=53%	
BIOCARTA_RACCYCD_PATHWAY%MSIGDB_C2%BIOCARTA_RACCYCD_PATHWAY	BIOCARTA_RACCYCD_PATHWAY%MSIGDB_C2%BIOCARTA_RACCYCD_PATHWAY		22	-0.5193583	-1.2772532	0.15147454	0.38458478	1.0	3966	tags=50%, list=23%, signal=65%	
PROTEIN DEPHOSPHORYLATION%GOBP%GO:0006470	PROTEIN DEPHOSPHORYLATION%GOBP%GO:0006470		74	-0.43572202	-1.2770503	0.08303677	0.3848162	1.0	4349	tags=41%, list=25%, signal=54%	
FLUOROPYRIMIDINE ACTIVITY%WIKIPATHWAYS_20250810%WP1601%HOMO SAPIENS	FLUOROPYRIMIDINE ACTIVITY%WIKIPATHWAYS_20250810%WP1601%HOMO SAPIENS		21	-0.52837235	-1.2769467	0.16238159	0.38479686	1.0	5354	tags=67%, list=31%, signal=96%	
PROTEIN LOCALIZATION TO PEROXISOME%GOBP%GO:0072662	PROTEIN LOCALIZATION TO PEROXISOME%GOBP%GO:0072662		17	-0.55144256	-1.276803	0.1556157	0.3848785	1.0	2438	tags=35%, list=14%, signal=41%	
BIOCARTA_EIF4_PATHWAY%MSIGDB_C2%BIOCARTA_EIF4_PATHWAY	BIOCARTA_EIF4_PATHWAY%MSIGDB_C2%BIOCARTA_EIF4_PATHWAY		19	-0.54188293	-1.2767297	0.15811373	0.38476932	1.0	4701	tags=47%, list=27%, signal=65%	
DEGRADATION OF BETA-CATENIN BY THE DESTRUCTION COMPLEX%REACTOME%R-HSA-195253.4	DEGRADATION OF BETA-CATENIN BY THE DESTRUCTION COMPLEX%REACTOME%R-HSA-195253.4		68	-0.43404227	-1.2763762	0.098809525	0.38534656	1.0	4104	tags=32%, list=24%, signal=42%	
RETROGRADE AXONAL TRANSPORT%GOBP%GO:0008090	RETROGRADE AXONAL TRANSPORT%GOBP%GO:0008090		16	-0.5526071	-1.27611	0.14597544	0.38572344	1.0	1745	tags=25%, list=10%, signal=28%	
RAS SIGNALING PATHWAY%SMPDB%SMP0063784	RAS SIGNALING PATHWAY%SMPDB%SMP0063784		24	-0.50918376	-1.2759726	0.14654003	0.385826	1.0	3273	tags=42%, list=19%, signal=51%	
CELLULAR RESPONSE TO OXYGEN LEVELS%GOBP%GO:0071453	CELLULAR RESPONSE TO OXYGEN LEVELS%GOBP%GO:0071453		80	-0.42467615	-1.2759467	0.1014151	0.385609	1.0	3122	tags=28%, list=18%, signal=33%	
TRANSCRIPTION FACTOR REGULATION IN ADIPOGENESIS%WIKIPATHWAYS_20250810%WP3599%HOMO SAPIENS	TRANSCRIPTION FACTOR REGULATION IN ADIPOGENESIS%WIKIPATHWAYS_20250810%WP3599%HOMO SAPIENS		15	-0.57332915	-1.2757652	0.16666667	0.3857847	1.0	1686	tags=27%, list=10%, signal=29%	
PLATELET DENSE GRANULE ORGANIZATION%GOBP%GO:0060155	PLATELET DENSE GRANULE ORGANIZATION%GOBP%GO:0060155		22	-0.5301101	-1.2757301	0.15281501	0.3856215	1.0	4377	tags=50%, list=25%, signal=67%	
PROTEIN INSERTION INTO MITOCHONDRIAL INNER MEMBRANE%GOBP%GO:0045039	PROTEIN INSERTION INTO MITOCHONDRIAL INNER MEMBRANE%GOBP%GO:0045039		15	-0.5730378	-1.2756238	0.18169014	0.3856038	1.0	4650	tags=47%, list=27%, signal=64%	
MYD88:MAL(TIRAP) CASCADE INITIATED ON PLASMA MEMBRANE%REACTOME%R-HSA-166058.5	MYD88:MAL(TIRAP) CASCADE INITIATED ON PLASMA MEMBRANE%REACTOME%R-HSA-166058.5		93	-0.4202012	-1.2753948	0.08064516	0.3858958	1.0	4104	tags=39%, list=24%, signal=50%	
REGULATION OF HEMOSTASIS%GOBP%GO:1900046	REGULATION OF HEMOSTASIS%GOBP%GO:1900046		32	-0.490791	-1.2751938	0.14745308	0.3860751	1.0	1514	tags=28%, list=9%, signal=31%	
PID_PI3K_PLC_TRK_PATHWAY%MSIGDB_C2%PID_PI3K_PLC_TRK_PATHWAY	PID_PI3K_PLC_TRK_PATHWAY%MSIGDB_C2%PID_PI3K_PLC_TRK_PATHWAY		24	-0.52130663	-1.2751089	0.1430429	0.38601634	1.0	3818	tags=50%, list=22%, signal=64%	
RIBONUCLEOTIDE BIOSYNTHETIC PROCESS%GOBP%GO:0009260	RIBONUCLEOTIDE BIOSYNTHETIC PROCESS%GOBP%GO:0009260		97	-0.41427287	-1.274897	0.09028571	0.3862967	1.0	4291	tags=39%, list=25%, signal=52%	
POSITIVE REGULATION OF CELLULAR RESPONSE TO TRANSFORMING GROWTH FACTOR BETA STIMULUS%GOBP%GO:1903846	POSITIVE REGULATION OF CELLULAR RESPONSE TO TRANSFORMING GROWTH FACTOR BETA STIMULUS%GOBP%GO:1903846		21	-0.53051466	-1.2744949	0.14677641	0.3870023	1.0	4671	tags=43%, list=27%, signal=58%	
PURINE NUCLEOTIDE TRANSPORT%GOBP%GO:0015865	PURINE NUCLEOTIDE TRANSPORT%GOBP%GO:0015865		25	-0.5140676	-1.2736287	0.1641791	0.3889296	1.0	4544	tags=44%, list=26%, signal=59%	
MAPK6 MAPK4 SIGNALING%REACTOME%R-HSA-5687128.5	MAPK6 MAPK4 SIGNALING%REACTOME%R-HSA-5687128.5		71	-0.42690215	-1.2736008	0.10557532	0.38874006	1.0	4104	tags=35%, list=24%, signal=46%	
TOLL LIKE RECEPTOR 2 (TLR2) CASCADE%REACTOME DATABASE ID RELEASE 93%181438	TOLL LIKE RECEPTOR 2 (TLR2) CASCADE%REACTOME DATABASE ID RELEASE 93%181438		93	-0.4202012	-1.2733624	0.08460634	0.38906214	1.0	4104	tags=39%, list=24%, signal=50%	
PYRIMIDINE METABOLISM%PATHWHIZ%PW000160	PYRIMIDINE METABOLISM%PATHWHIZ%PW000160		21	-0.52382916	-1.2730349	0.14923291	0.38956806	1.0	4725	tags=57%, list=27%, signal=78%	
BCR SIGNALING PATHWAY%PATHWAY INTERACTION DATABASE NCI-NATURE CURATED DATA%BCR SIGNALING PATHWAY	BCR SIGNALING PATHWAY%PATHWAY INTERACTION DATABASE NCI-NATURE CURATED DATA%BCR SIGNALING PATHWAY		54	-0.4525071	-1.272843	0.12180268	0.38977772	1.0	3966	tags=44%, list=23%, signal=57%	
VASCULAR TRANSPORT%GOBP%GO:0010232	VASCULAR TRANSPORT%GOBP%GO:0010232		68	-0.4337371	-1.2726471	0.092796095	0.38995704	1.0	3090	tags=29%, list=18%, signal=36%	
NEGATIVE REGULATION OF PROTEIN MODIFICATION BY SMALL PROTEIN CONJUGATION OR REMOVAL%GOBP%GO:1903321	NEGATIVE REGULATION OF PROTEIN MODIFICATION BY SMALL PROTEIN CONJUGATION OR REMOVAL%GOBP%GO:1903321		64	-0.43321326	-1.2726253	0.11597633	0.38973874	1.0	3907	tags=31%, list=22%, signal=40%	
THYMIC STROMAL LYMPHOPOIETIN TSLP SIGNALING%WIKIPATHWAYS_20250810%WP2203%HOMO SAPIENS	THYMIC STROMAL LYMPHOPOIETIN TSLP SIGNALING%WIKIPATHWAYS_20250810%WP2203%HOMO SAPIENS		27	-0.49752492	-1.2726169	0.15310344	0.389492	1.0	2818	tags=41%, list=16%, signal=49%	
PLATELET AGGREGATION%GOBP%GO:0070527	PLATELET AGGREGATION%GOBP%GO:0070527		24	-0.5150107	-1.2725946	0.15710382	0.38928246	1.0	2738	tags=42%, list=16%, signal=49%	
PROTEIN DEACYLATION%GOBP%GO:0035601	PROTEIN DEACYLATION%GOBP%GO:0035601		18	-0.55189323	-1.2724395	0.15492958	0.38940442	1.0	5117	tags=56%, list=29%, signal=79%	
VISUAL SIGNAL TRANSDUCTION: CONES%PATHWAY INTERACTION DATABASE NCI-NATURE CURATED DATA%VISUAL SIGNAL TRANSDUCTION: CONES	VISUAL SIGNAL TRANSDUCTION: CONES%PATHWAY INTERACTION DATABASE NCI-NATURE CURATED DATA%VISUAL SIGNAL TRANSDUCTION: CONES		19	-0.5460312	-1.2722117	0.17391305	0.38967243	1.0	782	tags=21%, list=4%, signal=22%	
CELLULAR RESPONSE TO ESTRADIOL STIMULUS%GOBP%GO:0071392	CELLULAR RESPONSE TO ESTRADIOL STIMULUS%GOBP%GO:0071392		17	-0.54102516	-1.2720262	0.16182573	0.38985068	1.0	1045	tags=24%, list=6%, signal=25%	
CERAMIDE BIOSYNTHETIC PROCESS%GOBP%GO:0046513	CERAMIDE BIOSYNTHETIC PROCESS%GOBP%GO:0046513		40	-0.46734726	-1.2715707	0.14035088	0.39071214	1.0	5015	tags=45%, list=29%, signal=63%	
TOLL LIKE RECEPTOR TLR1:TLR2 CASCADE%REACTOME DATABASE ID RELEASE 93%168179	TOLL LIKE RECEPTOR TLR1:TLR2 CASCADE%REACTOME DATABASE ID RELEASE 93%168179		93	-0.4202012	-1.2715135	0.07727797	0.39056516	1.0	4104	tags=39%, list=24%, signal=50%	
REGULATION OF INTERLEUKIN-8 PRODUCTION%GOBP%GO:0032677	REGULATION OF INTERLEUKIN-8 PRODUCTION%GOBP%GO:0032677		36	-0.4815962	-1.271048	0.14322251	0.39140192	1.0	2604	tags=31%, list=15%, signal=36%	
REGULATION OF REGULATED SECRETORY PATHWAY%GOBP%GO:1903305	REGULATION OF REGULATED SECRETORY PATHWAY%GOBP%GO:1903305		64	-0.44140142	-1.2710329	0.116770186	0.3911606	1.0	2934	tags=30%, list=17%, signal=36%	
RRNA METHYLATION%GOBP%GO:0031167	RRNA METHYLATION%GOBP%GO:0031167		18	-0.54863864	-1.2710078	0.16253443	0.3909624	1.0	3049	tags=28%, list=17%, signal=34%	
D-GLUCOSE TRANSMEMBRANE TRANSPORT%GOBP%GO:1904659	D-GLUCOSE TRANSMEMBRANE TRANSPORT%GOBP%GO:1904659		17	-0.5462816	-1.2708718	0.14985995	0.39099705	1.0	4752	tags=47%, list=27%, signal=65%	
EXOCYTIC PROCESS%GOBP%GO:0140029	EXOCYTIC PROCESS%GOBP%GO:0140029		41	-0.47689888	-1.2706058	0.12625	0.3913261	1.0	2665	tags=27%, list=15%, signal=32%	
GUANIDINOACETATE METHYLTRANSFERASE DEFICIENCY (GAMT DEFICIENCY)%SMPDB%SMP0000188	GUANIDINOACETATE METHYLTRANSFERASE DEFICIENCY (GAMT DEFICIENCY)%SMPDB%SMP0000188		15	-0.56162393	-1.2705683	0.1744186	0.39114788	1.0	2441	tags=40%, list=14%, signal=46%	
POSITIVE REGULATION OF AMYLOID-BETA FORMATION%GOBP%GO:1902004	POSITIVE REGULATION OF AMYLOID-BETA FORMATION%GOBP%GO:1902004		15	-0.5676518	-1.270445	0.15247253	0.3911622	1.0	1181	tags=33%, list=7%, signal=36%	
NEPHRIN NEPH1 SIGNALING IN THE KIDNEY PODOCYTE%PATHWAY INTERACTION DATABASE NCI-NATURE CURATED DATA%NEPHRIN NEPH1 SIGNALING IN THE KIDNEY PODOCYTE	NEPHRIN NEPH1 SIGNALING IN THE KIDNEY PODOCYTE%PATHWAY INTERACTION DATABASE NCI-NATURE CURATED DATA%NEPHRIN NEPH1 SIGNALING IN THE KIDNEY PODOCYTE		25	-0.51061684	-1.2700307	0.13972603	0.3919557	1.0	3060	tags=36%, list=18%, signal=44%	
RAS PATHWAY%PANTHER PATHWAY%P04393	RAS PATHWAY%PANTHER PATHWAY%P04393		67	-0.43239582	-1.2699946	0.1126071	0.3917632	1.0	3993	tags=40%, list=23%, signal=52%	
CELLULAR RESPONSE TO METAL ION%GOBP%GO:0071248	CELLULAR RESPONSE TO METAL ION%GOBP%GO:0071248		82	-0.42015266	-1.2698171	0.10731132	0.39193442	1.0	1911	tags=22%, list=11%, signal=25%	
FORMATION OF NEURONAL PROGENITOR AND NEURONAL BAF (NPBAF AND NBAF)%REACTOME DATABASE ID RELEASE 93%9934037	FORMATION OF NEURONAL PROGENITOR AND NEURONAL BAF (NPBAF AND NBAF)%REACTOME DATABASE ID RELEASE 93%9934037		25	-0.5155025	-1.2697634	0.15416667	0.39179462	1.0	3950	tags=40%, list=23%, signal=52%	
POLYSACCHARIDE METABOLIC PROCESS%GOBP%GO:0005976	POLYSACCHARIDE METABOLIC PROCESS%GOBP%GO:0005976		38	-0.4764504	-1.2694634	0.1483376	0.39229316	1.0	3890	tags=32%, list=22%, signal=41%	
BIOCARTA_NGF_PATHWAY%MSIGDB_C2%BIOCARTA_NGF_PATHWAY	BIOCARTA_NGF_PATHWAY%MSIGDB_C2%BIOCARTA_NGF_PATHWAY		17	-0.5477861	-1.2692429	0.16157205	0.39256698	1.0	2818	tags=41%, list=16%, signal=49%	
RESPONSE TO RETINOIC ACID%GOBP%GO:0032526	RESPONSE TO RETINOIC ACID%GOBP%GO:0032526		44	-0.45631412	-1.2690071	0.13486005	0.39287373	1.0	1185	tags=20%, list=7%, signal=22%	
INTERLEUKIN-3, INTERLEUKIN-5 AND GM-CSF SIGNALING%REACTOME DATABASE ID RELEASE 93%512988	INTERLEUKIN-3, INTERLEUKIN-5 AND GM-CSF SIGNALING%REACTOME DATABASE ID RELEASE 93%512988		29	-0.49472716	-1.2688491	0.1541502	0.39299002	1.0	4954	tags=52%, list=28%, signal=72%	
EFFECT OF DASATINIB ON THE BCR ABL SIGNALING PATHWAY%WIKIPATHWAYS_20250810%WP5493%HOMO SAPIENS	EFFECT OF DASATINIB ON THE BCR ABL SIGNALING PATHWAY%WIKIPATHWAYS_20250810%WP5493%HOMO SAPIENS		37	-0.4718621	-1.2686919	0.13671875	0.39312598	1.0	3798	tags=35%, list=22%, signal=45%	
AP-1 TRANSCRIPTION FACTOR NETWORK%PATHWAY INTERACTION DATABASE NCI-NATURE CURATED DATA%AP-1 TRANSCRIPTION FACTOR NETWORK	AP-1 TRANSCRIPTION FACTOR NETWORK%PATHWAY INTERACTION DATABASE NCI-NATURE CURATED DATA%AP-1 TRANSCRIPTION FACTOR NETWORK		48	-0.45921844	-1.2686819	0.12207152	0.3928711	1.0	3415	tags=31%, list=20%, signal=39%	
U12 DEPENDENT SPLICING%REACTOME%R-HSA-72165.3	U12 DEPENDENT SPLICING%REACTOME%R-HSA-72165.3		49	-0.45703748	-1.268604	0.12871288	0.39281163	1.0	5049	tags=45%, list=29%, signal=63%	
CATABOLISM OF SKELETAL MUSCLE IN CACHEXIA%WIKIPATHWAYS_20250810%WP5474%HOMO SAPIENS	CATABOLISM OF SKELETAL MUSCLE IN CACHEXIA%WIKIPATHWAYS_20250810%WP5474%HOMO SAPIENS		27	-0.50307435	-1.2683783	0.15279673	0.39309856	1.0	3015	tags=33%, list=17%, signal=40%	
CYTOPLASMIC TRANSLATIONAL INITIATION%GOBP%GO:0002183	CYTOPLASMIC TRANSLATIONAL INITIATION%GOBP%GO:0002183		37	-0.47620547	-1.2682283	0.14136125	0.3931835	1.0	4956	tags=46%, list=28%, signal=64%	
CYTOSOLIC DNA SENSING PATHWAY%WIKIPATHWAYS_20250810%WP4655%HOMO SAPIENS	CYTOSOLIC DNA SENSING PATHWAY%WIKIPATHWAYS_20250810%WP4655%HOMO SAPIENS		40	-0.4699586	-1.268227	0.13384813	0.39291364	1.0	2773	tags=33%, list=16%, signal=39%	
CELL-MATRIX ADHESION%GOBP%GO:0007160	CELL-MATRIX ADHESION%GOBP%GO:0007160		76	-0.42664245	-1.2681624	0.11272727	0.3928002	1.0	2465	tags=24%, list=14%, signal=27%	
ABERRANT REGULATION OF MITOTIC CELL CYCLE DUE TO RB1 DEFECTS%REACTOME DATABASE ID RELEASE 93%9687139	ABERRANT REGULATION OF MITOTIC CELL CYCLE DUE TO RB1 DEFECTS%REACTOME DATABASE ID RELEASE 93%9687139		35	-0.4767736	-1.2680982	0.13376623	0.39267933	1.0	5759	tags=49%, list=33%, signal=72%	
REGULATION OF PROTEIN EXPORT FROM NUCLEUS%GOBP%GO:0046825	REGULATION OF PROTEIN EXPORT FROM NUCLEUS%GOBP%GO:0046825		22	-0.52808416	-1.2680945	0.14958449	0.39241555	1.0	4192	tags=41%, list=24%, signal=54%	
PROTEIN TRANSPORT TO VACUOLE INVOLVED IN UBIQUITIN-DEPENDENT PROTEIN CATABOLIC PROCESS VIA THE MULTIVESICULAR BODY SORTING PATHWAY%GOBP%GO:0043328	PROTEIN TRANSPORT TO VACUOLE INVOLVED IN UBIQUITIN-DEPENDENT PROTEIN CATABOLIC PROCESS VIA THE MULTIVESICULAR BODY SORTING PATHWAY%GOBP%GO:0043328		15	-0.56882626	-1.2680758	0.17655367	0.3921975	1.0	4321	tags=53%, list=25%, signal=71%	
E2F MEDIATED REGULATION OF DNA REPLICATION%REACTOME DATABASE ID RELEASE 93%113510	E2F MEDIATED REGULATION OF DNA REPLICATION%REACTOME DATABASE ID RELEASE 93%113510		22	-0.5284631	-1.2680502	0.14640884	0.39199147	1.0	4485	tags=36%, list=26%, signal=49%	
POSITIVE REGULATION OF STRIATED MUSCLE CELL DIFFERENTIATION%GOBP%GO:0051155	POSITIVE REGULATION OF STRIATED MUSCLE CELL DIFFERENTIATION%GOBP%GO:0051155		20	-0.53379107	-1.2679452	0.16066483	0.39197642	1.0	778	tags=20%, list=4%, signal=21%	
HYPERORNITHINEMIA WITH GYRATE ATROPHY (HOGA)%PATHWHIZ%PW000481	HYPERORNITHINEMIA WITH GYRATE ATROPHY (HOGA)%PATHWHIZ%PW000481		15	-0.56162393	-1.267927	0.17549168	0.39174786	1.0	2441	tags=40%, list=14%, signal=46%	
RESPONSE TO AMYLOID-BETA%GOBP%GO:1904645	RESPONSE TO AMYLOID-BETA%GOBP%GO:1904645		28	-0.496189	-1.2679198	0.13793103	0.39149153	1.0	2163	tags=25%, list=12%, signal=28%	
TRANSPORT OF MATURE MRNA DERIVED FROM AN INTRONLESS TRANSCRIPT%REACTOME%R-HSA-159231.4	TRANSPORT OF MATURE MRNA DERIVED FROM AN INTRONLESS TRANSCRIPT%REACTOME%R-HSA-159231.4		38	-0.4806942	-1.2678483	0.13341804	0.39140692	1.0	7200	tags=63%, list=41%, signal=107%	
ATP SYNTHESIS COUPLED ELECTRON TRANSPORT%GOBP%GO:0042773	ATP SYNTHESIS COUPLED ELECTRON TRANSPORT%GOBP%GO:0042773		75	-0.43286127	-1.2677312	0.10607866	0.39140853	1.0	4291	tags=40%, list=25%, signal=53%	
BIOCARTA_MET_PATHWAY%MSIGDB_C2%BIOCARTA_MET_PATHWAY	BIOCARTA_MET_PATHWAY%MSIGDB_C2%BIOCARTA_MET_PATHWAY		27	-0.498526	-1.2674235	0.15059446	0.3919298	1.0	3882	tags=41%, list=22%, signal=52%	
EGF RECEPTOR (ERBB1) SIGNALING PATHWAY%PATHWAY INTERACTION DATABASE NCI-NATURE CURATED DATA%EGF RECEPTOR (ERBB1) SIGNALING PATHWAY	EGF RECEPTOR (ERBB1) SIGNALING PATHWAY%PATHWAY INTERACTION DATABASE NCI-NATURE CURATED DATA%EGF RECEPTOR (ERBB1) SIGNALING PATHWAY		31	-0.4925447	-1.2673545	0.15353805	0.39182675	1.0	4883	tags=45%, list=28%, signal=63%	
PLASMA LIPOPROTEIN CLEARANCE%REACTOME%R-HSA-8964043.3	PLASMA LIPOPROTEIN CLEARANCE%REACTOME%R-HSA-8964043.3		31	-0.4995452	-1.2673192	0.16198125	0.3916589	1.0	4133	tags=45%, list=24%, signal=59%	
ENDODERM FORMATION%GOBP%GO:0001706	ENDODERM FORMATION%GOBP%GO:0001706		36	-0.47613028	-1.2671975	0.14066496	0.39169782	1.0	1120	tags=14%, list=6%, signal=15%	
ESTABLISHMENT OR MAINTENANCE OF BIPOLAR CELL POLARITY%GOBP%GO:0061245	ESTABLISHMENT OR MAINTENANCE OF BIPOLAR CELL POLARITY%GOBP%GO:0061245		33	-0.4843345	-1.2671504	0.1468254	0.39154476	1.0	4117	tags=36%, list=24%, signal=47%	
FC-GAMMA RECEPTOR SIGNALING PATHWAY%GOBP%GO:0038094	FC-GAMMA RECEPTOR SIGNALING PATHWAY%GOBP%GO:0038094		18	-0.5417957	-1.267084	0.18156028	0.39143708	1.0	4062	tags=50%, list=23%, signal=65%	
REGULATION OF DENDRITE MORPHOGENESIS%GOBP%GO:0048814	REGULATION OF DENDRITE MORPHOGENESIS%GOBP%GO:0048814		34	-0.48269168	-1.2668325	0.15123859	0.39178017	1.0	2098	tags=24%, list=12%, signal=27%	
PRE-NOTCH EXPRESSION AND PROCESSING%REACTOME DATABASE ID RELEASE 93%1912422	PRE-NOTCH EXPRESSION AND PROCESSING%REACTOME DATABASE ID RELEASE 93%1912422		46	-0.4602419	-1.2666926	0.12677878	0.39184874	1.0	4329	tags=37%, list=25%, signal=49%	
REGULATION OF CARBOHYDRATE BIOSYNTHETIC PROCESS%GOBP%GO:0043255	REGULATION OF CARBOHYDRATE BIOSYNTHETIC PROCESS%GOBP%GO:0043255		53	-0.448008	-1.2666376	0.11056511	0.3917329	1.0	5862	tags=60%, list=34%, signal=91%	
CELLULAR RESPONSE TO DECREASED OXYGEN LEVELS%GOBP%GO:0036294	CELLULAR RESPONSE TO DECREASED OXYGEN LEVELS%GOBP%GO:0036294		70	-0.42714998	-1.2665795	0.11764706	0.39161235	1.0	3122	tags=29%, list=18%, signal=35%	
REGULATION OF PEPTIDE TRANSPORT%GOBP%GO:0090087	REGULATION OF PEPTIDE TRANSPORT%GOBP%GO:0090087		88	-0.41904768	-1.2664762	0.09873708	0.39159292	1.0	2472	tags=30%, list=14%, signal=34%	
SIGNALING BY ERBB2%REACTOME%R-HSA-1227986.10	SIGNALING BY ERBB2%REACTOME%R-HSA-1227986.10		41	-0.47171128	-1.2664537	0.12790698	0.39138144	1.0	4825	tags=49%, list=28%, signal=67%	
NEGATIVE REGULATION OF CHROMOSOME ORGANIZATION%GOBP%GO:2001251	NEGATIVE REGULATION OF CHROMOSOME ORGANIZATION%GOBP%GO:2001251		66	-0.43340325	-1.2663344	0.1104513	0.39139664	1.0	6100	tags=48%, list=35%, signal=74%	
REGULATION OF DNA REPLICATION%GOBP%GO:0006275	REGULATION OF DNA REPLICATION%GOBP%GO:0006275		93	-0.4089385	-1.2662069	0.088607594	0.39145923	1.0	5798	tags=41%, list=33%, signal=61%	
TYPE 2 PAPILLARY RENAL CELL CARCINOMA%WIKIPATHWAYS_20250810%WP4241%HOMO SAPIENS	TYPE 2 PAPILLARY RENAL CELL CARCINOMA%WIKIPATHWAYS_20250810%WP4241%HOMO SAPIENS		20	-0.52407134	-1.2658993	0.16643357	0.3919865	1.0	3839	tags=35%, list=22%, signal=45%	
PID_CMYB_PATHWAY%MSIGDB_C2%PID_CMYB_PATHWAY	PID_CMYB_PATHWAY%MSIGDB_C2%PID_CMYB_PATHWAY		52	-0.4483132	-1.2657183	0.1234414	0.3921473	1.0	4167	tags=42%, list=24%, signal=55%	
POSITIVE REGULATION OF CYTOKINESIS%GOBP%GO:0032467	POSITIVE REGULATION OF CYTOKINESIS%GOBP%GO:0032467		35	-0.4805209	-1.2655451	0.151634	0.39230895	1.0	5221	tags=46%, list=30%, signal=65%	
STEROL REGULATORY ELEMENT BINDING PROTEINS SREBP SIGNALING%WIKIPATHWAYS_20250810%WP1982%HOMO SAPIENS	STEROL REGULATORY ELEMENT BINDING PROTEINS SREBP SIGNALING%WIKIPATHWAYS_20250810%WP1982%HOMO SAPIENS		52	-0.44989505	-1.2654632	0.13624679	0.39222184	1.0	3652	tags=37%, list=21%, signal=46%	
POSITIVE REGULATION OF ESTABLISHMENT OF PROTEIN LOCALIZATION TO MITOCHONDRION%GOBP%GO:1903749	POSITIVE REGULATION OF ESTABLISHMENT OF PROTEIN LOCALIZATION TO MITOCHONDRION%GOBP%GO:1903749		30	-0.4826282	-1.2654614	0.14857881	0.39196232	1.0	4289	tags=47%, list=25%, signal=62%	
PROTEIN TARGETING TO LYSOSOME%GOBP%GO:0006622	PROTEIN TARGETING TO LYSOSOME%GOBP%GO:0006622		25	-0.50726575	-1.2654302	0.15691489	0.39176506	1.0	4546	tags=36%, list=26%, signal=49%	
CYCLIN E ASSOCIATED EVENTS DURING G1 S TRANSITION%REACTOME%R-HSA-69202.5	CYCLIN E ASSOCIATED EVENTS DURING G1 S TRANSITION%REACTOME%R-HSA-69202.5		70	-0.425412	-1.2653098	0.10939358	0.39180014	1.0	5667	tags=41%, list=32%, signal=61%	
ACTIVATION OF ATR IN RESPONSE TO REPLICATION STRESS%REACTOME%R-HSA-176187.4	ACTIVATION OF ATR IN RESPONSE TO REPLICATION STRESS%REACTOME%R-HSA-176187.4		36	-0.4785655	-1.2653055	0.14379086	0.39154577	1.0	5851	tags=56%, list=34%, signal=83%	
GLYCEROPHOSPHOLIPID BIOSYNTHETIC PATHWAY%WIKIPATHWAYS_20250810%WP2533%HOMO SAPIENS	GLYCEROPHOSPHOLIPID BIOSYNTHETIC PATHWAY%WIKIPATHWAYS_20250810%WP2533%HOMO SAPIENS		22	-0.5257599	-1.2648218	0.17130919	0.3925021	1.0	2759	tags=32%, list=16%, signal=38%	
DE NOVO PURINE BIOSYNTHESIS%PANTHER PATHWAY%P02738	DE NOVO PURINE BIOSYNTHESIS%PANTHER PATHWAY%P02738		22	-0.5163048	-1.2647613	0.15675676	0.3923857	1.0	5419	tags=59%, list=31%, signal=86%	
POSITIVE REGULATION OF TRANSFORMING GROWTH FACTOR BETA RECEPTOR SIGNALING PATHWAY%GOBP%GO:0030511	POSITIVE REGULATION OF TRANSFORMING GROWTH FACTOR BETA RECEPTOR SIGNALING PATHWAY%GOBP%GO:0030511		21	-0.53051466	-1.2647468	0.17185386	0.39216852	1.0	4671	tags=43%, list=27%, signal=58%	
AGE RAGE PATHWAY%WIKIPATHWAYS_20250810%WP2324%HOMO SAPIENS	AGE RAGE PATHWAY%WIKIPATHWAYS_20250810%WP2324%HOMO SAPIENS		49	-0.44942492	-1.2645808	0.125	0.39231104	1.0	5121	tags=57%, list=29%, signal=81%	
ESTABLISHMENT OR MAINTENANCE OF APICAL/BASAL CELL POLARITY%GOBP%GO:0035088	ESTABLISHMENT OR MAINTENANCE OF APICAL/BASAL CELL POLARITY%GOBP%GO:0035088		33	-0.4843345	-1.2645457	0.14361702	0.39214057	1.0	4117	tags=36%, list=24%, signal=47%	
REGULATION OF MITF-M-DEPENDENT GENES INVOLVED IN CELL CYCLE AND PROLIFERATION%REACTOME DATABASE ID RELEASE 93%9825892	REGULATION OF MITF-M-DEPENDENT GENES INVOLVED IN CELL CYCLE AND PROLIFERATION%REACTOME DATABASE ID RELEASE 93%9825892		16	-0.5643932	-1.2644837	0.16521738	0.39201108	1.0	530	tags=19%, list=3%, signal=19%	
P75 NTR RECEPTOR-MEDIATED SIGNALLING%REACTOME DATABASE ID RELEASE 93%193704	P75 NTR RECEPTOR-MEDIATED SIGNALLING%REACTOME DATABASE ID RELEASE 93%193704		87	-0.41904458	-1.2640406	0.1066823	0.3928947	1.0	4865	tags=49%, list=28%, signal=68%	
RESPONSE TO AMINO ACID%GOBP%GO:0043200	RESPONSE TO AMINO ACID%GOBP%GO:0043200		37	-0.47968978	-1.2638613	0.13944224	0.39305454	1.0	5250	tags=46%, list=30%, signal=66%	
AEROBIC ELECTRON TRANSPORT CHAIN%GOBP%GO:0019646	AEROBIC ELECTRON TRANSPORT CHAIN%GOBP%GO:0019646		75	-0.42547184	-1.263753	0.09843937	0.39304212	1.0	4291	tags=40%, list=25%, signal=53%	
PINK1-PRKN MEDIATED MITOPHAGY%REACTOME%R-HSA-5205685.9	PINK1-PRKN MEDIATED MITOPHAGY%REACTOME%R-HSA-5205685.9		29	-0.4960644	-1.2636919	0.16054422	0.39294022	1.0	4825	tags=52%, list=28%, signal=71%	
LYMPHOCYTE PROLIFERATION%GOBP%GO:0046651	LYMPHOCYTE PROLIFERATION%GOBP%GO:0046651		19	-0.5382932	-1.2636366	0.16242938	0.39282393	1.0	2446	tags=37%, list=14%, signal=43%	
POSITIVE REGULATION OF CELL CYCLE CHECKPOINT%GOBP%GO:1901978	POSITIVE REGULATION OF CELL CYCLE CHECKPOINT%GOBP%GO:1901978		15	-0.5678912	-1.2634828	0.16355811	0.3929503	1.0	5311	tags=73%, list=30%, signal=105%	
PEROXISOMAL LIPID METABOLISM%REACTOME DATABASE ID RELEASE 93%390918	PEROXISOMAL LIPID METABOLISM%REACTOME DATABASE ID RELEASE 93%390918		20	-0.53653586	-1.2632079	0.17531557	0.39332253	1.0	3374	tags=40%, list=19%, signal=50%	
PID_IGF1_PATHWAY%MSIGDB_C2%PID_IGF1_PATHWAY	PID_IGF1_PATHWAY%MSIGDB_C2%PID_IGF1_PATHWAY		22	-0.51572025	-1.2628572	0.15967524	0.39390826	1.0	5067	tags=68%, list=29%, signal=96%	
EPH-EPHRIN MEDIATED REPULSION OF CELLS%REACTOME%R-HSA-3928665.5	EPH-EPHRIN MEDIATED REPULSION OF CELLS%REACTOME%R-HSA-3928665.5		44	-0.4651932	-1.2624685	0.11830635	0.3946444	1.0	3186	tags=39%, list=18%, signal=47%	
PID_AURORA_A_PATHWAY%MSIGDB_C2%PID_AURORA_A_PATHWAY	PID_AURORA_A_PATHWAY%MSIGDB_C2%PID_AURORA_A_PATHWAY		24	-0.5181154	-1.2621125	0.15447155	0.39527893	1.0	4234	tags=54%, list=24%, signal=71%	
LYSOSOME VESICLE BIOGENESIS%REACTOME DATABASE ID RELEASE 93%432720	LYSOSOME VESICLE BIOGENESIS%REACTOME DATABASE ID RELEASE 93%432720		34	-0.48020086	-1.262045	0.14775726	0.3951726	1.0	4377	tags=47%, list=25%, signal=63%	
MITOCHONDRIAL FATTY ACID BETA-OXIDATION%REACTOME DATABASE ID RELEASE 93%77289	MITOCHONDRIAL FATTY ACID BETA-OXIDATION%REACTOME DATABASE ID RELEASE 93%77289		31	-0.48878205	-1.2619814	0.13492064	0.3950538	1.0	5504	tags=61%, list=32%, signal=89%	
POSITIVE REGULATION OF PRODUCTION OF MOLECULAR MEDIATOR OF IMMUNE RESPONSE%GOBP%GO:0002702	POSITIVE REGULATION OF PRODUCTION OF MOLECULAR MEDIATOR OF IMMUNE RESPONSE%GOBP%GO:0002702		46	-0.44874847	-1.2615392	0.12563452	0.39586025	1.0	3122	tags=37%, list=18%, signal=45%	
REGULATION OF TELOMERE MAINTENANCE VIA TELOMERASE%GOBP%GO:0032210	REGULATION OF TELOMERE MAINTENANCE VIA TELOMERASE%GOBP%GO:0032210		41	-0.46799487	-1.2613435	0.1475827	0.3960832	1.0	6041	tags=54%, list=35%, signal=82%	
AMINO ACID TRANSPORT%GOBP%GO:0006865	AMINO ACID TRANSPORT%GOBP%GO:0006865		72	-0.4213512	-1.2611767	0.12783751	0.396222	1.0	2704	tags=28%, list=15%, signal=33%	
REGULATION OF MITOCHONDRIAL OUTER MEMBRANE PERMEABILIZATION INVOLVED IN APOPTOTIC SIGNALING PATHWAY%GOBP%GO:1901028	REGULATION OF MITOCHONDRIAL OUTER MEMBRANE PERMEABILIZATION INVOLVED IN APOPTOTIC SIGNALING PATHWAY%GOBP%GO:1901028		17	-0.54504853	-1.2609571	0.17872341	0.39650524	1.0	3168	tags=53%, list=18%, signal=65%	
ZINC ION TRANSPORT%GOBP%GO:0006829	ZINC ION TRANSPORT%GOBP%GO:0006829		24	-0.5060314	-1.2609255	0.16047746	0.39631465	1.0	2135	tags=25%, list=12%, signal=28%	
PATTERN RECOGNITION RECEPTOR SIGNALING PATHWAY%GOBP%GO:0002221	PATTERN RECOGNITION RECEPTOR SIGNALING PATHWAY%GOBP%GO:0002221		67	-0.43439382	-1.2608703	0.12392638	0.39619815	1.0	5266	tags=54%, list=30%, signal=77%	
NEGATIVE REGULATION OF PROTEOLYSIS%GOBP%GO:0045861	NEGATIVE REGULATION OF PROTEOLYSIS%GOBP%GO:0045861		85	-0.42263007	-1.2608352	0.11057692	0.39602223	1.0	4259	tags=38%, list=24%, signal=50%	
REGULATION OF SYNAPTIC TRANSMISSION, GABAERGIC%GOBP%GO:0032228	REGULATION OF SYNAPTIC TRANSMISSION, GABAERGIC%GOBP%GO:0032228		17	-0.5586658	-1.2605432	0.16485013	0.39645535	1.0	2927	tags=35%, list=17%, signal=42%	
INNATE IMMUNE RESPONSE ACTIVATING CELL SURFACE RECEPTOR SIGNALING PATHWAY%GOBP%GO:0002220	INNATE IMMUNE RESPONSE ACTIVATING CELL SURFACE RECEPTOR SIGNALING PATHWAY%GOBP%GO:0002220		32	-0.485336	-1.2603629	0.15816994	0.39663455	1.0	4822	tags=59%, list=28%, signal=82%	
DETECTION OF STIMULUS INVOLVED IN SENSORY PERCEPTION%GOBP%GO:0050906	DETECTION OF STIMULUS INVOLVED IN SENSORY PERCEPTION%GOBP%GO:0050906		42	-0.4637406	-1.260286	0.13920817	0.39654666	1.0	193	tags=10%, list=1%, signal=10%	
VEGFA-VEGFR2 PATHWAY%REACTOME DATABASE ID RELEASE 93%4420097	VEGFA-VEGFR2 PATHWAY%REACTOME DATABASE ID RELEASE 93%4420097		82	-0.42020795	-1.2602171	0.11686747	0.3964634	1.0	3882	tags=35%, list=22%, signal=45%	
ARGININE AND PROLINE METABOLISM%SMPDB%SMP0000020	ARGININE AND PROLINE METABOLISM%SMPDB%SMP0000020		15	-0.56162393	-1.2600355	0.16411683	0.39667082	1.0	2441	tags=40%, list=14%, signal=46%	
TOLL LIKE RECEPTOR 7 8 (TLR7 8) CASCADE%REACTOME DATABASE ID RELEASE 93%168181	TOLL LIKE RECEPTOR 7 8 (TLR7 8) CASCADE%REACTOME DATABASE ID RELEASE 93%168181		91	-0.41369295	-1.2599889	0.09929078	0.39652237	1.0	4104	tags=40%, list=24%, signal=51%	
CELLULAR RESPONSE TO AMINO ACID STIMULUS%GOBP%GO:0071230	CELLULAR RESPONSE TO AMINO ACID STIMULUS%GOBP%GO:0071230		35	-0.47981712	-1.2597675	0.13833992	0.3968293	1.0	5250	tags=46%, list=30%, signal=65%	
CD28 CO-STIMULATION%REACTOME DATABASE ID RELEASE 93%389356	CD28 CO-STIMULATION%REACTOME DATABASE ID RELEASE 93%389356		36	-0.4761323	-1.2596469	0.15128206	0.39688066	1.0	3882	tags=53%, list=22%, signal=68%	
TRANSPORT ACROSS BLOOD-BRAIN BARRIER%GOBP%GO:0150104	TRANSPORT ACROSS BLOOD-BRAIN BARRIER%GOBP%GO:0150104		68	-0.4337371	-1.2591476	0.11668758	0.39778414	1.0	3090	tags=29%, list=18%, signal=36%	
L-ARGININE:GLYCINE AMIDINOTRANSFERASE DEFICIENCY%PATHWHIZ%PW000483	L-ARGININE:GLYCINE AMIDINOTRANSFERASE DEFICIENCY%PATHWHIZ%PW000483		15	-0.56162393	-1.2591281	0.1545961	0.39757007	1.0	2441	tags=40%, list=14%, signal=46%	
PANCREAS DEVELOPMENT%GOBP%GO:0031016	PANCREAS DEVELOPMENT%GOBP%GO:0031016		20	-0.52587944	-1.259113	0.16803278	0.39734143	1.0	3464	tags=25%, list=20%, signal=31%	
CXCR4%IOB%CXCR4	CXCR4%IOB%CXCR4		50	-0.45208323	-1.2590569	0.12155388	0.39722258	1.0	3433	tags=36%, list=20%, signal=45%	
ATP-DEPENDENT CHROMATIN REMODELERS%REACTOME DATABASE ID RELEASE 93%9932444	ATP-DEPENDENT CHROMATIN REMODELERS%REACTOME DATABASE ID RELEASE 93%9932444		29	-0.49795774	-1.2590448	0.15046604	0.39699587	1.0	4013	tags=41%, list=23%, signal=54%	
POSITIVE REGULATION OF ENDOTHELIAL CELL PROLIFERATION%GOBP%GO:0001938	POSITIVE REGULATION OF ENDOTHELIAL CELL PROLIFERATION%GOBP%GO:0001938		51	-0.45206082	-1.2589791	0.12547052	0.39689466	1.0	3527	tags=31%, list=20%, signal=39%	
VESICLE DOCKING%GOBP%GO:0048278	VESICLE DOCKING%GOBP%GO:0048278		49	-0.4493649	-1.2589424	0.13832487	0.3967231	1.0	2841	tags=24%, list=16%, signal=29%	
NEGATIVE REGULATION OF DNA METABOLIC PROCESS%GOBP%GO:0051053	NEGATIVE REGULATION OF DNA METABOLIC PROCESS%GOBP%GO:0051053		85	-0.41608116	-1.2589303	0.09263658	0.39649007	1.0	6228	tags=49%, list=36%, signal=76%	
CELLULAR RESPONSE TO IONIZING RADIATION%GOBP%GO:0071479	CELLULAR RESPONSE TO IONIZING RADIATION%GOBP%GO:0071479		50	-0.44759113	-1.2585566	0.15555556	0.39712614	1.0	3943	tags=28%, list=23%, signal=36%	
RESPIRATORY SYNCYTIAL VIRUS (RSV) ATTACHMENT AND ENTRY%REACTOME%R-HSA-9820960.2	RESPIRATORY SYNCYTIAL VIRUS (RSV) ATTACHMENT AND ENTRY%REACTOME%R-HSA-9820960.2		18	-0.53631574	-1.2584139	0.1861413	0.3972203	1.0	3398	tags=39%, list=19%, signal=48%	
MITOCHONDRIAL CALCIUM ION TRANSPORT%REACTOME%R-HSA-8949215.3	MITOCHONDRIAL CALCIUM ION TRANSPORT%REACTOME%R-HSA-8949215.3		20	-0.5343716	-1.2581953	0.16346154	0.3974676	1.0	1834	tags=35%, list=11%, signal=39%	
ONCOSTATIN M SIGNALING%WIKIPATHWAYS_20250810%WP2374%HOMO SAPIENS	ONCOSTATIN M SIGNALING%WIKIPATHWAYS_20250810%WP2374%HOMO SAPIENS		48	-0.4535046	-1.2579775	0.13625	0.3977311	1.0	4309	tags=42%, list=25%, signal=55%	
CHOLESTEROL SYNTHESIS DISORDERS%WIKIPATHWAYS_20250810%WP5193%HOMO SAPIENS	CHOLESTEROL SYNTHESIS DISORDERS%WIKIPATHWAYS_20250810%WP5193%HOMO SAPIENS		16	-0.5517063	-1.2578042	0.17464788	0.39787337	1.0	4029	tags=56%, list=23%, signal=73%	
ARP2/3 COMPLEX-MEDIATED ACTIN NUCLEATION%GOBP%GO:0034314	ARP2/3 COMPLEX-MEDIATED ACTIN NUCLEATION%GOBP%GO:0034314		19	-0.5335729	-1.2576797	0.16760564	0.3978992	1.0	5365	tags=58%, list=31%, signal=83%	
CREATINE DEFICIENCY, GUANIDINOACETATE METHYLTRANSFERASE DEFICIENCY%PATHWHIZ%PW000480	CREATINE DEFICIENCY, GUANIDINOACETATE METHYLTRANSFERASE DEFICIENCY%PATHWHIZ%PW000480		15	-0.56162393	-1.2576333	0.17150761	0.3977551	1.0	2441	tags=40%, list=14%, signal=46%	
HYPERPROLINEMIA TYPE I%SMPDB%SMP0000361	HYPERPROLINEMIA TYPE I%SMPDB%SMP0000361		15	-0.56162393	-1.2575884	0.18169014	0.39760515	1.0	2441	tags=40%, list=14%, signal=46%	
PHOSPHOINOSITIDES METABOLISM%WIKIPATHWAYS_20250810%WP4971%HOMO SAPIENS	PHOSPHOINOSITIDES METABOLISM%WIKIPATHWAYS_20250810%WP4971%HOMO SAPIENS		38	-0.46669048	-1.2574275	0.14396887	0.39774302	1.0	3265	tags=29%, list=19%, signal=36%	
FC-GAMMA RECEPTOR SIGNALING PATHWAY INVOLVED IN PHAGOCYTOSIS%GOBP%GO:0038096	FC-GAMMA RECEPTOR SIGNALING PATHWAY INVOLVED IN PHAGOCYTOSIS%GOBP%GO:0038096		18	-0.5417957	-1.25735	0.17631225	0.39767313	1.0	4062	tags=50%, list=23%, signal=65%	
REGULATION OF POST-TRANSCRIPTIONAL GENE SILENCING BY REGULATORY NCRNA%GOBP%GO:1900368	REGULATION OF POST-TRANSCRIPTIONAL GENE SILENCING BY REGULATORY NCRNA%GOBP%GO:1900368		18	-0.53100705	-1.2573248	0.16272601	0.3974811	1.0	3845	tags=33%, list=22%, signal=43%	
CHOLESTEROL BIOSYNTHETIC PROCESS%GOBP%GO:0006695	CHOLESTEROL BIOSYNTHETIC PROCESS%GOBP%GO:0006695		27	-0.50224763	-1.2565761	0.17158177	0.3990132	1.0	4029	tags=48%, list=23%, signal=62%	
STEROL HOMEOSTASIS%GOBP%GO:0055092	STEROL HOMEOSTASIS%GOBP%GO:0055092		56	-0.44386262	-1.2563312	0.11801242	0.39932355	1.0	3385	tags=36%, list=19%, signal=44%	
POSITIVE REGULATION OF AMYLOID PRECURSOR PROTEIN CATABOLIC PROCESS%GOBP%GO:1902993	POSITIVE REGULATION OF AMYLOID PRECURSOR PROTEIN CATABOLIC PROCESS%GOBP%GO:1902993		19	-0.5348177	-1.2562412	0.1604426	0.3993105	1.0	1181	tags=26%, list=7%, signal=28%	
SIGNALING BY ERYTHROPOIETIN%REACTOME DATABASE ID RELEASE 93%9006335	SIGNALING BY ERYTHROPOIETIN%REACTOME DATABASE ID RELEASE 93%9006335		20	-0.52487034	-1.2561382	0.17567568	0.39927727	1.0	4276	tags=50%, list=24%, signal=66%	
REGULATION OF NECROPTOTIC CELL DEATH%REACTOME%R-HSA-5675482.9	REGULATION OF NECROPTOTIC CELL DEATH%REACTOME%R-HSA-5675482.9		24	-0.5036056	-1.2558811	0.17631225	0.3996441	1.0	4104	tags=42%, list=24%, signal=54%	
REGULATION OF MACROPHAGE ACTIVATION%GOBP%GO:0043030	REGULATION OF MACROPHAGE ACTIVATION%GOBP%GO:0043030		25	-0.49659145	-1.2556956	0.15868673	0.39982572	1.0	4302	tags=44%, list=25%, signal=58%	
CARDIOMYOCYTE SIGNALING CONVERGING ON TITIN%WIKIPATHWAYS_20250810%WP5344%HOMO SAPIENS	CARDIOMYOCYTE SIGNALING CONVERGING ON TITIN%WIKIPATHWAYS_20250810%WP5344%HOMO SAPIENS		21	-0.5255652	-1.2555934	0.15510204	0.39983118	1.0	2209	tags=33%, list=13%, signal=38%	
PID_IL2_STAT5_PATHWAY%MSIGDB_C2%PID_IL2_STAT5_PATHWAY	PID_IL2_STAT5_PATHWAY%MSIGDB_C2%PID_IL2_STAT5_PATHWAY		20	-0.53245443	-1.2555866	0.16951567	0.3995857	1.0	3687	tags=45%, list=21%, signal=57%	
MIR TARGETED GENES IN LEUKOCYTES%WIKIPATHWAYS_20250810%WP2003%HOMO SAPIENS	MIR TARGETED GENES IN LEUKOCYTES%WIKIPATHWAYS_20250810%WP2003%HOMO SAPIENS		98	-0.40654168	-1.2555515	0.08237986	0.39941937	1.0	3898	tags=36%, list=22%, signal=46%	
ENVELOPE PROTEINS AND THEIR POTENTIAL ROLES IN EDMD PHYSIOPATHOLOGY%WIKIPATHWAYS_20250810%WP4535%HOMO SAPIENS	ENVELOPE PROTEINS AND THEIR POTENTIAL ROLES IN EDMD PHYSIOPATHOLOGY%WIKIPATHWAYS_20250810%WP4535%HOMO SAPIENS		29	-0.49776742	-1.2546521	0.1574904	0.40138575	1.0	3541	tags=38%, list=20%, signal=48%	
CHOLESTEROL HOMEOSTASIS%GOBP%GO:0042632	CHOLESTEROL HOMEOSTASIS%GOBP%GO:0042632		55	-0.44492015	-1.254162	0.14017522	0.4023136	1.0	3385	tags=36%, list=19%, signal=45%	
PID_IL2_PI3K_PATHWAY%MSIGDB_C2%PID_IL2_PI3K_PATHWAY	PID_IL2_PI3K_PATHWAY%MSIGDB_C2%PID_IL2_PI3K_PATHWAY		26	-0.50067145	-1.2541101	0.15817694	0.40217307	1.0	5297	tags=58%, list=30%, signal=83%	
PID_HDAC_CLASSIII_PATHWAY%MSIGDB_C2%PID_HDAC_CLASSIII_PATHWAY	PID_HDAC_CLASSIII_PATHWAY%MSIGDB_C2%PID_HDAC_CLASSIII_PATHWAY		20	-0.53444624	-1.2539076	0.18646409	0.40239793	1.0	834	tags=25%, list=5%, signal=26%	
POSITIVE REGULATION OF RESPONSE TO ENDOPLASMIC RETICULUM STRESS%GOBP%GO:1905898	POSITIVE REGULATION OF RESPONSE TO ENDOPLASMIC RETICULUM STRESS%GOBP%GO:1905898		30	-0.48593062	-1.2538792	0.15363881	0.4022052	1.0	3086	tags=33%, list=18%, signal=40%	
AXONAL TRANSPORT%GOBP%GO:0098930	AXONAL TRANSPORT%GOBP%GO:0098930		50	-0.44776937	-1.2536966	0.12734082	0.40239733	1.0	4377	tags=38%, list=25%, signal=51%	
PID_NOTCH_PATHWAY%MSIGDB_C2%PID_NOTCH_PATHWAY	PID_NOTCH_PATHWAY%MSIGDB_C2%PID_NOTCH_PATHWAY		41	-0.46102434	-1.253691	0.13607189	0.4021486	1.0	2397	tags=20%, list=14%, signal=23%	
RAS PROCESSING%REACTOME DATABASE ID RELEASE 93%9648002	RAS PROCESSING%REACTOME DATABASE ID RELEASE 93%9648002		18	-0.5262479	-1.253662	0.15951742	0.40196505	1.0	5752	tags=67%, list=33%, signal=99%	
NEURAL NUCLEUS DEVELOPMENT%GOBP%GO:0048857	NEURAL NUCLEUS DEVELOPMENT%GOBP%GO:0048857		41	-0.45937157	-1.2536488	0.1373057	0.40174472	1.0	3670	tags=41%, list=21%, signal=52%	
DEGRADATION OF BETA CATENIN%PATHWAY INTERACTION DATABASE NCI-NATURE CURATED DATA%DEGRADATION OF BETA CATENIN	DEGRADATION OF BETA CATENIN%PATHWAY INTERACTION DATABASE NCI-NATURE CURATED DATA%DEGRADATION OF BETA CATENIN		17	-0.55121326	-1.2535751	0.18513323	0.4016799	1.0	3767	tags=35%, list=22%, signal=45%	
ORNITHINE AMINOTRANSFERASE DEFICIENCY (OAT DEFICIENCY)%SMPDB%SMP0000363	ORNITHINE AMINOTRANSFERASE DEFICIENCY (OAT DEFICIENCY)%SMPDB%SMP0000363		15	-0.56162393	-1.2535584	0.16005291	0.40145394	1.0	2441	tags=40%, list=14%, signal=46%	
DOWNSTREAM SIGNALING IN NAIVE CD8+ T CELLS%PATHWAY INTERACTION DATABASE NCI-NATURE CURATED DATA%DOWNSTREAM SIGNALING IN NAIVE CD8+ T CELLS	DOWNSTREAM SIGNALING IN NAIVE CD8+ T CELLS%PATHWAY INTERACTION DATABASE NCI-NATURE CURATED DATA%DOWNSTREAM SIGNALING IN NAIVE CD8+ T CELLS		27	-0.4964029	-1.2534196	0.15683647	0.4015357	1.0	3481	tags=44%, list=20%, signal=55%	
GLYCOGEN BREAKDOWN (GLYCOGENOLYSIS)%REACTOME DATABASE ID RELEASE 93%70221	GLYCOGEN BREAKDOWN (GLYCOGENOLYSIS)%REACTOME DATABASE ID RELEASE 93%70221		15	-0.5580892	-1.2534169	0.19246861	0.40128312	1.0	2171	tags=27%, list=12%, signal=30%	
PNAT%PANTHER PATHWAY%P05912	PNAT%PANTHER PATHWAY%P05912		40	-0.46323282	-1.2529382	0.16141236	0.40222433	1.0	2738	tags=28%, list=16%, signal=33%	
MITOTIC G2 DNA DAMAGE CHECKPOINT SIGNALING%GOBP%GO:0007095	MITOTIC G2 DNA DAMAGE CHECKPOINT SIGNALING%GOBP%GO:0007095		26	-0.49731842	-1.2529082	0.16334662	0.4020345	1.0	1479	tags=19%, list=8%, signal=21%	
G1 PHASE%REACTOME%R-HSA-69236.6	G1 PHASE%REACTOME%R-HSA-69236.6		44	-0.45640245	-1.2528651	0.15676358	0.40187174	1.0	4891	tags=41%, list=28%, signal=57%	
HYPERPROLINEMIA TYPE II%SMPDB%SMP0000360	HYPERPROLINEMIA TYPE II%SMPDB%SMP0000360		15	-0.56162393	-1.2528402	0.18852459	0.4016671	1.0	2441	tags=40%, list=14%, signal=46%	
BETA-UREIDOPROPIONASE DEFICIENCY%PATHWHIZ%PW000187	BETA-UREIDOPROPIONASE DEFICIENCY%PATHWHIZ%PW000187		21	-0.52382916	-1.2526424	0.1615599	0.40190035	1.0	4725	tags=57%, list=27%, signal=78%	
UMP SYNTHASE DEFICIENCY (OROTIC ACIDURIA)%SMPDB%SMP0000219	UMP SYNTHASE DEFICIENCY (OROTIC ACIDURIA)%SMPDB%SMP0000219		21	-0.52382916	-1.2525603	0.16245006	0.4018373	1.0	4725	tags=57%, list=27%, signal=78%	
HDR THROUGH HOMOLOGOUS RECOMBINATION (HRR) OR SINGLE STRAND ANNEALING (SSA)%REACTOME%R-HSA-5693567.4	HDR THROUGH HOMOLOGOUS RECOMBINATION (HRR) OR SINGLE STRAND ANNEALING (SSA)%REACTOME%R-HSA-5693567.4		91	-0.41356292	-1.2523909	0.09977064	0.4019917	1.0	5851	tags=45%, list=34%, signal=67%	
CELL CYCLE%WIKIPATHWAYS_20250810%WP179%HOMO SAPIENS	CELL CYCLE%WIKIPATHWAYS_20250810%WP179%HOMO SAPIENS		90	-0.4109338	-1.2520791	0.109195404	0.4024964	1.0	3752	tags=27%, list=21%, signal=34%	
PROLIDASE DEFICIENCY (PD)%PATHWHIZ%PW000083	PROLIDASE DEFICIENCY (PD)%PATHWHIZ%PW000083		15	-0.56162393	-1.2520627	0.17622377	0.40228242	1.0	2441	tags=40%, list=14%, signal=46%	
TOLL LIKE RECEPTOR SIGNALING RELATED TO MYD88%WIKIPATHWAYS_20250810%WP3858%HOMO SAPIENS	TOLL LIKE RECEPTOR SIGNALING RELATED TO MYD88%WIKIPATHWAYS_20250810%WP3858%HOMO SAPIENS		20	-0.52657896	-1.2520202	0.17573221	0.40213776	1.0	5728	tags=60%, list=33%, signal=89%	
VITAMIN TRANSPORT%GOBP%GO:0051180	VITAMIN TRANSPORT%GOBP%GO:0051180		29	-0.49526453	-1.2519548	0.16425756	0.40205884	1.0	3136	tags=38%, list=18%, signal=46%	
GLYCEROLIPIDS AND GLYCEROPHOSPHOLIPIDS%WIKIPATHWAYS_20250810%WP4722%HOMO SAPIENS	GLYCEROLIPIDS AND GLYCEROPHOSPHOLIPIDS%WIKIPATHWAYS_20250810%WP4722%HOMO SAPIENS		18	-0.53793293	-1.2517924	0.16312057	0.4021858	1.0	2564	tags=44%, list=15%, signal=52%	
ENDOSOME TO LYSOSOME TRANSPORT%GOBP%GO:0008333	ENDOSOME TO LYSOSOME TRANSPORT%GOBP%GO:0008333		58	-0.43756947	-1.2516729	0.12406948	0.40220708	1.0	3181	tags=24%, list=18%, signal=29%	
8P23 1 COPY NUMBER VARIATION SYNDROME%WIKIPATHWAYS_20250810%WP5346%HOMO SAPIENS	8P23 1 COPY NUMBER VARIATION SYNDROME%WIKIPATHWAYS_20250810%WP5346%HOMO SAPIENS		33	-0.47841436	-1.2516687	0.14896373	0.40195972	1.0	5021	tags=42%, list=29%, signal=59%	
INNATE IMMUNE RESPONSE-ACTIVATING SIGNALING PATHWAY%GOBP%GO:0002758	INNATE IMMUNE RESPONSE-ACTIVATING SIGNALING PATHWAY%GOBP%GO:0002758		75	-0.41843036	-1.2515435	0.1208134	0.40202206	1.0	5266	tags=53%, list=30%, signal=76%	
TOLL LIKE RECEPTOR 9 (TLR9) CASCADE%REACTOME DATABASE ID RELEASE 93%168138	TOLL LIKE RECEPTOR 9 (TLR9) CASCADE%REACTOME DATABASE ID RELEASE 93%168138		95	-0.40898508	-1.2514473	0.10446009	0.401991	1.0	4104	tags=38%, list=24%, signal=49%	
DEGRADATION OF THE EXTRACELLULAR MATRIX%REACTOME%R-HSA-1474228.6	DEGRADATION OF THE EXTRACELLULAR MATRIX%REACTOME%R-HSA-1474228.6		74	-0.42510116	-1.2513595	0.10526316	0.4019389	1.0	1712	tags=26%, list=10%, signal=28%	
HYPERORNITHINEMIA-HYPERAMMONEMIA-HOMOCITRULLINURIA [HHH-SYNDROME]%PATHWHIZ%PW000482	HYPERORNITHINEMIA-HYPERAMMONEMIA-HOMOCITRULLINURIA [HHH-SYNDROME]%PATHWHIZ%PW000482		15	-0.56162393	-1.2511781	0.18103448	0.40211722	1.0	2441	tags=40%, list=14%, signal=46%	
DNA REPLICATION%PANTHER PATHWAY%P00017	DNA REPLICATION%PANTHER PATHWAY%P00017		15	-0.560451	-1.251107	0.17569546	0.40202215	1.0	3884	tags=33%, list=22%, signal=43%	
SULFUR COMPOUND BIOSYNTHETIC PROCESS%GOBP%GO:0044272	SULFUR COMPOUND BIOSYNTHETIC PROCESS%GOBP%GO:0044272		74	-0.42506263	-1.2509441	0.118421055	0.40215635	1.0	5036	tags=47%, list=29%, signal=66%	
MNGIE (MITOCHONDRIAL NEUROGASTROINTESTINAL ENCEPHALOPATHY)%PATHWHIZ%PW000190	MNGIE (MITOCHONDRIAL NEUROGASTROINTESTINAL ENCEPHALOPATHY)%PATHWHIZ%PW000190		21	-0.52382916	-1.2505349	0.16194332	0.40289482	1.0	4725	tags=57%, list=27%, signal=78%	
PROLINEMIA TYPE II%PATHWHIZ%PW000087	PROLINEMIA TYPE II%PATHWHIZ%PW000087		15	-0.56162393	-1.2504966	0.18569463	0.402739	1.0	2441	tags=40%, list=14%, signal=46%	
MHC CLASS II ANTIGEN PRESENTATION%REACTOME DATABASE ID RELEASE 93%2132295	MHC CLASS II ANTIGEN PRESENTATION%REACTOME DATABASE ID RELEASE 93%2132295		89	-0.41229302	-1.2504638	0.11488863	0.40255952	1.0	4569	tags=36%, list=26%, signal=48%	
DITERPENOID METABOLIC PROCESS%GOBP%GO:0016101	DITERPENOID METABOLIC PROCESS%GOBP%GO:0016101		40	-0.4549939	-1.2503644	0.14652957	0.40254194	1.0	1319	tags=20%, list=8%, signal=22%	
EXIT FROM HOST CELL%GOBP%GO:0035891	EXIT FROM HOST CELL%GOBP%GO:0035891		25	-0.5084735	-1.2502857	0.17191601	0.40248483	1.0	2856	tags=32%, list=16%, signal=38%	
REGULATION OF NITRIC OXIDE METABOLIC PROCESS%GOBP%GO:0080164	REGULATION OF NITRIC OXIDE METABOLIC PROCESS%GOBP%GO:0080164		31	-0.47875804	-1.25025	0.15324676	0.40230343	1.0	1144	tags=16%, list=7%, signal=17%	
RESPONSE TO CALCIUM ION%GOBP%GO:0051592	RESPONSE TO CALCIUM ION%GOBP%GO:0051592		75	-0.41863853	-1.2499337	0.12289157	0.40279904	1.0	1911	tags=23%, list=11%, signal=25%	
CYCLIN D ASSOCIATED EVENTS IN G1%REACTOME%R-HSA-69231.11	CYCLIN D ASSOCIATED EVENTS IN G1%REACTOME%R-HSA-69231.11		44	-0.45640245	-1.2499046	0.13676286	0.40262336	1.0	4891	tags=41%, list=28%, signal=57%	
DNA DAMAGE RESPONSE, SIGNAL TRANSDUCTION BY P53 CLASS MEDIATOR%GOBP%GO:0030330	DNA DAMAGE RESPONSE, SIGNAL TRANSDUCTION BY P53 CLASS MEDIATOR%GOBP%GO:0030330		34	-0.47382268	-1.2497615	0.16795866	0.40270483	1.0	4673	tags=41%, list=27%, signal=56%	
INTEGRATION OF ENERGY METABOLISM%REACTOME%R-HSA-163685.6	INTEGRATION OF ENERGY METABOLISM%REACTOME%R-HSA-163685.6		92	-0.4155336	-1.24975	0.10419026	0.40247923	1.0	3889	tags=37%, list=22%, signal=47%	
REGULATION OF COMPLEMENT CASCADE%REACTOME%R-HSA-977606.7	REGULATION OF COMPLEMENT CASCADE%REACTOME%R-HSA-977606.7		15	-0.5585601	-1.2496382	0.18207681	0.40252212	1.0	3055	tags=33%, list=17%, signal=40%	
ENDOCYTIC RECYCLING%GOBP%GO:0032456	ENDOCYTIC RECYCLING%GOBP%GO:0032456		64	-0.432671	-1.2493353	0.11995104	0.40294948	1.0	5417	tags=50%, list=31%, signal=72%	
PID_PI3KCI_AKT_PATHWAY%MSIGDB_C2%PID_PI3KCI_AKT_PATHWAY	PID_PI3KCI_AKT_PATHWAY%MSIGDB_C2%PID_PI3KCI_AKT_PATHWAY		26	-0.5004131	-1.2492825	0.16170764	0.40282607	1.0	3552	tags=46%, list=20%, signal=58%	
B CELL ACTIVATION%REACTOME%R-HSA-983705.3	B CELL ACTIVATION%REACTOME%R-HSA-983705.3		82	-0.41745836	-1.2491355	0.1030303	0.40294042	1.0	6156	tags=51%, list=35%, signal=79%	
NRAGE SIGNALS DEATH THROUGH JNK%REACTOME DATABASE ID RELEASE 93%193648	NRAGE SIGNALS DEATH THROUGH JNK%REACTOME DATABASE ID RELEASE 93%193648		52	-0.43874213	-1.2490736	0.15891473	0.40283054	1.0	906	tags=19%, list=5%, signal=20%	
VIRAL RELEASE FROM HOST CELL%GOBP%GO:0019076	VIRAL RELEASE FROM HOST CELL%GOBP%GO:0019076		25	-0.5084735	-1.2488859	0.17962466	0.40303114	1.0	2856	tags=32%, list=16%, signal=38%	
REGULATION OF TORC1 SIGNALING%GOBP%GO:1903432	REGULATION OF TORC1 SIGNALING%GOBP%GO:1903432		89	-0.4120862	-1.248885	0.107184924	0.4027787	1.0	5027	tags=44%, list=29%, signal=61%	
FC RECEPTOR MEDIATED STIMULATORY SIGNALING PATHWAY%GOBP%GO:0002431	FC RECEPTOR MEDIATED STIMULATORY SIGNALING PATHWAY%GOBP%GO:0002431		19	-0.5374315	-1.2488008	0.1878453	0.40272707	1.0	4062	tags=47%, list=23%, signal=62%	
MITOTIC PROPHASE%REACTOME DATABASE ID RELEASE 93%68875	MITOTIC PROPHASE%REACTOME DATABASE ID RELEASE 93%68875		72	-0.427482	-1.2487873	0.11028501	0.40251514	1.0	6587	tags=49%, list=38%, signal=78%	
RESPONSE TO MISFOLDED PROTEIN%GOBP%GO:0051788	RESPONSE TO MISFOLDED PROTEIN%GOBP%GO:0051788		18	-0.53969663	-1.2485663	0.16081871	0.40278232	1.0	1210	tags=22%, list=7%, signal=24%	
DEFECTIVE B3GALTL CAUSES PPS%REACTOME%R-HSA-5083635.4	DEFECTIVE B3GALTL CAUSES PPS%REACTOME%R-HSA-5083635.4		30	-0.486062	-1.2478663	0.16710526	0.40420768	1.0	1628	tags=30%, list=9%, signal=33%	
REGULATION OF POLYSACCHARIDE METABOLIC PROCESS%GOBP%GO:0032881	REGULATION OF POLYSACCHARIDE METABOLIC PROCESS%GOBP%GO:0032881		28	-0.49428296	-1.2474586	0.17520216	0.4049543	1.0	4972	tags=57%, list=28%, signal=80%	
ZINC ION TRANSMEMBRANE TRANSPORT%GOBP%GO:0071577	ZINC ION TRANSMEMBRANE TRANSPORT%GOBP%GO:0071577		22	-0.5171456	-1.2472819	0.17517242	0.40514463	1.0	2135	tags=27%, list=12%, signal=31%	
TNF ALPHA SIGNALING%WIKIPATHWAYS_20250810%WP231%HOMO SAPIENS	TNF ALPHA SIGNALING%WIKIPATHWAYS_20250810%WP231%HOMO SAPIENS		68	-0.42602125	-1.2470784	0.11495674	0.40539283	1.0	2522	tags=31%, list=14%, signal=36%	
OXIDATIVE STRESS RESPONSE%WIKIPATHWAYS_20250810%WP408%HOMO SAPIENS	OXIDATIVE STRESS RESPONSE%WIKIPATHWAYS_20250810%WP408%HOMO SAPIENS		21	-0.5253649	-1.247047	0.18070652	0.40522087	1.0	3966	tags=43%, list=23%, signal=55%	
ORC1 REMOVAL FROM CHROMATIN%REACTOME%R-HSA-68949.5	ORC1 REMOVAL FROM CHROMATIN%REACTOME%R-HSA-68949.5		57	-0.43874568	-1.2469333	0.13414635	0.40522662	1.0	6640	tags=54%, list=38%, signal=87%	
DOWNSTREAM SIGNALING EVENTS OF B CELL RECEPTOR (BCR)%REACTOME%R-HSA-1168372.5	DOWNSTREAM SIGNALING EVENTS OF B CELL RECEPTOR (BCR)%REACTOME%R-HSA-1168372.5		62	-0.4346543	-1.2468626	0.13235295	0.4051567	1.0	5641	tags=47%, list=32%, signal=69%	
OSTEOCLAST DIFFERENTIATION%GOBP%GO:0030316	OSTEOCLAST DIFFERENTIATION%GOBP%GO:0030316		19	-0.5184211	-1.246496	0.19665273	0.40585342	1.0	3033	tags=32%, list=17%, signal=38%	
COPI-DEPENDENT GOLGI-TO-ER RETROGRADE TRAFFIC%REACTOME DATABASE ID RELEASE 93%6811434	COPI-DEPENDENT GOLGI-TO-ER RETROGRADE TRAFFIC%REACTOME DATABASE ID RELEASE 93%6811434		78	-0.41265744	-1.2462649	0.12529273	0.40618008	1.0	3532	tags=31%, list=20%, signal=38%	
REGULATION OF PTEN STABILITY AND ACTIVITY%REACTOME%R-HSA-8948751.3	REGULATION OF PTEN STABILITY AND ACTIVITY%REACTOME%R-HSA-8948751.3		55	-0.4439334	-1.2461734	0.13715711	0.40618864	1.0	5355	tags=49%, list=31%, signal=71%	
DISEASES OF MITOTIC CELL CYCLE%REACTOME%R-HSA-9675126.4	DISEASES OF MITOTIC CELL CYCLE%REACTOME%R-HSA-9675126.4		37	-0.47426754	-1.2461557	0.1493671	0.40597802	1.0	1710	tags=22%, list=10%, signal=24%	
REGULATION OF PEPTIDE HORMONE SECRETION%GOBP%GO:0090276	REGULATION OF PEPTIDE HORMONE SECRETION%GOBP%GO:0090276		86	-0.41133317	-1.2461524	0.111638956	0.40573543	1.0	2472	tags=29%, list=14%, signal=34%	
REGULATION OF TRANSLATION IN RESPONSE TO STRESS%GOBP%GO:0043555	REGULATION OF TRANSLATION IN RESPONSE TO STRESS%GOBP%GO:0043555		15	-0.5593896	-1.2457154	0.17721519	0.40655193	1.0	4673	tags=53%, list=27%, signal=73%	
NEGATIVE REGULATION OF MICROTUBULE DEPOLYMERIZATION%GOBP%GO:0007026	NEGATIVE REGULATION OF MICROTUBULE DEPOLYMERIZATION%GOBP%GO:0007026		18	-0.5417242	-1.2456931	0.18077475	0.40634936	1.0	748	tags=17%, list=4%, signal=17%	
CENTRAL NERVOUS SYSTEM NEURON DEVELOPMENT%GOBP%GO:0021954	CENTRAL NERVOUS SYSTEM NEURON DEVELOPMENT%GOBP%GO:0021954		35	-0.47333273	-1.2456533	0.16245006	0.40619877	1.0	955	tags=20%, list=5%, signal=21%	
CELLULAR RESPONSE TO CALCIUM ION%GOBP%GO:0071277	CELLULAR RESPONSE TO CALCIUM ION%GOBP%GO:0071277		46	-0.44518334	-1.2456118	0.15045395	0.4060517	1.0	1911	tags=26%, list=11%, signal=29%	
SIGNALING EVENTS MEDIATED BY HDAC CLASS III%PATHWAY INTERACTION DATABASE NCI-NATURE CURATED DATA%SIGNALING EVENTS MEDIATED BY HDAC CLASS III	SIGNALING EVENTS MEDIATED BY HDAC CLASS III%PATHWAY INTERACTION DATABASE NCI-NATURE CURATED DATA%SIGNALING EVENTS MEDIATED BY HDAC CLASS III		23	-0.50479984	-1.2455666	0.17503393	0.4058966	1.0	5059	tags=57%, list=29%, signal=79%	
NEGATIVE REGULATION OF SMALL GTPASE MEDIATED SIGNAL TRANSDUCTION%GOBP%GO:0051058	NEGATIVE REGULATION OF SMALL GTPASE MEDIATED SIGNAL TRANSDUCTION%GOBP%GO:0051058		40	-0.4604246	-1.2455449	0.15	0.40569714	1.0	3294	tags=33%, list=19%, signal=40%	
LIPID DROPLET ORGANIZATION%GOBP%GO:0034389	LIPID DROPLET ORGANIZATION%GOBP%GO:0034389		30	-0.4789631	-1.2455131	0.17032968	0.40552112	1.0	5334	tags=47%, list=31%, signal=67%	
PHOSPHATIDYLINOSITOL BIOSYNTHETIC PROCESS%GOBP%GO:0006661	PHOSPHATIDYLINOSITOL BIOSYNTHETIC PROCESS%GOBP%GO:0006661		89	-0.41079012	-1.2447823	0.10105758	0.40702432	1.0	4989	tags=40%, list=29%, signal=56%	
CELLULAR RESPONSE TO INTERLEUKIN-6%GOBP%GO:0071354	CELLULAR RESPONSE TO INTERLEUKIN-6%GOBP%GO:0071354		17	-0.5308427	-1.2445983	0.19178082	0.40722325	1.0	3966	tags=35%, list=23%, signal=46%	
HOMOLOGY DIRECTED REPAIR%REACTOME%R-HSA-5693538.4	HOMOLOGY DIRECTED REPAIR%REACTOME%R-HSA-5693538.4		97	-0.4092494	-1.2442424	0.107101284	0.4078673	1.0	5851	tags=47%, list=34%, signal=71%	
DIHYDROPYRIMIDINASE DEFICIENCY%SMPDB%SMP0000178	DIHYDROPYRIMIDINASE DEFICIENCY%SMPDB%SMP0000178		21	-0.52382916	-1.2440183	0.17924528	0.40812007	1.0	4725	tags=57%, list=27%, signal=78%	
SIGNALING EVENTS MEDIATED BY PRL%PATHWAY INTERACTION DATABASE NCI-NATURE CURATED DATA%SIGNALING EVENTS MEDIATED BY PRL	SIGNALING EVENTS MEDIATED BY PRL%PATHWAY INTERACTION DATABASE NCI-NATURE CURATED DATA%SIGNALING EVENTS MEDIATED BY PRL		22	-0.5132739	-1.2438887	0.1556157	0.40820166	1.0	5733	tags=45%, list=33%, signal=68%	
ASSEMBLY OF THE PRE-REPLICATIVE COMPLEX%REACTOME%R-HSA-68867.10	ASSEMBLY OF THE PRE-REPLICATIVE COMPLEX%REACTOME%R-HSA-68867.10		72	-0.42232168	-1.2438008	0.119617224	0.40817466	1.0	5355	tags=42%, list=31%, signal=60%	
POSITIVE REGULATION OF DEFENSE RESPONSE TO VIRUS BY HOST%GOBP%GO:0002230	POSITIVE REGULATION OF DEFENSE RESPONSE TO VIRUS BY HOST%GOBP%GO:0002230		16	-0.54964143	-1.2435944	0.18548387	0.40841368	1.0	4245	tags=44%, list=24%, signal=58%	
IL6%NETPATH%IL6	IL6%NETPATH%IL6		49	-0.4460896	-1.243555	0.13398294	0.4082621	1.0	5059	tags=47%, list=29%, signal=66%	
RNA POLYMERASE II TRANSCRIBES SNRNA GENES%REACTOME%R-HSA-6807505.4	RNA POLYMERASE II TRANSCRIBES SNRNA GENES%REACTOME%R-HSA-6807505.4		70	-0.42504573	-1.2434726	0.1294698	0.40823793	1.0	6328	tags=50%, list=36%, signal=78%	
SPINDLE ASSEMBLY%GOBP%GO:0051225	SPINDLE ASSEMBLY%GOBP%GO:0051225		83	-0.41057342	-1.243409	0.12895663	0.40816164	1.0	5758	tags=47%, list=33%, signal=70%	
POSITIVE REGULATION OF NOTCH SIGNALING PATHWAY%GOBP%GO:0045747	POSITIVE REGULATION OF NOTCH SIGNALING PATHWAY%GOBP%GO:0045747		26	-0.49934882	-1.2429416	0.16485013	0.4090766	1.0	2748	tags=35%, list=16%, signal=41%	
BIOCARTA_HIVNEF_PATHWAY%MSIGDB_C2%BIOCARTA_HIVNEF_PATHWAY	BIOCARTA_HIVNEF_PATHWAY%MSIGDB_C2%BIOCARTA_HIVNEF_PATHWAY		38	-0.46387663	-1.2428321	0.16452442	0.40908802	1.0	3966	tags=45%, list=23%, signal=58%	
REGULATION OF EXTRACELLULAR MATRIX ORGANIZATION%GOBP%GO:1903053	REGULATION OF EXTRACELLULAR MATRIX ORGANIZATION%GOBP%GO:1903053		40	-0.4559512	-1.2427965	0.15673575	0.40892768	1.0	718	tags=15%, list=4%, signal=16%	
REGULATION OF ADENYLATE CYCLASE ACTIVITY%GOBP%GO:0045761	REGULATION OF ADENYLATE CYCLASE ACTIVITY%GOBP%GO:0045761		20	-0.5176192	-1.2427156	0.1810585	0.40888345	1.0	3027	tags=40%, list=17%, signal=48%	
REGULATION OF CELLULAR RESPONSE TO INSULIN STIMULUS%GOBP%GO:1900076	REGULATION OF CELLULAR RESPONSE TO INSULIN STIMULUS%GOBP%GO:1900076		46	-0.4515276	-1.242605	0.14339623	0.40889367	1.0	6440	tags=54%, list=37%, signal=86%	
INTEGRIN SIGNALING%REACTOME%R-HSA-354192.4	INTEGRIN SIGNALING%REACTOME%R-HSA-354192.4		19	-0.5317043	-1.2425308	0.1904762	0.40882036	1.0	3833	tags=47%, list=22%, signal=61%	
REGULATION OF CDC42 ACTIVITY%PATHWAY INTERACTION DATABASE NCI-NATURE CURATED DATA%REGULATION OF CDC42 ACTIVITY	REGULATION OF CDC42 ACTIVITY%PATHWAY INTERACTION DATABASE NCI-NATURE CURATED DATA%REGULATION OF CDC42 ACTIVITY		30	-0.49643892	-1.2424477	0.14771242	0.40877038	1.0	4547	tags=40%, list=26%, signal=54%	
INTERFERON TYPE I SIGNALING%WIKIPATHWAYS_20250810%WP585%HOMO SAPIENS	INTERFERON TYPE I SIGNALING%WIKIPATHWAYS_20250810%WP585%HOMO SAPIENS		42	-0.45564967	-1.2423085	0.14470284	0.40886465	1.0	5508	tags=52%, list=32%, signal=76%	
FORMATION OF THE EMBRYONIC STEM CELL BAF (ESBAF) COMPLEX%REACTOME DATABASE ID RELEASE 93%9933946	FORMATION OF THE EMBRYONIC STEM CELL BAF (ESBAF) COMPLEX%REACTOME DATABASE ID RELEASE 93%9933946		19	-0.53308314	-1.2422223	0.1875862	0.40883043	1.0	3950	tags=42%, list=23%, signal=54%	
HOST-MEDIATED PERTURBATION OF VIRAL PROCESS%GOBP%GO:0044788	HOST-MEDIATED PERTURBATION OF VIRAL PROCESS%GOBP%GO:0044788		58	-0.4346423	-1.2422084	0.12923463	0.4086066	1.0	2842	tags=29%, list=16%, signal=35%	
REGULATION OF CHOLESTEROL BIOSYNTHESIS BY SREBP (SREBF)%REACTOME DATABASE ID RELEASE 93%1655829	REGULATION OF CHOLESTEROL BIOSYNTHESIS BY SREBP (SREBF)%REACTOME DATABASE ID RELEASE 93%1655829		53	-0.4373751	-1.2421274	0.14634146	0.40854967	1.0	5290	tags=47%, list=30%, signal=67%	
MRNA STABILIZATION%GOBP%GO:0048255	MRNA STABILIZATION%GOBP%GO:0048255		43	-0.45412886	-1.2418783	0.14863104	0.40890315	1.0	1301	tags=14%, list=7%, signal=15%	
RESPIRATORY ELECTRON TRANSPORT CHAIN%GOBP%GO:0022904	RESPIRATORY ELECTRON TRANSPORT CHAIN%GOBP%GO:0022904		81	-0.41620559	-1.2413962	0.13109049	0.40986016	1.0	4291	tags=38%, list=25%, signal=51%	
POSITIVE REGULATION OF TRANSMEMBRANE TRANSPORT%GOBP%GO:0034764	POSITIVE REGULATION OF TRANSMEMBRANE TRANSPORT%GOBP%GO:0034764		98	-0.4068696	-1.2411163	0.11547344	0.41024798	1.0	3317	tags=24%, list=19%, signal=30%	
NEGATIVE REGULATION OF PROTEIN PHOSPHORYLATION%GOBP%GO:0001933	NEGATIVE REGULATION OF PROTEIN PHOSPHORYLATION%GOBP%GO:0001933		87	-0.41107872	-1.2410023	0.10035006	0.41027552	1.0	3907	tags=38%, list=22%, signal=49%	
REGULATION OF PEPTIDE SECRETION%GOBP%GO:0002791	REGULATION OF PEPTIDE SECRETION%GOBP%GO:0002791		86	-0.41133317	-1.2407436	0.10352941	0.41063374	1.0	2472	tags=29%, list=14%, signal=34%	
RESPONSE TO MONOAMINE%GOBP%GO:0071867	RESPONSE TO MONOAMINE%GOBP%GO:0071867		22	-0.5052787	-1.2403886	0.19459459	0.4112172	1.0	3720	tags=41%, list=21%, signal=52%	
THROMBIN SIGNALLING THROUGH PROTEINASE ACTIVATED RECEPTORS (PARS)%REACTOME%R-HSA-456926.4	THROMBIN SIGNALLING THROUGH PROTEINASE ACTIVATED RECEPTORS (PARS)%REACTOME%R-HSA-456926.4		24	-0.503847	-1.2402627	0.18636996	0.41127977	1.0	5675	tags=42%, list=32%, signal=62%	
POSITIVE REGULATION OF DENDRITIC SPINE DEVELOPMENT%GOBP%GO:0060999	POSITIVE REGULATION OF DENDRITIC SPINE DEVELOPMENT%GOBP%GO:0060999		19	-0.5256812	-1.2401885	0.19215156	0.41120577	1.0	715	tags=21%, list=4%, signal=22%	
POSITIVE REGULATION OF PROTEIN TARGETING TO MITOCHONDRION%GOBP%GO:1903955	POSITIVE REGULATION OF PROTEIN TARGETING TO MITOCHONDRION%GOBP%GO:1903955		28	-0.49352	-1.2400327	0.1640625	0.41134173	1.0	4289	tags=46%, list=25%, signal=61%	
HCMV INFECTION%REACTOME DATABASE ID RELEASE 93%9609646	HCMV INFECTION%REACTOME DATABASE ID RELEASE 93%9609646		75	-0.41881904	-1.2400063	0.1264637	0.41115776	1.0	7341	tags=63%, list=42%, signal=108%	
PROTEIN HOMOTETRAMERIZATION%GOBP%GO:0051289	PROTEIN HOMOTETRAMERIZATION%GOBP%GO:0051289		46	-0.45061928	-1.2395893	0.13909775	0.41192567	1.0	2038	tags=20%, list=12%, signal=22%	
NEGATIVE REGULATION OF PROTEIN SERINE/THREONINE KINASE ACTIVITY%GOBP%GO:0071901	NEGATIVE REGULATION OF PROTEIN SERINE/THREONINE KINASE ACTIVITY%GOBP%GO:0071901		25	-0.5023542	-1.2392939	0.18473895	0.41234514	1.0	5222	tags=56%, list=30%, signal=80%	
DNA METHYLATION-DEPENDENT CONSTITUTIVE HETEROCHROMATIN FORMATION%GOBP%GO:0006346	DNA METHYLATION-DEPENDENT CONSTITUTIVE HETEROCHROMATIN FORMATION%GOBP%GO:0006346		22	-0.51807696	-1.2386667	0.18758434	0.4136372	1.0	5495	tags=55%, list=31%, signal=79%	
TNFR1-INDUCED PROAPOPTOTIC SIGNALING%REACTOME DATABASE ID RELEASE 93%5357786	TNFR1-INDUCED PROAPOPTOTIC SIGNALING%REACTOME DATABASE ID RELEASE 93%5357786		22	-0.51172197	-1.2386612	0.18588874	0.41340336	1.0	4248	tags=45%, list=24%, signal=60%	
SCF-BETA-TRCP MEDIATED DEGRADATION OF EMI1%REACTOME DATABASE ID RELEASE 93%174113	SCF-BETA-TRCP MEDIATED DEGRADATION OF EMI1%REACTOME DATABASE ID RELEASE 93%174113		41	-0.45184952	-1.2386204	0.16290727	0.41325065	1.0	5355	tags=44%, list=31%, signal=63%	
RESPONSE TO CARBOHYDRATE%GOBP%GO:0009743	RESPONSE TO CARBOHYDRATE%GOBP%GO:0009743		54	-0.43908983	-1.2385503	0.15241636	0.41315445	1.0	4343	tags=39%, list=25%, signal=52%	
BIOCARTA_KERATINOCYTE_PATHWAY%MSIGDB_C2%BIOCARTA_KERATINOCYTE_PATHWAY	BIOCARTA_KERATINOCYTE_PATHWAY%MSIGDB_C2%BIOCARTA_KERATINOCYTE_PATHWAY		36	-0.46350533	-1.23826	0.16454081	0.41361302	1.0	4062	tags=44%, list=23%, signal=58%	
MODULATION OF PROCESS OF ANOTHER ORGANISM%GOBP%GO:0035821	MODULATION OF PROCESS OF ANOTHER ORGANISM%GOBP%GO:0035821		73	-0.42164004	-1.238061	0.14302741	0.41385907	1.0	3415	tags=30%, list=20%, signal=37%	
REGULATION OF STRESS FIBER ASSEMBLY%GOBP%GO:0051492	REGULATION OF STRESS FIBER ASSEMBLY%GOBP%GO:0051492		64	-0.426236	-1.2379359	0.14371258	0.41390595	1.0	5758	tags=55%, list=33%, signal=81%	
THE ROLE OF GTSE1 IN G2 M PROGRESSION AFTER G2 CHECKPOINT%REACTOME DATABASE ID RELEASE 93%8852276	THE ROLE OF GTSE1 IN G2 M PROGRESSION AFTER G2 CHECKPOINT%REACTOME DATABASE ID RELEASE 93%8852276		46	-0.44938913	-1.2379262	0.15549937	0.41368523	1.0	5355	tags=41%, list=31%, signal=59%	
CHROMOSOMAL AND MICROSATELLITE INSTABILITY IN COLORECTAL CANCER %WIKIPATHWAYS_20250810%WP4216%HOMO SAPIENS	CHROMOSOMAL AND MICROSATELLITE INSTABILITY IN COLORECTAL CANCER %WIKIPATHWAYS_20250810%WP4216%HOMO SAPIENS		58	-0.43024778	-1.2378173	0.1281407	0.41370153	1.0	4419	tags=36%, list=25%, signal=48%	
RIPK1-MEDIATED REGULATED NECROSIS%REACTOME%R-HSA-5213460.6	RIPK1-MEDIATED REGULATED NECROSIS%REACTOME%R-HSA-5213460.6		24	-0.5036056	-1.2377152	0.1939314	0.41369563	1.0	4104	tags=42%, list=24%, signal=54%	
TRAF6 MEDIATED INDUCTION OF NFKB AND MAP KINASES UPON TLR7 8 OR 9 ACTIVATION%REACTOME DATABASE ID RELEASE 93%975138	TRAF6 MEDIATED INDUCTION OF NFKB AND MAP KINASES UPON TLR7 8 OR 9 ACTIVATION%REACTOME DATABASE ID RELEASE 93%975138		89	-0.41005427	-1.2374966	0.11924439	0.41395107	1.0	4104	tags=39%, list=24%, signal=51%	
REGULATION OF DOUBLE-STRAND BREAK REPAIR VIA HOMOLOGOUS RECOMBINATION%GOBP%GO:0010569	REGULATION OF DOUBLE-STRAND BREAK REPAIR VIA HOMOLOGOUS RECOMBINATION%GOBP%GO:0010569		68	-0.4202418	-1.2373911	0.13793103	0.41395676	1.0	5863	tags=44%, list=34%, signal=66%	
SWITCHING OF ORIGINS TO A POST-REPLICATIVE STATE%REACTOME DATABASE ID RELEASE 93%69052	SWITCHING OF ORIGINS TO A POST-REPLICATIVE STATE%REACTOME DATABASE ID RELEASE 93%69052		78	-0.41273922	-1.23728	0.12317073	0.4139598	1.0	6640	tags=53%, list=38%, signal=84%	
HEME BIOSYNTHETIC PROCESS%GOBP%GO:0006783	HEME BIOSYNTHETIC PROCESS%GOBP%GO:0006783		18	-0.5203138	-1.2371035	0.18907563	0.414121	1.0	5578	tags=50%, list=32%, signal=73%	
LAMELLIPODIUM ORGANIZATION%GOBP%GO:0097581	LAMELLIPODIUM ORGANIZATION%GOBP%GO:0097581		27	-0.48792708	-1.2368294	0.18319559	0.41453278	1.0	3635	tags=41%, list=21%, signal=51%	
ACUTE VIRAL MYOCARDITIS%WIKIPATHWAYS_20250810%WP4298%HOMO SAPIENS	ACUTE VIRAL MYOCARDITIS%WIKIPATHWAYS_20250810%WP4298%HOMO SAPIENS		47	-0.4413878	-1.2367611	0.14772727	0.41443554	1.0	5508	tags=51%, list=32%, signal=74%	
FOXO-MEDIATED TRANSCRIPTION%REACTOME%R-HSA-9614085.3	FOXO-MEDIATED TRANSCRIPTION%REACTOME%R-HSA-9614085.3		55	-0.43505055	-1.2364316	0.14906833	0.4149886	1.0	1583	tags=16%, list=9%, signal=18%	
STEROL METABOLIC PROCESS%GOBP%GO:0016125	STEROL METABOLIC PROCESS%GOBP%GO:0016125		57	-0.4312322	-1.2364073	0.14640199	0.41479823	1.0	5010	tags=49%, list=29%, signal=69%	
REGULATION OF POST-TRANSCRIPTIONAL GENE SILENCING%GOBP%GO:0060147	REGULATION OF POST-TRANSCRIPTIONAL GENE SILENCING%GOBP%GO:0060147		18	-0.53100705	-1.2362574	0.20897616	0.41491124	1.0	3845	tags=33%, list=22%, signal=43%	
CALCIUM-ION REGULATED EXOCYTOSIS%GOBP%GO:0017156	CALCIUM-ION REGULATED EXOCYTOSIS%GOBP%GO:0017156		23	-0.5113223	-1.2361517	0.1932886	0.41492742	1.0	2708	tags=35%, list=16%, signal=41%	
HUNTINGTON DISEASE%PANTHER PATHWAY%P00029	HUNTINGTON DISEASE%PANTHER PATHWAY%P00029		84	-0.41546893	-1.2359744	0.12987013	0.4151096	1.0	4126	tags=48%, list=24%, signal=62%	
REGULATION OF TOLL-LIKE RECEPTOR SIGNALING PATHWAY%GOBP%GO:0034121	REGULATION OF TOLL-LIKE RECEPTOR SIGNALING PATHWAY%GOBP%GO:0034121		20	-0.52186817	-1.2359289	0.1920981	0.41498506	1.0	2604	tags=35%, list=15%, signal=41%	
CD40%IOB%CD40	CD40%IOB%CD40		18	-0.52862763	-1.2356673	0.20987654	0.4153797	1.0	2818	tags=44%, list=16%, signal=53%	
SIGNALING BY FGFR1%REACTOME DATABASE ID RELEASE 93%5654736	SIGNALING BY FGFR1%REACTOME DATABASE ID RELEASE 93%5654736		34	-0.46537313	-1.2355584	0.1760841	0.41541174	1.0	5000	tags=47%, list=29%, signal=66%	
EFFECT OF OMEGA 3 PUFA ON HUNTINGTON 39 S DISEASE PATHWAYS%WIKIPATHWAYS_20250810%WP5470%HOMO SAPIENS	EFFECT OF OMEGA 3 PUFA ON HUNTINGTON 39 S DISEASE PATHWAYS%WIKIPATHWAYS_20250810%WP5470%HOMO SAPIENS		89	-0.4091606	-1.2354975	0.13225058	0.4153155	1.0	4167	tags=40%, list=24%, signal=53%	
SKELETAL MUSCLE TISSUE DEVELOPMENT%GOBP%GO:0007519	SKELETAL MUSCLE TISSUE DEVELOPMENT%GOBP%GO:0007519		36	-0.4617275	-1.2352664	0.14890885	0.41561514	1.0	2740	tags=31%, list=16%, signal=36%	
EXTRINSIC APOPTOTIC SIGNALING PATHWAY VIA DEATH DOMAIN RECEPTORS%GOBP%GO:0008625	EXTRINSIC APOPTOTIC SIGNALING PATHWAY VIA DEATH DOMAIN RECEPTORS%GOBP%GO:0008625		25	-0.49744782	-1.2351983	0.16666667	0.4155232	1.0	5366	tags=44%, list=31%, signal=63%	
PID_ERA_GENOMIC_PATHWAY%MSIGDB_C2%PID_ERA_GENOMIC_PATHWAY	PID_ERA_GENOMIC_PATHWAY%MSIGDB_C2%PID_ERA_GENOMIC_PATHWAY		41	-0.45846033	-1.2351041	0.16751918	0.4154842	1.0	4144	tags=39%, list=24%, signal=51%	
B CELL ACTIVATION INVOLVED IN IMMUNE RESPONSE%GOBP%GO:0002312	B CELL ACTIVATION INVOLVED IN IMMUNE RESPONSE%GOBP%GO:0002312		19	-0.5258101	-1.2347416	0.16507503	0.4161025	1.0	5021	tags=42%, list=29%, signal=59%	
AXO-DENDRITIC TRANSPORT%GOBP%GO:0008088	AXO-DENDRITIC TRANSPORT%GOBP%GO:0008088		57	-0.43540165	-1.2346344	0.14742015	0.4160982	1.0	4377	tags=35%, list=25%, signal=47%	
EPIGENETIC PROGRAMMING OF GENE EXPRESSION%GOBP%GO:0043045	EPIGENETIC PROGRAMMING OF GENE EXPRESSION%GOBP%GO:0043045		15	-0.55199367	-1.2344878	0.21132597	0.41620576	1.0	6311	tags=67%, list=36%, signal=104%	
ADENYLATE CYCLASE-INHIBITING G PROTEIN-COUPLED RECEPTOR SIGNALING PATHWAY%GOBP%GO:0007193	ADENYLATE CYCLASE-INHIBITING G PROTEIN-COUPLED RECEPTOR SIGNALING PATHWAY%GOBP%GO:0007193		37	-0.46585184	-1.2343469	0.16230367	0.41631317	1.0	3541	tags=32%, list=20%, signal=41%	
REGULATED NECROSIS%REACTOME%R-HSA-5218859.6	REGULATED NECROSIS%REACTOME%R-HSA-5218859.6		40	-0.45965064	-1.234243	0.15082383	0.41632128	1.0	4353	tags=43%, list=25%, signal=56%	
VITAMIN D RECEPTOR PATHWAY%WIKIPATHWAYS_20250810%WP2877%HOMO SAPIENS	VITAMIN D RECEPTOR PATHWAY%WIKIPATHWAYS_20250810%WP2877%HOMO SAPIENS		82	-0.40832925	-1.2340761	0.13785046	0.41645643	1.0	1620	tags=22%, list=9%, signal=24%	
PROTEIN QUALITY CONTROL FOR MISFOLDED OR INCOMPLETELY SYNTHESIZED PROTEINS%GOBP%GO:0006515	PROTEIN QUALITY CONTROL FOR MISFOLDED OR INCOMPLETELY SYNTHESIZED PROTEINS%GOBP%GO:0006515		27	-0.48951203	-1.2340492	0.18700266	0.41626975	1.0	5104	tags=48%, list=29%, signal=68%	
POSITIVE EPIGENETIC REGULATION OF RRNA EXPRESSION%REACTOME DATABASE ID RELEASE 93%5250913	POSITIVE EPIGENETIC REGULATION OF RRNA EXPRESSION%REACTOME DATABASE ID RELEASE 93%5250913		41	-0.45712903	-1.2340102	0.15575916	0.41611195	1.0	5569	tags=49%, list=32%, signal=71%	
POTASSIUM CHANNELS%REACTOME DATABASE ID RELEASE 93%1296071	POTASSIUM CHANNELS%REACTOME DATABASE ID RELEASE 93%1296071		75	-0.4168172	-1.2339195	0.14744352	0.41608858	1.0	1921	tags=20%, list=11%, signal=22%	
PURINE RIBONUCLEOTIDE BIOSYNTHETIC PROCESS%GOBP%GO:0009152	PURINE RIBONUCLEOTIDE BIOSYNTHETIC PROCESS%GOBP%GO:0009152		86	-0.4068539	-1.2336162	0.10933941	0.4165558	1.0	4291	tags=38%, list=25%, signal=51%	
NEGATIVE REGULATION OF NEURON PROJECTION DEVELOPMENT%GOBP%GO:0010977	NEGATIVE REGULATION OF NEURON PROJECTION DEVELOPMENT%GOBP%GO:0010977		61	-0.4280245	-1.2336131	0.13872135	0.4163151	1.0	1271	tags=20%, list=7%, signal=21%	
BIOCARTA_MAPK_PATHWAY%MSIGDB_C2%BIOCARTA_MAPK_PATHWAY	BIOCARTA_MAPK_PATHWAY%MSIGDB_C2%BIOCARTA_MAPK_PATHWAY		68	-0.4187733	-1.2334418	0.14026602	0.4165008	1.0	4037	tags=46%, list=23%, signal=59%	
POSITIVE REGULATION OF RHO PROTEIN SIGNAL TRANSDUCTION%GOBP%GO:0035025	POSITIVE REGULATION OF RHO PROTEIN SIGNAL TRANSDUCTION%GOBP%GO:0035025		21	-0.5119181	-1.2333599	0.21060172	0.4164529	1.0	3476	tags=38%, list=20%, signal=48%	
RESOLUTION OF ABASIC SITES (AP SITES)%REACTOME DATABASE ID RELEASE 93%73933	RESOLUTION OF ABASIC SITES (AP SITES)%REACTOME DATABASE ID RELEASE 93%73933		35	-0.46809325	-1.2332621	0.17277487	0.41643617	1.0	4979	tags=51%, list=29%, signal=72%	
PID_CDC42_PATHWAY%MSIGDB_C2%PID_CDC42_PATHWAY	PID_CDC42_PATHWAY%MSIGDB_C2%PID_CDC42_PATHWAY		54	-0.43402177	-1.2332435	0.14786968	0.41623157	1.0	5098	tags=43%, list=29%, signal=60%	
HORMONE TRANSPORT%GOBP%GO:0009914	HORMONE TRANSPORT%GOBP%GO:0009914		27	-0.48842147	-1.2329365	0.16620879	0.41672006	1.0	5872	tags=52%, list=34%, signal=78%	
REGULATION OF MITOTIC CELL CYCLE SPINDLE ASSEMBLY CHECKPOINT%GOBP%GO:0090266	REGULATION OF MITOTIC CELL CYCLE SPINDLE ASSEMBLY CHECKPOINT%GOBP%GO:0090266		21	-0.50937736	-1.2328674	0.19694868	0.41664922	1.0	5332	tags=57%, list=31%, signal=82%	
PID_CDC42_REG_PATHWAY%MSIGDB_C2%PID_CDC42_REG_PATHWAY	PID_CDC42_REG_PATHWAY%MSIGDB_C2%PID_CDC42_REG_PATHWAY		21	-0.52177465	-1.2328305	0.18860245	0.4164936	1.0	5102	tags=43%, list=29%, signal=60%	
CELLULAR RESPONSE TO MONOAMINE STIMULUS%GOBP%GO:0071868	CELLULAR RESPONSE TO MONOAMINE STIMULUS%GOBP%GO:0071868		22	-0.5052787	-1.2325172	0.19436997	0.41700044	1.0	3720	tags=41%, list=21%, signal=52%	
STEROID HORMONE RECEPTOR SIGNALING PATHWAY%GOBP%GO:0043401	STEROID HORMONE RECEPTOR SIGNALING PATHWAY%GOBP%GO:0043401		40	-0.46156207	-1.2324781	0.15510719	0.41684288	1.0	2215	tags=23%, list=13%, signal=26%	
POSITIVE REGULATION OF CELL GROWTH%GOBP%GO:0030307	POSITIVE REGULATION OF CELL GROWTH%GOBP%GO:0030307		86	-0.4086152	-1.2324338	0.14217444	0.41668984	1.0	3294	tags=30%, list=19%, signal=37%	
CELLULAR RESPONSE TO BIOTIC STIMULUS%GOBP%GO:0071216	CELLULAR RESPONSE TO BIOTIC STIMULUS%GOBP%GO:0071216		80	-0.41121277	-1.2320058	0.13443395	0.41745958	1.0	2604	tags=26%, list=15%, signal=31%	
MYD88 CASCADE INITIATED ON PLASMA MEMBRANE%REACTOME DATABASE ID RELEASE 93%975871	MYD88 CASCADE INITIATED ON PLASMA MEMBRANE%REACTOME DATABASE ID RELEASE 93%975871		88	-0.40644094	-1.2319249	0.12485137	0.41739628	1.0	4104	tags=39%, list=24%, signal=50%	
SARS COV 2 INNATE IMMUNITY EVASION AND CELL SPECIFIC IMMUNE RESPONSE%WIKIPATHWAYS_20250810%WP5039%HOMO SAPIENS	SARS COV 2 INNATE IMMUNITY EVASION AND CELL SPECIFIC IMMUNE RESPONSE%WIKIPATHWAYS_20250810%WP5039%HOMO SAPIENS		35	-0.46604285	-1.2319204	0.16817594	0.4171614	1.0	3966	tags=43%, list=23%, signal=55%	
PHOSPHATIDYLCHOLINE BIOSYNTHETIC PROCESS%GOBP%GO:0006656	PHOSPHATIDYLCHOLINE BIOSYNTHETIC PROCESS%GOBP%GO:0006656		17	-0.52851343	-1.2314919	0.20399429	0.41798577	1.0	3806	tags=35%, list=22%, signal=45%	
NIK-->NONCANONICAL NF-KB SIGNALING%REACTOME DATABASE ID RELEASE 93%5676590	NIK-->NONCANONICAL NF-KB SIGNALING%REACTOME DATABASE ID RELEASE 93%5676590		45	-0.45098785	-1.2314382	0.1620603	0.4178678	1.0	5641	tags=47%, list=32%, signal=69%	
INTRINSIC APOPTOTIC SIGNALING PATHWAY IN RESPONSE TO DNA DAMAGE%GOBP%GO:0008630	INTRINSIC APOPTOTIC SIGNALING PATHWAY IN RESPONSE TO DNA DAMAGE%GOBP%GO:0008630		45	-0.44813865	-1.2313882	0.17002518	0.41773283	1.0	3898	tags=38%, list=22%, signal=49%	
MITOTIC METAPHASE CHROMOSOME ALIGNMENT%GOBP%GO:0007080	MITOTIC METAPHASE CHROMOSOME ALIGNMENT%GOBP%GO:0007080		53	-0.43543285	-1.2313286	0.16087516	0.4176381	1.0	3823	tags=38%, list=22%, signal=48%	
NEGATIVE REGULATION OF STRESS FIBER ASSEMBLY%GOBP%GO:0051497	NEGATIVE REGULATION OF STRESS FIBER ASSEMBLY%GOBP%GO:0051497		21	-0.51340896	-1.2308587	0.1969697	0.41855055	1.0	5193	tags=48%, list=30%, signal=68%	
CELLULAR RESPONSE TO CATECHOLAMINE STIMULUS%GOBP%GO:0071870	CELLULAR RESPONSE TO CATECHOLAMINE STIMULUS%GOBP%GO:0071870		22	-0.5052787	-1.2308384	0.1826793	0.41835487	1.0	3720	tags=41%, list=21%, signal=52%	
RESPIRATORY SYNCYTIAL VIRUS INFECTION PATHWAY%REACTOME%R-HSA-9820952.2	RESPIRATORY SYNCYTIAL VIRUS INFECTION PATHWAY%REACTOME%R-HSA-9820952.2		90	-0.404767	-1.2308362	0.11569301	0.41811398	1.0	5198	tags=40%, list=30%, signal=57%	
GLYCEROPHOSPHOLIPID BIOSYNTHESIS%REACTOME DATABASE ID RELEASE 93%1483206	GLYCEROPHOSPHOLIPID BIOSYNTHESIS%REACTOME DATABASE ID RELEASE 93%1483206		95	-0.40399507	-1.2305781	0.13507108	0.4184767	1.0	5684	tags=53%, list=33%, signal=78%	
REGULATION OF MIRNA-MEDIATED GENE SILENCING%GOBP%GO:0060964	REGULATION OF MIRNA-MEDIATED GENE SILENCING%GOBP%GO:0060964		18	-0.53100705	-1.2304494	0.1954993	0.4185357	1.0	3845	tags=33%, list=22%, signal=43%	
JNK CASCADE%GOBP%GO:0007254	JNK CASCADE%GOBP%GO:0007254		32	-0.46956387	-1.2303141	0.17532468	0.4186467	1.0	3489	tags=41%, list=20%, signal=51%	
B CELL DIFFERENTIATION%GOBP%GO:0030183	B CELL DIFFERENTIATION%GOBP%GO:0030183		45	-0.44049126	-1.2301955	0.15917844	0.41867644	1.0	4504	tags=33%, list=26%, signal=45%	
PID_INSULIN_GLUCOSE_PATHWAY%MSIGDB_C2%PID_INSULIN_GLUCOSE_PATHWAY	PID_INSULIN_GLUCOSE_PATHWAY%MSIGDB_C2%PID_INSULIN_GLUCOSE_PATHWAY		15	-0.5509179	-1.2300295	0.21203439	0.4188418	1.0	3742	tags=33%, list=21%, signal=42%	
TCR SIGNALING%REACTOME%R-HSA-202403.7	TCR SIGNALING%REACTOME%R-HSA-202403.7		79	-0.41088918	-1.2299079	0.13711584	0.41887763	1.0	6206	tags=52%, list=36%, signal=80%	
PID_ERBB1_DOWNSTREAM_PATHWAY%MSIGDB_C2%PID_ERBB1_DOWNSTREAM_PATHWAY	PID_ERBB1_DOWNSTREAM_PATHWAY%MSIGDB_C2%PID_ERBB1_DOWNSTREAM_PATHWAY		82	-0.407452	-1.229659	0.13325472	0.4192159	1.0	3878	tags=33%, list=22%, signal=42%	
IRS-RELATED EVENTS TRIGGERED BY IGF1R%REACTOME%R-HSA-2428928.3	IRS-RELATED EVENTS TRIGGERED BY IGF1R%REACTOME%R-HSA-2428928.3		24	-0.49046007	-1.2295989	0.19084968	0.4191171	1.0	1374	tags=21%, list=8%, signal=23%	
TRNA MODIFICATION IN THE NUCLEUS AND CYTOSOL%REACTOME%R-HSA-6782315.8	TRNA MODIFICATION IN THE NUCLEUS AND CYTOSOL%REACTOME%R-HSA-6782315.8		39	-0.46232906	-1.2294532	0.1684073	0.41921854	1.0	3871	tags=33%, list=22%, signal=43%	
ARGININE: GLYCINE AMIDINOTRANSFERASE DEFICIENCY (AGAT DEFICIENCY)%PATHWHIZ%PW000084	ARGININE: GLYCINE AMIDINOTRANSFERASE DEFICIENCY (AGAT DEFICIENCY)%PATHWHIZ%PW000084		15	-0.56162393	-1.229392	0.21306819	0.4191116	1.0	2441	tags=40%, list=14%, signal=46%	
MYD88 DEPENDENT CASCADE INITIATED ON ENDOSOME%REACTOME DATABASE ID RELEASE 93%975155	MYD88 DEPENDENT CASCADE INITIATED ON ENDOSOME%REACTOME DATABASE ID RELEASE 93%975155		90	-0.40931648	-1.2293513	0.1443418	0.41896856	1.0	4104	tags=39%, list=24%, signal=51%	
ATM PATHWAY%PATHWAY INTERACTION DATABASE NCI-NATURE CURATED DATA%ATM PATHWAY	ATM PATHWAY%PATHWAY INTERACTION DATABASE NCI-NATURE CURATED DATA%ATM PATHWAY		30	-0.48099235	-1.2290313	0.17574932	0.4195009	1.0	4695	tags=33%, list=27%, signal=46%	
UNFOLDED PROTEIN RESPONSE (UPR)%REACTOME DATABASE ID RELEASE 93%381119	UNFOLDED PROTEIN RESPONSE (UPR)%REACTOME DATABASE ID RELEASE 93%381119		85	-0.4019541	-1.228952	0.1394799	0.41945738	1.0	4651	tags=38%, list=27%, signal=51%	
POSITIVE REGULATION OF RECEPTOR INTERNALIZATION%GOBP%GO:0002092	POSITIVE REGULATION OF RECEPTOR INTERNALIZATION%GOBP%GO:0002092		17	-0.5411637	-1.2288548	0.20804438	0.41947132	1.0	2202	tags=24%, list=13%, signal=27%	
HOST-MEDIATED PERTURBATION OF VIRAL TRANSCRIPTION%GOBP%GO:0043921	HOST-MEDIATED PERTURBATION OF VIRAL TRANSCRIPTION%GOBP%GO:0043921		22	-0.49843118	-1.2287323	0.19972827	0.41953307	1.0	5081	tags=59%, list=29%, signal=83%	
VESICLE FUSION%GOBP%GO:0006906	VESICLE FUSION%GOBP%GO:0006906		83	-0.40317482	-1.2282977	0.1323185	0.42037264	1.0	2856	tags=20%, list=16%, signal=24%	
NEGATIVE REGULATION OF TYPE I INTERFERON-MEDIATED SIGNALING PATHWAY%GOBP%GO:0060339	NEGATIVE REGULATION OF TYPE I INTERFERON-MEDIATED SIGNALING PATHWAY%GOBP%GO:0060339		16	-0.54556125	-1.2281276	0.19193324	0.42051622	1.0	3520	tags=38%, list=20%, signal=47%	
POSITIVE REGULATION OF TOR SIGNALING%GOBP%GO:0032008	POSITIVE REGULATION OF TOR SIGNALING%GOBP%GO:0032008		61	-0.42744276	-1.2280134	0.15789473	0.42054152	1.0	5027	tags=48%, list=29%, signal=67%	
HCMV LATE EVENTS%REACTOME DATABASE ID RELEASE 93%9610379	HCMV LATE EVENTS%REACTOME DATABASE ID RELEASE 93%9610379		49	-0.44793963	-1.227891	0.1476846	0.4205944	1.0	7270	tags=65%, list=42%, signal=112%	
RIBOSOMAL SMALL SUBUNIT BIOGENESIS%GOBP%GO:0042274	RIBOSOMAL SMALL SUBUNIT BIOGENESIS%GOBP%GO:0042274		97	-0.40518054	-1.22783	0.125	0.42048872	1.0	3221	tags=27%, list=18%, signal=33%	
CELLULAR RESPONSE TO LIGHT STIMULUS%GOBP%GO:0071482	CELLULAR RESPONSE TO LIGHT STIMULUS%GOBP%GO:0071482		74	-0.417711	-1.2278248	0.14369847	0.42025578	1.0	2609	tags=26%, list=15%, signal=30%	
INTERLEUKIN-12 SIGNALING%REACTOME%R-HSA-9020591.3	INTERLEUKIN-12 SIGNALING%REACTOME%R-HSA-9020591.3		39	-0.45678928	-1.2278197	0.158831	0.42003	1.0	6619	tags=56%, list=38%, signal=91%	
REGULATION OF DNA BIOSYNTHETIC PROCESS%GOBP%GO:2000278	REGULATION OF DNA BIOSYNTHETIC PROCESS%GOBP%GO:2000278		64	-0.4223462	-1.2277577	0.15776698	0.41994056	1.0	6041	tags=50%, list=35%, signal=76%	
O-GLYCOSYLATION OF TSR DOMAIN-CONTAINING PROTEINS%REACTOME%R-HSA-5173214.3	O-GLYCOSYLATION OF TSR DOMAIN-CONTAINING PROTEINS%REACTOME%R-HSA-5173214.3		31	-0.47158697	-1.2276255	0.17789757	0.42003632	1.0	1628	tags=29%, list=9%, signal=32%	
REGULATION OF NITRIC OXIDE BIOSYNTHETIC PROCESS%GOBP%GO:0045428	REGULATION OF NITRIC OXIDE BIOSYNTHETIC PROCESS%GOBP%GO:0045428		29	-0.4805867	-1.2275913	0.19041279	0.41987574	1.0	1144	tags=17%, list=7%, signal=18%	
REGULATION OF PYRUVATE METABOLISM%REACTOME DATABASE ID RELEASE 93%9861718	REGULATION OF PYRUVATE METABOLISM%REACTOME DATABASE ID RELEASE 93%9861718		30	-0.4734404	-1.2274519	0.18121693	0.4199556	1.0	4104	tags=43%, list=24%, signal=57%	
REGULATION OF TP53 EXPRESSION AND DEGRADATION%REACTOME DATABASE ID RELEASE 93%6806003	REGULATION OF TP53 EXPRESSION AND DEGRADATION%REACTOME DATABASE ID RELEASE 93%6806003		37	-0.46151814	-1.2271638	0.18983957	0.42040902	1.0	3294	tags=38%, list=19%, signal=47%	
GROWTH FACTORS AND HORMONES IN BETA CELL PROLIFERATION%WIKIPATHWAYS_20250810%WP5385%HOMO SAPIENS	GROWTH FACTORS AND HORMONES IN BETA CELL PROLIFERATION%WIKIPATHWAYS_20250810%WP5385%HOMO SAPIENS		17	-0.5319495	-1.2268933	0.20749666	0.4208413	1.0	1802	tags=29%, list=10%, signal=33%	
REGULATION OF EXTENT OF CELL GROWTH%GOBP%GO:0061387	REGULATION OF EXTENT OF CELL GROWTH%GOBP%GO:0061387		44	-0.4460135	-1.2268655	0.17521903	0.42068145	1.0	5130	tags=55%, list=29%, signal=77%	
REGULATION OF TELOMERE MAINTENANCE VIA TELOMERE LENGTHENING%GOBP%GO:1904356	REGULATION OF TELOMERE MAINTENANCE VIA TELOMERE LENGTHENING%GOBP%GO:1904356		47	-0.44323456	-1.2260411	0.16730523	0.42229083	1.0	6041	tags=51%, list=35%, signal=78%	
COENZYME A METABOLIC PROCESS%GOBP%GO:0015936	COENZYME A METABOLIC PROCESS%GOBP%GO:0015936		15	-0.54561496	-1.2258279	0.21489972	0.42254293	1.0	4739	tags=47%, list=27%, signal=64%	
DNA BIOSYNTHETIC PROCESS%GOBP%GO:0071897	DNA BIOSYNTHETIC PROCESS%GOBP%GO:0071897		58	-0.4265786	-1.2257519	0.16239317	0.4224891	1.0	5484	tags=45%, list=31%, signal=65%	
REGULATION OF MITOTIC SPINDLE CHECKPOINT%GOBP%GO:1903504	REGULATION OF MITOTIC SPINDLE CHECKPOINT%GOBP%GO:1903504		21	-0.50937736	-1.2255675	0.19863014	0.42271835	1.0	5332	tags=57%, list=31%, signal=82%	
ENDOPLASMIC RETICULUM ORGANIZATION%GOBP%GO:0007029	ENDOPLASMIC RETICULUM ORGANIZATION%GOBP%GO:0007029		74	-0.4108233	-1.2253863	0.13706794	0.4229065	1.0	4114	tags=30%, list=24%, signal=39%	
VALIDATED TRANSCRIPTIONAL TARGETS OF AP1 FAMILY MEMBERS FRA1 AND FRA2%PATHWAY INTERACTION DATABASE NCI-NATURE CURATED DATA%VALIDATED TRANSCRIPTIONAL TARGETS OF AP1 FAMILY MEMBERS FRA1 AND FRA2	VALIDATED TRANSCRIPTIONAL TARGETS OF AP1 FAMILY MEMBERS FRA1 AND FRA2%PATHWAY INTERACTION DATABASE NCI-NATURE CURATED DATA%VALIDATED TRANSCRIPTIONAL TARGETS OF AP1 FAMILY MEMBERS FRA1 AND FRA2		25	-0.49711573	-1.2249538	0.1834239	0.42366576	1.0	3694	tags=36%, list=21%, signal=46%	
LISTERIA MONOCYTOGENES ENTRY INTO HOST CELLS%REACTOME DATABASE ID RELEASE 93%8876384	LISTERIA MONOCYTOGENES ENTRY INTO HOST CELLS%REACTOME DATABASE ID RELEASE 93%8876384		19	-0.5222248	-1.2248343	0.20980926	0.4236991	1.0	4954	tags=58%, list=28%, signal=81%	
TOLL LIKE RECEPTOR 5 (TLR5) CASCADE%REACTOME DATABASE ID RELEASE 93%168176	TOLL LIKE RECEPTOR 5 (TLR5) CASCADE%REACTOME DATABASE ID RELEASE 93%168176		88	-0.40644094	-1.2246891	0.14705883	0.42380437	1.0	4104	tags=39%, list=24%, signal=50%	
POSITIVE REGULATION OF NF-KAPPAB TRANSCRIPTION FACTOR ACTIVITY%GOBP%GO:0051092	POSITIVE REGULATION OF NF-KAPPAB TRANSCRIPTION FACTOR ACTIVITY%GOBP%GO:0051092		54	-0.43284512	-1.2246693	0.15375	0.42360273	1.0	5291	tags=48%, list=30%, signal=69%	
POSITIVE REGULATION OF GLUCOSE METABOLIC PROCESS%GOBP%GO:0010907	POSITIVE REGULATION OF GLUCOSE METABOLIC PROCESS%GOBP%GO:0010907		28	-0.48067623	-1.2245313	0.2055703	0.42368907	1.0	5900	tags=57%, list=34%, signal=86%	
10Q22Q23 COPY NUMBER VARIATION%WIKIPATHWAYS_20250810%WP5402%HOMO SAPIENS	10Q22Q23 COPY NUMBER VARIATION%WIKIPATHWAYS_20250810%WP5402%HOMO SAPIENS		36	-0.45900035	-1.2244574	0.18158568	0.42362767	1.0	3251	tags=31%, list=19%, signal=37%	
NEUROTRANSMITTER TRANSPORT%GOBP%GO:0006836	NEUROTRANSMITTER TRANSPORT%GOBP%GO:0006836		80	-0.40985006	-1.2243968	0.15204678	0.42352432	1.0	2708	tags=30%, list=16%, signal=35%	
GENE AND PROTEIN EXPRESSION BY JAK-STAT SIGNALING AFTER INTERLEUKIN-12 STIMULATION%REACTOME DATABASE ID RELEASE 93%8950505	GENE AND PROTEIN EXPRESSION BY JAK-STAT SIGNALING AFTER INTERLEUKIN-12 STIMULATION%REACTOME DATABASE ID RELEASE 93%8950505		32	-0.47366384	-1.223991	0.17639257	0.4242126	1.0	5291	tags=47%, list=30%, signal=67%	
REGULATION OF REACTIVE OXYGEN SPECIES BIOSYNTHETIC PROCESS%GOBP%GO:1903426	REGULATION OF REACTIVE OXYGEN SPECIES BIOSYNTHETIC PROCESS%GOBP%GO:1903426		23	-0.49186778	-1.2237763	0.18607764	0.42449284	1.0	1167	tags=17%, list=7%, signal=19%	
TRANSPORT OF THE SLBP DEPENDANT MATURE MRNA%REACTOME DATABASE ID RELEASE 93%159230	TRANSPORT OF THE SLBP DEPENDANT MATURE MRNA%REACTOME DATABASE ID RELEASE 93%159230		32	-0.46824068	-1.2236024	0.19235836	0.42465812	1.0	7200	tags=66%, list=41%, signal=111%	
IGF1R SIGNALING CASCADE%REACTOME%R-HSA-2428924.4	IGF1R SIGNALING CASCADE%REACTOME%R-HSA-2428924.4		24	-0.49046007	-1.2234646	0.19733334	0.42477247	1.0	1374	tags=21%, list=8%, signal=23%	
TETRAPYRROLE BIOSYNTHETIC PROCESS%GOBP%GO:0033014	TETRAPYRROLE BIOSYNTHETIC PROCESS%GOBP%GO:0033014		21	-0.5026637	-1.2233377	0.20350404	0.42483664	1.0	5578	tags=48%, list=32%, signal=70%	
ENDOPLASMIC RETICULUM STRESS RESPONSE IN CORONAVIRUS INFECTION%WIKIPATHWAYS_20250810%WP4861%HOMO SAPIENS	ENDOPLASMIC RETICULUM STRESS RESPONSE IN CORONAVIRUS INFECTION%WIKIPATHWAYS_20250810%WP4861%HOMO SAPIENS		34	-0.47049424	-1.223144	0.19240838	0.4250503	1.0	4417	tags=44%, list=25%, signal=59%	
REGULATION OF BICELLULAR TIGHT JUNCTION ASSEMBLY%GOBP%GO:2000810	REGULATION OF BICELLULAR TIGHT JUNCTION ASSEMBLY%GOBP%GO:2000810		16	-0.53277016	-1.2230428	0.20056497	0.42505166	1.0	3060	tags=38%, list=18%, signal=45%	
IRS-MEDIATED SIGNALLING%REACTOME DATABASE ID RELEASE 93%112399	IRS-MEDIATED SIGNALLING%REACTOME DATABASE ID RELEASE 93%112399		22	-0.5062815	-1.2229834	0.19015957	0.42493773	1.0	1374	tags=23%, list=8%, signal=25%	
APC C:CDH1 MEDIATED DEGRADATION OF CDC20 AND OTHER APC C:CDH1 TARGETED PROTEINS IN LATE MITOSIS EARLY G1%REACTOME DATABASE ID RELEASE 93%174178	APC C:CDH1 MEDIATED DEGRADATION OF CDC20 AND OTHER APC C:CDH1 TARGETED PROTEINS IN LATE MITOSIS EARLY G1%REACTOME DATABASE ID RELEASE 93%174178		60	-0.42697027	-1.2228742	0.14489311	0.42494145	1.0	5355	tags=42%, list=31%, signal=60%	
ACTIN FILAMENT-BASED MOVEMENT%GOBP%GO:0030048	ACTIN FILAMENT-BASED MOVEMENT%GOBP%GO:0030048		74	-0.41260773	-1.2225926	0.14285715	0.4253853	1.0	2174	tags=34%, list=12%, signal=38%	
RETINOID METABOLIC PROCESS%GOBP%GO:0001523	RETINOID METABOLIC PROCESS%GOBP%GO:0001523		38	-0.4613252	-1.2225277	0.1758665	0.42531517	1.0	1319	tags=21%, list=8%, signal=23%	
C-TYPE LECTIN RECEPTORS (CLRS)%REACTOME DATABASE ID RELEASE 93%5621481	C-TYPE LECTIN RECEPTORS (CLRS)%REACTOME DATABASE ID RELEASE 93%5621481		94	-0.39588305	-1.2225089	0.1383721	0.42512	1.0	2497	tags=23%, list=14%, signal=27%	
PID_INSULIN_PATHWAY%MSIGDB_C2%PID_INSULIN_PATHWAY	PID_INSULIN_PATHWAY%MSIGDB_C2%PID_INSULIN_PATHWAY		35	-0.46585092	-1.2222397	0.18041237	0.42549992	1.0	5098	tags=54%, list=29%, signal=77%	
POSITIVE REGULATION OF D-GLUCOSE TRANSMEMBRANE TRANSPORT%GOBP%GO:0010828	POSITIVE REGULATION OF D-GLUCOSE TRANSMEMBRANE TRANSPORT%GOBP%GO:0010828		24	-0.4951317	-1.2222291	0.18292683	0.4252821	1.0	439	tags=13%, list=3%, signal=13%	
SARS-COV-2 ACTIVATES MODULATES INNATE AND ADAPTIVE IMMUNE RESPONSES%REACTOME%R-HSA-9705671.3	SARS-COV-2 ACTIVATES MODULATES INNATE AND ADAPTIVE IMMUNE RESPONSES%REACTOME%R-HSA-9705671.3		86	-0.4073441	-1.2222188	0.16489989	0.42506278	1.0	2998	tags=24%, list=17%, signal=29%	
SUMOYLATION OF TRANSCRIPTION COFACTORS%REACTOME DATABASE ID RELEASE 93%3899300	SUMOYLATION OF TRANSCRIPTION COFACTORS%REACTOME DATABASE ID RELEASE 93%3899300		41	-0.45101407	-1.2221197	0.16342412	0.42506215	1.0	2861	tags=24%, list=16%, signal=29%	
NOTCH2 ACTIVATION AND TRANSMISSION OF SIGNAL TO THE NUCLEUS%REACTOME DATABASE ID RELEASE 93%2979096	NOTCH2 ACTIVATION AND TRANSMISSION OF SIGNAL TO THE NUCLEUS%REACTOME DATABASE ID RELEASE 93%2979096		22	-0.49453968	-1.2216282	0.20460704	0.42595202	1.0	4104	tags=41%, list=24%, signal=53%	
REV-MEDIATED NUCLEAR EXPORT OF HIV RNA%REACTOME%R-HSA-165054.4	REV-MEDIATED NUCLEAR EXPORT OF HIV RNA%REACTOME%R-HSA-165054.4		31	-0.46700552	-1.2215863	0.19656992	0.42580086	1.0	7561	tags=68%, list=43%, signal=119%	
ANTIVIRAL AND ANTI INFLAMMATORY EFFECTS OF NRF2 ON SARS COV 2 PATHWAY%WIKIPATHWAYS_20250810%WP5113%HOMO SAPIENS	ANTIVIRAL AND ANTI INFLAMMATORY EFFECTS OF NRF2 ON SARS COV 2 PATHWAY%WIKIPATHWAYS_20250810%WP5113%HOMO SAPIENS		19	-0.51784384	-1.2214669	0.21685083	0.425847	1.0	3966	tags=47%, list=23%, signal=61%	
MAPK CASCADE%GOBP%GO:0000165	MAPK CASCADE%GOBP%GO:0000165		99	-0.39989308	-1.2212528	0.116060965	0.42609167	1.0	3089	tags=35%, list=18%, signal=43%	
REGULATION OF CYTOSOLIC CALCIUM ION CONCENTRATION%GOBP%GO:0051480	REGULATION OF CYTOSOLIC CALCIUM ION CONCENTRATION%GOBP%GO:0051480		27	-0.4877216	-1.2211682	0.19687092	0.4260408	1.0	512	tags=19%, list=3%, signal=19%	
RESPONSE TO ESTROGEN%GOBP%GO:0043627	RESPONSE TO ESTROGEN%GOBP%GO:0043627		25	-0.49328336	-1.2210526	0.184	0.42605245	1.0	2992	tags=28%, list=17%, signal=34%	
FANCONI ANEMIA%WIKIPATHWAYS_20250810%WP5465%HOMO SAPIENS	FANCONI ANEMIA%WIKIPATHWAYS_20250810%WP5465%HOMO SAPIENS		39	-0.4570319	-1.2210504	0.18457648	0.425816	1.0	4484	tags=41%, list=26%, signal=55%	
CYCLIC NUCLEOTIDE METABOLIC PROCESS%GOBP%GO:0009187	CYCLIC NUCLEOTIDE METABOLIC PROCESS%GOBP%GO:0009187		17	-0.5357462	-1.2210029	0.20114942	0.42568994	1.0	3998	tags=59%, list=23%, signal=76%	
DEGRADATION OF CRY AND PER PROTEINS%REACTOME DATABASE ID RELEASE 93%9932298	DEGRADATION OF CRY AND PER PROTEINS%REACTOME DATABASE ID RELEASE 93%9932298		47	-0.43818873	-1.2206022	0.16344917	0.4263916	1.0	6156	tags=51%, list=35%, signal=79%	
SYNTHESIS OF PIPS AT THE EARLY ENDOSOME MEMBRANE%REACTOME DATABASE ID RELEASE 93%1660516	SYNTHESIS OF PIPS AT THE EARLY ENDOSOME MEMBRANE%REACTOME DATABASE ID RELEASE 93%1660516		16	-0.5313727	-1.2204225	0.19832402	0.4265895	1.0	5865	tags=50%, list=34%, signal=75%	
PYRIMIDINE NUCLEOTIDE CATABOLIC PROCESS%GOBP%GO:0006244	PYRIMIDINE NUCLEOTIDE CATABOLIC PROCESS%GOBP%GO:0006244		18	-0.5303072	-1.2203913	0.21103448	0.42641762	1.0	5974	tags=67%, list=34%, signal=101%	
REGULATION OF JNK CASCADE%GOBP%GO:0046328	REGULATION OF JNK CASCADE%GOBP%GO:0046328		99	-0.39951566	-1.2198958	0.13805105	0.42737758	1.0	3089	tags=29%, list=18%, signal=35%	
SIGNALING BY ERBB2 IN CANCER%REACTOME%R-HSA-1227990.6	SIGNALING BY ERBB2 IN CANCER%REACTOME%R-HSA-1227990.6		19	-0.5162676	-1.21972	0.20391062	0.4275664	1.0	2697	tags=37%, list=15%, signal=44%	
BIOCARTA_FAS_PATHWAY%MSIGDB_C2%BIOCARTA_FAS_PATHWAY	BIOCARTA_FAS_PATHWAY%MSIGDB_C2%BIOCARTA_FAS_PATHWAY		21	-0.51031244	-1.2195818	0.20652173	0.42766973	1.0	4301	tags=57%, list=25%, signal=76%	
REGULATION OF VIRAL LIFE CYCLE%GOBP%GO:1903900	REGULATION OF VIRAL LIFE CYCLE%GOBP%GO:1903900		71	-0.41345757	-1.2194961	0.16251482	0.42762575	1.0	4828	tags=38%, list=28%, signal=52%	
MULTIVESICULAR BODY ORGANIZATION%GOBP%GO:0036257	MULTIVESICULAR BODY ORGANIZATION%GOBP%GO:0036257		31	-0.4726133	-1.2192687	0.18774445	0.4279097	1.0	4321	tags=39%, list=25%, signal=51%	
POSITIVE REGULATION OF G1/S TRANSITION OF MITOTIC CELL CYCLE%GOBP%GO:1900087	POSITIVE REGULATION OF G1/S TRANSITION OF MITOTIC CELL CYCLE%GOBP%GO:1900087		30	-0.47503743	-1.2192638	0.20259741	0.42767838	1.0	5615	tags=53%, list=32%, signal=78%	
FATTY ACID CATABOLIC PROCESS%GOBP%GO:0009062	FATTY ACID CATABOLIC PROCESS%GOBP%GO:0009062		69	-0.41414484	-1.219157	0.16545893	0.42770562	1.0	5539	tags=49%, list=32%, signal=72%	
FC EPSILON RECEPTOR (FCERI) SIGNALING%REACTOME%R-HSA-2454202.5	FC EPSILON RECEPTOR (FCERI) SIGNALING%REACTOME%R-HSA-2454202.5		98	-0.4050243	-1.2191324	0.11872146	0.42753318	1.0	4104	tags=33%, list=24%, signal=42%	
NEGATIVE REGULATION OF ACTIN FILAMENT BUNDLE ASSEMBLY%GOBP%GO:0032232	NEGATIVE REGULATION OF ACTIN FILAMENT BUNDLE ASSEMBLY%GOBP%GO:0032232		22	-0.5034265	-1.2190641	0.20341207	0.42744276	1.0	5193	tags=45%, list=30%, signal=65%	
MITOTIC CELL CYCLE CHECKPOINT SIGNALING%GOBP%GO:0007093	MITOTIC CELL CYCLE CHECKPOINT SIGNALING%GOBP%GO:0007093		93	-0.40504247	-1.2186769	0.12298851	0.42813432	1.0	6100	tags=44%, list=35%, signal=67%	
CELL-SUBSTRATE JUNCTION ORGANIZATION%GOBP%GO:0150115	CELL-SUBSTRATE JUNCTION ORGANIZATION%GOBP%GO:0150115		27	-0.48495656	-1.2186396	0.21361816	0.42797527	1.0	2438	tags=37%, list=14%, signal=43%	
EML4 AND NUDC IN MITOTIC SPINDLE FORMATION%REACTOME DATABASE ID RELEASE 93%9648025	EML4 AND NUDC IN MITOTIC SPINDLE FORMATION%REACTOME DATABASE ID RELEASE 93%9648025		91	-0.40331307	-1.2184396	0.13084112	0.42819318	1.0	2780	tags=23%, list=16%, signal=27%	
REGULATION OF BLOOD VESSEL ENDOTHELIAL CELL MIGRATION%GOBP%GO:0043535	REGULATION OF BLOOD VESSEL ENDOTHELIAL CELL MIGRATION%GOBP%GO:0043535		66	-0.4178519	-1.2183503	0.1590106	0.42816362	1.0	2491	tags=32%, list=14%, signal=37%	
TRANSLOCATION OF SLC2A4 (GLUT4) TO THE PLASMA MEMBRANE%REACTOME%R-HSA-1445148.4	TRANSLOCATION OF SLC2A4 (GLUT4) TO THE PLASMA MEMBRANE%REACTOME%R-HSA-1445148.4		49	-0.43520048	-1.2183032	0.16536458	0.4280331	1.0	3652	tags=31%, list=21%, signal=39%	
VLDLR INTERNALISATION AND DEGRADATION%REACTOME%R-HSA-8866427.5	VLDLR INTERNALISATION AND DEGRADATION%REACTOME%R-HSA-8866427.5		16	-0.54342747	-1.2178978	0.22431259	0.42877623	1.0	5145	tags=63%, list=29%, signal=89%	
VASCULAR ENDOTHELIAL CELL RESPONSE TO FLUID SHEAR STRESS%GOBP%GO:0097699	VASCULAR ENDOTHELIAL CELL RESPONSE TO FLUID SHEAR STRESS%GOBP%GO:0097699		23	-0.4997081	-1.2178246	0.19433199	0.4286967	1.0	4101	tags=52%, list=23%, signal=68%	
NEGATIVE REGULATION OF CELL JUNCTION ASSEMBLY%GOBP%GO:1901889	NEGATIVE REGULATION OF CELL JUNCTION ASSEMBLY%GOBP%GO:1901889		24	-0.4950516	-1.2177929	0.20164609	0.42854625	1.0	3253	tags=46%, list=19%, signal=56%	
AMPLIFICATION OF SIGNAL FROM THE KINETOCHORES%REACTOME%R-HSA-141424.4	AMPLIFICATION OF SIGNAL FROM THE KINETOCHORES%REACTOME%R-HSA-141424.4		87	-0.40112334	-1.2176818	0.12252042	0.4285837	1.0	3747	tags=28%, list=21%, signal=35%	
REGULATION OF INSULIN SECRETION INVOLVED IN CELLULAR RESPONSE TO GLUCOSE STIMULUS%GOBP%GO:0061178	REGULATION OF INSULIN SECRETION INVOLVED IN CELLULAR RESPONSE TO GLUCOSE STIMULUS%GOBP%GO:0061178		21	-0.5078269	-1.217668	0.18453188	0.42837396	1.0	2472	tags=29%, list=14%, signal=33%	
TRANSCRIPTIONAL REGULATION BY NPAS4%REACTOME%R-HSA-9634815.4	TRANSCRIPTIONAL REGULATION BY NPAS4%REACTOME%R-HSA-9634815.4		28	-0.48199964	-1.2175114	0.18528253	0.4284928	1.0	3046	tags=32%, list=17%, signal=39%	
NEGATIVE REGULATION OF FATTY ACID METABOLIC PROCESS%GOBP%GO:0045922	NEGATIVE REGULATION OF FATTY ACID METABOLIC PROCESS%GOBP%GO:0045922		21	-0.50981534	-1.217091	0.21861777	0.42926475	1.0	1946	tags=29%, list=11%, signal=32%	
RESPONSE TO DOPAMINE%GOBP%GO:1903350	RESPONSE TO DOPAMINE%GOBP%GO:1903350		20	-0.5112201	-1.217005	0.20759837	0.42921972	1.0	3720	tags=45%, list=21%, signal=57%	
REGULATION OF EXTRINSIC APOPTOTIC SIGNALING PATHWAY VIA DEATH DOMAIN RECEPTORS%GOBP%GO:1902041	REGULATION OF EXTRINSIC APOPTOTIC SIGNALING PATHWAY VIA DEATH DOMAIN RECEPTORS%GOBP%GO:1902041		28	-0.48081493	-1.2169428	0.21024258	0.4291234	1.0	3527	tags=36%, list=20%, signal=45%	
TELOMERE MAINTENANCE%GOBP%GO:0000723	TELOMERE MAINTENANCE%GOBP%GO:0000723		82	-0.4018392	-1.2168322	0.14898689	0.4291359	1.0	5833	tags=46%, list=33%, signal=69%	
CYCLIC PURINE NUCLEOTIDE METABOLIC PROCESS%GOBP%GO:0052652	CYCLIC PURINE NUCLEOTIDE METABOLIC PROCESS%GOBP%GO:0052652		17	-0.5357462	-1.2163603	0.20338982	0.43006253	1.0	3998	tags=59%, list=23%, signal=76%	
RESPONSE TO STEROID HORMONE%GOBP%GO:0048545	RESPONSE TO STEROID HORMONE%GOBP%GO:0048545		83	-0.40516028	-1.2161229	0.1456077	0.4303947	1.0	2215	tags=22%, list=13%, signal=25%	
MULTIVESICULAR BODY ASSEMBLY%GOBP%GO:0036258	MULTIVESICULAR BODY ASSEMBLY%GOBP%GO:0036258		30	-0.47425473	-1.2160563	0.18817204	0.4303223	1.0	4321	tags=40%, list=25%, signal=53%	
RAB GEFS EXCHANGE GTP FOR GDP ON RABS%REACTOME DATABASE ID RELEASE 93%8876198	RAB GEFS EXCHANGE GTP FOR GDP ON RABS%REACTOME DATABASE ID RELEASE 93%8876198		83	-0.40353665	-1.2160293	0.13953489	0.43014508	1.0	4769	tags=36%, list=27%, signal=49%	
CELLULAR RESPONSE TO GLUCOSE STARVATION%GOBP%GO:0042149	CELLULAR RESPONSE TO GLUCOSE STARVATION%GOBP%GO:0042149		41	-0.45305824	-1.2158073	0.17875648	0.4304289	1.0	4673	tags=41%, list=27%, signal=56%	
BIOCARTA_MTOR_PATHWAY%MSIGDB_C2%BIOCARTA_MTOR_PATHWAY	BIOCARTA_MTOR_PATHWAY%MSIGDB_C2%BIOCARTA_MTOR_PATHWAY		17	-0.52931803	-1.2155914	0.2347084	0.43070298	1.0	4701	tags=47%, list=27%, signal=64%	
PALLIUM DEVELOPMENT%GOBP%GO:0021543	PALLIUM DEVELOPMENT%GOBP%GO:0021543		57	-0.42481917	-1.215492	0.16969697	0.43066868	1.0	2263	tags=25%, list=13%, signal=28%	
FORMATION OF PARAXIAL MESODERM%REACTOME%R-HSA-9793380.5	FORMATION OF PARAXIAL MESODERM%REACTOME%R-HSA-9793380.5		53	-0.42765406	-1.2151022	0.1552795	0.43138465	1.0	2634	tags=26%, list=15%, signal=31%	
M-CSF%IOB%M-CSF	M-CSF%IOB%M-CSF		16	-0.5302068	-1.2148621	0.2233883	0.43171397	1.0	4954	tags=50%, list=28%, signal=70%	
MITOTIC RECOMBINATION%GOBP%GO:0006312	MITOTIC RECOMBINATION%GOBP%GO:0006312		18	-0.5188788	-1.2146597	0.21458626	0.43194738	1.0	5651	tags=50%, list=32%, signal=74%	
T CELL RECEPTOR SIGNALING%WIKIPATHWAYS_20250810%WP69%HOMO SAPIENS	T CELL RECEPTOR SIGNALING%WIKIPATHWAYS_20250810%WP69%HOMO SAPIENS		48	-0.4366982	-1.2142713	0.158867	0.43267652	1.0	4954	tags=50%, list=28%, signal=70%	
INTERACTIONS OF REV WITH HOST CELLULAR PROTEINS%REACTOME%R-HSA-177243.4	INTERACTIONS OF REV WITH HOST CELLULAR PROTEINS%REACTOME%R-HSA-177243.4		33	-0.45794523	-1.2142217	0.20533334	0.43255636	1.0	7561	tags=67%, list=43%, signal=117%	
UTERINE NATURAL KILLER CELLS AND PROGESTERONE ESTROGEN AND CHORIONIC GONADOTROPIN%WIKIPATHWAYS_20250810%WP5569%HOMO SAPIENS	UTERINE NATURAL KILLER CELLS AND PROGESTERONE ESTROGEN AND CHORIONIC GONADOTROPIN%WIKIPATHWAYS_20250810%WP5569%HOMO SAPIENS		23	-0.49946874	-1.2136467	0.19433199	0.4337243	1.0	2818	tags=26%, list=16%, signal=31%	
REGULATION OF LAMELLIPODIUM ORGANIZATION%GOBP%GO:1902743	REGULATION OF LAMELLIPODIUM ORGANIZATION%GOBP%GO:1902743		39	-0.44512933	-1.2134196	0.18584071	0.4340031	1.0	4020	tags=31%, list=23%, signal=40%	
DNA DAMAGE CHECKPOINT SIGNALING%GOBP%GO:0000077	DNA DAMAGE CHECKPOINT SIGNALING%GOBP%GO:0000077		76	-0.40840742	-1.2133884	0.17046818	0.43384162	1.0	6522	tags=49%, list=37%, signal=77%	
SIGNALING BY CSF1 (M-CSF) IN MYELOID CELLS%REACTOME%R-HSA-9680350.3	SIGNALING BY CSF1 (M-CSF) IN MYELOID CELLS%REACTOME%R-HSA-9680350.3		27	-0.47465572	-1.2132454	0.20291777	0.43394706	1.0	4954	tags=52%, list=28%, signal=72%	
TOLL LIKE RECEPTOR 10 (TLR10) CASCADE%REACTOME%R-HSA-168142.3	TOLL LIKE RECEPTOR 10 (TLR10) CASCADE%REACTOME%R-HSA-168142.3		88	-0.40644094	-1.2129942	0.1475029	0.43431166	1.0	4104	tags=39%, list=24%, signal=50%	
T CELL RECEPTOR SIGNALING PATHWAY%SMPDB%SMP0066977	T CELL RECEPTOR SIGNALING PATHWAY%SMPDB%SMP0066977		34	-0.46151835	-1.2129681	0.20238096	0.43413898	1.0	3966	tags=50%, list=23%, signal=65%	
CELL DEATH SIGNALLING VIA NRAGE, NRIF AND NADE%REACTOME DATABASE ID RELEASE 93%204998	CELL DEATH SIGNALLING VIA NRAGE, NRIF AND NADE%REACTOME DATABASE ID RELEASE 93%204998		68	-0.41399458	-1.2127097	0.16484849	0.43450806	1.0	4865	tags=46%, list=28%, signal=63%	
NEURON MIGRATION%GOBP%GO:0001764	NEURON MIGRATION%GOBP%GO:0001764		60	-0.41649637	-1.2127061	0.17786069	0.43427682	1.0	1047	tags=18%, list=6%, signal=19%	
MRNA CIS SPLICING, VIA SPLICEOSOME%GOBP%GO:0045292	MRNA CIS SPLICING, VIA SPLICEOSOME%GOBP%GO:0045292		19	-0.51367074	-1.21224	0.18410042	0.43518734	1.0	6003	tags=58%, list=34%, signal=88%	
KLEEFSTRA SYNDROME%WIKIPATHWAYS_20250810%WP5351%HOMO SAPIENS	KLEEFSTRA SYNDROME%WIKIPATHWAYS_20250810%WP5351%HOMO SAPIENS		23	-0.50100946	-1.2119254	0.21662125	0.43571317	1.0	4486	tags=52%, list=26%, signal=70%	
FORMATION OF WDR5-CONTAINING HISTONE-MODIFYING COMPLEXES%REACTOME%R-HSA-9772755.2	FORMATION OF WDR5-CONTAINING HISTONE-MODIFYING COMPLEXES%REACTOME%R-HSA-9772755.2		40	-0.44469744	-1.2116263	0.1836478	0.43621212	1.0	4815	tags=38%, list=28%, signal=52%	
GASTRULATION%GOBP%GO:0007369	GASTRULATION%GOBP%GO:0007369		63	-0.41696617	-1.211191	0.17321867	0.43702298	1.0	2959	tags=17%, list=17%, signal=21%	
FORMATION OF PRIMARY GERM LAYER%GOBP%GO:0001704	FORMATION OF PRIMARY GERM LAYER%GOBP%GO:0001704		54	-0.4278029	-1.2108471	0.17375456	0.43759644	1.0	2959	tags=19%, list=17%, signal=22%	
HEART PROCESS%GOBP%GO:0003015	HEART PROCESS%GOBP%GO:0003015		64	-0.41633916	-1.2102728	0.15542169	0.43869716	1.0	2174	tags=33%, list=12%, signal=37%	
CELL LINEAGE MAP FOR NEURONAL DIFFERENTIATION%WIKIPATHWAYS_20250810%WP5417%HOMO SAPIENS	CELL LINEAGE MAP FOR NEURONAL DIFFERENTIATION%WIKIPATHWAYS_20250810%WP5417%HOMO SAPIENS		81	-0.40497214	-1.2101246	0.15529412	0.4388125	1.0	2391	tags=23%, list=14%, signal=27%	
NEURON RECOGNITION%GOBP%GO:0008038	NEURON RECOGNITION%GOBP%GO:0008038		31	-0.46713498	-1.2097259	0.20211361	0.43954325	1.0	826	tags=23%, list=5%, signal=24%	
TOLL LIKE RECEPTOR 3 (TLR3) CASCADE%REACTOME%R-HSA-168164.6	TOLL LIKE RECEPTOR 3 (TLR3) CASCADE%REACTOME%R-HSA-168164.6		95	-0.3959244	-1.2096734	0.14502925	0.43944073	1.0	4104	tags=36%, list=24%, signal=47%	
CELLULAR RESPONSE TO DOPAMINE%GOBP%GO:1903351	CELLULAR RESPONSE TO DOPAMINE%GOBP%GO:1903351		20	-0.5112201	-1.2093278	0.21156558	0.4400302	1.0	3720	tags=45%, list=21%, signal=57%	
REGULATION OF GLUCONEOGENESIS%GOBP%GO:0006111	REGULATION OF GLUCONEOGENESIS%GOBP%GO:0006111		27	-0.4785353	-1.2091296	0.22473404	0.44027242	1.0	5862	tags=63%, list=34%, signal=95%	
TELOMERE C-STRAND (LAGGING STRAND) SYNTHESIS%REACTOME DATABASE ID RELEASE 93%174417	TELOMERE C-STRAND (LAGGING STRAND) SYNTHESIS%REACTOME DATABASE ID RELEASE 93%174417		32	-0.46562806	-1.2087725	0.20607662	0.4408904	1.0	5833	tags=53%, list=33%, signal=80%	
ROS AND RNS PRODUCTION IN PHAGOCYTES%REACTOME%R-HSA-1222556.11	ROS AND RNS PRODUCTION IN PHAGOCYTES%REACTOME%R-HSA-1222556.11		25	-0.48864618	-1.2087301	0.19623657	0.4407498	1.0	1684	tags=24%, list=10%, signal=27%	
PRIMARY NEURAL TUBE FORMATION%GOBP%GO:0014020	PRIMARY NEURAL TUBE FORMATION%GOBP%GO:0014020		29	-0.4726849	-1.2086875	0.20383038	0.44060564	1.0	3628	tags=41%, list=21%, signal=52%	
REGULATION OF MYOTUBE DIFFERENTIATION%GOBP%GO:0010830	REGULATION OF MYOTUBE DIFFERENTIATION%GOBP%GO:0010830		22	-0.49415135	-1.2086346	0.20770289	0.4404921	1.0	990	tags=18%, list=6%, signal=19%	
REGULATION OF TRANSCRIPTION REGULATORY REGION DNA BINDING%GOBP%GO:2000677	REGULATION OF TRANSCRIPTION REGULATORY REGION DNA BINDING%GOBP%GO:2000677		15	-0.54763573	-1.2084506	0.21954674	0.44071716	1.0	5713	tags=53%, list=33%, signal=79%	
REGULATION OF NEUTROPHIL CHEMOTAXIS%GOBP%GO:0090022	REGULATION OF NEUTROPHIL CHEMOTAXIS%GOBP%GO:0090022		16	-0.5333662	-1.2084057	0.25	0.44058803	1.0	4655	tags=56%, list=27%, signal=77%	
POSITIVE REGULATION OF AMIDE METABOLIC PROCESS%GOBP%GO:0034250	POSITIVE REGULATION OF AMIDE METABOLIC PROCESS%GOBP%GO:0034250		21	-0.50255513	-1.2083019	0.21549296	0.44059414	1.0	1181	tags=24%, list=7%, signal=26%	
RESPONSE TO ACETYLCHOLINE%GOBP%GO:1905144	RESPONSE TO ACETYLCHOLINE%GOBP%GO:1905144		26	-0.48168913	-1.2082815	0.22476447	0.44040284	1.0	5093	tags=62%, list=29%, signal=87%	
STRESS-ACTIVATED MAPK CASCADE%GOBP%GO:0051403	STRESS-ACTIVATED MAPK CASCADE%GOBP%GO:0051403		15	-0.53279567	-1.208158	0.22303207	0.44046527	1.0	2818	tags=33%, list=16%, signal=40%	
TRANSCRIPTION OF E2F TARGETS UNDER NEGATIVE CONTROL BY P107 (RBL1) AND P130 (RBL2) IN COMPLEX WITH HDAC1%REACTOME DATABASE ID RELEASE 93%1362300	TRANSCRIPTION OF E2F TARGETS UNDER NEGATIVE CONTROL BY P107 (RBL1) AND P130 (RBL2) IN COMPLEX WITH HDAC1%REACTOME DATABASE ID RELEASE 93%1362300		16	-0.5287828	-1.2081304	0.2041958	0.44030064	1.0	3752	tags=31%, list=21%, signal=40%	
TELOMERE ORGANIZATION%GOBP%GO:0032200	TELOMERE ORGANIZATION%GOBP%GO:0032200		83	-0.40646708	-1.2080146	0.1536643	0.4403379	1.0	5833	tags=47%, list=33%, signal=70%	
POLYMERASE SWITCHING ON THE C-STRAND OF THE TELOMERE%REACTOME DATABASE ID RELEASE 93%174411	POLYMERASE SWITCHING ON THE C-STRAND OF THE TELOMERE%REACTOME DATABASE ID RELEASE 93%174411		24	-0.4943462	-1.2078348	0.22190611	0.44050938	1.0	5833	tags=54%, list=33%, signal=81%	
MITOTIC SPINDLE ORGANIZATION%GOBP%GO:0007052	MITOTIC SPINDLE ORGANIZATION%GOBP%GO:0007052		84	-0.40425974	-1.2077764	0.14723204	0.4404119	1.0	4569	tags=39%, list=26%, signal=53%	
RHOF GTPASE CYCLE%REACTOME%R-HSA-9035034.5	RHOF GTPASE CYCLE%REACTOME%R-HSA-9035034.5		40	-0.44317383	-1.2074399	0.17408377	0.44097328	1.0	2430	tags=35%, list=14%, signal=41%	
MET IN TYPE 1 PAPILLARY RENAL CELL CARCINOMA%WIKIPATHWAYS_20250810%WP4205%HOMO SAPIENS	MET IN TYPE 1 PAPILLARY RENAL CELL CARCINOMA%WIKIPATHWAYS_20250810%WP4205%HOMO SAPIENS		41	-0.44179326	-1.2074398	0.20300752	0.4407347	1.0	3060	tags=37%, list=18%, signal=44%	
RNA POLYMERASE III TRANSCRIPTION INITIATION FROM TYPE 3 PROMOTER%REACTOME%R-HSA-76071.4	RNA POLYMERASE III TRANSCRIPTION INITIATION FROM TYPE 3 PROMOTER%REACTOME%R-HSA-76071.4		27	-0.4836442	-1.2074262	0.20536913	0.44053024	1.0	5787	tags=56%, list=33%, signal=83%	
N-GLYCAN ANTENNAE ELONGATION IN THE MEDIAL TRANS-GOLGI%REACTOME DATABASE ID RELEASE 93%975576	N-GLYCAN ANTENNAE ELONGATION IN THE MEDIAL TRANS-GOLGI%REACTOME DATABASE ID RELEASE 93%975576		22	-0.48921672	-1.2074229	0.21195652	0.44029748	1.0	3483	tags=50%, list=20%, signal=62%	
MRNA EXPORT FROM NUCLEUS%GOBP%GO:0006406	MRNA EXPORT FROM NUCLEUS%GOBP%GO:0006406		56	-0.42810535	-1.207394	0.1764706	0.44013473	1.0	4976	tags=39%, list=28%, signal=55%	
NEGATIVE REGULATION OF CELL-SUBSTRATE ADHESION%GOBP%GO:0010812	NEGATIVE REGULATION OF CELL-SUBSTRATE ADHESION%GOBP%GO:0010812		42	-0.43994406	-1.207325	0.19316688	0.44005865	1.0	3253	tags=36%, list=19%, signal=44%	
METABOLIC PATHWAYS OF FIBROBLASTS%WIKIPATHWAYS_20250810%WP5312%HOMO SAPIENS	METABOLIC PATHWAYS OF FIBROBLASTS%WIKIPATHWAYS_20250810%WP5312%HOMO SAPIENS		20	-0.5007951	-1.2070309	0.2249657	0.44051328	1.0	2805	tags=30%, list=16%, signal=36%	
REGULATION OF D-GLUCOSE TRANSMEMBRANE TRANSPORT%GOBP%GO:0010827	REGULATION OF D-GLUCOSE TRANSMEMBRANE TRANSPORT%GOBP%GO:0010827		37	-0.451108	-1.2069285	0.19615385	0.44051805	1.0	4883	tags=38%, list=28%, signal=52%	
OXIDATIVE PHOSPHORYLATION%GOBP%GO:0006119	OXIDATIVE PHOSPHORYLATION%GOBP%GO:0006119		82	-0.40281487	-1.206412	0.16549295	0.44153813	1.0	4291	tags=38%, list=25%, signal=50%	
C-MYB TRANSCRIPTION FACTOR NETWORK%PATHWAY INTERACTION DATABASE NCI-NATURE CURATED DATA%C-MYB TRANSCRIPTION FACTOR NETWORK	C-MYB TRANSCRIPTION FACTOR NETWORK%PATHWAY INTERACTION DATABASE NCI-NATURE CURATED DATA%C-MYB TRANSCRIPTION FACTOR NETWORK		63	-0.41958022	-1.2064118	0.17132442	0.4412997	1.0	4167	tags=41%, list=24%, signal=54%	
CELL-SUBSTRATE JUNCTION ASSEMBLY%GOBP%GO:0007044	CELL-SUBSTRATE JUNCTION ASSEMBLY%GOBP%GO:0007044		26	-0.4805783	-1.2061722	0.2037037	0.44166768	1.0	1024	tags=27%, list=6%, signal=29%	
DEGRADATION OF DVL%REACTOME DATABASE ID RELEASE 93%4641258	DEGRADATION OF DVL%REACTOME DATABASE ID RELEASE 93%4641258		42	-0.44048738	-1.2058966	0.19502617	0.44209206	1.0	5355	tags=43%, list=31%, signal=62%	
REGULATION OF INTERLEUKIN-1 BETA PRODUCTION%GOBP%GO:0032651	REGULATION OF INTERLEUKIN-1 BETA PRODUCTION%GOBP%GO:0032651		38	-0.45351648	-1.2057241	0.20976253	0.44227695	1.0	2497	tags=21%, list=14%, signal=25%	
POST-GOLGI VESICLE-MEDIATED TRANSPORT%GOBP%GO:0006892	POST-GOLGI VESICLE-MEDIATED TRANSPORT%GOBP%GO:0006892		91	-0.40307108	-1.2057168	0.1443418	0.44206122	1.0	3635	tags=27%, list=21%, signal=35%	
VITAMIN B12 METABOLISM%WIKIPATHWAYS_20250810%WP1533%HOMO SAPIENS	VITAMIN B12 METABOLISM%WIKIPATHWAYS_20250810%WP1533%HOMO SAPIENS		17	-0.5168058	-1.2056619	0.22799423	0.4419528	1.0	4119	tags=53%, list=24%, signal=69%	
SCF(SKP2)-MEDIATED DEGRADATION OF P27 P21%REACTOME%R-HSA-187577.5	SCF(SKP2)-MEDIATED DEGRADATION OF P27 P21%REACTOME%R-HSA-187577.5		47	-0.43767843	-1.2056543	0.19451371	0.44173107	1.0	6737	tags=53%, list=39%, signal=86%	
FCERI MEDIATED NF-KB ACTIVATION%REACTOME DATABASE ID RELEASE 93%2871837	FCERI MEDIATED NF-KB ACTIVATION%REACTOME DATABASE ID RELEASE 93%2871837		61	-0.4156459	-1.2054054	0.16256158	0.44209984	1.0	6156	tags=52%, list=35%, signal=81%	
LEUKOCYTE INTRINSIC HIPPO PATHWAY FUNCTIONS%WIKIPATHWAYS_20250810%WP4542%HOMO SAPIENS	LEUKOCYTE INTRINSIC HIPPO PATHWAY FUNCTIONS%WIKIPATHWAYS_20250810%WP4542%HOMO SAPIENS		21	-0.4996609	-1.2052443	0.22068965	0.44226947	1.0	3502	tags=29%, list=20%, signal=36%	
PID_REG_GR_PATHWAY%MSIGDB_C2%PID_REG_GR_PATHWAY	PID_REG_GR_PATHWAY%MSIGDB_C2%PID_REG_GR_PATHWAY		45	-0.43298453	-1.2051759	0.20558375	0.44218314	1.0	1354	tags=22%, list=8%, signal=24%	
REGULATION OF ESTABLISHMENT OF CELL POLARITY%GOBP%GO:2000114	REGULATION OF ESTABLISHMENT OF CELL POLARITY%GOBP%GO:2000114		17	-0.53422815	-1.2047316	0.22024624	0.44300494	1.0	6792	tags=71%, list=39%, signal=115%	
MYD88-INDEPENDENT TLR4 CASCADE%REACTOME%R-HSA-166166.4	MYD88-INDEPENDENT TLR4 CASCADE%REACTOME%R-HSA-166166.4		96	-0.39131343	-1.2046286	0.13911061	0.4430291	1.0	4104	tags=35%, list=24%, signal=46%	
OXIDATIVE STRESS INDUCED SENESCENCE%REACTOME DATABASE ID RELEASE 93%2559580	OXIDATIVE STRESS INDUCED SENESCENCE%REACTOME DATABASE ID RELEASE 93%2559580		62	-0.4152192	-1.2044921	0.18514007	0.44312218	1.0	4104	tags=32%, list=24%, signal=42%	
ESTABLISHMENT OF MITOTIC SPINDLE LOCALIZATION%GOBP%GO:0040001	ESTABLISHMENT OF MITOTIC SPINDLE LOCALIZATION%GOBP%GO:0040001		33	-0.46174332	-1.2041447	0.22207446	0.44370878	1.0	4185	tags=39%, list=24%, signal=52%	
REGULATION OF G PROTEIN-COUPLED RECEPTOR SIGNALING PATHWAY%GOBP%GO:0008277	REGULATION OF G PROTEIN-COUPLED RECEPTOR SIGNALING PATHWAY%GOBP%GO:0008277		95	-0.3969675	-1.204106	0.14729574	0.44355345	1.0	3758	tags=39%, list=22%, signal=49%	
PORPHYRIN-CONTAINING COMPOUND BIOSYNTHETIC PROCESS%GOBP%GO:0006779	PORPHYRIN-CONTAINING COMPOUND BIOSYNTHETIC PROCESS%GOBP%GO:0006779		21	-0.5026637	-1.2040108	0.23412699	0.44355357	1.0	5578	tags=48%, list=32%, signal=70%	
B-WICH COMPLEX POSITIVELY REGULATES RRNA EXPRESSION%REACTOME DATABASE ID RELEASE 93%5250924	B-WICH COMPLEX POSITIVELY REGULATES RRNA EXPRESSION%REACTOME DATABASE ID RELEASE 93%5250924		26	-0.48393354	-1.2039223	0.21265142	0.4435308	1.0	2981	tags=31%, list=17%, signal=37%	
VIRAL MESSENGER RNA SYNTHESIS%REACTOME%R-HSA-168325.6	VIRAL MESSENGER RNA SYNTHESIS%REACTOME%R-HSA-168325.6		39	-0.450086	-1.2039105	0.19305019	0.44332165	1.0	7200	tags=59%, list=41%, signal=100%	
PEPTIDYL-CYSTEINE MODIFICATION%GOBP%GO:0018198	PEPTIDYL-CYSTEINE MODIFICATION%GOBP%GO:0018198		17	-0.53642195	-1.2033232	0.2291372	0.44453356	1.0	3226	tags=47%, list=18%, signal=58%	
TRANSCRIPTION BY RNA POLYMERASE III%GOBP%GO:0006383	TRANSCRIPTION BY RNA POLYMERASE III%GOBP%GO:0006383		32	-0.4630605	-1.2032611	0.19262294	0.44443253	1.0	5159	tags=50%, list=30%, signal=71%	
GOLGI TO VACUOLE TRANSPORT%GOBP%GO:0006896	GOLGI TO VACUOLE TRANSPORT%GOBP%GO:0006896		16	-0.5245559	-1.2027322	0.23748212	0.4454472	1.0	1790	tags=19%, list=10%, signal=21%	
PID_CERAMIDE_PATHWAY%MSIGDB_C2%PID_CERAMIDE_PATHWAY	PID_CERAMIDE_PATHWAY%MSIGDB_C2%PID_CERAMIDE_PATHWAY		33	-0.46195847	-1.2027168	0.18396847	0.44525248	1.0	5366	tags=58%, list=31%, signal=83%	
NEGATIVE REGULATION OF PROTEIN LOCALIZATION TO PLASMA MEMBRANE%GOBP%GO:1903077	NEGATIVE REGULATION OF PROTEIN LOCALIZATION TO PLASMA MEMBRANE%GOBP%GO:1903077		25	-0.48483956	-1.2027105	0.22721088	0.44503048	1.0	4133	tags=40%, list=24%, signal=52%	
P53-DEPENDENT G1 DNA DAMAGE RESPONSE%REACTOME%R-HSA-69563.6	P53-DEPENDENT G1 DNA DAMAGE RESPONSE%REACTOME%R-HSA-69563.6		51	-0.42745075	-1.202704	0.19490446	0.4448075	1.0	5667	tags=39%, list=32%, signal=58%	
CELLULAR RESPONSE TO REACTIVE OXYGEN SPECIES%GOBP%GO:0034614	CELLULAR RESPONSE TO REACTIVE OXYGEN SPECIES%GOBP%GO:0034614		70	-0.41135445	-1.2025343	0.18248175	0.44496104	1.0	1514	tags=20%, list=9%, signal=22%	
REGULATION OF ANTIGEN RECEPTOR-MEDIATED SIGNALING PATHWAY%GOBP%GO:0050854	REGULATION OF ANTIGEN RECEPTOR-MEDIATED SIGNALING PATHWAY%GOBP%GO:0050854		33	-0.46185693	-1.2024894	0.1984536	0.4448346	1.0	4954	tags=45%, list=28%, signal=63%	
POSITIVE REGULATION OF TRANSPORTER ACTIVITY%GOBP%GO:0032411	POSITIVE REGULATION OF TRANSPORTER ACTIVITY%GOBP%GO:0032411		25	-0.47766528	-1.2024843	0.22797203	0.4446121	1.0	3907	tags=36%, list=22%, signal=46%	
CDC42 SIGNALING EVENTS%PATHWAY INTERACTION DATABASE NCI-NATURE CURATED DATA%CDC42 SIGNALING EVENTS	CDC42 SIGNALING EVENTS%PATHWAY INTERACTION DATABASE NCI-NATURE CURATED DATA%CDC42 SIGNALING EVENTS		66	-0.4167264	-1.2023407	0.16851169	0.44471857	1.0	4062	tags=38%, list=23%, signal=49%	
AMPLIFICATION OF SIGNAL FROM UNATTACHED KINETOCHORES VIA A MAD2 INHIBITORY SIGNAL%REACTOME%R-HSA-141444.4	AMPLIFICATION OF SIGNAL FROM UNATTACHED KINETOCHORES VIA A MAD2 INHIBITORY SIGNAL%REACTOME%R-HSA-141444.4		87	-0.40112334	-1.2022477	0.15971394	0.44470662	1.0	3747	tags=28%, list=21%, signal=35%	
OPIOID SIGNALLING%REACTOME%R-HSA-111885.4	OPIOID SIGNALLING%REACTOME%R-HSA-111885.4		75	-0.4087009	-1.2018195	0.16808769	0.4454986	1.0	4214	tags=36%, list=24%, signal=47%	
REGULATION OF VASCULAR ENDOTHELIAL GROWTH FACTOR RECEPTOR SIGNALING PATHWAY%GOBP%GO:0030947	REGULATION OF VASCULAR ENDOTHELIAL GROWTH FACTOR RECEPTOR SIGNALING PATHWAY%GOBP%GO:0030947		21	-0.49782118	-1.2017542	0.2244898	0.4454025	1.0	2748	tags=33%, list=16%, signal=40%	
RESPONSE TO CATECHOLAMINE%GOBP%GO:0071869	RESPONSE TO CATECHOLAMINE%GOBP%GO:0071869		22	-0.5052787	-1.2013332	0.21598879	0.44617566	1.0	3720	tags=41%, list=21%, signal=52%	
NOTCH%IOB%NOTCH	NOTCH%IOB%NOTCH		52	-0.42958724	-1.2011604	0.17524509	0.44633272	1.0	2818	tags=23%, list=16%, signal=27%	
ENERGY RESERVE METABOLIC PROCESS%GOBP%GO:0006112	ENERGY RESERVE METABOLIC PROCESS%GOBP%GO:0006112		34	-0.45741424	-1.2009	0.21282052	0.44672358	1.0	3890	tags=32%, list=22%, signal=42%	
NEGATIVE REGULATION OF TRANSMEMBRANE TRANSPORT%GOBP%GO:0034763	NEGATIVE REGULATION OF TRANSMEMBRANE TRANSPORT%GOBP%GO:0034763		58	-0.414859	-1.2005931	0.19586375	0.4472306	1.0	5520	tags=41%, list=32%, signal=60%	
PURINE-CONTAINING COMPOUND TRANSMEMBRANE TRANSPORT%GOBP%GO:0072530	PURINE-CONTAINING COMPOUND TRANSMEMBRANE TRANSPORT%GOBP%GO:0072530		20	-0.5096253	-1.2005616	0.22341858	0.44707412	1.0	4544	tags=50%, list=26%, signal=68%	
POSITIVE REGULATION OF FILOPODIUM ASSEMBLY%GOBP%GO:0051491	POSITIVE REGULATION OF FILOPODIUM ASSEMBLY%GOBP%GO:0051491		21	-0.49954373	-1.2005364	0.24114442	0.4468913	1.0	689	tags=24%, list=4%, signal=25%	
CELLULAR RESPONSE TO ACETYLCHOLINE%GOBP%GO:1905145	CELLULAR RESPONSE TO ACETYLCHOLINE%GOBP%GO:1905145		26	-0.48168913	-1.2004642	0.21673526	0.44681904	1.0	5093	tags=62%, list=29%, signal=87%	
BIOCARTA_TCR_PATHWAY%MSIGDB_C2%BIOCARTA_TCR_PATHWAY	BIOCARTA_TCR_PATHWAY%MSIGDB_C2%BIOCARTA_TCR_PATHWAY		28	-0.47084197	-1.2004367	0.22267759	0.44665843	1.0	3060	tags=43%, list=18%, signal=52%	
METABOLIC COMPOUND SALVAGE%GOBP%GO:0043094	METABOLIC COMPOUND SALVAGE%GOBP%GO:0043094		22	-0.4992784	-1.200431	0.22860962	0.4464387	1.0	6399	tags=64%, list=37%, signal=100%	
NEGATIVE REGULATION OF TELOMERE MAINTENANCE VIA TELOMERE LENGTHENING%GOBP%GO:1904357	NEGATIVE REGULATION OF TELOMERE MAINTENANCE VIA TELOMERE LENGTHENING%GOBP%GO:1904357		23	-0.49507025	-1.2004253	0.2291372	0.44622266	1.0	5833	tags=61%, list=33%, signal=91%	
NAD BIOSYNTHETIC PATHWAYS%WIKIPATHWAYS_20250810%WP3645%HOMO SAPIENS	NAD BIOSYNTHETIC PATHWAYS%WIKIPATHWAYS_20250810%WP3645%HOMO SAPIENS		17	-0.52434415	-1.2003382	0.23305085	0.44619846	1.0	5564	tags=53%, list=32%, signal=78%	
PROTEASOME ASSEMBLY%REACTOME DATABASE ID RELEASE 93%9907900	PROTEASOME ASSEMBLY%REACTOME DATABASE ID RELEASE 93%9907900		46	-0.436462	-1.200254	0.1830808	0.44614694	1.0	6156	tags=46%, list=35%, signal=70%	
BASE-EXCISION REPAIR%GOBP%GO:0006284	BASE-EXCISION REPAIR%GOBP%GO:0006284		40	-0.44716087	-1.2001517	0.17746115	0.44616115	1.0	4864	tags=43%, list=28%, signal=59%	
ZBP1(DAI) MEDIATED INDUCTION OF TYPE I IFNS%REACTOME DATABASE ID RELEASE 93%1606322	ZBP1(DAI) MEDIATED INDUCTION OF TYPE I IFNS%REACTOME DATABASE ID RELEASE 93%1606322		17	-0.52106184	-1.1998719	0.23150685	0.44661778	1.0	2083	tags=41%, list=12%, signal=47%	
NUCLEOPHAGY%GOBP%GO:0044804	NUCLEOPHAGY%GOBP%GO:0044804		23	-0.49115807	-1.1998324	0.21262003	0.44647384	1.0	6167	tags=52%, list=35%, signal=81%	
POLY(A)+ MRNA EXPORT FROM NUCLEUS%GOBP%GO:0016973	POLY(A)+ MRNA EXPORT FROM NUCLEUS%GOBP%GO:0016973		18	-0.51236117	-1.1996675	0.23988843	0.44663635	1.0	6986	tags=67%, list=40%, signal=111%	
IFN-GAMMA%IOB%IFN-GAMMA	IFN-GAMMA%IOB%IFN-GAMMA		18	-0.50812936	-1.1996222	0.2141844	0.44652292	1.0	2818	tags=33%, list=16%, signal=40%	
TAIL-ANCHORED MEMBRANE PROTEIN INSERTION INTO ER MEMBRANE%GOBP%GO:0071816	TAIL-ANCHORED MEMBRANE PROTEIN INSERTION INTO ER MEMBRANE%GOBP%GO:0071816		15	-0.53310233	-1.1993524	0.23255815	0.44690692	1.0	6147	tags=67%, list=35%, signal=103%	
RECEPTOR METABOLIC PROCESS%GOBP%GO:0043112	RECEPTOR METABOLIC PROCESS%GOBP%GO:0043112		31	-0.4579995	-1.1992403	0.20026702	0.44695812	1.0	4400	tags=42%, list=25%, signal=56%	
NEURAL TUBE FORMATION%GOBP%GO:0001841	NEURAL TUBE FORMATION%GOBP%GO:0001841		30	-0.46550465	-1.1990075	0.2111399	0.44726902	1.0	3628	tags=40%, list=21%, signal=50%	
MAINTENANCE OF LOCATION IN CELL%GOBP%GO:0051651	MAINTENANCE OF LOCATION IN CELL%GOBP%GO:0051651		55	-0.41711277	-1.1986963	0.19029374	0.4477718	1.0	3635	tags=29%, list=21%, signal=37%	
AUTODEGRADATION OF THE E3 UBIQUITIN LIGASE COP1%REACTOME%R-HSA-349425.4	AUTODEGRADATION OF THE E3 UBIQUITIN LIGASE COP1%REACTOME%R-HSA-349425.4		37	-0.44877562	-1.1984415	0.22106633	0.4481395	1.0	5355	tags=43%, list=31%, signal=62%	
IL1 SIGNALING%WIKIPATHWAYS_20250810%WP195%HOMO SAPIENS	IL1 SIGNALING%WIKIPATHWAYS_20250810%WP195%HOMO SAPIENS		40	-0.43978795	-1.1984107	0.21509434	0.44797835	1.0	1988	tags=28%, list=11%, signal=31%	
NEGATIVE REGULATION OF EXTRINSIC APOPTOTIC SIGNALING PATHWAY VIA DEATH DOMAIN RECEPTORS%GOBP%GO:1902042	NEGATIVE REGULATION OF EXTRINSIC APOPTOTIC SIGNALING PATHWAY VIA DEATH DOMAIN RECEPTORS%GOBP%GO:1902042		19	-0.49969557	-1.1980598	0.23744912	0.44858488	1.0	3527	tags=42%, list=20%, signal=53%	
ACTIVATION OF NF-KAPPAB IN B CELLS%REACTOME%R-HSA-1169091.2	ACTIVATION OF NF-KAPPAB IN B CELLS%REACTOME%R-HSA-1169091.2		52	-0.4261907	-1.1980575	0.18773006	0.44835415	1.0	5641	tags=46%, list=32%, signal=68%	
ENERGY METABOLISM%WIKIPATHWAYS_20250810%WP1541%HOMO SAPIENS	ENERGY METABOLISM%WIKIPATHWAYS_20250810%WP1541%HOMO SAPIENS		37	-0.45052925	-1.1979606	0.19638243	0.44834167	1.0	3787	tags=32%, list=22%, signal=41%	
PID_ATF2_PATHWAY%MSIGDB_C2%PID_ATF2_PATHWAY	PID_ATF2_PATHWAY%MSIGDB_C2%PID_ATF2_PATHWAY		42	-0.43855205	-1.1975126	0.1931385	0.4492148	1.0	1007	tags=19%, list=6%, signal=20%	
REGULATION OF VASCULAR ASSOCIATED SMOOTH MUSCLE CELL PROLIFERATION%GOBP%GO:1904705	REGULATION OF VASCULAR ASSOCIATED SMOOTH MUSCLE CELL PROLIFERATION%GOBP%GO:1904705		31	-0.46275258	-1.1974865	0.21698113	0.4490372	1.0	2384	tags=35%, list=14%, signal=41%	
RESPONSE TO IONIZING RADIATION%GOBP%GO:0010212	RESPONSE TO IONIZING RADIATION%GOBP%GO:0010212		80	-0.39986727	-1.1974733	0.18062201	0.44883376	1.0	3943	tags=30%, list=23%, signal=39%	
PAUSING AND RECOVERY OF HIV ELONGATION%REACTOME%R-HSA-167290.4	PAUSING AND RECOVERY OF HIV ELONGATION%REACTOME%R-HSA-167290.4		28	-0.46969366	-1.197192	0.22397892	0.4492587	1.0	3830	tags=32%, list=22%, signal=41%	
PID_TCPTP_PATHWAY%MSIGDB_C2%PID_TCPTP_PATHWAY	PID_TCPTP_PATHWAY%MSIGDB_C2%PID_TCPTP_PATHWAY		30	-0.4619188	-1.1971829	0.2254642	0.44904017	1.0	3687	tags=30%, list=21%, signal=38%	
INTRA-GOLGI TRAFFIC%REACTOME DATABASE ID RELEASE 93%6811438	INTRA-GOLGI TRAFFIC%REACTOME DATABASE ID RELEASE 93%6811438		41	-0.44261745	-1.196871	0.22347066	0.4495428	1.0	3796	tags=32%, list=22%, signal=40%	
BIOCARTA_BAD_PATHWAY%MSIGDB_C2%BIOCARTA_BAD_PATHWAY	BIOCARTA_BAD_PATHWAY%MSIGDB_C2%BIOCARTA_BAD_PATHWAY		15	-0.53508306	-1.196867	0.23586208	0.44931877	1.0	4353	tags=40%, list=25%, signal=53%	
BIOCARTA_FCER1_PATHWAY%MSIGDB_C2%BIOCARTA_FCER1_PATHWAY	BIOCARTA_FCER1_PATHWAY%MSIGDB_C2%BIOCARTA_FCER1_PATHWAY		25	-0.48395145	-1.1967169	0.22520107	0.44944713	1.0	2818	tags=36%, list=16%, signal=43%	
ENDOPLASMIC RETICULUM CALCIUM ION HOMEOSTASIS%GOBP%GO:0032469	ENDOPLASMIC RETICULUM CALCIUM ION HOMEOSTASIS%GOBP%GO:0032469		20	-0.50376976	-1.196631	0.22638889	0.44941664	1.0	3051	tags=30%, list=17%, signal=36%	
BIOCARTA_NTHI_PATHWAY%MSIGDB_C2%BIOCARTA_NTHI_PATHWAY	BIOCARTA_NTHI_PATHWAY%MSIGDB_C2%BIOCARTA_NTHI_PATHWAY		17	-0.51006514	-1.1965203	0.26422763	0.44943896	1.0	1076	tags=24%, list=6%, signal=25%	
PROTEIN SECRETION%GOBP%GO:0009306	PROTEIN SECRETION%GOBP%GO:0009306		49	-0.42337728	-1.1962311	0.20423412	0.4498738	1.0	4214	tags=41%, list=24%, signal=54%	
BIOCARTA_IGF1_PATHWAY%MSIGDB_C2%BIOCARTA_IGF1_PATHWAY	BIOCARTA_IGF1_PATHWAY%MSIGDB_C2%BIOCARTA_IGF1_PATHWAY		17	-0.5221206	-1.1959577	0.24554184	0.45026737	1.0	4883	tags=59%, list=28%, signal=82%	
REGULATED EXOCYTOSIS%GOBP%GO:0045055	REGULATED EXOCYTOSIS%GOBP%GO:0045055		79	-0.40082496	-1.1958584	0.16859123	0.4502866	1.0	2759	tags=28%, list=16%, signal=33%	
NOTCH%NETPATH%NOTCH	NOTCH%NETPATH%NOTCH		45	-0.43035683	-1.1954772	0.20052083	0.45097536	1.0	2222	tags=20%, list=13%, signal=23%	
AMINOGLYCAN METABOLIC PROCESS%GOBP%GO:0006022	AMINOGLYCAN METABOLIC PROCESS%GOBP%GO:0006022		37	-0.45195064	-1.1954429	0.23027167	0.45082167	1.0	4020	tags=32%, list=23%, signal=42%	
PROTEIN TETRAMERIZATION%GOBP%GO:0051262	PROTEIN TETRAMERIZATION%GOBP%GO:0051262		66	-0.40602022	-1.1953377	0.1791411	0.4508386	1.0	2504	tags=21%, list=14%, signal=25%	
AGE RELATED MACULAR DEGENERATION%WIKIPATHWAYS_20250810%WP5526%HOMO SAPIENS	AGE RELATED MACULAR DEGENERATION%WIKIPATHWAYS_20250810%WP5526%HOMO SAPIENS		15	-0.5281151	-1.1952718	0.23252496	0.45076743	1.0	4701	tags=53%, list=27%, signal=73%	
POSITIVE REGULATION OF COLD-INDUCED THERMOGENESIS%GOBP%GO:0120162	POSITIVE REGULATION OF COLD-INDUCED THERMOGENESIS%GOBP%GO:0120162		69	-0.4080873	-1.1947844	0.18224852	0.4516688	1.0	3943	tags=28%, list=23%, signal=35%	
GLUTAMINE FAMILY AMINO ACID METABOLIC PROCESS%GOBP%GO:0009064	GLUTAMINE FAMILY AMINO ACID METABOLIC PROCESS%GOBP%GO:0009064		37	-0.44255754	-1.1945392	0.21611254	0.45201248	1.0	2805	tags=32%, list=16%, signal=39%	
BASE EXCISION REPAIR%REACTOME%R-HSA-73884.4	BASE EXCISION REPAIR%REACTOME%R-HSA-73884.4		42	-0.43369538	-1.1944859	0.19974227	0.45189938	1.0	4295	tags=40%, list=25%, signal=54%	
E-CADHERIN SIGNALING IN KERATINOCYTES%PATHWAY INTERACTION DATABASE NCI-NATURE CURATED DATA%E-CADHERIN SIGNALING IN KERATINOCYTES	E-CADHERIN SIGNALING IN KERATINOCYTES%PATHWAY INTERACTION DATABASE NCI-NATURE CURATED DATA%E-CADHERIN SIGNALING IN KERATINOCYTES		20	-0.5028645	-1.1944023	0.23481782	0.4518493	1.0	5733	tags=60%, list=33%, signal=89%	
SENESCENCE ASSOCIATED SECRETORY PHENOTYPE SASP %WIKIPATHWAYS_20250810%WP3391%HOMO SAPIENS	SENESCENCE ASSOCIATED SECRETORY PHENOTYPE SASP %WIKIPATHWAYS_20250810%WP3391%HOMO SAPIENS		44	-0.44361567	-1.1942734	0.20466322	0.4519124	1.0	4894	tags=39%, list=28%, signal=54%	
DOWNREGULATION OF ERBB2 SIGNALING%REACTOME%R-HSA-8863795.3	DOWNREGULATION OF ERBB2 SIGNALING%REACTOME%R-HSA-8863795.3		24	-0.4869339	-1.1939412	0.22888283	0.45247686	1.0	4825	tags=58%, list=28%, signal=80%	
INTRACELLULAR STEROL TRANSPORT%GOBP%GO:0032366	INTRACELLULAR STEROL TRANSPORT%GOBP%GO:0032366		20	-0.50322473	-1.1937475	0.24617524	0.45268676	1.0	3198	tags=50%, list=18%, signal=61%	
G1 S DNA DAMAGE CHECKPOINTS%REACTOME DATABASE ID RELEASE 93%69615	G1 S DNA DAMAGE CHECKPOINTS%REACTOME DATABASE ID RELEASE 93%69615		58	-0.41927004	-1.1936437	0.2039801	0.4526757	1.0	5667	tags=40%, list=32%, signal=59%	
INTEGRATED STRESS RESPONSE SIGNALING%GOBP%GO:0140467	INTEGRATED STRESS RESPONSE SIGNALING%GOBP%GO:0140467		28	-0.47905225	-1.1935935	0.22413793	0.45255893	1.0	3741	tags=32%, list=21%, signal=41%	
PROSTAGLANDIN AND LEUKOTRIENE METABOLISM IN SENESCENCE %WIKIPATHWAYS_20250810%WP5122%HOMO SAPIENS	PROSTAGLANDIN AND LEUKOTRIENE METABOLISM IN SENESCENCE %WIKIPATHWAYS_20250810%WP5122%HOMO SAPIENS		16	-0.51368433	-1.1934736	0.23702665	0.4526018	1.0	1802	tags=31%, list=10%, signal=35%	
APOPTOTIC CELL CLEARANCE%GOBP%GO:0043277	APOPTOTIC CELL CLEARANCE%GOBP%GO:0043277		16	-0.5183158	-1.1933377	0.25068492	0.45268935	1.0	230	tags=13%, list=1%, signal=13%	
1P36 COPY NUMBER VARIATION SYNDROME%WIKIPATHWAYS_20250810%WP5345%HOMO SAPIENS	1P36 COPY NUMBER VARIATION SYNDROME%WIKIPATHWAYS_20250810%WP5345%HOMO SAPIENS		66	-0.408317	-1.1930785	0.19976218	0.45304158	1.0	4049	tags=47%, list=23%, signal=61%	
FOLATE METABOLISM%WIKIPATHWAYS_20250810%WP176%HOMO SAPIENS	FOLATE METABOLISM%WIKIPATHWAYS_20250810%WP176%HOMO SAPIENS		25	-0.4748746	-1.1926981	0.24734043	0.4537132	1.0	4119	tags=56%, list=24%, signal=73%	
LIPID MODIFICATION%GOBP%GO:0030258	LIPID MODIFICATION%GOBP%GO:0030258		94	-0.39329067	-1.1925755	0.16705337	0.4537856	1.0	4770	tags=41%, list=27%, signal=57%	
POSITIVE REGULATION OF CATION TRANSMEMBRANE TRANSPORT%GOBP%GO:1904064	POSITIVE REGULATION OF CATION TRANSMEMBRANE TRANSPORT%GOBP%GO:1904064		62	-0.4116193	-1.192565	0.1952381	0.45357168	1.0	2893	tags=24%, list=17%, signal=29%	
P53-DEPENDENT G1 S DNA DAMAGE CHECKPOINT%REACTOME DATABASE ID RELEASE 93%69580	P53-DEPENDENT G1 S DNA DAMAGE CHECKPOINT%REACTOME DATABASE ID RELEASE 93%69580		51	-0.42745075	-1.1922246	0.2026538	0.4541485	1.0	5667	tags=39%, list=32%, signal=58%	
LAGGING STRAND SYNTHESIS%REACTOME%R-HSA-69186.4	LAGGING STRAND SYNTHESIS%REACTOME%R-HSA-69186.4		20	-0.5001375	-1.1922108	0.23809524	0.45394942	1.0	4979	tags=45%, list=29%, signal=63%	
PHASE I - FUNCTIONALIZATION OF COMPOUNDS%REACTOME%R-HSA-211945.8	PHASE I - FUNCTIONALIZATION OF COMPOUNDS%REACTOME%R-HSA-211945.8		49	-0.4254462	-1.19221	0.20516129	0.45371804	1.0	3787	tags=37%, list=22%, signal=47%	
11P11 2 COPY NUMBER VARIATION SYNDROME %WIKIPATHWAYS_20250810%WP5348%HOMO SAPIENS	11P11 2 COPY NUMBER VARIATION SYNDROME %WIKIPATHWAYS_20250810%WP5348%HOMO SAPIENS		39	-0.4446321	-1.1920009	0.18661518	0.45398274	1.0	3647	tags=33%, list=21%, signal=42%	
NEUROPEPTIDE SIGNALING PATHWAY%GOBP%GO:0007218	NEUROPEPTIDE SIGNALING PATHWAY%GOBP%GO:0007218		37	-0.45048127	-1.1919802	0.21794872	0.45380062	1.0	2440	tags=27%, list=14%, signal=31%	
LDL CLEARANCE%REACTOME%R-HSA-8964038.5	LDL CLEARANCE%REACTOME%R-HSA-8964038.5		18	-0.51558226	-1.1919372	0.24091521	0.453667	1.0	3186	tags=39%, list=18%, signal=48%	
MICROAUTOPHAGY%GOBP%GO:0016237	MICROAUTOPHAGY%GOBP%GO:0016237		21	-0.5027455	-1.1917852	0.23989218	0.45379883	1.0	4289	tags=38%, list=25%, signal=50%	
ATF-2 TRANSCRIPTION FACTOR NETWORK%PATHWAY INTERACTION DATABASE NCI-NATURE CURATED DATA%ATF-2 TRANSCRIPTION FACTOR NETWORK	ATF-2 TRANSCRIPTION FACTOR NETWORK%PATHWAY INTERACTION DATABASE NCI-NATURE CURATED DATA%ATF-2 TRANSCRIPTION FACTOR NETWORK		46	-0.43364164	-1.1913424	0.2050633	0.4545983	1.0	1007	tags=17%, list=6%, signal=18%	
NEGATIVE REGULATION OF DNA REPAIR%GOBP%GO:0045738	NEGATIVE REGULATION OF DNA REPAIR%GOBP%GO:0045738		29	-0.46045202	-1.1913254	0.20933333	0.4544026	1.0	6228	tags=59%, list=36%, signal=91%	
NEGATIVE REGULATION OF DOUBLE-STRAND BREAK REPAIR%GOBP%GO:2000780	NEGATIVE REGULATION OF DOUBLE-STRAND BREAK REPAIR%GOBP%GO:2000780		27	-0.4710383	-1.1909916	0.2204301	0.4550113	1.0	6228	tags=63%, list=36%, signal=98%	
REGULATION OF LEUKOCYTE ADHESION TO VASCULAR ENDOTHELIAL CELL%GOBP%GO:1904994	REGULATION OF LEUKOCYTE ADHESION TO VASCULAR ENDOTHELIAL CELL%GOBP%GO:1904994		18	-0.51284736	-1.1905789	0.24581006	0.45570695	1.0	2092	tags=33%, list=12%, signal=38%	
EXTRINSIC APOPTOTIC SIGNALING PATHWAY%GOBP%GO:0097191	EXTRINSIC APOPTOTIC SIGNALING PATHWAY%GOBP%GO:0097191		53	-0.41972098	-1.1905786	0.20603015	0.45547462	1.0	2705	tags=26%, list=15%, signal=31%	
POSITIVE REGULATION OF JNK CASCADE%GOBP%GO:0046330	POSITIVE REGULATION OF JNK CASCADE%GOBP%GO:0046330		62	-0.41354647	-1.1903281	0.204005	0.4558109	1.0	3304	tags=34%, list=19%, signal=42%	
REGULATION OF D-GLUCOSE IMPORT%GOBP%GO:0046324	REGULATION OF D-GLUCOSE IMPORT%GOBP%GO:0046324		26	-0.47096908	-1.1901798	0.22752044	0.45592418	1.0	3203	tags=27%, list=18%, signal=33%	
CELLULAR RESPONSE TO AMYLOID-BETA%GOBP%GO:1904646	CELLULAR RESPONSE TO AMYLOID-BETA%GOBP%GO:1904646		24	-0.48020828	-1.1891775	0.22354497	0.45810854	1.0	3439	tags=29%, list=20%, signal=36%	
VITAMIN B5 (PANTOTHENATE) METABOLISM%REACTOME%R-HSA-199220.5	VITAMIN B5 (PANTOTHENATE) METABOLISM%REACTOME%R-HSA-199220.5		16	-0.5225434	-1.1891383	0.241033	0.45796466	1.0	5411	tags=50%, list=31%, signal=72%	
TISSUE MIGRATION%GOBP%GO:0090130	TISSUE MIGRATION%GOBP%GO:0090130		21	-0.5006423	-1.1891311	0.22837839	0.4577494	1.0	4604	tags=43%, list=26%, signal=58%	
CELLULAR RESPONSE TO VIRUS%GOBP%GO:0098586	CELLULAR RESPONSE TO VIRUS%GOBP%GO:0098586		31	-0.4569993	-1.1891271	0.22133334	0.45752108	1.0	6787	tags=68%, list=39%, signal=111%	
P53 PATHWAY FEEDBACK LOOPS 2%PANTHER PATHWAY%P04398	P53 PATHWAY FEEDBACK LOOPS 2%PANTHER PATHWAY%P04398		35	-0.45018652	-1.1890073	0.2225131	0.4575706	1.0	2759	tags=26%, list=16%, signal=30%	
RESPONSE TO INTERLEUKIN-6%GOBP%GO:0070741	RESPONSE TO INTERLEUKIN-6%GOBP%GO:0070741		19	-0.51480377	-1.1888802	0.22982216	0.45763052	1.0	3966	tags=32%, list=23%, signal=41%	
PID_INTEGRIN1_PATHWAY%MSIGDB_C2%PID_INTEGRIN1_PATHWAY	PID_INTEGRIN1_PATHWAY%MSIGDB_C2%PID_INTEGRIN1_PATHWAY		40	-0.44343242	-1.1888088	0.20915033	0.45757294	1.0	1672	tags=18%, list=10%, signal=19%	
PRIMARY ALCOHOL METABOLIC PROCESS%GOBP%GO:0034308	PRIMARY ALCOHOL METABOLIC PROCESS%GOBP%GO:0034308		34	-0.44644237	-1.1887715	0.22438392	0.45743486	1.0	1306	tags=18%, list=7%, signal=19%	
CORTICAL ACTIN CYTOSKELETON ORGANIZATION%GOBP%GO:0030866	CORTICAL ACTIN CYTOSKELETON ORGANIZATION%GOBP%GO:0030866		23	-0.4830486	-1.1886481	0.24200279	0.45751566	1.0	5278	tags=65%, list=30%, signal=93%	
REGULATION OF RAC1 ACTIVITY%PATHWAY INTERACTION DATABASE NCI-NATURE CURATED DATA%REGULATION OF RAC1 ACTIVITY	REGULATION OF RAC1 ACTIVITY%PATHWAY INTERACTION DATABASE NCI-NATURE CURATED DATA%REGULATION OF RAC1 ACTIVITY		35	-0.4529879	-1.1885827	0.21576227	0.45744184	1.0	3798	tags=40%, list=22%, signal=51%	
RESPONSE TO TOPOLOGICALLY INCORRECT PROTEIN%GOBP%GO:0035966	RESPONSE TO TOPOLOGICALLY INCORRECT PROTEIN%GOBP%GO:0035966		99	-0.3928462	-1.1885086	0.15545243	0.4573904	1.0	3290	tags=24%, list=19%, signal=30%	
PID_FRA_PATHWAY%MSIGDB_C2%PID_FRA_PATHWAY	PID_FRA_PATHWAY%MSIGDB_C2%PID_FRA_PATHWAY		22	-0.48952475	-1.1884538	0.22809458	0.45729527	1.0	3694	tags=36%, list=21%, signal=46%	
DEFECTIVE TPR MAY CONFER SUSCEPTIBILITY TOWARDS THYROID PAPILLARY CARCINOMA (TPC)%REACTOME DATABASE ID RELEASE 93%5619107	DEFECTIVE TPR MAY CONFER SUSCEPTIBILITY TOWARDS THYROID PAPILLARY CARCINOMA (TPC)%REACTOME DATABASE ID RELEASE 93%5619107		27	-0.46728212	-1.1882885	0.2537723	0.45746768	1.0	7200	tags=63%, list=41%, signal=107%	
SELENIUM METABOLISM AND SELENOPROTEINS%WIKIPATHWAYS_20250810%WP28%HOMO SAPIENS	SELENIUM METABOLISM AND SELENOPROTEINS%WIKIPATHWAYS_20250810%WP28%HOMO SAPIENS		23	-0.47512782	-1.188133	0.25529101	0.4575797	1.0	3966	tags=39%, list=23%, signal=51%	
POSITIVE REGULATION OF APOPTOTIC SIGNALING PATHWAY%GOBP%GO:2001235	POSITIVE REGULATION OF APOPTOTIC SIGNALING PATHWAY%GOBP%GO:2001235		60	-0.41005793	-1.1878217	0.17661388	0.45806953	1.0	1758	tags=20%, list=10%, signal=22%	
AMINOGLYCAN CATABOLIC PROCESS%GOBP%GO:0006026	AMINOGLYCAN CATABOLIC PROCESS%GOBP%GO:0006026		15	-0.53728485	-1.1877881	0.26086956	0.4579115	1.0	4020	tags=40%, list=23%, signal=52%	
SUBSTANTIA NIGRA DEVELOPMENT%GOBP%GO:0021762	SUBSTANTIA NIGRA DEVELOPMENT%GOBP%GO:0021762		37	-0.44450653	-1.1877257	0.21482413	0.45782787	1.0	3670	tags=41%, list=21%, signal=51%	
NEGATIVE REGULATION OF PROTEIN KINASE ACTIVITY%GOBP%GO:0006469	NEGATIVE REGULATION OF PROTEIN KINASE ACTIVITY%GOBP%GO:0006469		54	-0.41686824	-1.1874571	0.21305418	0.4582291	1.0	5291	tags=52%, list=30%, signal=74%	
PID_PRL_SIGNALING_EVENTS_PATHWAY%MSIGDB_C2%PID_PRL_SIGNALING_EVENTS_PATHWAY	PID_PRL_SIGNALING_EVENTS_PATHWAY%MSIGDB_C2%PID_PRL_SIGNALING_EVENTS_PATHWAY		19	-0.49207863	-1.1872238	0.26129943	0.45855293	1.0	4703	tags=37%, list=27%, signal=50%	
SODIUM ION TRANSMEMBRANE TRANSPORT%GOBP%GO:0035725	SODIUM ION TRANSMEMBRANE TRANSPORT%GOBP%GO:0035725		63	-0.41167644	-1.1872004	0.19591346	0.4583802	1.0	2174	tags=24%, list=12%, signal=27%	
ACTIVATED TAK1 MEDIATES P38 MAPK ACTIVATION%REACTOME DATABASE ID RELEASE 93%450302	ACTIVATED TAK1 MEDIATES P38 MAPK ACTIVATION%REACTOME DATABASE ID RELEASE 93%450302		18	-0.5043796	-1.1871698	0.23586208	0.45821303	1.0	1665	tags=22%, list=10%, signal=25%	
NEGATIVE REGULATION OF LEUKOCYTE PROLIFERATION%GOBP%GO:0070664	NEGATIVE REGULATION OF LEUKOCYTE PROLIFERATION%GOBP%GO:0070664		30	-0.45784628	-1.1871651	0.22222222	0.4579898	1.0	4171	tags=37%, list=24%, signal=48%	
POSITIVE REGULATION OF AUTOPHAGOSOME ASSEMBLY%GOBP%GO:2000786	POSITIVE REGULATION OF AUTOPHAGOSOME ASSEMBLY%GOBP%GO:2000786		18	-0.50856614	-1.1868986	0.2581967	0.45841306	1.0	5368	tags=50%, list=31%, signal=72%	
REGULATION OF GLUCOKINASE BY GLUCOKINASE REGULATORY PROTEIN%REACTOME%R-HSA-170822.5	REGULATION OF GLUCOKINASE BY GLUCOKINASE REGULATORY PROTEIN%REACTOME%R-HSA-170822.5		27	-0.46728212	-1.1868691	0.228	0.45825204	1.0	7200	tags=63%, list=41%, signal=107%	
REGULATION OF T CELL PROLIFERATION%GOBP%GO:0042129	REGULATION OF T CELL PROLIFERATION%GOBP%GO:0042129		58	-0.41131705	-1.1868007	0.19485295	0.45817053	1.0	3386	tags=28%, list=19%, signal=34%	
REGULATION OF VACUOLE ORGANIZATION%GOBP%GO:0044088	REGULATION OF VACUOLE ORGANIZATION%GOBP%GO:0044088		50	-0.42522773	-1.1867522	0.21331689	0.45805183	1.0	4009	tags=32%, list=23%, signal=41%	
GOLGI TO ENDOSOME TRANSPORT%GOBP%GO:0006895	GOLGI TO ENDOSOME TRANSPORT%GOBP%GO:0006895		15	-0.53639007	-1.1866617	0.24819624	0.4580338	1.0	3610	tags=27%, list=21%, signal=34%	
CERAMIDE METABOLIC PROCESS%GOBP%GO:0006672	CERAMIDE METABOLIC PROCESS%GOBP%GO:0006672		66	-0.40194663	-1.1864797	0.20166074	0.4582172	1.0	5459	tags=44%, list=31%, signal=64%	
BACTERIAL INFECTION PATHWAYS%REACTOME%R-HSA-9824439.2	BACTERIAL INFECTION PATHWAYS%REACTOME%R-HSA-9824439.2		61	-0.41029137	-1.1863823	0.21367522	0.4582076	1.0	5040	tags=52%, list=29%, signal=73%	
PID_IL8_CXCR2_PATHWAY%MSIGDB_C2%PID_IL8_CXCR2_PATHWAY	PID_IL8_CXCR2_PATHWAY%MSIGDB_C2%PID_IL8_CXCR2_PATHWAY		19	-0.5060683	-1.1859215	0.23965763	0.4590787	1.0	4954	tags=53%, list=28%, signal=73%	
COPI-INDEPENDENT GOLGI-TO-ER RETROGRADE TRAFFIC%REACTOME DATABASE ID RELEASE 93%6811436	COPI-INDEPENDENT GOLGI-TO-ER RETROGRADE TRAFFIC%REACTOME DATABASE ID RELEASE 93%6811436		33	-0.45396507	-1.1858829	0.22572179	0.45894063	1.0	5334	tags=48%, list=31%, signal=70%	
REGULATION OF MITOCHONDRIAL MEMBRANE POTENTIAL%GOBP%GO:0051881	REGULATION OF MITOCHONDRIAL MEMBRANE POTENTIAL%GOBP%GO:0051881		34	-0.45623565	-1.185646	0.22636485	0.45927283	1.0	5297	tags=44%, list=30%, signal=63%	
TRANSPORT OF THE SLBP INDEPENDENT MATURE MRNA%REACTOME DATABASE ID RELEASE 93%159227	TRANSPORT OF THE SLBP INDEPENDENT MATURE MRNA%REACTOME DATABASE ID RELEASE 93%159227		31	-0.46071663	-1.1854523	0.22222222	0.45949265	1.0	7200	tags=65%, list=41%, signal=110%	
REGULATION OF LYMPHOCYTE PROLIFERATION%GOBP%GO:0050670	REGULATION OF LYMPHOCYTE PROLIFERATION%GOBP%GO:0050670		74	-0.39354944	-1.1851714	0.20584795	0.45993394	1.0	3386	tags=26%, list=19%, signal=32%	
REGULATION OF SODIUM ION TRANSPORT%GOBP%GO:0002028	REGULATION OF SODIUM ION TRANSPORT%GOBP%GO:0002028		49	-0.42487648	-1.1851147	0.20764332	0.45982832	1.0	2055	tags=29%, list=12%, signal=32%	
FERROPTOSIS%WIKIPATHWAYS_20250810%WP4313%HOMO SAPIENS	FERROPTOSIS%WIKIPATHWAYS_20250810%WP4313%HOMO SAPIENS		43	-0.44440952	-1.1849964	0.20049813	0.45988575	1.0	3894	tags=33%, list=22%, signal=42%	
REGULATION OF SPINDLE ORGANIZATION%GOBP%GO:0090224	REGULATION OF SPINDLE ORGANIZATION%GOBP%GO:0090224		40	-0.4419247	-1.184819	0.21979435	0.46007088	1.0	6297	tags=65%, list=36%, signal=101%	
REGULATION OF TELOMERE MAINTENANCE%GOBP%GO:0032204	REGULATION OF TELOMERE MAINTENANCE%GOBP%GO:0032204		99	-0.38976994	-1.1846942	0.16914286	0.4601459	1.0	6041	tags=45%, list=35%, signal=69%	
INTERCONVERSION OF NUCLEOTIDE DI- AND TRIPHOSPHATES%REACTOME DATABASE ID RELEASE 93%499943	INTERCONVERSION OF NUCLEOTIDE DI- AND TRIPHOSPHATES%REACTOME DATABASE ID RELEASE 93%499943		25	-0.47325888	-1.1845562	0.24409449	0.46023822	1.0	3764	tags=40%, list=22%, signal=51%	
REGULATION OF NUCLEOTIDE-EXCISION REPAIR%GOBP%GO:2000819	REGULATION OF NUCLEOTIDE-EXCISION REPAIR%GOBP%GO:2000819		27	-0.4748506	-1.1843628	0.22944297	0.46048364	1.0	5029	tags=48%, list=29%, signal=68%	
SEMAPHORIN INTERACTIONS%REACTOME%R-HSA-373755.3	SEMAPHORIN INTERACTIONS%REACTOME%R-HSA-373755.3		59	-0.41572428	-1.1843626	0.18079801	0.46025392	1.0	4633	tags=51%, list=27%, signal=69%	
REGULATION OF LEUKOCYTE MEDIATED CYTOTOXICITY%GOBP%GO:0001910	REGULATION OF LEUKOCYTE MEDIATED CYTOTOXICITY%GOBP%GO:0001910		30	-0.46506003	-1.1842327	0.21192053	0.46033344	1.0	3400	tags=27%, list=19%, signal=33%	
COMPLEMENT SYSTEM%WIKIPATHWAYS_20250810%WP2806%HOMO SAPIENS	COMPLEMENT SYSTEM%WIKIPATHWAYS_20250810%WP2806%HOMO SAPIENS		34	-0.45289856	-1.1842297	0.22352941	0.4601126	1.0	3754	tags=32%, list=21%, signal=41%	
NEGATIVE REGULATION OF MRNA CATABOLIC PROCESS%GOBP%GO:1902373	NEGATIVE REGULATION OF MRNA CATABOLIC PROCESS%GOBP%GO:1902373		52	-0.4260528	-1.1842055	0.21215881	0.4599368	1.0	1301	tags=13%, list=7%, signal=15%	
PROTEIN LOCALIZATION TO CHROMOSOME%GOBP%GO:0034502	PROTEIN LOCALIZATION TO CHROMOSOME%GOBP%GO:0034502		64	-0.40944728	-1.1838894	0.2	0.4604198	1.0	3486	tags=27%, list=20%, signal=33%	
TRIF (TICAM1)-MEDIATED TLR4 SIGNALING%REACTOME DATABASE ID RELEASE 93%937061	TRIF (TICAM1)-MEDIATED TLR4 SIGNALING%REACTOME DATABASE ID RELEASE 93%937061		96	-0.39131343	-1.1835021	0.17619604	0.4610956	1.0	4104	tags=35%, list=24%, signal=46%	
HALLMARK_APICAL_SURFACE%MSIGDBHALLMARK%HALLMARK_APICAL_SURFACE	HALLMARK_APICAL_SURFACE%MSIGDBHALLMARK%HALLMARK_APICAL_SURFACE		30	-0.4670675	-1.183459	0.23350923	0.46096367	1.0	1414	tags=17%, list=8%, signal=18%	
POSITIVE REGULATION OF ERYTHROCYTE DIFFERENTIATION%GOBP%GO:0045648	POSITIVE REGULATION OF ERYTHROCYTE DIFFERENTIATION%GOBP%GO:0045648		22	-0.47955468	-1.1833329	0.23356643	0.46102938	1.0	4242	tags=45%, list=24%, signal=60%	
METABOLISM OF NITRIC OXIDE: NOS3 ACTIVATION AND REGULATION%REACTOME DATABASE ID RELEASE 93%202131	METABOLISM OF NITRIC OXIDE: NOS3 ACTIVATION AND REGULATION%REACTOME DATABASE ID RELEASE 93%202131		15	-0.5281037	-1.1832564	0.25282487	0.46098286	1.0	5892	tags=73%, list=34%, signal=111%	
MRNA MODIFICATION%GOBP%GO:0016556	MRNA MODIFICATION%GOBP%GO:0016556		15	-0.53474313	-1.1830629	0.24407253	0.46124372	1.0	5050	tags=53%, list=29%, signal=75%	
PID_ANGIOPOIETIN_RECEPTOR_PATHWAY%MSIGDB_C2%PID_ANGIOPOIETIN_RECEPTOR_PATHWAY	PID_ANGIOPOIETIN_RECEPTOR_PATHWAY%MSIGDB_C2%PID_ANGIOPOIETIN_RECEPTOR_PATHWAY		31	-0.45720336	-1.1830446	0.23544973	0.4610614	1.0	5059	tags=55%, list=29%, signal=77%	
NEGATIVE REGULATION OF DNA BIOSYNTHETIC PROCESS%GOBP%GO:2000279	NEGATIVE REGULATION OF DNA BIOSYNTHETIC PROCESS%GOBP%GO:2000279		20	-0.5038668	-1.18281	0.24313186	0.46139687	1.0	5833	tags=60%, list=33%, signal=90%	
NEGATIVE REGULATION OF PROTEIN LOCALIZATION TO MEMBRANE%GOBP%GO:1905476	NEGATIVE REGULATION OF PROTEIN LOCALIZATION TO MEMBRANE%GOBP%GO:1905476		27	-0.46771356	-1.1827437	0.236	0.4613062	1.0	4133	tags=37%, list=24%, signal=48%	
PID_SYNDECAN_4_PATHWAY%MSIGDB_C2%PID_SYNDECAN_4_PATHWAY	PID_SYNDECAN_4_PATHWAY%MSIGDB_C2%PID_SYNDECAN_4_PATHWAY		18	-0.50689095	-1.182713	0.25373134	0.4611474	1.0	3115	tags=56%, list=18%, signal=68%	
REGULATION OF ACTIVATED PAK-2P34 BY PROTEASOME MEDIATED DEGRADATION%REACTOME%R-HSA-211733.3	REGULATION OF ACTIVATED PAK-2P34 BY PROTEASOME MEDIATED DEGRADATION%REACTOME%R-HSA-211733.3		36	-0.44888997	-1.18244	0.22520107	0.46153563	1.0	5355	tags=44%, list=31%, signal=64%	
HEXOSE TRANSMEMBRANE TRANSPORT%GOBP%GO:0008645	HEXOSE TRANSMEMBRANE TRANSPORT%GOBP%GO:0008645		19	-0.50482833	-1.1823655	0.25287357	0.46148932	1.0	5900	tags=53%, list=34%, signal=79%	
RAF-INDEPENDENT MAPK1 3 ACTIVATION%REACTOME DATABASE ID RELEASE 93%112409	RAF-INDEPENDENT MAPK1 3 ACTIVATION%REACTOME DATABASE ID RELEASE 93%112409		20	-0.50299996	-1.1823522	0.24829468	0.46128651	1.0	2952	tags=35%, list=17%, signal=42%	
VPU MEDIATED DEGRADATION OF CD4%REACTOME%R-HSA-180534.3	VPU MEDIATED DEGRADATION OF CD4%REACTOME%R-HSA-180534.3		37	-0.4427473	-1.1823469	0.22352941	0.46107382	1.0	5355	tags=43%, list=31%, signal=62%	
SIGNALING BY ALK IN CANCER%REACTOME DATABASE ID RELEASE 93%9700206	SIGNALING BY ALK IN CANCER%REACTOME DATABASE ID RELEASE 93%9700206		75	-0.3959391	-1.1822848	0.1911589	0.46098247	1.0	4309	tags=35%, list=25%, signal=46%	
BIOCARTA_HER2_PATHWAY%MSIGDB_C2%BIOCARTA_HER2_PATHWAY	BIOCARTA_HER2_PATHWAY%MSIGDB_C2%BIOCARTA_HER2_PATHWAY		19	-0.496146	-1.1822721	0.24657534	0.46078357	1.0	2818	tags=37%, list=16%, signal=44%	
DEGRADATION OF CDH1%REACTOME DATABASE ID RELEASE 93%9766229	DEGRADATION OF CDH1%REACTOME DATABASE ID RELEASE 93%9766229		49	-0.42417228	-1.1820668	0.19849247	0.46101284	1.0	5355	tags=41%, list=31%, signal=59%	
POSITIVE REGULATION OF MRNA SPLICING, VIA SPLICEOSOME%GOBP%GO:0048026	POSITIVE REGULATION OF MRNA SPLICING, VIA SPLICEOSOME%GOBP%GO:0048026		18	-0.5058812	-1.181846	0.23828648	0.46133986	1.0	4482	tags=39%, list=26%, signal=52%	
NUCLEOTIDE TRANSPORT%GOBP%GO:0006862	NUCLEOTIDE TRANSPORT%GOBP%GO:0006862		31	-0.45871085	-1.1818185	0.20365535	0.4611671	1.0	4692	tags=42%, list=27%, signal=57%	
MEASLES VIRUS INFECTION%WIKIPATHWAYS_20250810%WP4630%HOMO SAPIENS	MEASLES VIRUS INFECTION%WIKIPATHWAYS_20250810%WP4630%HOMO SAPIENS		79	-0.39470837	-1.1817627	0.18909091	0.4610678	1.0	6787	tags=58%, list=39%, signal=95%	
ASPARTATE FAMILY AMINO ACID BIOSYNTHETIC PROCESS%GOBP%GO:0009067	ASPARTATE FAMILY AMINO ACID BIOSYNTHETIC PROCESS%GOBP%GO:0009067		15	-0.5293494	-1.1815042	0.2603306	0.46144482	1.0	4003	tags=33%, list=23%, signal=43%	
PCP CE PATHWAY%REACTOME%R-HSA-4086400.4	PCP CE PATHWAY%REACTOME%R-HSA-4086400.4		74	-0.4014855	-1.1813883	0.20305164	0.4614639	1.0	4142	tags=41%, list=24%, signal=53%	
HIV ELONGATION ARREST AND RECOVERY%REACTOME DATABASE ID RELEASE 93%167287	HIV ELONGATION ARREST AND RECOVERY%REACTOME DATABASE ID RELEASE 93%167287		28	-0.46969366	-1.1812166	0.23719676	0.4616347	1.0	3830	tags=32%, list=22%, signal=41%	
POSITIVE REGULATION OF VACUOLE ORGANIZATION%GOBP%GO:0044090	POSITIVE REGULATION OF VACUOLE ORGANIZATION%GOBP%GO:0044090		22	-0.4954668	-1.1807922	0.24966262	0.46242872	1.0	5368	tags=50%, list=31%, signal=72%	
DNA REPLICATION%WIKIPATHWAYS_20250810%WP466%HOMO SAPIENS	DNA REPLICATION%WIKIPATHWAYS_20250810%WP466%HOMO SAPIENS		33	-0.4476891	-1.1807503	0.24775353	0.4622955	1.0	5798	tags=48%, list=33%, signal=72%	
REGULATION OF VESICLE FUSION%GOBP%GO:0031338	REGULATION OF VESICLE FUSION%GOBP%GO:0031338		25	-0.47389472	-1.1807374	0.24583334	0.46209624	1.0	1585	tags=28%, list=9%, signal=31%	
SPLICEOSOMAL COMPLEX ASSEMBLY%GOBP%GO:0000245	SPLICEOSOMAL COMPLEX ASSEMBLY%GOBP%GO:0000245		69	-0.4029274	-1.1805923	0.20024721	0.4622161	1.0	6307	tags=46%, list=36%, signal=72%	
VEGFR2 MEDIATED VASCULAR PERMEABILITY%REACTOME DATABASE ID RELEASE 93%5218920	VEGFR2 MEDIATED VASCULAR PERMEABILITY%REACTOME DATABASE ID RELEASE 93%5218920		26	-0.47649512	-1.1804814	0.24165554	0.46226013	1.0	4699	tags=50%, list=27%, signal=68%	
SUMOYLATION OF RNA BINDING PROTEINS%REACTOME%R-HSA-4570464.4	SUMOYLATION OF RNA BINDING PROTEINS%REACTOME%R-HSA-4570464.4		42	-0.4286242	-1.180474	0.23047376	0.46205074	1.0	2209	tags=19%, list=13%, signal=22%	
RSV-HOST INTERACTIONS%REACTOME%R-HSA-9833110.2	RSV-HOST INTERACTIONS%REACTOME%R-HSA-9833110.2		67	-0.40524116	-1.1804036	0.20706455	0.46198654	1.0	5198	tags=36%, list=30%, signal=51%	
SNRNA METABOLIC PROCESS%GOBP%GO:0016073	SNRNA METABOLIC PROCESS%GOBP%GO:0016073		49	-0.42349547	-1.18032	0.19829683	0.4619609	1.0	6328	tags=55%, list=36%, signal=86%	
MONOSACCHARIDE TRANSMEMBRANE TRANSPORT%GOBP%GO:0015749	MONOSACCHARIDE TRANSMEMBRANE TRANSPORT%GOBP%GO:0015749		20	-0.49487758	-1.1801915	0.24965517	0.46203002	1.0	5900	tags=50%, list=34%, signal=75%	
THROMBOXANE SIGNALLING THROUGH TP RECEPTOR%REACTOME DATABASE ID RELEASE 93%428930	THROMBOXANE SIGNALLING THROUGH TP RECEPTOR%REACTOME DATABASE ID RELEASE 93%428930		18	-0.507512	-1.1801558	0.24373259	0.46188113	1.0	2570	tags=22%, list=15%, signal=26%	
REGULATION OF MITOTIC SPINDLE ASSEMBLY%GOBP%GO:1901673	REGULATION OF MITOTIC SPINDLE ASSEMBLY%GOBP%GO:1901673		20	-0.501057	-1.1800592	0.25350142	0.46186662	1.0	5799	tags=60%, list=33%, signal=90%	
REGULATION OF WOUND HEALING%GOBP%GO:0061041	REGULATION OF WOUND HEALING%GOBP%GO:0061041		68	-0.398036	-1.1796149	0.18545455	0.462731	1.0	1572	tags=21%, list=9%, signal=23%	
RNA POLYMERASE III TRANSCRIPTION TERMINATION%REACTOME%R-HSA-73980.5	RNA POLYMERASE III TRANSCRIPTION TERMINATION%REACTOME%R-HSA-73980.5		22	-0.4876197	-1.1794927	0.25240055	0.4627943	1.0	5446	tags=45%, list=31%, signal=66%	
REGULATION OF CALCIUM ION-DEPENDENT EXOCYTOSIS%GOBP%GO:0017158	REGULATION OF CALCIUM ION-DEPENDENT EXOCYTOSIS%GOBP%GO:0017158		26	-0.47275797	-1.1793957	0.24663073	0.46279725	1.0	2127	tags=31%, list=12%, signal=35%	
NEGATIVE REGULATION OF PROTEIN LOCALIZATION TO CELL PERIPHERY%GOBP%GO:1904376	NEGATIVE REGULATION OF PROTEIN LOCALIZATION TO CELL PERIPHERY%GOBP%GO:1904376		27	-0.47268283	-1.1793923	0.23045821	0.46257892	1.0	4185	tags=41%, list=24%, signal=53%	
REGULATION OF CYTOPLASMIC AND NUCLEAR SMAD2 3 SIGNALING%PATHWAY INTERACTION DATABASE NCI-NATURE CURATED DATA%REGULATION OF CYTOPLASMIC AND NUCLEAR SMAD2 3 SIGNALING	REGULATION OF CYTOPLASMIC AND NUCLEAR SMAD2 3 SIGNALING%PATHWAY INTERACTION DATABASE NCI-NATURE CURATED DATA%REGULATION OF CYTOPLASMIC AND NUCLEAR SMAD2 3 SIGNALING		18	-0.5086413	-1.1792169	0.25722542	0.46274498	1.0	4155	tags=50%, list=24%, signal=66%	
SIGNAL AMPLIFICATION%REACTOME DATABASE ID RELEASE 93%392518	SIGNAL AMPLIFICATION%REACTOME DATABASE ID RELEASE 93%392518		24	-0.47568813	-1.179123	0.2446524	0.46273234	1.0	2570	tags=21%, list=15%, signal=24%	
REGULATION OF MITOTIC SPINDLE ORGANIZATION%GOBP%GO:0060236	REGULATION OF MITOTIC SPINDLE ORGANIZATION%GOBP%GO:0060236		37	-0.4475324	-1.1790555	0.2357513	0.46266532	1.0	6297	tags=65%, list=36%, signal=101%	
RESOLUTION OF AP SITES VIA THE MULTIPLE-NUCLEOTIDE PATCH REPLACEMENT PATHWAY%REACTOME%R-HSA-110373.4	RESOLUTION OF AP SITES VIA THE MULTIPLE-NUCLEOTIDE PATCH REPLACEMENT PATHWAY%REACTOME%R-HSA-110373.4		24	-0.4790636	-1.1787803	0.24081632	0.46306887	1.0	4979	tags=50%, list=29%, signal=70%	
POSITIVE REGULATION OF LEUKOCYTE MEDIATED IMMUNITY%GOBP%GO:0002705	POSITIVE REGULATION OF LEUKOCYTE MEDIATED IMMUNITY%GOBP%GO:0002705		55	-0.40971035	-1.1787267	0.21365361	0.46297178	1.0	3122	tags=27%, list=18%, signal=33%	
POSITIVE REGULATION OF PROTEIN SERINE/THREONINE KINASE ACTIVITY%GOBP%GO:0071902	POSITIVE REGULATION OF PROTEIN SERINE/THREONINE KINASE ACTIVITY%GOBP%GO:0071902		33	-0.4571882	-1.1786264	0.2387268	0.46297213	1.0	3089	tags=30%, list=18%, signal=37%	
REGULATION OF PROTEIN LOCALIZATION TO NUCLEUS%GOBP%GO:1900180	REGULATION OF PROTEIN LOCALIZATION TO NUCLEUS%GOBP%GO:1900180		92	-0.3909291	-1.1784475	0.19647059	0.46319455	1.0	4302	tags=35%, list=25%, signal=46%	
REGULATION OF DENDRITIC SPINE MORPHOGENESIS%GOBP%GO:0061001	REGULATION OF DENDRITIC SPINE MORPHOGENESIS%GOBP%GO:0061001		29	-0.4600149	-1.1779851	0.2433155	0.46406108	1.0	999	tags=24%, list=6%, signal=26%	
EPO SIGNALING PATHWAY%PATHWAY INTERACTION DATABASE NCI-NATURE CURATED DATA%EPO SIGNALING PATHWAY	EPO SIGNALING PATHWAY%PATHWAY INTERACTION DATABASE NCI-NATURE CURATED DATA%EPO SIGNALING PATHWAY		30	-0.46304932	-1.177489	0.24533333	0.46497372	1.0	5297	tags=50%, list=30%, signal=72%	
PID_PTP1B_PATHWAY%MSIGDB_C2%PID_PTP1B_PATHWAY	PID_PTP1B_PATHWAY%MSIGDB_C2%PID_PTP1B_PATHWAY		29	-0.46674904	-1.1774815	0.24664879	0.46476912	1.0	4741	tags=41%, list=27%, signal=57%	
FORMATION OF THE EARLY ELONGATION COMPLEX%REACTOME%R-HSA-113418.5	FORMATION OF THE EARLY ELONGATION COMPLEX%REACTOME%R-HSA-113418.5		31	-0.44860697	-1.1773088	0.24110672	0.46496055	1.0	4787	tags=35%, list=27%, signal=49%	
NUCLEOTIDE-BINDING DOMAIN, LEUCINE RICH REPEAT CONTAINING RECEPTOR (NLR) SIGNALING PATHWAYS%REACTOME%R-HSA-168643.3	NUCLEOTIDE-BINDING DOMAIN, LEUCINE RICH REPEAT CONTAINING RECEPTOR (NLR) SIGNALING PATHWAYS%REACTOME%R-HSA-168643.3		42	-0.43185833	-1.1770521	0.20330368	0.46531558	1.0	1862	tags=24%, list=11%, signal=27%	
REGULATION OF DNA RECOMBINATION%GOBP%GO:0000018	REGULATION OF DNA RECOMBINATION%GOBP%GO:0000018		87	-0.39056388	-1.1769925	0.18854415	0.46521932	1.0	4907	tags=37%, list=28%, signal=51%	
PROTEIN-LIPID COMPLEX ASSEMBLY%GOBP%GO:0065005	PROTEIN-LIPID COMPLEX ASSEMBLY%GOBP%GO:0065005		17	-0.5026954	-1.1767453	0.25543478	0.4655994	1.0	2564	tags=35%, list=15%, signal=41%	
GLYCOSPHINGOLIPID BIOSYNTHESIS%REACTOME DATABASE ID RELEASE 93%9840309	GLYCOSPHINGOLIPID BIOSYNTHESIS%REACTOME DATABASE ID RELEASE 93%9840309		15	-0.52710915	-1.1767286	0.25354108	0.46541116	1.0	3345	tags=33%, list=19%, signal=41%	
HEART CONTRACTION%GOBP%GO:0060047	HEART CONTRACTION%GOBP%GO:0060047		60	-0.40905333	-1.1767199	0.2199271	0.46520054	1.0	2174	tags=33%, list=12%, signal=38%	
FORMATION OF THE HIV-1 EARLY ELONGATION COMPLEX%REACTOME%R-HSA-167158.4	FORMATION OF THE HIV-1 EARLY ELONGATION COMPLEX%REACTOME%R-HSA-167158.4		31	-0.44860697	-1.1765647	0.23252688	0.46534064	1.0	4787	tags=35%, list=27%, signal=49%	
SIGNALING BY NOTCH1 HD DOMAIN MUTANTS IN CANCER%REACTOME%R-HSA-2691230.3	SIGNALING BY NOTCH1 HD DOMAIN MUTANTS IN CANCER%REACTOME%R-HSA-2691230.3		15	-0.5191124	-1.176545	0.2657856	0.4651671	1.0	5497	tags=67%, list=31%, signal=97%	
LPA RECEPTOR MEDIATED EVENTS%PATHWAY INTERACTION DATABASE NCI-NATURE CURATED DATA%LPA RECEPTOR MEDIATED EVENTS	LPA RECEPTOR MEDIATED EVENTS%PATHWAY INTERACTION DATABASE NCI-NATURE CURATED DATA%LPA RECEPTOR MEDIATED EVENTS		58	-0.4117099	-1.1765194	0.21144278	0.4649966	1.0	4276	tags=47%, list=24%, signal=61%	
REGULATION OF POSTSYNAPSE ORGANIZATION%GOBP%GO:0099175	REGULATION OF POSTSYNAPSE ORGANIZATION%GOBP%GO:0099175		49	-0.4221019	-1.1765187	0.2241594	0.4647715	1.0	2370	tags=27%, list=14%, signal=31%	
CYTOCHROME COMPLEX ASSEMBLY%GOBP%GO:0017004	CYTOCHROME COMPLEX ASSEMBLY%GOBP%GO:0017004		37	-0.438769	-1.1764437	0.24934725	0.46473157	1.0	5946	tags=49%, list=34%, signal=74%	
PID_EPO_PATHWAY%MSIGDB_C2%PID_EPO_PATHWAY	PID_EPO_PATHWAY%MSIGDB_C2%PID_EPO_PATHWAY		25	-0.46914974	-1.1762966	0.26585695	0.46486878	1.0	3966	tags=40%, list=23%, signal=52%	
REGULATION OF MITOCHONDRIAL FISSION%GOBP%GO:0090140	REGULATION OF MITOCHONDRIAL FISSION%GOBP%GO:0090140		23	-0.4736368	-1.1761423	0.24670185	0.46501765	1.0	4234	tags=43%, list=24%, signal=57%	
PID_NEPHRIN_NEPH1_PATHWAY%MSIGDB_C2%PID_NEPHRIN_NEPH1_PATHWAY	PID_NEPHRIN_NEPH1_PATHWAY%MSIGDB_C2%PID_NEPHRIN_NEPH1_PATHWAY		25	-0.47519392	-1.1756924	0.24291497	0.46587452	1.0	3060	tags=36%, list=18%, signal=44%	
TRYPTOPHAN METABOLISM%WIKIPATHWAYS_20250810%WP465%HOMO SAPIENS	TRYPTOPHAN METABOLISM%WIKIPATHWAYS_20250810%WP465%HOMO SAPIENS		17	-0.5134947	-1.1756797	0.27412587	0.46567982	1.0	2364	tags=35%, list=14%, signal=41%	
REGULATION OF SPINDLE CHECKPOINT%GOBP%GO:0090231	REGULATION OF SPINDLE CHECKPOINT%GOBP%GO:0090231		22	-0.4890916	-1.1756644	0.260218	0.46549013	1.0	5332	tags=55%, list=31%, signal=78%	
MITOCHONDRIAL BIOGENESIS%REACTOME%R-HSA-1592230.4	MITOCHONDRIAL BIOGENESIS%REACTOME%R-HSA-1592230.4		70	-0.39376011	-1.1756548	0.21385902	0.46528953	1.0	6550	tags=59%, list=38%, signal=93%	
LYMPHOCYTE ACTIVATION INVOLVED IN IMMUNE RESPONSE%GOBP%GO:0002285	LYMPHOCYTE ACTIVATION INVOLVED IN IMMUNE RESPONSE%GOBP%GO:0002285		50	-0.41880023	-1.1752506	0.21528663	0.46602127	1.0	3535	tags=28%, list=20%, signal=35%	
REGULATION OF SPINDLE ASSEMBLY%GOBP%GO:0090169	REGULATION OF SPINDLE ASSEMBLY%GOBP%GO:0090169		28	-0.4584333	-1.1750724	0.24896266	0.46621615	1.0	6297	tags=64%, list=36%, signal=100%	
MAP KINASE ACTIVATION%REACTOME DATABASE ID RELEASE 93%450294	MAP KINASE ACTIVATION%REACTOME DATABASE ID RELEASE 93%450294		61	-0.40717784	-1.1750407	0.21540312	0.466052	1.0	4825	tags=43%, list=28%, signal=59%	
INTERLEUKIN-1 SIGNALING%REACTOME%R-HSA-9020702.4	INTERLEUKIN-1 SIGNALING%REACTOME%R-HSA-9020702.4		89	-0.38587582	-1.1746459	0.20046893	0.46677187	1.0	4825	tags=39%, list=28%, signal=54%	
CELLULAR RESPONSE TO ACID CHEMICAL%GOBP%GO:0071229	CELLULAR RESPONSE TO ACID CHEMICAL%GOBP%GO:0071229		38	-0.44157186	-1.1746192	0.25	0.4666094	1.0	5250	tags=42%, list=30%, signal=60%	
ESTROGEN-DEPENDENT NUCLEAR EVENTS DOWNSTREAM OF ESR-MEMBRANE SIGNALING%REACTOME DATABASE ID RELEASE 93%9634638	ESTROGEN-DEPENDENT NUCLEAR EVENTS DOWNSTREAM OF ESR-MEMBRANE SIGNALING%REACTOME DATABASE ID RELEASE 93%9634638		19	-0.5058526	-1.1745336	0.2596685	0.46658432	1.0	3523	tags=42%, list=20%, signal=53%	
STEROL BIOSYNTHETIC PROCESS%GOBP%GO:0016126	STEROL BIOSYNTHETIC PROCESS%GOBP%GO:0016126		29	-0.4573951	-1.1744742	0.25268817	0.4664878	1.0	4029	tags=45%, list=23%, signal=58%	
POSITIVE REGULATION OF STEROL TRANSPORT%GOBP%GO:0032373	POSITIVE REGULATION OF STEROL TRANSPORT%GOBP%GO:0032373		23	-0.48125523	-1.1743779	0.25581396	0.46648502	1.0	4452	tags=57%, list=25%, signal=76%	
DNA IR DAMAGE AND CELLULAR RESPONSE VIA ATR%WIKIPATHWAYS_20250810%WP4016%HOMO SAPIENS	DNA IR DAMAGE AND CELLULAR RESPONSE VIA ATR%WIKIPATHWAYS_20250810%WP4016%HOMO SAPIENS		68	-0.39947596	-1.1743499	0.19211823	0.46632954	1.0	4848	tags=32%, list=28%, signal=45%	
REGULATION OF NEUROINFLAMMATORY RESPONSE%GOBP%GO:0150077	REGULATION OF NEUROINFLAMMATORY RESPONSE%GOBP%GO:0150077		19	-0.50218827	-1.1740596	0.25139666	0.466813	1.0	3363	tags=37%, list=19%, signal=46%	
CERAMIDE CATABOLIC PROCESS%GOBP%GO:0046514	CERAMIDE CATABOLIC PROCESS%GOBP%GO:0046514		15	-0.5220349	-1.1740584	0.27552447	0.4665905	1.0	4175	tags=33%, list=24%, signal=44%	
REGULATION OF STRIATED MUSCLE CONTRACTION%GOBP%GO:0006942	REGULATION OF STRIATED MUSCLE CONTRACTION%GOBP%GO:0006942		67	-0.40362853	-1.1737648	0.20552884	0.46704146	1.0	1145	tags=18%, list=7%, signal=19%	
ORGANELLE MEMBRANE FUSION%GOBP%GO:0090174	ORGANELLE MEMBRANE FUSION%GOBP%GO:0090174		88	-0.39198947	-1.1737341	0.19131455	0.46688387	1.0	2856	tags=19%, list=16%, signal=23%	
REGULATION OF MITOTIC NUCLEAR DIVISION%GOBP%GO:0007088	REGULATION OF MITOTIC NUCLEAR DIVISION%GOBP%GO:0007088		90	-0.38300225	-1.173725	0.20570749	0.46668133	1.0	4349	tags=30%, list=25%, signal=40%	
REGULATION OF RELEASE OF CYTOCHROME C FROM MITOCHONDRIA%GOBP%GO:0090199	REGULATION OF RELEASE OF CYTOCHROME C FROM MITOCHONDRIA%GOBP%GO:0090199		32	-0.45262635	-1.1736519	0.23461539	0.46661893	1.0	2834	tags=34%, list=16%, signal=41%	
TERPENOID METABOLIC PROCESS%GOBP%GO:0006721	TERPENOID METABOLIC PROCESS%GOBP%GO:0006721		49	-0.42132476	-1.1735418	0.22605364	0.4666497	1.0	1319	tags=18%, list=8%, signal=20%	
MITOCHONDRIAL IMMUNE RESPONSE TO SARS COV 2%WIKIPATHWAYS_20250810%WP5038%HOMO SAPIENS	MITOCHONDRIAL IMMUNE RESPONSE TO SARS COV 2%WIKIPATHWAYS_20250810%WP5038%HOMO SAPIENS		18	-0.5116058	-1.1735287	0.24930748	0.46645746	1.0	6787	tags=83%, list=39%, signal=136%	
HOST-MEDIATED PERTURBATION OF SYMBIONT PROCESS%GOBP%GO:0051851	HOST-MEDIATED PERTURBATION OF SYMBIONT PROCESS%GOBP%GO:0051851		72	-0.4025361	-1.1733164	0.20023838	0.46671864	1.0	5093	tags=42%, list=29%, signal=59%	
DNA REPAIR-DEPENDENT CHROMATIN REMODELING%GOBP%GO:0140861	DNA REPAIR-DEPENDENT CHROMATIN REMODELING%GOBP%GO:0140861		22	-0.4895541	-1.173159	0.2596154	0.4668719	1.0	5310	tags=45%, list=30%, signal=65%	
HALLMARK_UNFOLDED_PROTEIN_RESPONSE%MSIGDBHALLMARK%HALLMARK_UNFOLDED_PROTEIN_RESPONSE	HALLMARK_UNFOLDED_PROTEIN_RESPONSE%MSIGDBHALLMARK%HALLMARK_UNFOLDED_PROTEIN_RESPONSE		89	-0.38638374	-1.1728911	0.1952381	0.46723452	1.0	5371	tags=38%, list=31%, signal=55%	
STEROID BIOSYNTHETIC PROCESS%GOBP%GO:0006694	STEROID BIOSYNTHETIC PROCESS%GOBP%GO:0006694		45	-0.42381328	-1.1728783	0.24025157	0.46703464	1.0	1863	tags=22%, list=11%, signal=25%	
FAS SIGNALING PATHWAY%PANTHER PATHWAY%P00020	FAS SIGNALING PATHWAY%PANTHER PATHWAY%P00020		26	-0.47114807	-1.1726773	0.24966443	0.4672631	1.0	4110	tags=38%, list=24%, signal=50%	
LYSOSOME ORGANIZATION%GOBP%GO:0007040	LYSOSOME ORGANIZATION%GOBP%GO:0007040		80	-0.39006576	-1.1723938	0.18742587	0.46770495	1.0	5384	tags=39%, list=31%, signal=56%	
APOPTOSIS%WIKIPATHWAYS_20250810%WP254%HOMO SAPIENS	APOPTOSIS%WIKIPATHWAYS_20250810%WP254%HOMO SAPIENS		62	-0.40895858	-1.1722957	0.20759194	0.46770227	1.0	2705	tags=27%, list=15%, signal=32%	
POSITIVE REGULATION OF EPITHELIAL CELL DIFFERENTIATION%GOBP%GO:0030858	POSITIVE REGULATION OF EPITHELIAL CELL DIFFERENTIATION%GOBP%GO:0030858		30	-0.4462334	-1.1721424	0.236	0.46785632	1.0	2391	tags=23%, list=14%, signal=27%	
POST NMDA RECEPTOR ACTIVATION EVENTS%REACTOME DATABASE ID RELEASE 93%438064	POST NMDA RECEPTOR ACTIVATION EVENTS%REACTOME DATABASE ID RELEASE 93%438064		53	-0.41399145	-1.1719455	0.21895006	0.4680678	1.0	4214	tags=51%, list=24%, signal=67%	
POSITIVE REGULATION OF INTERLEUKIN-1 BETA PRODUCTION%GOBP%GO:0032731	POSITIVE REGULATION OF INTERLEUKIN-1 BETA PRODUCTION%GOBP%GO:0032731		25	-0.47610962	-1.1716607	0.24456522	0.46854004	1.0	1076	tags=16%, list=6%, signal=17%	
NEGATIVE REGULATION OF DOUBLE-STRAND BREAK REPAIR VIA HOMOLOGOUS RECOMBINATION%GOBP%GO:2000042	NEGATIVE REGULATION OF DOUBLE-STRAND BREAK REPAIR VIA HOMOLOGOUS RECOMBINATION%GOBP%GO:2000042		18	-0.5034975	-1.1715788	0.2540761	0.46849942	1.0	5486	tags=56%, list=31%, signal=81%	
DOUBLE-STRAND BREAK REPAIR VIA NONHOMOLOGOUS END JOINING%GOBP%GO:0006303	DOUBLE-STRAND BREAK REPAIR VIA NONHOMOLOGOUS END JOINING%GOBP%GO:0006303		42	-0.42927688	-1.1714529	0.23673998	0.4685702	1.0	4980	tags=33%, list=29%, signal=47%	
NEGATIVE REGULATION OF NOTCH4 SIGNALING%REACTOME DATABASE ID RELEASE 93%9604323	NEGATIVE REGULATION OF NOTCH4 SIGNALING%REACTOME DATABASE ID RELEASE 93%9604323		42	-0.43181548	-1.1712712	0.2372449	0.4687629	1.0	5355	tags=40%, list=31%, signal=58%	
REGULATION OF LEUKOCYTE PROLIFERATION%GOBP%GO:0070663	REGULATION OF LEUKOCYTE PROLIFERATION%GOBP%GO:0070663		87	-0.39116418	-1.1711621	0.19506463	0.46878034	1.0	4299	tags=31%, list=25%, signal=41%	
TAT-MEDIATED ELONGATION OF THE HIV-1 TRANSCRIPT%REACTOME%R-HSA-167246.4	TAT-MEDIATED ELONGATION OF THE HIV-1 TRANSCRIPT%REACTOME%R-HSA-167246.4		37	-0.43518153	-1.1710005	0.24111675	0.46893382	1.0	5446	tags=41%, list=31%, signal=59%	
PKR-MEDIATED SIGNALING%REACTOME DATABASE ID RELEASE 93%9833482	PKR-MEDIATED SIGNALING%REACTOME DATABASE ID RELEASE 93%9833482		54	-0.41463485	-1.1709223	0.2125	0.46890697	1.0	4568	tags=37%, list=26%, signal=50%	
MONONUCLEAR CELL MIGRATION%GOBP%GO:0071674	MONONUCLEAR CELL MIGRATION%GOBP%GO:0071674		37	-0.44112724	-1.1707819	0.22509703	0.46900898	1.0	3479	tags=27%, list=20%, signal=34%	
REGULATION OF ENDOPLASMIC RETICULUM STRESS-INDUCED INTRINSIC APOPTOTIC SIGNALING PATHWAY%GOBP%GO:1902235	REGULATION OF ENDOPLASMIC RETICULUM STRESS-INDUCED INTRINSIC APOPTOTIC SIGNALING PATHWAY%GOBP%GO:1902235		20	-0.4913219	-1.170739	0.26164383	0.4688922	1.0	2962	tags=35%, list=17%, signal=42%	
GLYCOSPHINGOLIPID METABOLISM%REACTOME DATABASE ID RELEASE 93%1660662	GLYCOSPHINGOLIPID METABOLISM%REACTOME DATABASE ID RELEASE 93%1660662		45	-0.4247561	-1.1703818	0.22756004	0.46950093	1.0	4375	tags=36%, list=25%, signal=47%	
POSITIVE REGULATION OF CHOLESTEROL TRANSPORT%GOBP%GO:0032376	POSITIVE REGULATION OF CHOLESTEROL TRANSPORT%GOBP%GO:0032376		23	-0.48125523	-1.1703426	0.23355705	0.46936443	1.0	4452	tags=57%, list=25%, signal=76%	
PROTEIN TRANSMEMBRANE TRANSPORT%GOBP%GO:0071806	PROTEIN TRANSMEMBRANE TRANSPORT%GOBP%GO:0071806		52	-0.42040387	-1.1702493	0.22264631	0.46934825	1.0	4683	tags=37%, list=27%, signal=50%	
CHOLESTEROL METABOLISM WITH BLOCH AND KANDUTSCH RUSSELL PATHWAYS%WIKIPATHWAYS_20250810%WP4718%HOMO SAPIENS	CHOLESTEROL METABOLISM WITH BLOCH AND KANDUTSCH RUSSELL PATHWAYS%WIKIPATHWAYS_20250810%WP4718%HOMO SAPIENS		40	-0.4328491	-1.1702155	0.22040302	0.46920288	1.0	4119	tags=40%, list=24%, signal=52%	
PERIPHERAL NERVOUS SYSTEM DEVELOPMENT%GOBP%GO:0007422	PERIPHERAL NERVOUS SYSTEM DEVELOPMENT%GOBP%GO:0007422		30	-0.45070085	-1.1701423	0.25	0.46915287	1.0	2979	tags=27%, list=17%, signal=32%	
S1P3 PATHWAY%PATHWAY INTERACTION DATABASE NCI-NATURE CURATED DATA%S1P3 PATHWAY	S1P3 PATHWAY%PATHWAY INTERACTION DATABASE NCI-NATURE CURATED DATA%S1P3 PATHWAY		22	-0.4869233	-1.1700994	0.25454545	0.4690243	1.0	3060	tags=32%, list=18%, signal=39%	
POSITIVE REGULATION OF NEUROGENESIS%GOBP%GO:0050769	POSITIVE REGULATION OF NEUROGENESIS%GOBP%GO:0050769		94	-0.38510534	-1.1700767	0.1904762	0.46885565	1.0	1136	tags=18%, list=7%, signal=19%	
SIGNALING BY ALK FUSIONS AND ACTIVATED POINT MUTANTS%REACTOME DATABASE ID RELEASE 93%9725370	SIGNALING BY ALK FUSIONS AND ACTIVATED POINT MUTANTS%REACTOME DATABASE ID RELEASE 93%9725370		75	-0.3959391	-1.1698977	0.21644498	0.46905324	1.0	4309	tags=35%, list=25%, signal=46%	
INTEGRIN MEDIATED CELL ADHESION%WIKIPATHWAYS_20250810%WP185%HOMO SAPIENS	INTEGRIN MEDIATED CELL ADHESION%WIKIPATHWAYS_20250810%WP185%HOMO SAPIENS		62	-0.41321397	-1.1698245	0.21291865	0.46901315	1.0	4030	tags=37%, list=23%, signal=48%	
POTASSIUM ION HOMEOSTASIS%GOBP%GO:0055075	POTASSIUM ION HOMEOSTASIS%GOBP%GO:0055075		20	-0.49653387	-1.1696998	0.26367462	0.46908534	1.0	3119	tags=35%, list=18%, signal=43%	
NEPHRON EPITHELIUM DEVELOPMENT%GOBP%GO:0072009	NEPHRON EPITHELIUM DEVELOPMENT%GOBP%GO:0072009		40	-0.4289233	-1.1696432	0.25	0.4690042	1.0	2586	tags=33%, list=15%, signal=38%	
POSITIVE REGULATION OF LAMELLIPODIUM ORGANIZATION%GOBP%GO:1902745	POSITIVE REGULATION OF LAMELLIPODIUM ORGANIZATION%GOBP%GO:1902745		25	-0.4631052	-1.1696155	0.24295302	0.46884492	1.0	3160	tags=28%, list=18%, signal=34%	
PRIMARY OVARIAN INSUFFICIENCY%WIKIPATHWAYS_20250810%WP5461%HOMO SAPIENS	PRIMARY OVARIAN INSUFFICIENCY%WIKIPATHWAYS_20250810%WP5461%HOMO SAPIENS		75	-0.3934935	-1.1694009	0.2127907	0.469106	1.0	4204	tags=36%, list=24%, signal=47%	
POSITIVE REGULATION OF PROTEIN SECRETION%GOBP%GO:0050714	POSITIVE REGULATION OF PROTEIN SECRETION%GOBP%GO:0050714		70	-0.39961192	-1.1689141	0.22648515	0.4700242	1.0	4504	tags=43%, list=26%, signal=58%	
PLATELET ACTIVATION%GOBP%GO:0030168	PLATELET ACTIVATION%GOBP%GO:0030168		51	-0.41471547	-1.1686536	0.2064277	0.47042912	1.0	4096	tags=41%, list=23%, signal=54%	
RAB GERANYLGERANYLATION%REACTOME DATABASE ID RELEASE 93%8873719	RAB GERANYLGERANYLATION%REACTOME DATABASE ID RELEASE 93%8873719		55	-0.41074774	-1.168636	0.23366834	0.47024843	1.0	3398	tags=29%, list=19%, signal=36%	
REGULATION OF SODIUM ION TRANSMEMBRANE TRANSPORT%GOBP%GO:1902305	REGULATION OF SODIUM ION TRANSMEMBRANE TRANSPORT%GOBP%GO:1902305		30	-0.446689	-1.1684462	0.26045883	0.47046137	1.0	709	tags=20%, list=4%, signal=21%	
LYTIC VACUOLE ORGANIZATION%GOBP%GO:0080171	LYTIC VACUOLE ORGANIZATION%GOBP%GO:0080171		80	-0.39006576	-1.1683047	0.1928994	0.4705693	1.0	5384	tags=39%, list=31%, signal=56%	
SIGNALING BY FGFR%REACTOME%R-HSA-190236.4	SIGNALING BY FGFR%REACTOME%R-HSA-190236.4		61	-0.40619195	-1.1682515	0.21071863	0.4704587	1.0	5000	tags=43%, list=29%, signal=60%	
POSITIVE REGULATION OF MUSCLE CELL DIFFERENTIATION%GOBP%GO:0051149	POSITIVE REGULATION OF MUSCLE CELL DIFFERENTIATION%GOBP%GO:0051149		40	-0.4312884	-1.1680796	0.23537233	0.47061884	1.0	778	tags=15%, list=4%, signal=16%	
NEGATIVE REGULATION OF NEURON APOPTOTIC PROCESS%GOBP%GO:0043524	NEGATIVE REGULATION OF NEURON APOPTOTIC PROCESS%GOBP%GO:0043524		69	-0.40135464	-1.1676532	0.20656136	0.47138673	1.0	3818	tags=30%, list=22%, signal=39%	
PROCESSING OF INTRONLESS PRE-MRNAS%REACTOME%R-HSA-77595.4	PROCESSING OF INTRONLESS PRE-MRNAS%REACTOME%R-HSA-77595.4		19	-0.49145398	-1.1674669	0.25572005	0.47156736	1.0	5116	tags=42%, list=29%, signal=59%	
REGULATION OF AXON EXTENSION%GOBP%GO:0030516	REGULATION OF AXON EXTENSION%GOBP%GO:0030516		38	-0.4347625	-1.1672899	0.25128207	0.47174713	1.0	5130	tags=58%, list=29%, signal=82%	
HISTONE MRNA METABOLIC PROCESS%GOBP%GO:0008334	HISTONE MRNA METABOLIC PROCESS%GOBP%GO:0008334		18	-0.4991348	-1.1672788	0.25651577	0.47154662	1.0	5457	tags=56%, list=31%, signal=81%	
TRANSCRIPTIONAL ACTIVATION OF MITOCHONDRIAL BIOGENESIS%REACTOME%R-HSA-2151201.4	TRANSCRIPTIONAL ACTIVATION OF MITOCHONDRIAL BIOGENESIS%REACTOME%R-HSA-2151201.4		49	-0.42413208	-1.1670829	0.23507917	0.47179076	1.0	6550	tags=59%, list=38%, signal=94%	
RNA POLYMERASE III CHAIN ELONGATION%REACTOME DATABASE ID RELEASE 93%73780	RNA POLYMERASE III CHAIN ELONGATION%REACTOME DATABASE ID RELEASE 93%73780		17	-0.51230097	-1.1670483	0.2851064	0.47165808	1.0	5446	tags=53%, list=31%, signal=77%	
RETROGRADE TRANSPORT, ENDOSOME TO GOLGI%GOBP%GO:0042147	RETROGRADE TRANSPORT, ENDOSOME TO GOLGI%GOBP%GO:0042147		83	-0.39230648	-1.1669406	0.20930232	0.4716842	1.0	5196	tags=39%, list=30%, signal=55%	
REGULATION OF DNA DAMAGE CHECKPOINT%GOBP%GO:2000001	REGULATION OF DNA DAMAGE CHECKPOINT%GOBP%GO:2000001		16	-0.5147292	-1.1669306	0.2972583	0.47147998	1.0	3623	tags=44%, list=21%, signal=55%	
CYTOPLASMIC PATTERN RECOGNITION RECEPTOR SIGNALING PATHWAY%GOBP%GO:0002753	CYTOPLASMIC PATTERN RECOGNITION RECEPTOR SIGNALING PATHWAY%GOBP%GO:0002753		44	-0.43047523	-1.1666784	0.21882951	0.47184202	1.0	5250	tags=55%, list=30%, signal=78%	
PID_TNF_PATHWAY%MSIGDB_C2%PID_TNF_PATHWAY	PID_TNF_PATHWAY%MSIGDB_C2%PID_TNF_PATHWAY		33	-0.4438308	-1.1665548	0.23148148	0.4718946	1.0	2415	tags=27%, list=14%, signal=32%	
POSITIVE REGULATION OF DNA-BINDING TRANSCRIPTION FACTOR ACTIVITY%GOBP%GO:0051091	POSITIVE REGULATION OF DNA-BINDING TRANSCRIPTION FACTOR ACTIVITY%GOBP%GO:0051091		80	-0.38574487	-1.1665545	0.20352942	0.47167397	1.0	4278	tags=38%, list=24%, signal=49%	
REGULATION OF RAC PROTEIN SIGNAL TRANSDUCTION%GOBP%GO:0035020	REGULATION OF RAC PROTEIN SIGNAL TRANSDUCTION%GOBP%GO:0035020		21	-0.48214394	-1.166387	0.27875507	0.47182056	1.0	3872	tags=33%, list=22%, signal=43%	
PID_NFAT_TFPATHWAY%MSIGDB_C2%PID_NFAT_TFPATHWAY	PID_NFAT_TFPATHWAY%MSIGDB_C2%PID_NFAT_TFPATHWAY		20	-0.49494773	-1.1663	0.2693935	0.4718013	1.0	2411	tags=30%, list=14%, signal=35%	
NUCLEAR IMPORT OF REV PROTEIN%REACTOME%R-HSA-180746.3	NUCLEAR IMPORT OF REV PROTEIN%REACTOME%R-HSA-180746.3		30	-0.45211065	-1.1662823	0.23097463	0.47162148	1.0	7561	tags=67%, list=43%, signal=117%	
FORMATION OF HIV-1 ELONGATION COMPLEX CONTAINING HIV-1 TAT%REACTOME%R-HSA-167200.5	FORMATION OF HIV-1 ELONGATION COMPLEX CONTAINING HIV-1 TAT%REACTOME%R-HSA-167200.5		37	-0.43518153	-1.1659062	0.24968474	0.4722782	1.0	5446	tags=41%, list=31%, signal=59%	
PROCESSING OF DNA DOUBLE-STRAND BREAK ENDS%REACTOME%R-HSA-5693607.4	PROCESSING OF DNA DOUBLE-STRAND BREAK ENDS%REACTOME%R-HSA-5693607.4		58	-0.40239388	-1.165619	0.2295673	0.47271168	1.0	4825	tags=38%, list=28%, signal=52%	
MEVALONIC ACIDURIA%SMPDB%SMP0000510	MEVALONIC ACIDURIA%SMPDB%SMP0000510		21	-0.4791022	-1.1656064	0.27638888	0.4725175	1.0	4059	tags=48%, list=23%, signal=62%	
CEREBRAL CORTEX DEVELOPMENT%GOBP%GO:0021987	CEREBRAL CORTEX DEVELOPMENT%GOBP%GO:0021987		44	-0.4236436	-1.165413	0.2327044	0.47274256	1.0	2653	tags=27%, list=15%, signal=32%	
POSITIVE REGULATION OF DNA BINDING%GOBP%GO:0043388	POSITIVE REGULATION OF DNA BINDING%GOBP%GO:0043388		19	-0.4937028	-1.1654103	0.27916667	0.47252637	1.0	2106	tags=21%, list=12%, signal=24%	
PID_CD8_TCR_DOWNSTREAM_PATHWAY%MSIGDB_C2%PID_CD8_TCR_DOWNSTREAM_PATHWAY	PID_CD8_TCR_DOWNSTREAM_PATHWAY%MSIGDB_C2%PID_CD8_TCR_DOWNSTREAM_PATHWAY		27	-0.46196595	-1.165356	0.26756757	0.47242063	1.0	2076	tags=30%, list=12%, signal=34%	
REGULATION OF LYMPHOCYTE MIGRATION%GOBP%GO:2000401	REGULATION OF LYMPHOCYTE MIGRATION%GOBP%GO:2000401		31	-0.45282793	-1.1648724	0.25394738	0.47332433	1.0	5028	tags=39%, list=29%, signal=54%	
GPVI-MEDIATED ACTIVATION CASCADE%REACTOME DATABASE ID RELEASE 93%114604	GPVI-MEDIATED ACTIVATION CASCADE%REACTOME DATABASE ID RELEASE 93%114604		20	-0.48838198	-1.1648484	0.26080692	0.4731477	1.0	3301	tags=35%, list=19%, signal=43%	
WOLMAN DISEASE%PATHWHIZ%PW000487	WOLMAN DISEASE%PATHWHIZ%PW000487		21	-0.4791022	-1.1646662	0.27208975	0.47337034	1.0	4059	tags=48%, list=23%, signal=62%	
PROTEIN O-LINKED GLYCOSYLATION VIA N-ACETYL-GALACTOSAMINE%GOBP%GO:0016266	PROTEIN O-LINKED GLYCOSYLATION VIA N-ACETYL-GALACTOSAMINE%GOBP%GO:0016266		29	-0.45087907	-1.1645187	0.254717	0.47347638	1.0	3404	tags=38%, list=19%, signal=47%	
REGULATION OF RUNX3 EXPRESSION AND ACTIVITY%REACTOME%R-HSA-8941858.3	REGULATION OF RUNX3 EXPRESSION AND ACTIVITY%REACTOME%R-HSA-8941858.3		43	-0.4237047	-1.164353	0.24203822	0.47362852	1.0	5355	tags=40%, list=31%, signal=57%	
REGULATION OF DEPHOSPHORYLATION%GOBP%GO:0035303	REGULATION OF DEPHOSPHORYLATION%GOBP%GO:0035303		17	-0.50574076	-1.1641372	0.28633094	0.47390786	1.0	4724	tags=47%, list=27%, signal=64%	
GLYCOLIPID BIOSYNTHETIC PROCESS%GOBP%GO:0009247	GLYCOLIPID BIOSYNTHETIC PROCESS%GOBP%GO:0009247		57	-0.40756163	-1.1641304	0.2257251	0.473703	1.0	5810	tags=47%, list=33%, signal=71%	
DNA REPLICATION PRE-INITIATION%REACTOME%R-HSA-69002.4	DNA REPLICATION PRE-INITIATION%REACTOME%R-HSA-69002.4		89	-0.3822288	-1.1638843	0.20071259	0.47404453	1.0	6156	tags=46%, list=35%, signal=71%	
PORPHYRIN METABOLISM%REACTOME DATABASE ID RELEASE 93%189445	PORPHYRIN METABOLISM%REACTOME DATABASE ID RELEASE 93%189445		16	-0.50887156	-1.1638349	0.27823693	0.47392666	1.0	5578	tags=63%, list=32%, signal=92%	
CHOLESTERYL ESTER STORAGE DISEASE%SMPDB%SMP0000508	CHOLESTERYL ESTER STORAGE DISEASE%SMPDB%SMP0000508		21	-0.4791022	-1.1638054	0.2798354	0.47376698	1.0	4059	tags=48%, list=23%, signal=62%	
MITOCHONDRIAL RESPIRATORY CHAIN COMPLEX ASSEMBLY%GOBP%GO:0033108	MITOCHONDRIAL RESPIRATORY CHAIN COMPLEX ASSEMBLY%GOBP%GO:0033108		76	-0.38839662	-1.1638008	0.2169249	0.47355753	1.0	4445	tags=36%, list=25%, signal=47%	
MYELOID LEUKOCYTE MIGRATION%GOBP%GO:0097529	MYELOID LEUKOCYTE MIGRATION%GOBP%GO:0097529		35	-0.44069114	-1.1634848	0.24935733	0.47406736	1.0	2801	tags=20%, list=16%, signal=24%	
BASIGIN INTERACTIONS%REACTOME DATABASE ID RELEASE 93%210991	BASIGIN INTERACTIONS%REACTOME DATABASE ID RELEASE 93%210991		20	-0.4872812	-1.1634676	0.28304407	0.47388944	1.0	2151	tags=20%, list=12%, signal=23%	
DRUG ADME%REACTOME%R-HSA-9748784.5	DRUG ADME%REACTOME%R-HSA-9748784.5		47	-0.4235534	-1.1631021	0.23918575	0.4745205	1.0	1306	tags=19%, list=7%, signal=21%	
POSITIVE REGULATION OF EPITHELIAL CELL PROLIFERATION%GOBP%GO:0050679	POSITIVE REGULATION OF EPITHELIAL CELL PROLIFERATION%GOBP%GO:0050679		91	-0.3836602	-1.1629925	0.21470246	0.4745617	1.0	3527	tags=32%, list=20%, signal=40%	
NEGATIVE REGULATION OF PHOSPHORYLATION%GOBP%GO:0042326	NEGATIVE REGULATION OF PHOSPHORYLATION%GOBP%GO:0042326		95	-0.38110566	-1.1628956	0.21774194	0.4745709	1.0	3907	tags=35%, list=22%, signal=45%	
NEGATIVE REGULATION OF RECEPTOR-MEDIATED ENDOCYTOSIS%GOBP%GO:0048261	NEGATIVE REGULATION OF RECEPTOR-MEDIATED ENDOCYTOSIS%GOBP%GO:0048261		21	-0.48836806	-1.1628022	0.26344827	0.47456452	1.0	4105	tags=52%, list=24%, signal=68%	
REGULATION OF FATTY ACID BIOSYNTHETIC PROCESS%GOBP%GO:0042304	REGULATION OF FATTY ACID BIOSYNTHETIC PROCESS%GOBP%GO:0042304		31	-0.45247585	-1.1626275	0.21780822	0.47475496	1.0	1946	tags=19%, list=11%, signal=22%	
INHIBITION OF GNAQ REGULATED SIGNALING IN UVEAL MELANOMA%WIKIPATHWAYS_20250810%WP5490%HOMO SAPIENS	INHIBITION OF GNAQ REGULATED SIGNALING IN UVEAL MELANOMA%WIKIPATHWAYS_20250810%WP5490%HOMO SAPIENS		25	-0.46543938	-1.1625259	0.25409836	0.47477123	1.0	3502	tags=40%, list=20%, signal=50%	
REGULATION OF INTRACELLULAR ESTROGEN RECEPTOR SIGNALING PATHWAY%GOBP%GO:0033146	REGULATION OF INTRACELLULAR ESTROGEN RECEPTOR SIGNALING PATHWAY%GOBP%GO:0033146		25	-0.46858537	-1.1625007	0.260573	0.47461358	1.0	4486	tags=44%, list=26%, signal=59%	
POSITIVE REGULATION OF AXONOGENESIS%GOBP%GO:0050772	POSITIVE REGULATION OF AXONOGENESIS%GOBP%GO:0050772		35	-0.44220597	-1.1622386	0.24835743	0.4750147	1.0	960	tags=20%, list=5%, signal=21%	
REGULATION OF LIPID METABOLISM BY PPARALPHA%REACTOME%R-HSA-400206.8	REGULATION OF LIPID METABOLISM BY PPARALPHA%REACTOME%R-HSA-400206.8		97	-0.38042352	-1.1621249	0.19907407	0.47505704	1.0	5383	tags=38%, list=31%, signal=55%	
RESPONSE TO TEMPERATURE STIMULUS%GOBP%GO:0009266	RESPONSE TO TEMPERATURE STIMULUS%GOBP%GO:0009266		66	-0.4030784	-1.1620411	0.23076923	0.475047	1.0	4242	tags=38%, list=24%, signal=50%	
CELLULAR RESPONSE TO INTERFERON-BETA%GOBP%GO:0035458	CELLULAR RESPONSE TO INTERFERON-BETA%GOBP%GO:0035458		17	-0.49948165	-1.1616285	0.27709192	0.4758411	1.0	5498	tags=53%, list=31%, signal=77%	
PID_ECADHERIN_STABILIZATION_PATHWAY%MSIGDB_C2%PID_ECADHERIN_STABILIZATION_PATHWAY	PID_ECADHERIN_STABILIZATION_PATHWAY%MSIGDB_C2%PID_ECADHERIN_STABILIZATION_PATHWAY		29	-0.45185053	-1.1614834	0.26422763	0.47594348	1.0	4612	tags=45%, list=26%, signal=61%	
LYMPHOCYTE MEDIATED IMMUNITY%GOBP%GO:0002449	LYMPHOCYTE MEDIATED IMMUNITY%GOBP%GO:0002449		45	-0.423189	-1.1607964	0.24719101	0.47732255	1.0	5021	tags=42%, list=29%, signal=59%	
PRE IMPLANTATION EMBRYO%WIKIPATHWAYS_20250810%WP3527%HOMO SAPIENS	PRE IMPLANTATION EMBRYO%WIKIPATHWAYS_20250810%WP3527%HOMO SAPIENS		36	-0.43452272	-1.1607423	0.24902724	0.47723386	1.0	2935	tags=33%, list=17%, signal=40%	
MBDNF AND PROBDNF REGULATION OF GABA NEUROTRANSMISSION%WIKIPATHWAYS_20250810%WP4829%HOMO SAPIENS	MBDNF AND PROBDNF REGULATION OF GABA NEUROTRANSMISSION%WIKIPATHWAYS_20250810%WP4829%HOMO SAPIENS		25	-0.4685334	-1.1607121	0.2635135	0.47708726	1.0	2349	tags=24%, list=13%, signal=28%	
POSITIVE REGULATION OF LIPID LOCALIZATION%GOBP%GO:1905954	POSITIVE REGULATION OF LIPID LOCALIZATION%GOBP%GO:1905954		48	-0.41082716	-1.160669	0.26081583	0.4769689	1.0	4661	tags=44%, list=27%, signal=60%	
REGULATION OF CDH1 FUNCTION%REACTOME DATABASE ID RELEASE 93%9764561	REGULATION OF CDH1 FUNCTION%REACTOME DATABASE ID RELEASE 93%9764561		50	-0.41381827	-1.1606215	0.23862238	0.47684833	1.0	5355	tags=40%, list=31%, signal=58%	
CYCLIN A B1 B2 ASSOCIATED EVENTS DURING G2 M TRANSITION%REACTOME%R-HSA-69273.10	CYCLIN A B1 B2 ASSOCIATED EVENTS DURING G2 M TRANSITION%REACTOME%R-HSA-69273.10		30	-0.4558446	-1.1606159	0.27400768	0.4766443	1.0	2891	tags=30%, list=17%, signal=36%	
ALENDRONATE ACTION PATHWAY%PATHWHIZ%PW000137	ALENDRONATE ACTION PATHWAY%PATHWHIZ%PW000137		21	-0.4791022	-1.1605331	0.2743484	0.47660995	1.0	4059	tags=48%, list=23%, signal=62%	
IL11 SIGNALING%WIKIPATHWAYS_20250810%WP2332%HOMO SAPIENS	IL11 SIGNALING%WIKIPATHWAYS_20250810%WP2332%HOMO SAPIENS		35	-0.4355794	-1.1600682	0.24285714	0.47748283	1.0	3122	tags=37%, list=18%, signal=45%	
TRANSCRIPTIONAL REGULATION BY RUNX3%REACTOME%R-HSA-8878159.4	TRANSCRIPTIONAL REGULATION BY RUNX3%REACTOME%R-HSA-8878159.4		77	-0.3902838	-1.1599735	0.19271445	0.47748128	1.0	4825	tags=34%, list=28%, signal=46%	
NICOTINE PHARMACODYNAMICS PATHWAY%PANTHER PATHWAY%P06587	NICOTINE PHARMACODYNAMICS PATHWAY%PANTHER PATHWAY%P06587		20	-0.4902891	-1.1595482	0.2798949	0.47820708	1.0	3776	tags=40%, list=22%, signal=51%	
PHOTODYNAMIC THERAPY INDUCED NFE2L2 NRF2 SURVIVAL SIGNALING%WIKIPATHWAYS_20250810%WP3612%HOMO SAPIENS	PHOTODYNAMIC THERAPY INDUCED NFE2L2 NRF2 SURVIVAL SIGNALING%WIKIPATHWAYS_20250810%WP3612%HOMO SAPIENS		18	-0.4981672	-1.1592323	0.27260083	0.47873303	1.0	3527	tags=44%, list=20%, signal=56%	
PPARA ACTIVATES GENE EXPRESSION%REACTOME%R-HSA-1989781.6	PPARA ACTIVATES GENE EXPRESSION%REACTOME%R-HSA-1989781.6		96	-0.37707084	-1.1591866	0.21849711	0.47861433	1.0	5383	tags=38%, list=31%, signal=54%	
HYPERCHOLESTEROLEMIA%PATHWHIZ%PW000221	HYPERCHOLESTEROLEMIA%PATHWHIZ%PW000221		21	-0.4791022	-1.15912	0.28470254	0.4785453	1.0	4059	tags=48%, list=23%, signal=62%	
REGULATION OF DEFENSE RESPONSE TO VIRUS%GOBP%GO:0050688	REGULATION OF DEFENSE RESPONSE TO VIRUS%GOBP%GO:0050688		35	-0.433631	-1.158836	0.27249023	0.4789763	1.0	4554	tags=34%, list=26%, signal=46%	
PEROXISOMAL TRANSPORT%GOBP%GO:0043574	PEROXISOMAL TRANSPORT%GOBP%GO:0043574		21	-0.47586522	-1.1587309	0.24965133	0.47899997	1.0	2438	tags=29%, list=14%, signal=33%	
VPR-MEDIATED NUCLEAR IMPORT OF PICS%REACTOME%R-HSA-180910.4	VPR-MEDIATED NUCLEAR IMPORT OF PICS%REACTOME%R-HSA-180910.4		30	-0.44704774	-1.15873	0.25871313	0.47878268	1.0	7200	tags=60%, list=41%, signal=102%	
SIMVASTATIN ACTION PATHWAY%PATHWHIZ%PW000127	SIMVASTATIN ACTION PATHWAY%PATHWHIZ%PW000127		21	-0.4791022	-1.1586622	0.26522326	0.4787147	1.0	4059	tags=48%, list=23%, signal=62%	
DDX58 IFIH1-MEDIATED INDUCTION OF INTERFERON-ALPHA BETA%REACTOME DATABASE ID RELEASE 93%168928	DDX58 IFIH1-MEDIATED INDUCTION OF INTERFERON-ALPHA BETA%REACTOME DATABASE ID RELEASE 93%168928		61	-0.40107122	-1.1584762	0.22560975	0.4789068	1.0	2582	tags=25%, list=15%, signal=29%	
EXCITATORY POSTSYNAPTIC POTENTIAL%GOBP%GO:0060079	EXCITATORY POSTSYNAPTIC POTENTIAL%GOBP%GO:0060079		18	-0.49638397	-1.1580973	0.2698192	0.47953042	1.0	1653	tags=22%, list=9%, signal=25%	
REGULATION OF MITOTIC CELL CYCLE%REACTOME DATABASE ID RELEASE 93%453276	REGULATION OF MITOTIC CELL CYCLE%REACTOME DATABASE ID RELEASE 93%453276		74	-0.39220712	-1.158038	0.21096544	0.47944894	1.0	6640	tags=50%, list=38%, signal=80%	
UROTENSIN II MEDIATED SIGNALING%WIKIPATHWAYS_20250810%WP5158%HOMO SAPIENS	UROTENSIN II MEDIATED SIGNALING%WIKIPATHWAYS_20250810%WP5158%HOMO SAPIENS		47	-0.4130149	-1.1580294	0.23037975	0.47924915	1.0	4353	tags=38%, list=25%, signal=51%	
ZINC HOMEOSTASIS%WIKIPATHWAYS_20250810%WP3529%HOMO SAPIENS	ZINC HOMEOSTASIS%WIKIPATHWAYS_20250810%WP3529%HOMO SAPIENS		20	-0.4789878	-1.1579423	0.25910932	0.4792244	1.0	4834	tags=40%, list=28%, signal=55%	
HCMV EARLY EVENTS%REACTOME%R-HSA-9609690.2	HCMV EARLY EVENTS%REACTOME%R-HSA-9609690.2		52	-0.40631148	-1.157783	0.24314214	0.47939113	1.0	7200	tags=58%, list=41%, signal=98%	
MYELOID LEUKOCYTE ACTIVATION%GOBP%GO:0002274	MYELOID LEUKOCYTE ACTIVATION%GOBP%GO:0002274		46	-0.4241234	-1.157703	0.24201474	0.47935817	1.0	2759	tags=24%, list=16%, signal=28%	
PRAVASTATIN ACTION PATHWAY%SMPDB%SMP0000089	PRAVASTATIN ACTION PATHWAY%SMPDB%SMP0000089		21	-0.4791022	-1.1576989	0.27298445	0.47914895	1.0	4059	tags=48%, list=23%, signal=62%	
LYSOSOMAL ACID LIPASE DEFICIENCY (WOLMAN DISEASE)%PATHWHIZ%PW000099	LYSOSOMAL ACID LIPASE DEFICIENCY (WOLMAN DISEASE)%PATHWHIZ%PW000099		21	-0.4791022	-1.1575667	0.27972972	0.4792387	1.0	4059	tags=48%, list=23%, signal=62%	
MACROMOLECULE METHYLATION%GOBP%GO:0043414	MACROMOLECULE METHYLATION%GOBP%GO:0043414		94	-0.37799814	-1.1574948	0.22047244	0.4791819	1.0	5187	tags=38%, list=30%, signal=54%	
GLYCOSPHINGOLIPID METABOLIC PROCESS%GOBP%GO:0006687	GLYCOSPHINGOLIPID METABOLIC PROCESS%GOBP%GO:0006687		46	-0.41661114	-1.1573927	0.23037323	0.47919738	1.0	5532	tags=48%, list=32%, signal=70%	
NEGATIVE REGULATION OF NOTCH SIGNALING PATHWAY%GOBP%GO:0045746	NEGATIVE REGULATION OF NOTCH SIGNALING PATHWAY%GOBP%GO:0045746		28	-0.45708302	-1.1570983	0.27469555	0.47966975	1.0	824	tags=29%, list=5%, signal=30%	
INSULIN RECEPTOR RECYCLING%REACTOME DATABASE ID RELEASE 93%77387	INSULIN RECEPTOR RECYCLING%REACTOME DATABASE ID RELEASE 93%77387		25	-0.46710497	-1.1570547	0.27651006	0.47954893	1.0	4116	tags=40%, list=24%, signal=52%	
INTRACELLULAR SIGNALLING THROUGH ADENOSINE RECEPTOR A2B AND ADENOSINE%SMPDB%SMP0000321	INTRACELLULAR SIGNALLING THROUGH ADENOSINE RECEPTOR A2B AND ADENOSINE%SMPDB%SMP0000321		38	-0.4291222	-1.1570201	0.25098553	0.47941682	1.0	3966	tags=39%, list=23%, signal=51%	
MODULATORS OF TCR SIGNALING AND T CELL ACTIVATION%WIKIPATHWAYS_20250810%WP5072%HOMO SAPIENS	MODULATORS OF TCR SIGNALING AND T CELL ACTIVATION%WIKIPATHWAYS_20250810%WP5072%HOMO SAPIENS		33	-0.441332	-1.1569147	0.2622739	0.4794349	1.0	2522	tags=33%, list=14%, signal=39%	
REGULATION OF CHOLESTEROL EFFLUX%GOBP%GO:0010874	REGULATION OF CHOLESTEROL EFFLUX%GOBP%GO:0010874		23	-0.4689984	-1.1569002	0.27463862	0.479248	1.0	4462	tags=52%, list=26%, signal=70%	
SENESCENCE-ASSOCIATED SECRETORY PHENOTYPE (SASP)%REACTOME%R-HSA-2559582.4	SENESCENCE-ASSOCIATED SECRETORY PHENOTYPE (SASP)%REACTOME%R-HSA-2559582.4		47	-0.4178835	-1.1568209	0.25062656	0.47920614	1.0	4894	tags=38%, list=28%, signal=53%	
POSITIVE REGULATION OF SMALL MOLECULE METABOLIC PROCESS%GOBP%GO:0062013	POSITIVE REGULATION OF SMALL MOLECULE METABOLIC PROCESS%GOBP%GO:0062013		89	-0.37971458	-1.1568187	0.20803782	0.478994	1.0	4309	tags=34%, list=25%, signal=45%	
INITIATION OF TRANSCRIPTION AND TRANSLATION ELONGATION AT THE HIV 1 LTR%WIKIPATHWAYS_20250810%WP3414%HOMO SAPIENS	INITIATION OF TRANSCRIPTION AND TRANSLATION ELONGATION AT THE HIV 1 LTR%WIKIPATHWAYS_20250810%WP3414%HOMO SAPIENS		26	-0.46449527	-1.1567656	0.26302084	0.47890288	1.0	4727	tags=54%, list=27%, signal=74%	
JOUBERT SYNDROME%SMPDB%SMP0000582	JOUBERT SYNDROME%SMPDB%SMP0000582		22	-0.4766453	-1.1564564	0.27552447	0.47937775	1.0	2759	tags=32%, list=16%, signal=38%	
NOTCH SIGNALING PATHWAY%PATHWAY INTERACTION DATABASE NCI-NATURE CURATED DATA%NOTCH SIGNALING PATHWAY	NOTCH SIGNALING PATHWAY%PATHWAY INTERACTION DATABASE NCI-NATURE CURATED DATA%NOTCH SIGNALING PATHWAY		52	-0.40961823	-1.1564467	0.24223602	0.4791879	1.0	2559	tags=23%, list=15%, signal=27%	
CHEMICAL SYNAPTIC TRANSMISSION, POSTSYNAPTIC%GOBP%GO:0099565	CHEMICAL SYNAPTIC TRANSMISSION, POSTSYNAPTIC%GOBP%GO:0099565		19	-0.4906926	-1.1563411	0.28947368	0.47921538	1.0	1653	tags=21%, list=9%, signal=23%	
REGULATION OF AMYLOID FIBRIL FORMATION%GOBP%GO:1905906	REGULATION OF AMYLOID FIBRIL FORMATION%GOBP%GO:1905906		15	-0.51384705	-1.1563138	0.27260083	0.4790545	1.0	2995	tags=33%, list=17%, signal=40%	
DARPP-32 EVENTS%REACTOME%R-HSA-180024.6	DARPP-32 EVENTS%REACTOME%R-HSA-180024.6		22	-0.4765009	-1.1560361	0.26955307	0.47947666	1.0	4089	tags=41%, list=23%, signal=53%	
REGULATION OF RAS BY GAPS%REACTOME DATABASE ID RELEASE 93%5658442	REGULATION OF RAS BY GAPS%REACTOME DATABASE ID RELEASE 93%5658442		51	-0.4104358	-1.1559156	0.23880596	0.47954056	1.0	5355	tags=39%, list=31%, signal=56%	
CONSTITUTIVE SIGNALING BY NOTCH1 HD DOMAIN MUTANTS%REACTOME%R-HSA-2691232.3	CONSTITUTIVE SIGNALING BY NOTCH1 HD DOMAIN MUTANTS%REACTOME%R-HSA-2691232.3		15	-0.5191124	-1.1558716	0.3062937	0.47941667	1.0	5497	tags=67%, list=31%, signal=97%	
MODIFIED AMINO ACID BIOSYNTHETIC PROCESS%GOBP%GO:0042398	MODIFIED AMINO ACID BIOSYNTHETIC PROCESS%GOBP%GO:0042398		24	-0.4682843	-1.1555234	0.2608089	0.48002222	1.0	2406	tags=38%, list=14%, signal=43%	
TARGETED THERAPY IN BREAST CANCER%WIKIPATHWAYS_20250810%WP5496%HOMO SAPIENS	TARGETED THERAPY IN BREAST CANCER%WIKIPATHWAYS_20250810%WP5496%HOMO SAPIENS		19	-0.4945958	-1.1553612	0.2608089	0.48016655	1.0	2818	tags=37%, list=16%, signal=44%	
METABOLIC REPROGRAMMING IN PANCREATIC CANCER%WIKIPATHWAYS_20250810%WP5220%HOMO SAPIENS	METABOLIC REPROGRAMMING IN PANCREATIC CANCER%WIKIPATHWAYS_20250810%WP5220%HOMO SAPIENS		27	-0.4569338	-1.1551789	0.24932614	0.48036918	1.0	3175	tags=41%, list=18%, signal=50%	
METABOLIC DISORDERS OF BIOLOGICAL OXIDATION ENZYMES%REACTOME%R-HSA-5579029.5	METABOLIC DISORDERS OF BIOLOGICAL OXIDATION ENZYMES%REACTOME%R-HSA-5579029.5		19	-0.4853702	-1.1550714	0.2739726	0.48039642	1.0	2679	tags=32%, list=15%, signal=37%	
ESTABLISHMENT OR MAINTENANCE OF EPITHELIAL CELL APICAL/BASAL POLARITY%GOBP%GO:0045197	ESTABLISHMENT OR MAINTENANCE OF EPITHELIAL CELL APICAL/BASAL POLARITY%GOBP%GO:0045197		30	-0.45187342	-1.1549547	0.25797874	0.4804348	1.0	4117	tags=37%, list=24%, signal=48%	
NUCLEOSIDE TRIPHOSPHATE BIOSYNTHETIC PROCESS%GOBP%GO:0009142	NUCLEOSIDE TRIPHOSPHATE BIOSYNTHETIC PROCESS%GOBP%GO:0009142		70	-0.39258307	-1.1546289	0.2364532	0.4809514	1.0	4008	tags=34%, list=23%, signal=44%	
REGULATION OF POSTSYNAPTIC MEMBRANE POTENTIAL%GOBP%GO:0060078	REGULATION OF POSTSYNAPTIC MEMBRANE POTENTIAL%GOBP%GO:0060078		19	-0.4906926	-1.1544285	0.27581328	0.48119864	1.0	1653	tags=21%, list=9%, signal=23%	
REGULATION OF MONONUCLEAR CELL PROLIFERATION%GOBP%GO:0032944	REGULATION OF MONONUCLEAR CELL PROLIFERATION%GOBP%GO:0032944		75	-0.3898572	-1.1541044	0.24404761	0.4817126	1.0	3386	tags=25%, list=19%, signal=31%	
CD40 CD40L SIGNALING%PATHWAY INTERACTION DATABASE NCI-NATURE CURATED DATA%CD40 CD40L SIGNALING	CD40 CD40L SIGNALING%PATHWAY INTERACTION DATABASE NCI-NATURE CURATED DATA%CD40 CD40L SIGNALING		29	-0.4550589	-1.1540564	0.26357615	0.48161322	1.0	1581	tags=28%, list=9%, signal=30%	
HYPER-IGD SYNDROME%SMPDB%SMP0000509	HYPER-IGD SYNDROME%SMPDB%SMP0000509		21	-0.4791022	-1.1538999	0.26373628	0.48177922	1.0	4059	tags=48%, list=23%, signal=62%	
TRANSLATION INHIBITORS IN CHRONICALLY ACTIVATED PDGFRA CELLS%WIKIPATHWAYS_20250810%WP4566%HOMO SAPIENS	TRANSLATION INHIBITORS IN CHRONICALLY ACTIVATED PDGFRA CELLS%WIKIPATHWAYS_20250810%WP4566%HOMO SAPIENS		35	-0.43768698	-1.1537988	0.26036268	0.48179507	1.0	2818	tags=34%, list=16%, signal=41%	
REGULATION OF TP53 DEGRADATION%REACTOME DATABASE ID RELEASE 93%6804757	REGULATION OF TP53 DEGRADATION%REACTOME DATABASE ID RELEASE 93%6804757		36	-0.4397227	-1.153743	0.26771653	0.4816972	1.0	4104	tags=42%, list=24%, signal=54%	
REGULATION OF RAS PROTEIN SIGNAL TRANSDUCTION%GOBP%GO:0046578	REGULATION OF RAS PROTEIN SIGNAL TRANSDUCTION%GOBP%GO:0046578		28	-0.45469692	-1.1537262	0.2845304	0.48151943	1.0	4143	tags=46%, list=24%, signal=61%	
PID_MAPK_TRK_PATHWAY%MSIGDB_C2%PID_MAPK_TRK_PATHWAY	PID_MAPK_TRK_PATHWAY%MSIGDB_C2%PID_MAPK_TRK_PATHWAY		26	-0.46307158	-1.153617	0.2749004	0.4815502	1.0	1988	tags=31%, list=11%, signal=35%	
REGULATION OF GLYCOGEN METABOLIC PROCESS%GOBP%GO:0070873	REGULATION OF GLYCOGEN METABOLIC PROCESS%GOBP%GO:0070873		23	-0.46617484	-1.1535429	0.27384195	0.48151672	1.0	4972	tags=52%, list=28%, signal=73%	
SENSORY PERCEPTION OF CHEMICAL STIMULUS%GOBP%GO:0007606	SENSORY PERCEPTION OF CHEMICAL STIMULUS%GOBP%GO:0007606		32	-0.44153044	-1.153357	0.28037384	0.4817232	1.0	704	tags=9%, list=4%, signal=10%	
IBANDRONATE ACTION PATHWAY%SMPDB%SMP0000079	IBANDRONATE ACTION PATHWAY%SMPDB%SMP0000079		21	-0.4791022	-1.1533197	0.29301074	0.4815971	1.0	4059	tags=48%, list=23%, signal=62%	
POSTTRANSLATIONAL REGULATION OF ADHERENS JUNCTION STABILITY AND DISSASSEMBLY%PATHWAY INTERACTION DATABASE NCI-NATURE CURATED DATA%POSTTRANSLATIONAL REGULATION OF ADHERENS JUNCTION STABILITY AND DISSASSEMBLY	POSTTRANSLATIONAL REGULATION OF ADHERENS JUNCTION STABILITY AND DISSASSEMBLY%PATHWAY INTERACTION DATABASE NCI-NATURE CURATED DATA%POSTTRANSLATIONAL REGULATION OF ADHERENS JUNCTION STABILITY AND DISSASSEMBLY		42	-0.42441943	-1.1530907	0.2610966	0.48190844	1.0	3815	tags=36%, list=22%, signal=46%	
RISEDRONATE ACTION PATHWAY%PATHWHIZ%PW000272	RISEDRONATE ACTION PATHWAY%PATHWHIZ%PW000272		21	-0.4791022	-1.153017	0.28125	0.48186195	1.0	4059	tags=48%, list=23%, signal=62%	
HEME METABOLIC PROCESS%GOBP%GO:0042168	HEME METABOLIC PROCESS%GOBP%GO:0042168		30	-0.4485307	-1.1525972	0.2806324	0.48262173	1.0	5578	tags=53%, list=32%, signal=78%	
BIOLOGICAL PROCESS INVOLVED IN INTERACTION WITH HOST%GOBP%GO:0051701	BIOLOGICAL PROCESS INVOLVED IN INTERACTION WITH HOST%GOBP%GO:0051701		57	-0.40315965	-1.1521646	0.21366459	0.4833736	1.0	3477	tags=32%, list=20%, signal=39%	
VASODILATION%GOBP%GO:0042311	VASODILATION%GOBP%GO:0042311		19	-0.49746165	-1.1519591	0.27887323	0.48362446	1.0	210	tags=21%, list=1%, signal=21%	
NUCLEOTIDE-EXCISION REPAIR%GOBP%GO:0006289	NUCLEOTIDE-EXCISION REPAIR%GOBP%GO:0006289		51	-0.41335526	-1.1518947	0.24968153	0.48355135	1.0	4484	tags=35%, list=26%, signal=47%	
POSITIVE REGULATION OF MRNA METABOLIC PROCESS%GOBP%GO:1903313	POSITIVE REGULATION OF MRNA METABOLIC PROCESS%GOBP%GO:1903313		97	-0.37556162	-1.1518791	0.20449439	0.4833712	1.0	5333	tags=42%, list=31%, signal=61%	
POSITIVE REGULATION OF CARBOHYDRATE METABOLIC PROCESS%GOBP%GO:0045913	POSITIVE REGULATION OF CARBOHYDRATE METABOLIC PROCESS%GOBP%GO:0045913		45	-0.41845223	-1.1516976	0.23483871	0.48359102	1.0	4309	tags=38%, list=25%, signal=50%	
RHOBTB2 GTPASE CYCLE%REACTOME%R-HSA-9013418.4	RHOBTB2 GTPASE CYCLE%REACTOME%R-HSA-9013418.4		23	-0.47856453	-1.1516603	0.27576974	0.48344955	1.0	5097	tags=39%, list=29%, signal=55%	
PHOSPHATIDYLINOSITOL-MEDIATED SIGNALING%GOBP%GO:0048015	PHOSPHATIDYLINOSITOL-MEDIATED SIGNALING%GOBP%GO:0048015		21	-0.48421633	-1.1516368	0.27348065	0.48327994	1.0	3265	tags=38%, list=19%, signal=47%	
RECEPTOR INTERNALIZATION%GOBP%GO:0031623	RECEPTOR INTERNALIZATION%GOBP%GO:0031623		40	-0.42132512	-1.1515162	0.25831202	0.4833517	1.0	2522	tags=30%, list=14%, signal=35%	
APC C-MEDIATED DEGRADATION OF CELL CYCLE PROTEINS%REACTOME DATABASE ID RELEASE 93%174143	APC C-MEDIATED DEGRADATION OF CELL CYCLE PROTEINS%REACTOME DATABASE ID RELEASE 93%174143		74	-0.39220712	-1.1511682	0.24129651	0.4839373	1.0	6640	tags=50%, list=38%, signal=80%	
ATORVASTATIN ACTION PATHWAY%SMPDB%SMP0000131	ATORVASTATIN ACTION PATHWAY%SMPDB%SMP0000131		21	-0.4791022	-1.1510704	0.3132695	0.48394796	1.0	4059	tags=48%, list=23%, signal=62%	
ENDOTHELIAL CELL DEVELOPMENT%GOBP%GO:0001885	ENDOTHELIAL CELL DEVELOPMENT%GOBP%GO:0001885		28	-0.45029956	-1.151039	0.27140975	0.48380068	1.0	1084	tags=18%, list=6%, signal=19%	
SIGNALING EVENTS MEDIATED BY TCPTP%PATHWAY INTERACTION DATABASE NCI-NATURE CURATED DATA%SIGNALING EVENTS MEDIATED BY TCPTP	SIGNALING EVENTS MEDIATED BY TCPTP%PATHWAY INTERACTION DATABASE NCI-NATURE CURATED DATA%SIGNALING EVENTS MEDIATED BY TCPTP		36	-0.4349944	-1.1508737	0.26658162	0.48396698	1.0	4276	tags=31%, list=24%, signal=40%	
FAMILIAL PARTIAL LIPODYSTROPHY%WIKIPATHWAYS_20250810%WP5102%HOMO SAPIENS	FAMILIAL PARTIAL LIPODYSTROPHY%WIKIPATHWAYS_20250810%WP5102%HOMO SAPIENS		20	-0.48822483	-1.150757	0.28103682	0.48403004	1.0	2577	tags=35%, list=15%, signal=41%	
PROTEINOGENIC AMINO ACID BIOSYNTHETIC PROCESS%GOBP%GO:0170038	PROTEINOGENIC AMINO ACID BIOSYNTHETIC PROCESS%GOBP%GO:0170038		36	-0.43403062	-1.15069	0.2618421	0.48396298	1.0	4003	tags=36%, list=23%, signal=47%	
NUCLEAR RECEPTOR-MEDIATED STEROID HORMONE SIGNALING PATHWAY%GOBP%GO:0030518	NUCLEAR RECEPTOR-MEDIATED STEROID HORMONE SIGNALING PATHWAY%GOBP%GO:0030518		39	-0.42186186	-1.1506612	0.2720105	0.48381293	1.0	2215	tags=21%, list=13%, signal=23%	
SMITH-LEMLI-OPITZ SYNDROME (SLOS)%PATHWHIZ%PW000095	SMITH-LEMLI-OPITZ SYNDROME (SLOS)%PATHWHIZ%PW000095		21	-0.4791022	-1.1506431	0.29624477	0.48363128	1.0	4059	tags=48%, list=23%, signal=62%	
NUCLEAR RECEPTOR-MEDIATED SIGNALING PATHWAY%GOBP%GO:0141193	NUCLEAR RECEPTOR-MEDIATED SIGNALING PATHWAY%GOBP%GO:0141193		57	-0.39661178	-1.1503065	0.23433584	0.48418435	1.0	3837	tags=28%, list=22%, signal=36%	
REGULATION OF VASCULAR ENDOTHELIAL GROWTH FACTOR SIGNALING PATHWAY%GOBP%GO:1900746	REGULATION OF VASCULAR ENDOTHELIAL GROWTH FACTOR SIGNALING PATHWAY%GOBP%GO:1900746		24	-0.4708051	-1.1502625	0.276	0.48407063	1.0	1051	tags=13%, list=6%, signal=13%	
REGULATION OF B CELL PROLIFERATION%GOBP%GO:0030888	REGULATION OF B CELL PROLIFERATION%GOBP%GO:0030888		18	-0.49950567	-1.1502225	0.29903978	0.4839461	1.0	5297	tags=50%, list=30%, signal=72%	
RESOLUTION OF SISTER CHROMATID COHESION%REACTOME DATABASE ID RELEASE 93%2500257	RESOLUTION OF SISTER CHROMATID COHESION%REACTOME DATABASE ID RELEASE 93%2500257		98	-0.37113848	-1.1500698	0.21892816	0.4841115	1.0	2228	tags=19%, list=13%, signal=22%	
METABOLISM OF POLYAMINES%REACTOME%R-HSA-351202.5	METABOLISM OF POLYAMINES%REACTOME%R-HSA-351202.5		43	-0.42191333	-1.1500442	0.26295337	0.48395365	1.0	2423	tags=21%, list=14%, signal=24%	
SIGNALING BY FGFR4%REACTOME%R-HSA-5654743.4	SIGNALING BY FGFR4%REACTOME%R-HSA-5654743.4		26	-0.4562426	-1.1500219	0.2636612	0.483783	1.0	4954	tags=46%, list=28%, signal=64%	
TRANSLATION OF STRUCTURAL PROTEINS%REACTOME DATABASE ID RELEASE 93%9694635	TRANSLATION OF STRUCTURAL PROTEINS%REACTOME DATABASE ID RELEASE 93%9694635		60	-0.39329636	-1.1500115	0.26196474	0.48359045	1.0	2682	tags=28%, list=15%, signal=33%	
CELLULAR RESPONSE TO XENOBIOTIC STIMULUS%GOBP%GO:0071466	CELLULAR RESPONSE TO XENOBIOTIC STIMULUS%GOBP%GO:0071466		78	-0.384586	-1.1499958	0.24317913	0.4834129	1.0	5226	tags=36%, list=30%, signal=51%	
HIV TRANSCRIPTION ELONGATION%REACTOME%R-HSA-167169.4	HIV TRANSCRIPTION ELONGATION%REACTOME%R-HSA-167169.4		37	-0.43518153	-1.1497061	0.2648579	0.48381245	1.0	5446	tags=41%, list=31%, signal=59%	
P38 MAPK SIGNALING%WIKIPATHWAYS_20250810%WP400%HOMO SAPIENS	P38 MAPK SIGNALING%WIKIPATHWAYS_20250810%WP400%HOMO SAPIENS		26	-0.45676568	-1.1497034	0.27247956	0.48360237	1.0	4037	tags=42%, list=23%, signal=55%	
STABILIZATION OF P53%REACTOME DATABASE ID RELEASE 93%69541	STABILIZATION OF P53%REACTOME DATABASE ID RELEASE 93%69541		42	-0.42713034	-1.1495785	0.25485122	0.48365647	1.0	5355	tags=38%, list=31%, signal=55%	
VASCULAR ENDOTHELIAL CELL RESPONSE TO LAMINAR FLUID SHEAR STRESS%GOBP%GO:0097700	VASCULAR ENDOTHELIAL CELL RESPONSE TO LAMINAR FLUID SHEAR STRESS%GOBP%GO:0097700		19	-0.48477194	-1.1492323	0.29492456	0.4842461	1.0	4101	tags=53%, list=23%, signal=69%	
STEROID BIOSYNTHESIS%PATHWHIZ%PW000050	STEROID BIOSYNTHESIS%PATHWHIZ%PW000050		21	-0.4791022	-1.1491233	0.29160935	0.4842829	1.0	4059	tags=48%, list=23%, signal=62%	
P53-INDEPENDENT G1 S DNA DAMAGE CHECKPOINT%REACTOME DATABASE ID RELEASE 93%69613	P53-INDEPENDENT G1 S DNA DAMAGE CHECKPOINT%REACTOME DATABASE ID RELEASE 93%69613		43	-0.41810447	-1.1490483	0.28335452	0.48424867	1.0	5503	tags=42%, list=32%, signal=61%	
UBIQUITIN-MEDIATED DEGRADATION OF PHOSPHORYLATED CDC25A%REACTOME DATABASE ID RELEASE 93%69601	UBIQUITIN-MEDIATED DEGRADATION OF PHOSPHORYLATED CDC25A%REACTOME DATABASE ID RELEASE 93%69601		43	-0.41810447	-1.1489639	0.26302415	0.48422858	1.0	5503	tags=42%, list=32%, signal=61%	
UBIQUITIN-DEPENDENT DEGRADATION OF CYCLIN D%REACTOME DATABASE ID RELEASE 93%75815	UBIQUITIN-DEPENDENT DEGRADATION OF CYCLIN D%REACTOME DATABASE ID RELEASE 93%75815		37	-0.42738968	-1.1487911	0.2513158	0.484424	1.0	5355	tags=41%, list=31%, signal=58%	
VESICLE CYTOSKELETAL TRAFFICKING%GOBP%GO:0099518	VESICLE CYTOSKELETAL TRAFFICKING%GOBP%GO:0099518		47	-0.41922408	-1.1486841	0.25660378	0.4844508	1.0	4869	tags=38%, list=28%, signal=53%	
PLATELET HOMEOSTASIS%REACTOME DATABASE ID RELEASE 93%418346	PLATELET HOMEOSTASIS%REACTOME DATABASE ID RELEASE 93%418346		68	-0.39035687	-1.1483251	0.24216868	0.48504215	1.0	2780	tags=25%, list=16%, signal=30%	
REGULATION OF MIRNA METABOLIC PROCESS%GOBP%GO:2000628	REGULATION OF MIRNA METABOLIC PROCESS%GOBP%GO:2000628		56	-0.4026542	-1.1481761	0.26169404	0.48517734	1.0	3558	tags=34%, list=20%, signal=42%	
REGULATION OF INTRACELLULAR PROTEIN TRANSPORT%GOBP%GO:0033157	REGULATION OF INTRACELLULAR PROTEIN TRANSPORT%GOBP%GO:0033157		97	-0.37534383	-1.148131	0.22016223	0.485068	1.0	3507	tags=29%, list=20%, signal=36%	
MYOMETRIAL RELAXATION AND CONTRACTION PATHWAYS%WIKIPATHWAYS_20250810%WP289%HOMO SAPIENS	MYOMETRIAL RELAXATION AND CONTRACTION PATHWAYS%WIKIPATHWAYS_20250810%WP289%HOMO SAPIENS		97	-0.37455866	-1.1475924	0.21911421	0.48611042	1.0	4062	tags=37%, list=23%, signal=48%	
STRESS-ACTIVATED PROTEIN KINASE SIGNALING CASCADE%GOBP%GO:0031098	STRESS-ACTIVATED PROTEIN KINASE SIGNALING CASCADE%GOBP%GO:0031098		17	-0.4959591	-1.1474705	0.28360215	0.48614836	1.0	2818	tags=29%, list=16%, signal=35%	
PID_IL1_PATHWAY%MSIGDB_C2%PID_IL1_PATHWAY	PID_IL1_PATHWAY%MSIGDB_C2%PID_IL1_PATHWAY		21	-0.47983083	-1.146678	0.31241474	0.48777658	1.0	1665	tags=24%, list=10%, signal=26%	
POSITIVE REGULATION OF NEURAL PRECURSOR CELL PROLIFERATION%GOBP%GO:2000179	POSITIVE REGULATION OF NEURAL PRECURSOR CELL PROLIFERATION%GOBP%GO:2000179		20	-0.4764817	-1.146492	0.31267217	0.48800442	1.0	3654	tags=40%, list=21%, signal=51%	
CERIVASTATIN ACTION PATHWAY%PATHWHIZ%PW000271	CERIVASTATIN ACTION PATHWAY%PATHWHIZ%PW000271		21	-0.4791022	-1.1464392	0.29403606	0.48790994	1.0	4059	tags=48%, list=23%, signal=62%	
POSITIVE REGULATION OF CELL-SUBSTRATE JUNCTION ORGANIZATION%GOBP%GO:0150117	POSITIVE REGULATION OF CELL-SUBSTRATE JUNCTION ORGANIZATION%GOBP%GO:0150117		22	-0.47126698	-1.1462741	0.2821577	0.4880661	1.0	4698	tags=64%, list=27%, signal=87%	
REGULATION OF AEROBIC RESPIRATION%GOBP%GO:1903715	REGULATION OF AEROBIC RESPIRATION%GOBP%GO:1903715		19	-0.49046668	-1.1462483	0.28150135	0.48790884	1.0	2583	tags=26%, list=15%, signal=31%	
METHYLATION%GOBP%GO:0032259	METHYLATION%GOBP%GO:0032259		100	-0.3754134	-1.146112	0.21974148	0.48799777	1.0	5187	tags=37%, list=30%, signal=52%	
TRANSCRIPTION OF THE HIV GENOME%REACTOME%R-HSA-167172.4	TRANSCRIPTION OF THE HIV GENOME%REACTOME%R-HSA-167172.4		62	-0.3912542	-1.1458418	0.23406863	0.48836562	1.0	5081	tags=34%, list=29%, signal=48%	
REGULATION OF NUCLEAR DIVISION%GOBP%GO:0051783	REGULATION OF NUCLEAR DIVISION%GOBP%GO:0051783		96	-0.3778147	-1.1457632	0.23210162	0.4883395	1.0	4349	tags=29%, list=25%, signal=39%	
BRANCHED-CHAIN AMINO ACID METABOLIC PROCESS%GOBP%GO:0009081	BRANCHED-CHAIN AMINO ACID METABOLIC PROCESS%GOBP%GO:0009081		23	-0.4688813	-1.145473	0.2782258	0.48879576	1.0	4436	tags=39%, list=25%, signal=52%	
PHOTORECEPTOR CELL MAINTENANCE%GOBP%GO:0045494	PHOTORECEPTOR CELL MAINTENANCE%GOBP%GO:0045494		32	-0.43381375	-1.1453596	0.29986963	0.48884055	1.0	1427	tags=19%, list=8%, signal=20%	
ZOLEDRONATE ACTION PATHWAY%PATHWHIZ%PW000270	ZOLEDRONATE ACTION PATHWAY%PATHWHIZ%PW000270		21	-0.4791022	-1.1452656	0.29755434	0.488858	1.0	4059	tags=48%, list=23%, signal=62%	
CHAPERONE-MEDIATED PROTEIN COMPLEX ASSEMBLY%GOBP%GO:0051131	CHAPERONE-MEDIATED PROTEIN COMPLEX ASSEMBLY%GOBP%GO:0051131		19	-0.49044088	-1.1452601	0.30125523	0.48865217	1.0	5155	tags=53%, list=30%, signal=75%	
RESPONSE TO GROWTH HORMONE%GOBP%GO:0060416	RESPONSE TO GROWTH HORMONE%GOBP%GO:0060416		18	-0.49136695	-1.1449606	0.29115647	0.48910648	1.0	2411	tags=39%, list=14%, signal=45%	
FLUVASTATIN ACTION PATHWAY%PATHWHIZ%PW000274	FLUVASTATIN ACTION PATHWAY%PATHWHIZ%PW000274		21	-0.4791022	-1.144885	0.29831934	0.48905343	1.0	4059	tags=48%, list=23%, signal=62%	
CHONDRODYSPLASIA PUNCTATA II, X-LINKED DOMINANT (CDPX2)%SMPDB%SMP0000388	CHONDRODYSPLASIA PUNCTATA II, X-LINKED DOMINANT (CDPX2)%SMPDB%SMP0000388		21	-0.4791022	-1.1445897	0.27884614	0.48951465	1.0	4059	tags=48%, list=23%, signal=62%	
REGULATION OF CYTOKINESIS%GOBP%GO:0032465	REGULATION OF CYTOKINESIS%GOBP%GO:0032465		75	-0.3837325	-1.1445336	0.23458283	0.48942044	1.0	4349	tags=36%, list=25%, signal=48%	
PHOSPHATIDYLINOSITOL PHOSPHATE METABOLISM%SMPDB%SMP0000463	PHOSPHATIDYLINOSITOL PHOSPHATE METABOLISM%SMPDB%SMP0000463		22	-0.4766453	-1.1445181	0.2883263	0.48924512	1.0	2759	tags=32%, list=16%, signal=38%	
REGULATION OF EPITHELIAL CELL DIFFERENTIATION%GOBP%GO:0030856	REGULATION OF EPITHELIAL CELL DIFFERENTIATION%GOBP%GO:0030856		74	-0.3898471	-1.1445178	0.23353294	0.48903072	1.0	2559	tags=24%, list=15%, signal=28%	
CELLULAR RESPONSE TO LIPOPROTEIN PARTICLE STIMULUS%GOBP%GO:0071402	CELLULAR RESPONSE TO LIPOPROTEIN PARTICLE STIMULUS%GOBP%GO:0071402		22	-0.47610864	-1.1443868	0.2917251	0.48912284	1.0	4119	tags=45%, list=24%, signal=59%	
PROTEIN-PROTEIN INTERACTIONS AT SYNAPSES%REACTOME%R-HSA-6794362.6	PROTEIN-PROTEIN INTERACTIONS AT SYNAPSES%REACTOME%R-HSA-6794362.6		68	-0.3905675	-1.1442112	0.23693803	0.4893156	1.0	3127	tags=31%, list=18%, signal=37%	
SYNTHESIS OF PIPS AT THE GOLGI MEMBRANE%REACTOME DATABASE ID RELEASE 93%1660514	SYNTHESIS OF PIPS AT THE GOLGI MEMBRANE%REACTOME DATABASE ID RELEASE 93%1660514		15	-0.5139924	-1.1441823	0.29243937	0.48917693	1.0	2746	tags=27%, list=16%, signal=32%	
GABA RECEPTOR ACTIVATION%REACTOME DATABASE ID RELEASE 93%977443	GABA RECEPTOR ACTIVATION%REACTOME DATABASE ID RELEASE 93%977443		46	-0.41224077	-1.1441664	0.27306733	0.4889993	1.0	782	tags=15%, list=4%, signal=16%	
CELLULAR RESPONSE TO UV%GOBP%GO:0034644	CELLULAR RESPONSE TO UV%GOBP%GO:0034644		68	-0.3873019	-1.143738	0.25606796	0.48975298	1.0	2470	tags=22%, list=14%, signal=26%	
MARKERS OF KIDNEY CELL LINEAGE%WIKIPATHWAYS_20250810%WP5236%HOMO SAPIENS	MARKERS OF KIDNEY CELL LINEAGE%WIKIPATHWAYS_20250810%WP5236%HOMO SAPIENS		40	-0.42310348	-1.1436754	0.25233644	0.48967746	1.0	1049	tags=25%, list=6%, signal=27%	
SELECTIVE AUTOPHAGY%REACTOME%R-HSA-9663891.5	SELECTIVE AUTOPHAGY%REACTOME%R-HSA-9663891.5		62	-0.39652497	-1.143505	0.24452555	0.48984626	1.0	4825	tags=40%, list=28%, signal=56%	
PEROXISOMAL MEMBRANE TRANSPORT%GOBP%GO:0015919	PEROXISOMAL MEMBRANE TRANSPORT%GOBP%GO:0015919		21	-0.47586522	-1.1434942	0.29931036	0.4896554	1.0	2438	tags=29%, list=14%, signal=33%	
TRAF6 MEDIATED NF-KB ACTIVATION%REACTOME%R-HSA-933542.3	TRAF6 MEDIATED NF-KB ACTIVATION%REACTOME%R-HSA-933542.3		21	-0.4777538	-1.1434585	0.30175912	0.48952025	1.0	1872	tags=33%, list=11%, signal=37%	
RNA POLYMERASE II PRE-TRANSCRIPTION EVENTS%REACTOME DATABASE ID RELEASE 93%674695	RNA POLYMERASE II PRE-TRANSCRIPTION EVENTS%REACTOME DATABASE ID RELEASE 93%674695		72	-0.3926909	-1.1430202	0.25391096	0.49030742	1.0	4863	tags=33%, list=28%, signal=46%	
NEGATIVE REGULATION OF TORC1 SIGNALING%GOBP%GO:1904262	NEGATIVE REGULATION OF TORC1 SIGNALING%GOBP%GO:1904262		44	-0.41080406	-1.1429396	0.25189874	0.4902834	1.0	3023	tags=34%, list=17%, signal=41%	
VIRAL BUDDING VIA HOST ESCRT COMPLEX%GOBP%GO:0039702	VIRAL BUDDING VIA HOST ESCRT COMPLEX%GOBP%GO:0039702		20	-0.48473963	-1.1424012	0.30371353	0.4912432	1.0	4321	tags=40%, list=25%, signal=53%	
PID_ATM_PATHWAY%MSIGDB_C2%PID_ATM_PATHWAY	PID_ATM_PATHWAY%MSIGDB_C2%PID_ATM_PATHWAY		24	-0.46162394	-1.1423199	0.27945206	0.49120036	1.0	4695	tags=33%, list=27%, signal=46%	
PAMIDRONATE ACTION PATHWAY%PATHWHIZ%PW000273	PAMIDRONATE ACTION PATHWAY%PATHWHIZ%PW000273		21	-0.4791022	-1.1422693	0.2867036	0.49109375	1.0	4059	tags=48%, list=23%, signal=62%	
OOCYTE DIFFERENTIATION%GOBP%GO:0009994	OOCYTE DIFFERENTIATION%GOBP%GO:0009994		16	-0.5000714	-1.1419995	0.30351907	0.49149063	1.0	6416	tags=56%, list=37%, signal=89%	
REGULATION OF BLOOD COAGULATION%GOBP%GO:0030193	REGULATION OF BLOOD COAGULATION%GOBP%GO:0030193		31	-0.4412567	-1.1416395	0.26902887	0.4920935	1.0	1514	tags=26%, list=9%, signal=28%	
REGULATION OF MRNA SPLICING, VIA SPLICEOSOME%GOBP%GO:0048024	REGULATION OF MRNA SPLICING, VIA SPLICEOSOME%GOBP%GO:0048024		91	-0.3788441	-1.1415787	0.2336892	0.49201456	1.0	4550	tags=33%, list=26%, signal=44%	
POSITIVE REGULATION OF LIPID METABOLIC PROCESS%GOBP%GO:0045834	POSITIVE REGULATION OF LIPID METABOLIC PROCESS%GOBP%GO:0045834		72	-0.3865591	-1.1414771	0.25371286	0.49202985	1.0	4309	tags=36%, list=25%, signal=48%	
SUMOYLATION OF SUMOYLATION PROTEINS%REACTOME DATABASE ID RELEASE 93%4085377	SUMOYLATION OF SUMOYLATION PROTEINS%REACTOME DATABASE ID RELEASE 93%4085377		31	-0.44120374	-1.1414596	0.2780679	0.49185592	1.0	2209	tags=23%, list=13%, signal=26%	
ESTABLISHMENT OF MITOTIC SPINDLE ORIENTATION%GOBP%GO:0000132	ESTABLISHMENT OF MITOTIC SPINDLE ORIENTATION%GOBP%GO:0000132		28	-0.44698235	-1.1410247	0.3042328	0.49264875	1.0	4716	tags=43%, list=27%, signal=59%	
EXPORT OF VIRAL RIBONUCLEOPROTEINS FROM NUCLEUS%REACTOME DATABASE ID RELEASE 93%168274	EXPORT OF VIRAL RIBONUCLEOPROTEINS FROM NUCLEUS%REACTOME DATABASE ID RELEASE 93%168274		29	-0.45020363	-1.1407803	0.2841678	0.49296522	1.0	7561	tags=66%, list=43%, signal=115%	
CELLULAR RESPONSE TO STEROID HORMONE STIMULUS%GOBP%GO:0071383	CELLULAR RESPONSE TO STEROID HORMONE STIMULUS%GOBP%GO:0071383		64	-0.3942552	-1.1407648	0.25305623	0.49277845	1.0	2215	tags=22%, list=13%, signal=25%	
REGULATION OF CYCLIN-DEPENDENT PROTEIN SERINE/THREONINE KINASE ACTIVITY%GOBP%GO:0000079	REGULATION OF CYCLIN-DEPENDENT PROTEIN SERINE/THREONINE KINASE ACTIVITY%GOBP%GO:0000079		31	-0.4397581	-1.140659	0.28040972	0.49279636	1.0	5081	tags=42%, list=29%, signal=59%	
OVERVIEW OF PROINFLAMMATORY AND PROFIBROTIC MEDIATORS%WIKIPATHWAYS_20250810%WP5095%HOMO SAPIENS	OVERVIEW OF PROINFLAMMATORY AND PROFIBROTIC MEDIATORS%WIKIPATHWAYS_20250810%WP5095%HOMO SAPIENS		24	-0.45457906	-1.140607	0.29614326	0.4926916	1.0	3122	tags=21%, list=18%, signal=25%	
PORPHYRIN-CONTAINING COMPOUND METABOLIC PROCESS%GOBP%GO:0006778	PORPHYRIN-CONTAINING COMPOUND METABOLIC PROCESS%GOBP%GO:0006778		32	-0.43732926	-1.140463	0.27390182	0.49281105	1.0	5578	tags=50%, list=32%, signal=73%	
NEGATIVE REGULATION OF KINASE ACTIVITY%GOBP%GO:0033673	NEGATIVE REGULATION OF KINASE ACTIVITY%GOBP%GO:0033673		59	-0.3954222	-1.1404201	0.25700366	0.49268642	1.0	5435	tags=51%, list=31%, signal=74%	
MITOTIC DNA INTEGRITY CHECKPOINT SIGNALING%GOBP%GO:0044774	MITOTIC DNA INTEGRITY CHECKPOINT SIGNALING%GOBP%GO:0044774		55	-0.40222135	-1.140365	0.25062343	0.49259305	1.0	5851	tags=44%, list=34%, signal=65%	
REACTIVE OXYGEN SPECIES METABOLIC PROCESS%GOBP%GO:0072593	REACTIVE OXYGEN SPECIES METABOLIC PROCESS%GOBP%GO:0072593		40	-0.42142043	-1.1402881	0.2733078	0.49256667	1.0	5225	tags=48%, list=30%, signal=68%	
STABILIZATION AND EXPANSION OF THE E-CADHERIN ADHERENS JUNCTION%PATHWAY INTERACTION DATABASE NCI-NATURE CURATED DATA%STABILIZATION AND EXPANSION OF THE E-CADHERIN ADHERENS JUNCTION	STABILIZATION AND EXPANSION OF THE E-CADHERIN ADHERENS JUNCTION%PATHWAY INTERACTION DATABASE NCI-NATURE CURATED DATA%STABILIZATION AND EXPANSION OF THE E-CADHERIN ADHERENS JUNCTION		38	-0.42767143	-1.1402608	0.28920308	0.49241322	1.0	6142	tags=55%, list=35%, signal=85%	
REGULATION OF NUCLEOCYTOPLASMIC TRANSPORT%GOBP%GO:0046822	REGULATION OF NUCLEOCYTOPLASMIC TRANSPORT%GOBP%GO:0046822		73	-0.38480434	-1.140242	0.25659472	0.49225107	1.0	5284	tags=42%, list=30%, signal=61%	
ROSUVASTATIN ACTION PATHWAY%SMPDB%SMP0000092	ROSUVASTATIN ACTION PATHWAY%SMPDB%SMP0000092		21	-0.4791022	-1.1400658	0.2746186	0.4924378	1.0	4059	tags=48%, list=23%, signal=62%	
MITOTIC DNA DAMAGE CHECKPOINT SIGNALING%GOBP%GO:0044773	MITOTIC DNA DAMAGE CHECKPOINT SIGNALING%GOBP%GO:0044773		51	-0.40405053	-1.139826	0.2837838	0.4927545	1.0	5851	tags=45%, list=34%, signal=68%	
KRABBE DISEASE%PATHWHIZ%PW000502	KRABBE DISEASE%PATHWHIZ%PW000502		18	-0.48507	-1.1397383	0.29090908	0.49272287	1.0	4034	tags=28%, list=23%, signal=36%	
PHENOL-CONTAINING COMPOUND METABOLIC PROCESS%GOBP%GO:0018958	PHENOL-CONTAINING COMPOUND METABOLIC PROCESS%GOBP%GO:0018958		33	-0.43486288	-1.1394165	0.26364848	0.4932294	1.0	1155	tags=21%, list=7%, signal=23%	
TELENCEPHALON DEVELOPMENT%GOBP%GO:0021537	TELENCEPHALON DEVELOPMENT%GOBP%GO:0021537		89	-0.37282085	-1.1392261	0.25028834	0.49343553	1.0	2653	tags=25%, list=15%, signal=29%	
FCERI MEDIATED MAPK ACTIVATION%REACTOME%R-HSA-2871796.4	FCERI MEDIATED MAPK ACTIVATION%REACTOME%R-HSA-2871796.4		23	-0.4670929	-1.1390208	0.29452056	0.49370158	1.0	3882	tags=39%, list=22%, signal=50%	
ESTABLISHMENT OF PROTEIN LOCALIZATION TO PEROXISOME%GOBP%GO:0072663	ESTABLISHMENT OF PROTEIN LOCALIZATION TO PEROXISOME%GOBP%GO:0072663		20	-0.47031918	-1.1387792	0.29655173	0.49401253	1.0	2438	tags=30%, list=14%, signal=35%	
SIGNALING BY EGFR IN CANCER%REACTOME%R-HSA-1643713.4	SIGNALING BY EGFR IN CANCER%REACTOME%R-HSA-1643713.4		20	-0.4790039	-1.1386644	0.2700831	0.49407923	1.0	4954	tags=55%, list=28%, signal=77%	
EFFECTS OF PIP2 HYDROLYSIS%REACTOME DATABASE ID RELEASE 93%114508	EFFECTS OF PIP2 HYDROLYSIS%REACTOME DATABASE ID RELEASE 93%114508		21	-0.47886512	-1.1383494	0.30014026	0.494614	1.0	4062	tags=52%, list=23%, signal=68%	
G ALPHA (12 13) SIGNALLING EVENTS%REACTOME%R-HSA-416482.7	G ALPHA (12 13) SIGNALLING EVENTS%REACTOME%R-HSA-416482.7		67	-0.3850059	-1.1381488	0.23677884	0.49485084	1.0	782	tags=13%, list=4%, signal=14%	
ANGIOPOIETIN RECEPTOR TIE2-MEDIATED SIGNALING%PATHWAY INTERACTION DATABASE NCI-NATURE CURATED DATA%ANGIOPOIETIN RECEPTOR TIE2-MEDIATED SIGNALING	ANGIOPOIETIN RECEPTOR TIE2-MEDIATED SIGNALING%PATHWAY INTERACTION DATABASE NCI-NATURE CURATED DATA%ANGIOPOIETIN RECEPTOR TIE2-MEDIATED SIGNALING		41	-0.41491815	-1.137962	0.29718876	0.49505746	1.0	3972	tags=46%, list=23%, signal=60%	
DEGRADATION OF AXIN%REACTOME%R-HSA-4641257.3	DEGRADATION OF AXIN%REACTOME%R-HSA-4641257.3		41	-0.41389415	-1.1375821	0.28331178	0.49569583	1.0	5355	tags=39%, list=31%, signal=56%	
TELOMERE MAINTENANCE VIA TELOMERE LENGTHENING%GOBP%GO:0010833	TELOMERE MAINTENANCE VIA TELOMERE LENGTHENING%GOBP%GO:0010833		25	-0.46631137	-1.1375676	0.29331514	0.4955192	1.0	5484	tags=44%, list=31%, signal=64%	
LOVASTATIN ACTION PATHWAY%SMPDB%SMP0000099	LOVASTATIN ACTION PATHWAY%SMPDB%SMP0000099		21	-0.4791022	-1.1374996	0.29211956	0.4954685	1.0	4059	tags=48%, list=23%, signal=62%	
GAUCHER DISEASE%PATHWHIZ%PW000201	GAUCHER DISEASE%PATHWHIZ%PW000201		18	-0.48507	-1.1374602	0.30939227	0.49535334	1.0	4034	tags=28%, list=23%, signal=36%	
PID_SMAD2_3NUCLEAR_PATHWAY%MSIGDB_C2%PID_SMAD2_3NUCLEAR_PATHWAY	PID_SMAD2_3NUCLEAR_PATHWAY%MSIGDB_C2%PID_SMAD2_3NUCLEAR_PATHWAY		58	-0.39398837	-1.1373898	0.2614458	0.49530098	1.0	1151	tags=16%, list=7%, signal=17%	
TRANSLATIONAL ELONGATION%GOBP%GO:0006414	TRANSLATIONAL ELONGATION%GOBP%GO:0006414		45	-0.40634447	-1.1372813	0.2647428	0.49533293	1.0	5074	tags=40%, list=29%, signal=56%	
SIGNALING BY ERBB4%REACTOME DATABASE ID RELEASE 93%1236394	SIGNALING BY ERBB4%REACTOME DATABASE ID RELEASE 93%1236394		46	-0.4116615	-1.1371772	0.28316328	0.49535346	1.0	4104	tags=37%, list=24%, signal=48%	
INTEGRIN FAMILY CELL SURFACE INTERACTIONS%PATHWAY INTERACTION DATABASE NCI-NATURE CURATED DATA%INTEGRIN FAMILY CELL SURFACE INTERACTIONS	INTEGRIN FAMILY CELL SURFACE INTERACTIONS%PATHWAY INTERACTION DATABASE NCI-NATURE CURATED DATA%INTEGRIN FAMILY CELL SURFACE INTERACTIONS		16	-0.4936139	-1.1370018	0.30272597	0.4955328	1.0	536	tags=13%, list=3%, signal=13%	
PID_LYSOPHOSPHOLIPID_PATHWAY%MSIGDB_C2%PID_LYSOPHOSPHOLIPID_PATHWAY	PID_LYSOPHOSPHOLIPID_PATHWAY%MSIGDB_C2%PID_LYSOPHOSPHOLIPID_PATHWAY		43	-0.41700348	-1.1369817	0.2607595	0.4953723	1.0	4213	tags=49%, list=24%, signal=64%	
REGULATION OF APC C ACTIVATORS BETWEEN G1 S AND EARLY ANAPHASE%REACTOME DATABASE ID RELEASE 93%176408	REGULATION OF APC C ACTIVATORS BETWEEN G1 S AND EARLY ANAPHASE%REACTOME DATABASE ID RELEASE 93%176408		67	-0.38990304	-1.1369463	0.2411693	0.49523762	1.0	6640	tags=51%, list=38%, signal=82%	
NEGATIVE REGULATION OF G PROTEIN-COUPLED RECEPTOR SIGNALING PATHWAY%GOBP%GO:0045744	NEGATIVE REGULATION OF G PROTEIN-COUPLED RECEPTOR SIGNALING PATHWAY%GOBP%GO:0045744		35	-0.4305601	-1.1367778	0.28686327	0.4954265	1.0	3181	tags=34%, list=18%, signal=42%	
REGULATION OF LAMELLIPODIUM ASSEMBLY%GOBP%GO:0010591	REGULATION OF LAMELLIPODIUM ASSEMBLY%GOBP%GO:0010591		28	-0.45389482	-1.1367345	0.27972972	0.4953229	1.0	3060	tags=25%, list=18%, signal=30%	
P53 TRANSCRIPTIONAL GENE NETWORK%WIKIPATHWAYS_20250810%WP4963%HOMO SAPIENS	P53 TRANSCRIPTIONAL GENE NETWORK%WIKIPATHWAYS_20250810%WP4963%HOMO SAPIENS		70	-0.3906572	-1.1367003	0.26	0.49519506	1.0	2756	tags=20%, list=16%, signal=24%	
PROCESSING OF CAPPED INTRONLESS PRE-MRNA%REACTOME DATABASE ID RELEASE 93%75067	PROCESSING OF CAPPED INTRONLESS PRE-MRNA%REACTOME DATABASE ID RELEASE 93%75067		28	-0.44006073	-1.1365749	0.27694407	0.49524933	1.0	5457	tags=46%, list=31%, signal=67%	
NEGATIVE REGULATION OF ESTABLISHMENT OF PROTEIN LOCALIZATION%GOBP%GO:1904950	NEGATIVE REGULATION OF ESTABLISHMENT OF PROTEIN LOCALIZATION%GOBP%GO:1904950		74	-0.38085145	-1.1363968	0.25795054	0.49548453	1.0	1415	tags=19%, list=8%, signal=20%	
FBXL7 DOWN-REGULATES AURKA DURING MITOTIC ENTRY AND IN EARLY MITOSIS%REACTOME DATABASE ID RELEASE 93%8854050	FBXL7 DOWN-REGULATES AURKA DURING MITOTIC ENTRY AND IN EARLY MITOSIS%REACTOME DATABASE ID RELEASE 93%8854050		41	-0.41955438	-1.1363536	0.27122942	0.49536723	1.0	5439	tags=44%, list=31%, signal=64%	
REGULATION OF INTERLEUKIN-10 PRODUCTION%GOBP%GO:0032653	REGULATION OF INTERLEUKIN-10 PRODUCTION%GOBP%GO:0032653		22	-0.46615976	-1.1362678	0.30068967	0.4953523	1.0	2582	tags=27%, list=15%, signal=32%	
PID_PLK1_PATHWAY%MSIGDB_C2%PID_PLK1_PATHWAY	PID_PLK1_PATHWAY%MSIGDB_C2%PID_PLK1_PATHWAY		34	-0.42966947	-1.136025	0.29388297	0.4956652	1.0	5042	tags=47%, list=29%, signal=66%	
NEGATIVE REGULATION OF CALCIUM ION TRANSPORT%GOBP%GO:0051926	NEGATIVE REGULATION OF CALCIUM ION TRANSPORT%GOBP%GO:0051926		28	-0.44448063	-1.1360091	0.29644808	0.49549022	1.0	2272	tags=25%, list=13%, signal=29%	
REGULATION OF EARLY ENDOSOME TO LATE ENDOSOME TRANSPORT%GOBP%GO:2000641	REGULATION OF EARLY ENDOSOME TO LATE ENDOSOME TRANSPORT%GOBP%GO:2000641		18	-0.48571765	-1.1349201	0.30169973	0.4977538	1.0	3391	tags=33%, list=19%, signal=41%	
POSITIVE REGULATION OF BINDING%GOBP%GO:0051099	POSITIVE REGULATION OF BINDING%GOBP%GO:0051099		36	-0.42740637	-1.1349043	0.28005284	0.4975764	1.0	2977	tags=22%, list=17%, signal=27%	
TELOMERE EXTENSION BY TELOMERASE%REACTOME DATABASE ID RELEASE 93%171319	TELOMERE EXTENSION BY TELOMERASE%REACTOME DATABASE ID RELEASE 93%171319		23	-0.46556655	-1.1348327	0.2835821	0.49752015	1.0	5833	tags=52%, list=33%, signal=78%	
RNA DESTABILIZATION%GOBP%GO:0050779	RNA DESTABILIZATION%GOBP%GO:0050779		66	-0.38896236	-1.1348157	0.2600243	0.49734426	1.0	5333	tags=47%, list=31%, signal=67%	
ACTIVATION OF MATRIX METALLOPROTEINASES%REACTOME DATABASE ID RELEASE 93%1592389	ACTIVATION OF MATRIX METALLOPROTEINASES%REACTOME DATABASE ID RELEASE 93%1592389		15	-0.50817335	-1.1347357	0.30416667	0.4973154	1.0	2106	tags=27%, list=12%, signal=30%	
REGULATION OF MUSCLE ADAPTATION%GOBP%GO:0043502	REGULATION OF MUSCLE ADAPTATION%GOBP%GO:0043502		39	-0.41943207	-1.1345581	0.27799737	0.49748775	1.0	1747	tags=21%, list=10%, signal=23%	
NEGATIVE REGULATION OF PROTEIN-CONTAINING COMPLEX ASSEMBLY%GOBP%GO:0031333	NEGATIVE REGULATION OF PROTEIN-CONTAINING COMPLEX ASSEMBLY%GOBP%GO:0031333		87	-0.37368125	-1.1343517	0.23583815	0.49775034	1.0	3208	tags=24%, list=18%, signal=29%	
CHROMOSOME MAINTENANCE%REACTOME DATABASE ID RELEASE 93%73886	CHROMOSOME MAINTENANCE%REACTOME DATABASE ID RELEASE 93%73886		86	-0.37456864	-1.1340849	0.25813952	0.49814016	1.0	5833	tags=43%, list=33%, signal=64%	
OXYSTEROLS DERIVED FROM CHOLESTEROL%WIKIPATHWAYS_20250810%WP4545%HOMO SAPIENS	OXYSTEROLS DERIVED FROM CHOLESTEROL%WIKIPATHWAYS_20250810%WP4545%HOMO SAPIENS		20	-0.47644976	-1.1337892	0.30027547	0.49860156	1.0	3844	tags=45%, list=22%, signal=58%	
BIOCARTA_CELLCYCLE_PATHWAY%MSIGDB_C2%BIOCARTA_CELLCYCLE_PATHWAY	BIOCARTA_CELLCYCLE_PATHWAY%MSIGDB_C2%BIOCARTA_CELLCYCLE_PATHWAY		18	-0.4929078	-1.1337557	0.3051576	0.49846998	1.0	1343	tags=17%, list=8%, signal=18%	
NADP+ METABOLIC PROCESS%GOBP%GO:0006739	NADP+ METABOLIC PROCESS%GOBP%GO:0006739		21	-0.47360808	-1.133659	0.30440772	0.49848056	1.0	5511	tags=52%, list=32%, signal=76%	
REGULATION OF TRANSLATIONAL INITIATION%GOBP%GO:0006446	REGULATION OF TRANSLATIONAL INITIATION%GOBP%GO:0006446		71	-0.38577208	-1.133376	0.24422844	0.4989207	1.0	4816	tags=37%, list=28%, signal=50%	
RNA STABILIZATION%GOBP%GO:0043489	RNA STABILIZATION%GOBP%GO:0043489		53	-0.40186083	-1.1332759	0.26455697	0.49891606	1.0	1889	tags=15%, list=11%, signal=17%	
REGULATION OF LEUKOCYTE MEDIATED IMMUNITY%GOBP%GO:0002703	REGULATION OF LEUKOCYTE MEDIATED IMMUNITY%GOBP%GO:0002703		90	-0.37689626	-1.1332403	0.25028703	0.49877405	1.0	4171	tags=34%, list=24%, signal=45%	
REGULATION OF AUTOPHAGOSOME ASSEMBLY%GOBP%GO:2000785	REGULATION OF AUTOPHAGOSOME ASSEMBLY%GOBP%GO:2000785		41	-0.41837972	-1.133095	0.29095674	0.49887854	1.0	3450	tags=27%, list=20%, signal=33%	
ISOPRENOID METABOLIC PROCESS%GOBP%GO:0006720	ISOPRENOID METABOLIC PROCESS%GOBP%GO:0006720		60	-0.39342782	-1.1330212	0.24664225	0.49883708	1.0	1319	tags=17%, list=8%, signal=18%	
CELL SURFACE INTERACTIONS AT THE VASCULAR WALL%REACTOME DATABASE ID RELEASE 93%202733	CELL SURFACE INTERACTIONS AT THE VASCULAR WALL%REACTOME DATABASE ID RELEASE 93%202733		72	-0.38317588	-1.1329068	0.25	0.49888676	1.0	4219	tags=29%, list=24%, signal=38%	
CYTOSOLIC SENSORS OF PATHOGEN-ASSOCIATED DNA%REACTOME%R-HSA-1834949.6	CYTOSOLIC SENSORS OF PATHOGEN-ASSOCIATED DNA%REACTOME%R-HSA-1834949.6		54	-0.40336448	-1.1328739	0.27862597	0.49874702	1.0	5216	tags=46%, list=30%, signal=66%	
AXON GUIDANCE MEDIATED BY SLIT ROBO%PANTHER PATHWAY%P00008	AXON GUIDANCE MEDIATED BY SLIT ROBO%PANTHER PATHWAY%P00008		16	-0.49623606	-1.1328665	0.32112676	0.4985491	1.0	856	tags=25%, list=5%, signal=26%	
NEGATIVE REGULATION OF TRANSFERASE ACTIVITY%GOBP%GO:0051348	NEGATIVE REGULATION OF TRANSFERASE ACTIVITY%GOBP%GO:0051348		71	-0.38168323	-1.1328115	0.25030527	0.49846125	1.0	5435	tags=48%, list=31%, signal=69%	
FEMALE PREGNANCY%GOBP%GO:0007565	FEMALE PREGNANCY%GOBP%GO:0007565		38	-0.42559007	-1.1327345	0.2925878	0.49840242	1.0	1611	tags=13%, list=9%, signal=14%	
REGULATION OF APOPTOSIS%REACTOME DATABASE ID RELEASE 93%169911	REGULATION OF APOPTOSIS%REACTOME DATABASE ID RELEASE 93%169911		39	-0.4315295	-1.1326451	0.2977303	0.4984	1.0	5355	tags=41%, list=31%, signal=59%	
CELLULAR OXIDANT DETOXIFICATION%GOBP%GO:0098869	CELLULAR OXIDANT DETOXIFICATION%GOBP%GO:0098869		15	-0.5053488	-1.1322951	0.3189415	0.4989644	1.0	5225	tags=47%, list=30%, signal=67%	
MEIOTIC CELL CYCLE PROCESS%GOBP%GO:1903046	MEIOTIC CELL CYCLE PROCESS%GOBP%GO:1903046		95	-0.3652987	-1.1321659	0.22857143	0.49903473	1.0	4332	tags=33%, list=25%, signal=43%	
CALCIUM SIGNALING IN THE CD4+ TCR PATHWAY%PATHWAY INTERACTION DATABASE NCI-NATURE CURATED DATA%CALCIUM SIGNALING IN THE CD4+ TCR PATHWAY	CALCIUM SIGNALING IN THE CD4+ TCR PATHWAY%PATHWAY INTERACTION DATABASE NCI-NATURE CURATED DATA%CALCIUM SIGNALING IN THE CD4+ TCR PATHWAY		16	-0.4997727	-1.1321476	0.30958903	0.4988559	1.0	4727	tags=56%, list=27%, signal=77%	
REGULATION OF STEM CELL POPULATION MAINTENANCE%GOBP%GO:2000036	REGULATION OF STEM CELL POPULATION MAINTENANCE%GOBP%GO:2000036		52	-0.39903298	-1.1318666	0.2795031	0.49926525	1.0	4167	tags=37%, list=24%, signal=48%	
CROSS-PRESENTATION OF SOLUBLE EXOGENOUS ANTIGENS (ENDOSOMES)%REACTOME%R-HSA-1236978.5	CROSS-PRESENTATION OF SOLUBLE EXOGENOUS ANTIGENS (ENDOSOMES)%REACTOME%R-HSA-1236978.5		35	-0.4276204	-1.1317366	0.28366014	0.49936134	1.0	5355	tags=40%, list=31%, signal=58%	
CHILD SYNDROME%PATHWHIZ%PW000096	CHILD SYNDROME%PATHWHIZ%PW000096		21	-0.4791022	-1.1310538	0.32328767	0.5006988	1.0	4059	tags=48%, list=23%, signal=62%	
DEVELOPMENTAL MATURATION%GOBP%GO:0021700	DEVELOPMENTAL MATURATION%GOBP%GO:0021700		97	-0.366929	-1.1309334	0.23556583	0.5007467	1.0	4376	tags=41%, list=25%, signal=55%	
POSITIVE REGULATION OF PROTEIN LOCALIZATION TO NUCLEUS%GOBP%GO:1900182	POSITIVE REGULATION OF PROTEIN LOCALIZATION TO NUCLEUS%GOBP%GO:1900182		64	-0.39027205	-1.1308179	0.2654321	0.5008253	1.0	5250	tags=41%, list=30%, signal=58%	
DNA CONFORMATION CHANGE%GOBP%GO:0071103	DNA CONFORMATION CHANGE%GOBP%GO:0071103		17	-0.49374977	-1.1306665	0.33381295	0.5009662	1.0	4695	tags=41%, list=27%, signal=56%	
NITRIC OXIDE STIMULATES GUANYLATE CYCLASE%REACTOME%R-HSA-392154.3	NITRIC OXIDE STIMULATES GUANYLATE CYCLASE%REACTOME%R-HSA-392154.3		15	-0.5022163	-1.1302335	0.32	0.50176954	1.0	1747	tags=27%, list=10%, signal=30%	
FOREBRAIN GENERATION OF NEURONS%GOBP%GO:0021872	FOREBRAIN GENERATION OF NEURONS%GOBP%GO:0021872		28	-0.44271535	-1.1301037	0.29058662	0.5018418	1.0	1049	tags=18%, list=6%, signal=19%	
LIPOPROTEIN METABOLIC PROCESS%GOBP%GO:0042157	LIPOPROTEIN METABOLIC PROCESS%GOBP%GO:0042157		38	-0.42011482	-1.130006	0.28081322	0.50186545	1.0	3104	tags=32%, list=18%, signal=38%	
GLOBOID CELL LEUKODYSTROPHY%PATHWHIZ%PW000202	GLOBOID CELL LEUKODYSTROPHY%PATHWHIZ%PW000202		18	-0.48507	-1.1297287	0.32443258	0.5022909	1.0	4034	tags=28%, list=23%, signal=36%	
NEGATIVE REGULATION OF SISTER CHROMATID SEGREGATION%GOBP%GO:0033046	NEGATIVE REGULATION OF SISTER CHROMATID SEGREGATION%GOBP%GO:0033046		28	-0.44143823	-1.1296892	0.30706522	0.5021638	1.0	3549	tags=25%, list=20%, signal=31%	
AFFECTED PATHWAYS IN DUCHENNE MUSCULAR DYSTROPHY%WIKIPATHWAYS_20250810%WP5356%HOMO SAPIENS	AFFECTED PATHWAYS IN DUCHENNE MUSCULAR DYSTROPHY%WIKIPATHWAYS_20250810%WP5356%HOMO SAPIENS		40	-0.41692212	-1.1295494	0.30191082	0.5022581	1.0	2711	tags=33%, list=16%, signal=38%	
REGULATION OF IMMUNOGLOBULIN PRODUCTION%GOBP%GO:0002637	REGULATION OF IMMUNOGLOBULIN PRODUCTION%GOBP%GO:0002637		22	-0.46933183	-1.1294396	0.30245233	0.5022967	1.0	3128	tags=45%, list=18%, signal=55%	
DESMOSTEROLOSIS%PATHWHIZ%PW000097	DESMOSTEROLOSIS%PATHWHIZ%PW000097		21	-0.4791022	-1.129345	0.2943604	0.5023083	1.0	4059	tags=48%, list=23%, signal=62%	
SIALIC ACID METABOLISM%REACTOME DATABASE ID RELEASE 93%4085001	SIALIC ACID METABOLISM%REACTOME DATABASE ID RELEASE 93%4085001		29	-0.44315648	-1.1293056	0.31224763	0.50219166	1.0	2321	tags=24%, list=13%, signal=28%	
HORMONE METABOLIC PROCESS%GOBP%GO:0042445	HORMONE METABOLIC PROCESS%GOBP%GO:0042445		73	-0.38359702	-1.1292303	0.26779252	0.50215775	1.0	1507	tags=15%, list=9%, signal=16%	
TRANSCRIPTIONAL REGULATION BY SMALL RNAS%REACTOME%R-HSA-5578749.7	TRANSCRIPTIONAL REGULATION BY SMALL RNAS%REACTOME%R-HSA-5578749.7		42	-0.415716	-1.1289307	0.27261147	0.50262755	1.0	7722	tags=62%, list=44%, signal=111%	
POSITIVE REGULATION OF CHROMOSOME ORGANIZATION%GOBP%GO:2001252	POSITIVE REGULATION OF CHROMOSOME ORGANIZATION%GOBP%GO:2001252		94	-0.3707557	-1.1289304	0.27068558	0.50241727	1.0	6343	tags=48%, list=36%, signal=75%	
REGULATION OF INTRACELLULAR STEROID HORMONE RECEPTOR SIGNALING PATHWAY%GOBP%GO:0033143	REGULATION OF INTRACELLULAR STEROID HORMONE RECEPTOR SIGNALING PATHWAY%GOBP%GO:0033143		56	-0.38846457	-1.1287363	0.28105396	0.50265914	1.0	4145	tags=32%, list=24%, signal=42%	
MAINTENANCE OF PROTEIN LOCATION IN NUCLEUS%GOBP%GO:0051457	MAINTENANCE OF PROTEIN LOCATION IN NUCLEUS%GOBP%GO:0051457		18	-0.48585746	-1.1286085	0.32806325	0.50274783	1.0	2703	tags=28%, list=15%, signal=33%	
BIOCARTA_VEGF_PATHWAY%MSIGDB_C2%BIOCARTA_VEGF_PATHWAY	BIOCARTA_VEGF_PATHWAY%MSIGDB_C2%BIOCARTA_VEGF_PATHWAY		21	-0.47258714	-1.1285278	0.30655956	0.5027316	1.0	4956	tags=38%, list=28%, signal=53%	
FOXO FAMILY SIGNALING%PATHWAY INTERACTION DATABASE NCI-NATURE CURATED DATA%FOXO FAMILY SIGNALING	FOXO FAMILY SIGNALING%PATHWAY INTERACTION DATABASE NCI-NATURE CURATED DATA%FOXO FAMILY SIGNALING		46	-0.40640756	-1.1281033	0.27939317	0.5034799	1.0	6391	tags=52%, list=37%, signal=82%	
ENDODERMAL CELL DIFFERENTIATION%GOBP%GO:0035987	ENDODERMAL CELL DIFFERENTIATION%GOBP%GO:0035987		29	-0.44139686	-1.127628	0.28838453	0.50434923	1.0	2959	tags=21%, list=17%, signal=25%	
REGULATION OF ORNITHINE DECARBOXYLASE (ODC)%REACTOME%R-HSA-350562.5	REGULATION OF ORNITHINE DECARBOXYLASE (ODC)%REACTOME%R-HSA-350562.5		37	-0.42197174	-1.1271266	0.289987	0.5052293	1.0	3113	tags=24%, list=18%, signal=30%	
METACHROMATIC LEUKODYSTROPHY (MLD)%SMPDB%SMP0000347	METACHROMATIC LEUKODYSTROPHY (MLD)%SMPDB%SMP0000347		18	-0.48507	-1.1271051	0.3244382	0.50506574	1.0	4034	tags=28%, list=23%, signal=36%	
GLYCOLYSIS%PANTHER PATHWAY%P00024	GLYCOLYSIS%PANTHER PATHWAY%P00024		15	-0.5060299	-1.1263461	0.33474576	0.5065611	1.0	3545	tags=60%, list=20%, signal=75%	
COMPLEX IV ASSEMBLY%REACTOME%R-HSA-9864848.2	COMPLEX IV ASSEMBLY%REACTOME%R-HSA-9864848.2		42	-0.41661662	-1.1262423	0.28826532	0.50658154	1.0	4094	tags=31%, list=23%, signal=40%	
MEMBRANE FISSION%GOBP%GO:0090148	MEMBRANE FISSION%GOBP%GO:0090148		42	-0.4131643	-1.1260515	0.29268292	0.5067932	1.0	4321	tags=38%, list=25%, signal=50%	
NEGATIVE REGULATION OF MITOTIC METAPHASE/ANAPHASE TRANSITION%GOBP%GO:0045841	NEGATIVE REGULATION OF MITOTIC METAPHASE/ANAPHASE TRANSITION%GOBP%GO:0045841		28	-0.44143823	-1.125939	0.30347595	0.50685453	1.0	3549	tags=25%, list=20%, signal=31%	
REGULATION OF VIRAL GENOME REPLICATION%GOBP%GO:0045069	REGULATION OF VIRAL GENOME REPLICATION%GOBP%GO:0045069		50	-0.40480566	-1.1253166	0.27616647	0.50802124	1.0	6874	tags=54%, list=39%, signal=89%	
PROTEIN UBIQUITINATION%REACTOME DATABASE ID RELEASE 93%8852135	PROTEIN UBIQUITINATION%REACTOME DATABASE ID RELEASE 93%8852135		62	-0.39296147	-1.1249237	0.28070176	0.5087191	1.0	4324	tags=35%, list=25%, signal=47%	
HEMOSTASIS%GOBP%GO:0007599	HEMOSTASIS%GOBP%GO:0007599		81	-0.3724727	-1.1248225	0.27124563	0.5087432	1.0	3905	tags=36%, list=22%, signal=46%	
NEGATIVE REGULATION OF TOR SIGNALING%GOBP%GO:0032007	NEGATIVE REGULATION OF TOR SIGNALING%GOBP%GO:0032007		63	-0.38922325	-1.1247883	0.25710902	0.50860405	1.0	3023	tags=29%, list=17%, signal=34%	
SPHINGOLIPID METABOLISM%SMPDB%SMP0000034	SPHINGOLIPID METABOLISM%SMPDB%SMP0000034		18	-0.48507	-1.1244081	0.3118881	0.509251	1.0	4034	tags=28%, list=23%, signal=36%	
NEGATIVE REGULATION OF TRANSLATIONAL INITIATION%GOBP%GO:0045947	NEGATIVE REGULATION OF TRANSLATIONAL INITIATION%GOBP%GO:0045947		21	-0.4690235	-1.1241791	0.31756756	0.5095591	1.0	4299	tags=38%, list=25%, signal=50%	
BRANCHED-CHAIN AMINO ACID CATABOLISM%REACTOME%R-HSA-70895.8	BRANCHED-CHAIN AMINO ACID CATABOLISM%REACTOME%R-HSA-70895.8		21	-0.46166083	-1.1241516	0.32303372	0.50940675	1.0	4436	tags=43%, list=25%, signal=57%	
FIBRIN COMPLEMENT RECEPTOR 3 SIGNALING%WIKIPATHWAYS_20250810%WP4136%HOMO SAPIENS	FIBRIN COMPLEMENT RECEPTOR 3 SIGNALING%WIKIPATHWAYS_20250810%WP4136%HOMO SAPIENS		21	-0.46923742	-1.1241413	0.29863015	0.5092162	1.0	1665	tags=24%, list=10%, signal=26%	
FORMATION OF RNA POL II ELONGATION COMPLEX%REACTOME%R-HSA-112382.4	FORMATION OF RNA POL II ELONGATION COMPLEX%REACTOME%R-HSA-112382.4		51	-0.3941749	-1.1239984	0.28535032	0.5093231	1.0	5446	tags=39%, list=31%, signal=57%	
PROTON TRANSMEMBRANE TRANSPORT%GOBP%GO:1902600	PROTON TRANSMEMBRANE TRANSPORT%GOBP%GO:1902600		40	-0.41110793	-1.1239642	0.2991014	0.50918	1.0	2915	tags=25%, list=17%, signal=30%	
REGULATION OF ACTIVATED T CELL PROLIFERATION%GOBP%GO:0046006	REGULATION OF ACTIVATED T CELL PROLIFERATION%GOBP%GO:0046006		17	-0.49128476	-1.1239325	0.3270073	0.5090369	1.0	2391	tags=24%, list=14%, signal=27%	
G ALPHA (Z) SIGNALLING EVENTS%REACTOME DATABASE ID RELEASE 93%418597	G ALPHA (Z) SIGNALLING EVENTS%REACTOME DATABASE ID RELEASE 93%418597		39	-0.42256314	-1.1238852	0.3051948	0.508923	1.0	4213	tags=38%, list=24%, signal=51%	
REGULATION OF EXTRINSIC APOPTOTIC SIGNALING PATHWAY%GOBP%GO:2001236	REGULATION OF EXTRINSIC APOPTOTIC SIGNALING PATHWAY%GOBP%GO:2001236		83	-0.37743333	-1.1236764	0.25864124	0.50917226	1.0	1758	tags=23%, list=10%, signal=25%	
REGULATION OF MONONUCLEAR CELL MIGRATION%GOBP%GO:0071675	REGULATION OF MONONUCLEAR CELL MIGRATION%GOBP%GO:0071675		68	-0.3833864	-1.1236423	0.2706027	0.5090386	1.0	3973	tags=29%, list=23%, signal=38%	
GLYCOLIPID METABOLIC PROCESS%GOBP%GO:0006664	GLYCOLIPID METABOLIC PROCESS%GOBP%GO:0006664		75	-0.37789336	-1.1235644	0.2688679	0.5089994	1.0	5810	tags=44%, list=33%, signal=66%	
BIOCARTA_IGF1MTOR_PATHWAY%MSIGDB_C2%BIOCARTA_IGF1MTOR_PATHWAY	BIOCARTA_IGF1MTOR_PATHWAY%MSIGDB_C2%BIOCARTA_IGF1MTOR_PATHWAY		18	-0.47566795	-1.1230632	0.33286318	0.50989383	1.0	3536	tags=33%, list=20%, signal=42%	
SODIUM ION TRANSPORT%GOBP%GO:0006814	SODIUM ION TRANSPORT%GOBP%GO:0006814		80	-0.37571362	-1.122364	0.2609209	0.5112677	1.0	2174	tags=20%, list=12%, signal=23%	
VITAMIN A AND CAROTENOID METABOLISM%WIKIPATHWAYS_20250810%WP716%HOMO SAPIENS	VITAMIN A AND CAROTENOID METABOLISM%WIKIPATHWAYS_20250810%WP716%HOMO SAPIENS		26	-0.4445272	-1.1222531	0.3002611	0.511296	1.0	2564	tags=23%, list=15%, signal=27%	
PI3K CASCADE%REACTOME DATABASE ID RELEASE 93%109704	PI3K CASCADE%REACTOME DATABASE ID RELEASE 93%109704		19	-0.47284117	-1.1222259	0.29793105	0.51114607	1.0	4883	tags=47%, list=28%, signal=66%	
NONHOMOLOGOUS END-JOINING (NHEJ)%REACTOME%R-HSA-5693571.3	NONHOMOLOGOUS END-JOINING (NHEJ)%REACTOME%R-HSA-5693571.3		29	-0.43894416	-1.1219475	0.31191432	0.51157016	1.0	3828	tags=28%, list=22%, signal=35%	
REGULATION OF INTERLEUKIN-2 PRODUCTION%GOBP%GO:0032663	REGULATION OF INTERLEUKIN-2 PRODUCTION%GOBP%GO:0032663		23	-0.46225157	-1.1219306	0.31621623	0.5114008	1.0	1719	tags=30%, list=10%, signal=34%	
DETECTION OF CHEMICAL STIMULUS%GOBP%GO:0009593	DETECTION OF CHEMICAL STIMULUS%GOBP%GO:0009593		31	-0.43279123	-1.1217891	0.2794872	0.5115096	1.0	1145	tags=13%, list=7%, signal=14%	
TRANSLESION SYNTHESIS%GOBP%GO:0019985	TRANSLESION SYNTHESIS%GOBP%GO:0019985		24	-0.45651463	-1.1208565	0.33514985	0.5133713	1.0	4979	tags=50%, list=29%, signal=70%	
RMTS METHYLATE HISTONE ARGININES%REACTOME DATABASE ID RELEASE 93%3214858	RMTS METHYLATE HISTONE ARGININES%REACTOME DATABASE ID RELEASE 93%3214858		29	-0.43778464	-1.1207205	0.3090909	0.5134733	1.0	4564	tags=38%, list=26%, signal=51%	
APC C:CDC20 MEDIATED DEGRADATION OF SECURIN%REACTOME DATABASE ID RELEASE 93%174154	APC C:CDC20 MEDIATED DEGRADATION OF SECURIN%REACTOME DATABASE ID RELEASE 93%174154		54	-0.39599255	-1.1205821	0.29643297	0.5135707	1.0	5355	tags=39%, list=31%, signal=56%	
BIOCARTA_P38MAPK_PATHWAY%MSIGDB_C2%BIOCARTA_P38MAPK_PATHWAY	BIOCARTA_P38MAPK_PATHWAY%MSIGDB_C2%BIOCARTA_P38MAPK_PATHWAY		27	-0.43583897	-1.1204932	0.30718085	0.5135641	1.0	4037	tags=41%, list=23%, signal=53%	
EGFR TYROSINE KINASE INHIBITOR RESISTANCE%WIKIPATHWAYS_20250810%WP4806%HOMO SAPIENS	EGFR TYROSINE KINASE INHIBITOR RESISTANCE%WIKIPATHWAYS_20250810%WP4806%HOMO SAPIENS		66	-0.3832517	-1.1203558	0.2706027	0.51365507	1.0	2818	tags=35%, list=16%, signal=41%	
VIRAL BUDDING%GOBP%GO:0046755	VIRAL BUDDING%GOBP%GO:0046755		23	-0.46134296	-1.1201675	0.31897712	0.51385546	1.0	5635	tags=48%, list=32%, signal=71%	
REGULATION OF SKELETAL MUSCLE CELL DIFFERENTIATION%GOBP%GO:2001014	REGULATION OF SKELETAL MUSCLE CELL DIFFERENTIATION%GOBP%GO:2001014		15	-0.5018101	-1.1201597	0.3243243	0.51365685	1.0	1458	tags=27%, list=8%, signal=29%	
NF-KB SIGNALING PATHWAY%PATHWHIZ%PW064818	NF-KB SIGNALING PATHWAY%PATHWHIZ%PW064818		21	-0.46682033	-1.1197718	0.32625994	0.51429856	1.0	3966	tags=48%, list=23%, signal=62%	
FC RECEPTOR SIGNALING PATHWAY%GOBP%GO:0038093	FC RECEPTOR SIGNALING PATHWAY%GOBP%GO:0038093		33	-0.43383777	-1.1193311	0.29806453	0.51507545	1.0	4062	tags=36%, list=23%, signal=47%	
HYPOXIC AND OXYGEN HOMEOSTASIS REGULATION OF HIF-1-ALPHA%PATHWAY INTERACTION DATABASE NCI-NATURE CURATED DATA%HYPOXIC AND OXYGEN HOMEOSTASIS REGULATION OF HIF-1-ALPHA	HYPOXIC AND OXYGEN HOMEOSTASIS REGULATION OF HIF-1-ALPHA%PATHWAY INTERACTION DATABASE NCI-NATURE CURATED DATA%HYPOXIC AND OXYGEN HOMEOSTASIS REGULATION OF HIF-1-ALPHA		16	-0.4816171	-1.1192698	0.3310153	0.5150022	1.0	2434	tags=19%, list=14%, signal=22%	
ENDOSOMAL SORTING COMPLEX REQUIRED FOR TRANSPORT (ESCRT)%REACTOME%R-HSA-917729.3	ENDOSOMAL SORTING COMPLEX REQUIRED FOR TRANSPORT (ESCRT)%REACTOME%R-HSA-917729.3		30	-0.43150014	-1.1189221	0.30364373	0.5155626	1.0	4321	tags=43%, list=25%, signal=57%	
PHOSPHORYLATED BMAL1:CLOCK (ARNTL:CLOCK) ACTIVATES EXPRESSION OF CORE CLOCK GENES%REACTOME DATABASE ID RELEASE 93%9931510	PHOSPHORYLATED BMAL1:CLOCK (ARNTL:CLOCK) ACTIVATES EXPRESSION OF CORE CLOCK GENES%REACTOME DATABASE ID RELEASE 93%9931510		17	-0.48145914	-1.1187366	0.3411602	0.51576304	1.0	3278	tags=35%, list=19%, signal=43%	
IL23-MEDIATED SIGNALING EVENTS%PATHWAY INTERACTION DATABASE NCI-NATURE CURATED DATA%IL23-MEDIATED SIGNALING EVENTS	IL23-MEDIATED SIGNALING EVENTS%PATHWAY INTERACTION DATABASE NCI-NATURE CURATED DATA%IL23-MEDIATED SIGNALING EVENTS		16	-0.49091473	-1.1185056	0.34593022	0.5160657	1.0	1517	tags=25%, list=9%, signal=27%	
TRANSLESION SYNTHESIS BY Y FAMILY DNA POLYMERASES BYPASSES LESIONS ON DNA TEMPLATE%REACTOME%R-HSA-110313.3	TRANSLESION SYNTHESIS BY Y FAMILY DNA POLYMERASES BYPASSES LESIONS ON DNA TEMPLATE%REACTOME%R-HSA-110313.3		37	-0.41895625	-1.1182953	0.30865747	0.516348	1.0	5195	tags=49%, list=30%, signal=69%	
NEGATIVE REGULATION OF BLOOD VESSEL ENDOTHELIAL CELL MIGRATION%GOBP%GO:0043537	NEGATIVE REGULATION OF BLOOD VESSEL ENDOTHELIAL CELL MIGRATION%GOBP%GO:0043537		27	-0.43883917	-1.1181732	0.31351352	0.5163982	1.0	3122	tags=44%, list=18%, signal=54%	
POSITIVE REGULATION OF LAMELLIPODIUM ASSEMBLY%GOBP%GO:0010592	POSITIVE REGULATION OF LAMELLIPODIUM ASSEMBLY%GOBP%GO:0010592		20	-0.4618372	-1.1181309	0.33471075	0.51627606	1.0	3060	tags=25%, list=18%, signal=30%	
PYRIMIDINE-CONTAINING COMPOUND CATABOLIC PROCESS%GOBP%GO:0072529	PYRIMIDINE-CONTAINING COMPOUND CATABOLIC PROCESS%GOBP%GO:0072529		21	-0.47346047	-1.1180012	0.31874144	0.5163405	1.0	5974	tags=62%, list=34%, signal=94%	
REGULATION OF BINDING%GOBP%GO:0051098	REGULATION OF BINDING%GOBP%GO:0051098		77	-0.37991163	-1.1178625	0.2855392	0.5164506	1.0	5990	tags=51%, list=34%, signal=77%	
ENDOSOME TO LYSOSOME TRANSPORT VIA MULTIVESICULAR BODY SORTING PATHWAY%GOBP%GO:0032510	ENDOSOME TO LYSOSOME TRANSPORT VIA MULTIVESICULAR BODY SORTING PATHWAY%GOBP%GO:0032510		17	-0.48605233	-1.1172104	0.32913166	0.51770145	1.0	2856	tags=29%, list=16%, signal=35%	
LIPOPROTEIN BIOSYNTHETIC PROCESS%GOBP%GO:0042158	LIPOPROTEIN BIOSYNTHETIC PROCESS%GOBP%GO:0042158		28	-0.44007742	-1.1171303	0.325887	0.5176667	1.0	2046	tags=29%, list=12%, signal=32%	
METABOLISM OF STEROID HORMONES%REACTOME%R-HSA-196071.5	METABOLISM OF STEROID HORMONES%REACTOME%R-HSA-196071.5		16	-0.49093354	-1.1171244	0.33514246	0.5174703	1.0	1306	tags=19%, list=7%, signal=20%	
MICROTUBULE DEPOLYMERIZATION%GOBP%GO:0007019	MICROTUBULE DEPOLYMERIZATION%GOBP%GO:0007019		15	-0.50363296	-1.1170014	0.3141655	0.51752263	1.0	5674	tags=73%, list=32%, signal=109%	
REGULATION OF PRODUCTION OF MOLECULAR MEDIATOR OF IMMUNE RESPONSE%GOBP%GO:0002700	REGULATION OF PRODUCTION OF MOLECULAR MEDIATOR OF IMMUNE RESPONSE%GOBP%GO:0002700		58	-0.3876223	-1.116888	0.27784577	0.5175622	1.0	3128	tags=34%, list=18%, signal=42%	
PHOTODYNAMIC THERAPY INDUCED NF KB SURVIVAL SIGNALING%WIKIPATHWAYS_20250810%WP3617%HOMO SAPIENS	PHOTODYNAMIC THERAPY INDUCED NF KB SURVIVAL SIGNALING%WIKIPATHWAYS_20250810%WP3617%HOMO SAPIENS		16	-0.4898964	-1.1166283	0.3282123	0.5179333	1.0	5641	tags=50%, list=32%, signal=74%	
POSITIVE REGULATION OF PROTEIN LOCALIZATION TO MEMBRANE%GOBP%GO:1905477	POSITIVE REGULATION OF PROTEIN LOCALIZATION TO MEMBRANE%GOBP%GO:1905477		53	-0.39238837	-1.116372	0.30172414	0.5182794	1.0	2893	tags=30%, list=17%, signal=36%	
NEGATIVE REGULATION OF METAPHASE/ANAPHASE TRANSITION OF CELL CYCLE%GOBP%GO:1902100	NEGATIVE REGULATION OF METAPHASE/ANAPHASE TRANSITION OF CELL CYCLE%GOBP%GO:1902100		29	-0.4303185	-1.1163021	0.31029812	0.5182305	1.0	3549	tags=24%, list=20%, signal=30%	
SENSORY PERCEPTION OF MECHANICAL STIMULUS%GOBP%GO:0050954	SENSORY PERCEPTION OF MECHANICAL STIMULUS%GOBP%GO:0050954		78	-0.37057242	-1.1161261	0.27719298	0.5184195	1.0	962	tags=13%, list=6%, signal=14%	
IMPORT INTO NUCLEUS%GOBP%GO:0051170	IMPORT INTO NUCLEUS%GOBP%GO:0051170		76	-0.37416652	-1.1160014	0.28297362	0.51849806	1.0	5250	tags=36%, list=30%, signal=51%	
SIGNALING BY CSF3 (G-CSF)%REACTOME%R-HSA-9674555.4	SIGNALING BY CSF3 (G-CSF)%REACTOME%R-HSA-9674555.4		26	-0.44533372	-1.1156694	0.313394	0.51902944	1.0	6305	tags=62%, list=36%, signal=96%	
INSULIN RECEPTOR SIGNALING PATHWAY%GOBP%GO:0008286	INSULIN RECEPTOR SIGNALING PATHWAY%GOBP%GO:0008286		46	-0.4027474	-1.1156628	0.30232558	0.5188323	1.0	4779	tags=39%, list=27%, signal=54%	
ARF6 SIGNALING EVENTS%PATHWAY INTERACTION DATABASE NCI-NATURE CURATED DATA%ARF6 SIGNALING EVENTS	ARF6 SIGNALING EVENTS%PATHWAY INTERACTION DATABASE NCI-NATURE CURATED DATA%ARF6 SIGNALING EVENTS		25	-0.44795972	-1.1155946	0.32689655	0.51876986	1.0	3816	tags=48%, list=22%, signal=61%	
IL8- AND CXCR1-MEDIATED SIGNALING EVENTS%PATHWAY INTERACTION DATABASE NCI-NATURE CURATED DATA%IL8- AND CXCR1-MEDIATED SIGNALING EVENTS	IL8- AND CXCR1-MEDIATED SIGNALING EVENTS%PATHWAY INTERACTION DATABASE NCI-NATURE CURATED DATA%IL8- AND CXCR1-MEDIATED SIGNALING EVENTS		19	-0.47652987	-1.1154605	0.31917807	0.5188628	1.0	2491	tags=42%, list=14%, signal=49%	
ENDOPLASMIC RETICULUM TUBULAR NETWORK ORGANIZATION%GOBP%GO:0071786	ENDOPLASMIC RETICULUM TUBULAR NETWORK ORGANIZATION%GOBP%GO:0071786		18	-0.47013798	-1.1153294	0.32417583	0.51893467	1.0	5334	tags=44%, list=31%, signal=64%	
CELL RECOGNITION%GOBP%GO:0008037	CELL RECOGNITION%GOBP%GO:0008037		55	-0.38668755	-1.1153175	0.29512194	0.51874626	1.0	826	tags=16%, list=5%, signal=17%	
REGULATION OF BIOLOGICAL PROCESS INVOLVED IN SYMBIOTIC INTERACTION%GOBP%GO:0043903	REGULATION OF BIOLOGICAL PROCESS INVOLVED IN SYMBIOTIC INTERACTION%GOBP%GO:0043903		20	-0.47071508	-1.1152647	0.31448275	0.5186625	1.0	1410	tags=20%, list=8%, signal=22%	
POSITIVE REGULATION OF ORGANELLE ASSEMBLY%GOBP%GO:1902117	POSITIVE REGULATION OF ORGANELLE ASSEMBLY%GOBP%GO:1902117		64	-0.38591298	-1.1152405	0.29616308	0.5184949	1.0	5368	tags=38%, list=31%, signal=54%	
REGULATION OF UBIQUITIN-PROTEIN TRANSFERASE ACTIVITY%GOBP%GO:0051438	REGULATION OF UBIQUITIN-PROTEIN TRANSFERASE ACTIVITY%GOBP%GO:0051438		18	-0.48005635	-1.1151893	0.31303117	0.5184078	1.0	3720	tags=39%, list=21%, signal=49%	
THE PHOTOTRANSDUCTION CASCADE%REACTOME DATABASE ID RELEASE 93%2514856	THE PHOTOTRANSDUCTION CASCADE%REACTOME DATABASE ID RELEASE 93%2514856		23	-0.45786676	-1.1151248	0.31508678	0.5183415	1.0	3998	tags=43%, list=23%, signal=56%	
TIGHT JUNCTION ORGANIZATION%GOBP%GO:0120193	TIGHT JUNCTION ORGANIZATION%GOBP%GO:0120193		29	-0.4347145	-1.1150969	0.30882353	0.518188	1.0	2660	tags=24%, list=15%, signal=28%	
COMPLEX I BIOGENESIS%REACTOME DATABASE ID RELEASE 93%6799198	COMPLEX I BIOGENESIS%REACTOME DATABASE ID RELEASE 93%6799198		65	-0.38615268	-1.1147717	0.28140098	0.5187443	1.0	4151	tags=32%, list=24%, signal=42%	
LATE ENDOSOME TO VACUOLE TRANSPORT%GOBP%GO:0045324	LATE ENDOSOME TO VACUOLE TRANSPORT%GOBP%GO:0045324		34	-0.42162213	-1.1147642	0.3053435	0.5185481	1.0	4321	tags=35%, list=25%, signal=47%	
CIRCADIAN CLOCK%REACTOME%R-HSA-9909396.2	CIRCADIAN CLOCK%REACTOME%R-HSA-9909396.2		99	-0.36077887	-1.1145368	0.2724138	0.51884985	1.0	5355	tags=41%, list=31%, signal=59%	
REGULATION OF FIBROBLAST PROLIFERATION%GOBP%GO:0048145	REGULATION OF FIBROBLAST PROLIFERATION%GOBP%GO:0048145		35	-0.42484292	-1.1142373	0.3173971	0.5192829	1.0	2027	tags=29%, list=12%, signal=32%	
G2 M DNA DAMAGE CHECKPOINT%REACTOME DATABASE ID RELEASE 93%69473	G2 M DNA DAMAGE CHECKPOINT%REACTOME DATABASE ID RELEASE 93%69473		56	-0.39319146	-1.1141022	0.31173593	0.5193514	1.0	4695	tags=32%, list=27%, signal=44%	
POSITIVE REGULATION OF INTERLEUKIN-1 PRODUCTION%GOBP%GO:0032732	POSITIVE REGULATION OF INTERLEUKIN-1 PRODUCTION%GOBP%GO:0032732		29	-0.43982676	-1.1139953	0.31275168	0.5193739	1.0	1092	tags=17%, list=6%, signal=18%	
REGULATION OF STRIATED MUSCLE CELL DIFFERENTIATION%GOBP%GO:0051153	REGULATION OF STRIATED MUSCLE CELL DIFFERENTIATION%GOBP%GO:0051153		37	-0.4195111	-1.1139641	0.3175853	0.5192277	1.0	1181	tags=19%, list=7%, signal=20%	
HEPARAN SULFATE PROTEOGLYCAN BIOSYNTHETIC PROCESS%GOBP%GO:0015012	HEPARAN SULFATE PROTEOGLYCAN BIOSYNTHETIC PROCESS%GOBP%GO:0015012		20	-0.46807817	-1.1138812	0.3251029	0.5192032	1.0	2286	tags=30%, list=13%, signal=34%	
NEUROBLAST PROLIFERATION%GOBP%GO:0007405	NEUROBLAST PROLIFERATION%GOBP%GO:0007405		15	-0.49268743	-1.1137469	0.3371105	0.5192899	1.0	2397	tags=47%, list=14%, signal=54%	
CARDIAC MUSCLE CONTRACTION%GOBP%GO:0060048	CARDIAC MUSCLE CONTRACTION%GOBP%GO:0060048		52	-0.40022707	-1.1134672	0.30856425	0.5197162	1.0	2174	tags=33%, list=12%, signal=37%	
PID_GLYPICAN_1PATHWAY%MSIGDB_C2%PID_GLYPICAN_1PATHWAY	PID_GLYPICAN_1PATHWAY%MSIGDB_C2%PID_GLYPICAN_1PATHWAY		17	-0.47956362	-1.1133673	0.31652662	0.51973116	1.0	3122	tags=35%, list=18%, signal=43%	
GLYCOSPHINGOLIPID BIOSYNTHETIC PROCESS%GOBP%GO:0006688	GLYCOSPHINGOLIPID BIOSYNTHETIC PROCESS%GOBP%GO:0006688		29	-0.43294314	-1.1132534	0.32786885	0.5197801	1.0	5790	tags=55%, list=33%, signal=82%	
NEGATIVE REGULATION OF MITOTIC SISTER CHROMATID SEPARATION%GOBP%GO:2000816	NEGATIVE REGULATION OF MITOTIC SISTER CHROMATID SEPARATION%GOBP%GO:2000816		28	-0.44143823	-1.113089	0.317757	0.51994145	1.0	3549	tags=25%, list=20%, signal=31%	
G1 TO S CELL CYCLE CONTROL%WIKIPATHWAYS_20250810%WP45%HOMO SAPIENS	G1 TO S CELL CYCLE CONTROL%WIKIPATHWAYS_20250810%WP45%HOMO SAPIENS		51	-0.3993763	-1.1121078	0.30523628	0.52189	1.0	4308	tags=33%, list=25%, signal=44%	
15Q11Q13 COPY NUMBER VARIATION%WIKIPATHWAYS_20250810%WP5407%HOMO SAPIENS	15Q11Q13 COPY NUMBER VARIATION%WIKIPATHWAYS_20250810%WP5407%HOMO SAPIENS		33	-0.43033004	-1.1118866	0.31424937	0.5221688	1.0	4167	tags=36%, list=24%, signal=48%	
FOXO-MEDIATED TRANSCRIPTION OF OXIDATIVE STRESS, METABOLIC AND NEURONAL GENES%REACTOME%R-HSA-9615017.2	FOXO-MEDIATED TRANSCRIPTION OF OXIDATIVE STRESS, METABOLIC AND NEURONAL GENES%REACTOME%R-HSA-9615017.2		21	-0.46137255	-1.1118534	0.3373174	0.5220362	1.0	5225	tags=48%, list=30%, signal=68%	
DISULFIRAM ACTION PATHWAY%PATHWHIZ%PW000431	DISULFIRAM ACTION PATHWAY%PATHWHIZ%PW000431		15	-0.5055318	-1.1117606	0.3258427	0.5220391	1.0	1615	tags=40%, list=9%, signal=44%	
AUTODEGRADATION OF CDH1 BY CDH1:APC C%REACTOME DATABASE ID RELEASE 93%174084	AUTODEGRADATION OF CDH1 BY CDH1:APC C%REACTOME DATABASE ID RELEASE 93%174084		53	-0.3892172	-1.1114761	0.29232642	0.5224544	1.0	5355	tags=40%, list=31%, signal=57%	
REGULATION OF HSF1-MEDIATED HEAT SHOCK RESPONSE%REACTOME DATABASE ID RELEASE 93%3371453	REGULATION OF HSF1-MEDIATED HEAT SHOCK RESPONSE%REACTOME DATABASE ID RELEASE 93%3371453		64	-0.37998793	-1.111419	0.30769232	0.5223603	1.0	4645	tags=33%, list=27%, signal=45%	
RNA POLYMERASE II TRANSCRIPTION INITIATION SURVEILLANCE%GOBP%GO:0160240	RNA POLYMERASE II TRANSCRIPTION INITIATION SURVEILLANCE%GOBP%GO:0160240		15	-0.49817488	-1.1113715	0.35142857	0.52226007	1.0	2980	tags=33%, list=17%, signal=40%	
CDK-MEDIATED PHOSPHORYLATION AND REMOVAL OF CDC6%REACTOME%R-HSA-69017.4	CDK-MEDIATED PHOSPHORYLATION AND REMOVAL OF CDC6%REACTOME%R-HSA-69017.4		59	-0.38695464	-1.11109	0.30252102	0.52269906	1.0	6640	tags=51%, list=38%, signal=82%	
SIGNALING BY NTRK2 (TRKB)%REACTOME%R-HSA-9006115.3	SIGNALING BY NTRK2 (TRKB)%REACTOME%R-HSA-9006115.3		20	-0.46829265	-1.1110001	0.31942445	0.5226794	1.0	4276	tags=45%, list=24%, signal=60%	
NEGATIVE REGULATION OF RNA CATABOLIC PROCESS%GOBP%GO:1902369	NEGATIVE REGULATION OF RNA CATABOLIC PROCESS%GOBP%GO:1902369		62	-0.3835433	-1.1109793	0.30873308	0.52250713	1.0	1301	tags=13%, list=7%, signal=14%	
EXTRACELLULAR MATRIX DISASSEMBLY%GOBP%GO:0022617	EXTRACELLULAR MATRIX DISASSEMBLY%GOBP%GO:0022617		20	-0.46078572	-1.1108712	0.3478854	0.5225592	1.0	3409	tags=40%, list=20%, signal=50%	
PID_ECADHERIN_NASCENT_AJ_PATHWAY%MSIGDB_C2%PID_ECADHERIN_NASCENT_AJ_PATHWAY	PID_ECADHERIN_NASCENT_AJ_PATHWAY%MSIGDB_C2%PID_ECADHERIN_NASCENT_AJ_PATHWAY		26	-0.43955514	-1.1106056	0.34031415	0.5229485	1.0	4820	tags=42%, list=28%, signal=58%	
SENSORY PERCEPTION OF TASTE%GOBP%GO:0050909	SENSORY PERCEPTION OF TASTE%GOBP%GO:0050909		18	-0.48524758	-1.1105992	0.32178932	0.52275515	1.0	704	tags=11%, list=4%, signal=12%	
NEGATIVE REGULATION OF TRANSLATION%GOBP%GO:0017148	NEGATIVE REGULATION OF TRANSLATION%GOBP%GO:0017148		91	-0.36963648	-1.1101459	0.28654292	0.5235595	1.0	4299	tags=36%, list=25%, signal=48%	
CHOLESTEROL BIOSYNTHESIS PATHWAY IN HEPATOCYTES%WIKIPATHWAYS_20250810%WP5329%HOMO SAPIENS	CHOLESTEROL BIOSYNTHESIS PATHWAY IN HEPATOCYTES%WIKIPATHWAYS_20250810%WP5329%HOMO SAPIENS		33	-0.4268963	-1.1097163	0.30810094	0.52432275	1.0	5022	tags=45%, list=29%, signal=64%	
MEMBRANE LIPID CATABOLIC PROCESS%GOBP%GO:0046466	MEMBRANE LIPID CATABOLIC PROCESS%GOBP%GO:0046466		31	-0.43006015	-1.1097133	0.3152318	0.52411705	1.0	4175	tags=32%, list=24%, signal=42%	
ACETYL-COA METABOLIC PROCESS%GOBP%GO:0006084	ACETYL-COA METABOLIC PROCESS%GOBP%GO:0006084		23	-0.45042714	-1.1094618	0.3415638	0.52446944	1.0	4406	tags=43%, list=25%, signal=58%	
ENDOTHELIN PATHWAYS%WIKIPATHWAYS_20250810%WP2197%HOMO SAPIENS	ENDOTHELIN PATHWAYS%WIKIPATHWAYS_20250810%WP2197%HOMO SAPIENS		19	-0.47039935	-1.1092521	0.32253522	0.52472174	1.0	1988	tags=26%, list=11%, signal=30%	
POSITIVE REGULATION OF MYOBLAST DIFFERENTIATION%GOBP%GO:0045663	POSITIVE REGULATION OF MYOBLAST DIFFERENTIATION%GOBP%GO:0045663		35	-0.41749284	-1.1088595	0.3167939	0.52539164	1.0	4013	tags=31%, list=23%, signal=41%	
REGULATION OF NUCLEOBASE-CONTAINING COMPOUND TRANSPORT%GOBP%GO:0032239	REGULATION OF NUCLEOBASE-CONTAINING COMPOUND TRANSPORT%GOBP%GO:0032239		15	-0.4904163	-1.1087246	0.34285715	0.52548134	1.0	5284	tags=47%, list=30%, signal=67%	
CELLULAR EXTRAVASATION%GOBP%GO:0045123	CELLULAR EXTRAVASATION%GOBP%GO:0045123		20	-0.46711072	-1.1082845	0.32398316	0.52627224	1.0	268	tags=15%, list=2%, signal=15%	
MUSCARINIC ACETYLCHOLINE RECEPTOR 1 AND 3 SIGNALING PATHWAY%PANTHER PATHWAY%P00042	MUSCARINIC ACETYLCHOLINE RECEPTOR 1 AND 3 SIGNALING PATHWAY%PANTHER PATHWAY%P00042		33	-0.42208588	-1.1081045	0.3172952	0.5264485	1.0	2570	tags=21%, list=15%, signal=25%	
POSITIVE REGULATION OF VIRAL LIFE CYCLE%GOBP%GO:1903902	POSITIVE REGULATION OF VIRAL LIFE CYCLE%GOBP%GO:1903902		16	-0.4908979	-1.1080939	0.34468085	0.52626157	1.0	4450	tags=44%, list=25%, signal=59%	
PROTEIN K63-LINKED DEUBIQUITINATION%GOBP%GO:0070536	PROTEIN K63-LINKED DEUBIQUITINATION%GOBP%GO:0070536		21	-0.45835102	-1.107835	0.33888888	0.52660006	1.0	2870	tags=24%, list=16%, signal=28%	
INACTIVATION, RECOVERY AND REGULATION OF THE PHOTOTRANSDUCTION CASCADE%REACTOME DATABASE ID RELEASE 93%2514859	INACTIVATION, RECOVERY AND REGULATION OF THE PHOTOTRANSDUCTION CASCADE%REACTOME DATABASE ID RELEASE 93%2514859		22	-0.4579001	-1.1075935	0.34316355	0.5269335	1.0	3998	tags=45%, list=23%, signal=59%	
REGULATION OF MEMBRANE LIPID DISTRIBUTION%GOBP%GO:0097035	REGULATION OF MEMBRANE LIPID DISTRIBUTION%GOBP%GO:0097035		39	-0.4139862	-1.10744	0.32572877	0.5270585	1.0	5640	tags=46%, list=32%, signal=68%	
CXCR4 SIGNALING PATHWAY%SMPDB%SMP0064625	CXCR4 SIGNALING PATHWAY%SMPDB%SMP0064625		19	-0.47342768	-1.1073118	0.35704514	0.5271313	1.0	4831	tags=53%, list=28%, signal=73%	
HALLMARK_COMPLEMENT%MSIGDBHALLMARK%HALLMARK_COMPLEMENT	HALLMARK_COMPLEMENT%MSIGDBHALLMARK%HALLMARK_COMPLEMENT		94	-0.3641181	-1.1073008	0.2741359	0.526941	1.0	3826	tags=26%, list=22%, signal=33%	
EPHB FORWARD SIGNALING%PATHWAY INTERACTION DATABASE NCI-NATURE CURATED DATA%EPHB FORWARD SIGNALING	EPHB FORWARD SIGNALING%PATHWAY INTERACTION DATABASE NCI-NATURE CURATED DATA%EPHB FORWARD SIGNALING		38	-0.410566	-1.107173	0.30523628	0.5270415	1.0	4741	tags=50%, list=27%, signal=68%	
RESPONSE TO TYPE II INTERFERON%GOBP%GO:0034341	RESPONSE TO TYPE II INTERFERON%GOBP%GO:0034341		41	-0.40266624	-1.1070408	0.3138781	0.5271316	1.0	2666	tags=24%, list=15%, signal=29%	
NEGATIVE REGULATION OF MITOTIC SISTER CHROMATID SEGREGATION%GOBP%GO:0033048	NEGATIVE REGULATION OF MITOTIC SISTER CHROMATID SEGREGATION%GOBP%GO:0033048		28	-0.44143823	-1.106629	0.3355978	0.5278398	1.0	3549	tags=25%, list=20%, signal=31%	
POSITIVE REGULATION OF INSULIN SECRETION%GOBP%GO:0032024	POSITIVE REGULATION OF INSULIN SECRETION%GOBP%GO:0032024		37	-0.41762915	-1.1057999	0.3172589	0.5295008	1.0	1583	tags=24%, list=9%, signal=27%	
LIPOSACCHARIDE METABOLIC PROCESS%GOBP%GO:1903509	LIPOSACCHARIDE METABOLIC PROCESS%GOBP%GO:1903509		75	-0.37789336	-1.105652	0.29905438	0.52960503	1.0	5810	tags=44%, list=33%, signal=66%	
PIGMENT METABOLIC PROCESS%GOBP%GO:0042440	PIGMENT METABOLIC PROCESS%GOBP%GO:0042440		38	-0.41005868	-1.10548	0.30789474	0.52976036	1.0	2680	tags=26%, list=15%, signal=31%	
APOPTOSIS SIGNALING PATHWAY%PANTHER PATHWAY%P00006	APOPTOSIS SIGNALING PATHWAY%PANTHER PATHWAY%P00006		74	-0.37404388	-1.1054617	0.29411766	0.5295859	1.0	2818	tags=26%, list=16%, signal=30%	
PROTEOGLYCAN METABOLIC PROCESS%GOBP%GO:0006029	PROTEOGLYCAN METABOLIC PROCESS%GOBP%GO:0006029		72	-0.374621	-1.1052661	0.28982037	0.52980536	1.0	2687	tags=22%, list=15%, signal=26%	
NUCLEOSOME ORGANIZATION%GOBP%GO:0034728	NUCLEOSOME ORGANIZATION%GOBP%GO:0034728		54	-0.3894673	-1.1052213	0.31966224	0.5296975	1.0	4112	tags=33%, list=24%, signal=43%	
NEGATIVE REGULATION OF ENDOTHELIAL CELL PROLIFERATION%GOBP%GO:0001937	NEGATIVE REGULATION OF ENDOTHELIAL CELL PROLIFERATION%GOBP%GO:0001937		29	-0.42721143	-1.1050726	0.33198926	0.5298138	1.0	2384	tags=17%, list=14%, signal=20%	
L-AMINO ACID TRANSPORT%GOBP%GO:0015807	L-AMINO ACID TRANSPORT%GOBP%GO:0015807		41	-0.4081323	-1.1048379	0.32025316	0.53011	1.0	2704	tags=29%, list=15%, signal=35%	
PID_CD8_TCR_PATHWAY%MSIGDB_C2%PID_CD8_TCR_PATHWAY	PID_CD8_TCR_PATHWAY%MSIGDB_C2%PID_CD8_TCR_PATHWAY		27	-0.43871793	-1.1048074	0.33152908	0.52996475	1.0	2522	tags=33%, list=14%, signal=39%	
DOWNSTREAM TCR SIGNALING%REACTOME%R-HSA-202424.6	DOWNSTREAM TCR SIGNALING%REACTOME%R-HSA-202424.6		65	-0.37390605	-1.104678	0.30471584	0.53005177	1.0	6206	tags=48%, list=36%, signal=74%	
REGULATION OF MEMBRANE PERMEABILITY%GOBP%GO:0090559	REGULATION OF MEMBRANE PERMEABILITY%GOBP%GO:0090559		44	-0.4062961	-1.1042919	0.3192848	0.5307158	1.0	3920	tags=36%, list=22%, signal=47%	
TRIGLYCERIDE METABOLIC PROCESS%GOBP%GO:0006641	TRIGLYCERIDE METABOLIC PROCESS%GOBP%GO:0006641		27	-0.43179762	-1.1040413	0.33643618	0.53104365	1.0	1686	tags=19%, list=10%, signal=20%	
REGULATION OF INTERFERON-BETA PRODUCTION%GOBP%GO:0032648	REGULATION OF INTERFERON-BETA PRODUCTION%GOBP%GO:0032648		35	-0.4125738	-1.103998	0.31835687	0.5309361	1.0	5106	tags=43%, list=29%, signal=60%	
POSITIVE REGULATION OF PEPTIDE HORMONE SECRETION%GOBP%GO:0090277	POSITIVE REGULATION OF PEPTIDE HORMONE SECRETION%GOBP%GO:0090277		45	-0.39801908	-1.1038945	0.31257942	0.5309463	1.0	1890	tags=24%, list=11%, signal=27%	
VESICLE COATING%GOBP%GO:0006901	VESICLE COATING%GOBP%GO:0006901		35	-0.42071384	-1.103891	0.323219	0.53074336	1.0	5784	tags=37%, list=33%, signal=55%	
HDR THROUGH SINGLE STRAND ANNEALING (SSA)%REACTOME DATABASE ID RELEASE 93%5685938	HDR THROUGH SINGLE STRAND ANNEALING (SSA)%REACTOME DATABASE ID RELEASE 93%5685938		35	-0.4147561	-1.1038265	0.3230563	0.5306654	1.0	4800	tags=43%, list=27%, signal=59%	
ATTACHMENT OF SPINDLE MICROTUBULES TO KINETOCHORE%GOBP%GO:0008608	ATTACHMENT OF SPINDLE MICROTUBULES TO KINETOCHORE%GOBP%GO:0008608		29	-0.43373823	-1.1036559	0.3342071	0.5308257	1.0	3549	tags=24%, list=20%, signal=30%	
REGULATION OF T CELL RECEPTOR SIGNALING PATHWAY%GOBP%GO:0050856	REGULATION OF T CELL RECEPTOR SIGNALING PATHWAY%GOBP%GO:0050856		25	-0.440837	-1.1034986	0.33468285	0.53098196	1.0	4954	tags=48%, list=28%, signal=67%	
RHOJ GTPASE CYCLE%REACTOME DATABASE ID RELEASE 93%9013409	RHOJ GTPASE CYCLE%REACTOME DATABASE ID RELEASE 93%9013409		49	-0.3943185	-1.1034079	0.3300248	0.5309771	1.0	4781	tags=45%, list=27%, signal=62%	
PROTEIN HYDROXYLATION%REACTOME DATABASE ID RELEASE 93%9629569	PROTEIN HYDROXYLATION%REACTOME DATABASE ID RELEASE 93%9629569		17	-0.47990674	-1.103215	0.34668508	0.53120005	1.0	4077	tags=41%, list=23%, signal=54%	
FABRY DISEASE%SMPDB%SMP0000525	FABRY DISEASE%SMPDB%SMP0000525		18	-0.48507	-1.1025925	0.35904628	0.5323892	1.0	4034	tags=28%, list=23%, signal=36%	
NEGATIVE REGULATION OF TELOMERE MAINTENANCE%GOBP%GO:0032205	NEGATIVE REGULATION OF TELOMERE MAINTENANCE%GOBP%GO:0032205		31	-0.42786825	-1.1025869	0.31710526	0.5321896	1.0	5833	tags=52%, list=33%, signal=77%	
CRMPS IN SEMA3A SIGNALING%REACTOME%R-HSA-399956.3	CRMPS IN SEMA3A SIGNALING%REACTOME%R-HSA-399956.3		16	-0.48375246	-1.1021633	0.35533708	0.5329287	1.0	1355	tags=44%, list=8%, signal=47%	
PROTEIN POLYMERIZATION%GOBP%GO:0051258	PROTEIN POLYMERIZATION%GOBP%GO:0051258		72	-0.37786677	-1.1018423	0.32014388	0.5334245	1.0	3774	tags=29%, list=22%, signal=37%	
INTERLEUKIN-7 SIGNALING%REACTOME DATABASE ID RELEASE 93%1266695	INTERLEUKIN-7 SIGNALING%REACTOME DATABASE ID RELEASE 93%1266695		17	-0.48293507	-1.1017063	0.34265736	0.53353393	1.0	2288	tags=29%, list=13%, signal=34%	
BIOCARTA_G1_PATHWAY%MSIGDB_C2%BIOCARTA_G1_PATHWAY	BIOCARTA_G1_PATHWAY%MSIGDB_C2%BIOCARTA_G1_PATHWAY		18	-0.4792791	-1.1016995	0.36099586	0.5333418	1.0	3752	tags=28%, list=21%, signal=35%	
VIF-MEDIATED DEGRADATION OF APOBEC3G%REACTOME DATABASE ID RELEASE 93%180585	VIF-MEDIATED DEGRADATION OF APOBEC3G%REACTOME DATABASE ID RELEASE 93%180585		37	-0.41386738	-1.1016552	0.32820514	0.5332302	1.0	5355	tags=41%, list=31%, signal=58%	
TIGHT JUNCTION ASSEMBLY%GOBP%GO:0120192	TIGHT JUNCTION ASSEMBLY%GOBP%GO:0120192		29	-0.4347145	-1.1015103	0.3369418	0.53333193	1.0	2660	tags=24%, list=15%, signal=28%	
GABA-B_RECEPTOR_II_SIGNALING%PANTHER PATHWAY%P05731	GABA-B_RECEPTOR_II_SIGNALING%PANTHER PATHWAY%P05731		31	-0.4190357	-1.1014161	0.3407022	0.53333455	1.0	3889	tags=29%, list=22%, signal=37%	
NEGATIVE REGULATION OF ENDOTHELIAL CELL MIGRATION%GOBP%GO:0010596	NEGATIVE REGULATION OF ENDOTHELIAL CELL MIGRATION%GOBP%GO:0010596		37	-0.4093113	-1.1012996	0.3346056	0.5333763	1.0	3122	tags=35%, list=18%, signal=43%	
PID_IL6_7_PATHWAY%MSIGDB_C2%PID_IL6_7_PATHWAY	PID_IL6_7_PATHWAY%MSIGDB_C2%PID_IL6_7_PATHWAY		32	-0.4218088	-1.1011919	0.34203655	0.5333921	1.0	3060	tags=25%, list=18%, signal=30%	
COPPER HOMEOSTASIS%WIKIPATHWAYS_20250810%WP3286%HOMO SAPIENS	COPPER HOMEOSTASIS%WIKIPATHWAYS_20250810%WP3286%HOMO SAPIENS		32	-0.4234122	-1.1009216	0.32797858	0.53377205	1.0	5769	tags=41%, list=33%, signal=61%	
TRANSPORT OF RIBONUCLEOPROTEINS INTO THE HOST NUCLEUS%REACTOME DATABASE ID RELEASE 93%168271	TRANSPORT OF RIBONUCLEOPROTEINS INTO THE HOST NUCLEUS%REACTOME DATABASE ID RELEASE 93%168271		28	-0.43387493	-1.1008216	0.32037532	0.53378356	1.0	7200	tags=61%, list=41%, signal=103%	
REGULATION OF DOUBLE-STRAND BREAK REPAIR VIA NONHOMOLOGOUS END JOINING%GOBP%GO:2001032	REGULATION OF DOUBLE-STRAND BREAK REPAIR VIA NONHOMOLOGOUS END JOINING%GOBP%GO:2001032		17	-0.4706124	-1.100757	0.3572414	0.5337141	1.0	5990	tags=65%, list=34%, signal=98%	
NEGATIVE REGULATION OF TELOMERE MAINTENANCE VIA TELOMERASE%GOBP%GO:0032211	NEGATIVE REGULATION OF TELOMERE MAINTENANCE VIA TELOMERASE%GOBP%GO:0032211		18	-0.47449937	-1.1005828	0.33617023	0.5338914	1.0	5833	tags=61%, list=33%, signal=92%	
MORPHINE ACTION PATHWAY%PATHWHIZ%PW000412	MORPHINE ACTION PATHWAY%PATHWHIZ%PW000412		31	-0.42584744	-1.1005241	0.33462533	0.5338112	1.0	2163	tags=19%, list=12%, signal=22%	
MONONUCLEAR CELL PROLIFERATION%GOBP%GO:0032943	MONONUCLEAR CELL PROLIFERATION%GOBP%GO:0032943		20	-0.46255615	-1.1002711	0.35724333	0.5341748	1.0	2446	tags=35%, list=14%, signal=41%	
SPHINGOLIPID CATABOLIC PROCESS%GOBP%GO:0030149	SPHINGOLIPID CATABOLIC PROCESS%GOBP%GO:0030149		26	-0.4357621	-1.100114	0.34332424	0.53432983	1.0	4175	tags=35%, list=24%, signal=45%	
METENCEPHALON DEVELOPMENT%GOBP%GO:0022037	METENCEPHALON DEVELOPMENT%GOBP%GO:0022037		21	-0.4570608	-1.100045	0.3379694	0.534278	1.0	2897	tags=33%, list=17%, signal=40%	
TERMINATION OF TRANSLESION DNA SYNTHESIS%REACTOME%R-HSA-5656169.2	TERMINATION OF TRANSLESION DNA SYNTHESIS%REACTOME%R-HSA-5656169.2		31	-0.4224789	-1.0999037	0.32539684	0.5343745	1.0	5195	tags=48%, list=30%, signal=69%	
G BETA:GAMMA SIGNALLING THROUGH CDC42%REACTOME%R-HSA-8964616.2	G BETA:GAMMA SIGNALLING THROUGH CDC42%REACTOME%R-HSA-8964616.2		17	-0.47466686	-1.0998267	0.3669355	0.53432864	1.0	4831	tags=29%, list=28%, signal=41%	
ALDEHYDE METABOLIC PROCESS%GOBP%GO:0006081	ALDEHYDE METABOLIC PROCESS%GOBP%GO:0006081		39	-0.4080342	-1.0991716	0.34954008	0.5355744	1.0	2152	tags=26%, list=12%, signal=29%	
T CELL ANTIGEN RECEPTOR TCR PATHWAY DURING STAPHYLOCOCCUS AUREUS INFECTION%WIKIPATHWAYS_20250810%WP3863%HOMO SAPIENS	T CELL ANTIGEN RECEPTOR TCR PATHWAY DURING STAPHYLOCOCCUS AUREUS INFECTION%WIKIPATHWAYS_20250810%WP3863%HOMO SAPIENS		31	-0.42284364	-1.098258	0.33076924	0.537373	1.0	3966	tags=42%, list=23%, signal=54%	
NEGATIVE REGULATION OF CHROMOSOME SEGREGATION%GOBP%GO:0051985	NEGATIVE REGULATION OF CHROMOSOME SEGREGATION%GOBP%GO:0051985		29	-0.4303185	-1.0982578	0.34635416	0.53716224	1.0	3549	tags=24%, list=20%, signal=30%	
METABOLISM OF COFACTORS%REACTOME%R-HSA-8978934.6	METABOLISM OF COFACTORS%REACTOME%R-HSA-8978934.6		23	-0.44120082	-1.0981803	0.33106267	0.53712463	1.0	5498	tags=52%, list=31%, signal=76%	
RIBONUCLEOSIDE TRIPHOSPHATE BIOSYNTHETIC PROCESS%GOBP%GO:0009201	RIBONUCLEOSIDE TRIPHOSPHATE BIOSYNTHETIC PROCESS%GOBP%GO:0009201		64	-0.3795825	-1.098083	0.3131936	0.53713775	1.0	4008	tags=31%, list=23%, signal=40%	
HALLMARK_INFLAMMATORY_RESPONSE%MSIGDBHALLMARK%HALLMARK_INFLAMMATORY_RESPONSE	HALLMARK_INFLAMMATORY_RESPONSE%MSIGDBHALLMARK%HALLMARK_INFLAMMATORY_RESPONSE		91	-0.35792232	-1.0980147	0.29572445	0.53706735	1.0	3659	tags=25%, list=21%, signal=32%	
OLIGOSACCHARIDE METABOLIC PROCESS%GOBP%GO:0009311	OLIGOSACCHARIDE METABOLIC PROCESS%GOBP%GO:0009311		36	-0.41309443	-1.0979832	0.3374083	0.5369292	1.0	3297	tags=25%, list=19%, signal=31%	
PID_REELIN_PATHWAY%MSIGDB_C2%PID_REELIN_PATHWAY	PID_REELIN_PATHWAY%MSIGDB_C2%PID_REELIN_PATHWAY		23	-0.45435828	-1.0975773	0.34765625	0.53760886	1.0	4089	tags=48%, list=23%, signal=62%	
NEGATIVE REGULATION OF MONOATOMIC ION TRANSMEMBRANE TRANSPORT%GOBP%GO:0034766	NEGATIVE REGULATION OF MONOATOMIC ION TRANSMEMBRANE TRANSPORT%GOBP%GO:0034766		40	-0.40131998	-1.0975492	0.33077905	0.5374535	1.0	4223	tags=30%, list=24%, signal=39%	
BIOCARTA_STRESS_PATHWAY%MSIGDB_C2%BIOCARTA_STRESS_PATHWAY	BIOCARTA_STRESS_PATHWAY%MSIGDB_C2%BIOCARTA_STRESS_PATHWAY		23	-0.44654158	-1.0975064	0.34912044	0.5373442	1.0	2415	tags=35%, list=14%, signal=40%	
GOLGI TO PLASMA MEMBRANE TRANSPORT%GOBP%GO:0006893	GOLGI TO PLASMA MEMBRANE TRANSPORT%GOBP%GO:0006893		51	-0.39400995	-1.0974599	0.33043477	0.5372382	1.0	2515	tags=24%, list=14%, signal=27%	
POSITIVE REGULATION OF VIRAL PROCESS%GOBP%GO:0048524	POSITIVE REGULATION OF VIRAL PROCESS%GOBP%GO:0048524		47	-0.39610422	-1.0973979	0.31056702	0.5371515	1.0	4632	tags=34%, list=27%, signal=46%	
NEUROMUSCULAR JUNCTION DEVELOPMENT%GOBP%GO:0007528	NEUROMUSCULAR JUNCTION DEVELOPMENT%GOBP%GO:0007528		20	-0.4658759	-1.0972986	0.35764375	0.5371571	1.0	2658	tags=30%, list=15%, signal=35%	
REGULATION OF G0 TO G1 TRANSITION%GOBP%GO:0070316	REGULATION OF G0 TO G1 TRANSITION%GOBP%GO:0070316		31	-0.43017182	-1.09726	0.35433072	0.53703	1.0	5624	tags=48%, list=32%, signal=71%	
ANTEROGRADE AXONAL TRANSPORT%GOBP%GO:0008089	ANTEROGRADE AXONAL TRANSPORT%GOBP%GO:0008089		37	-0.41511592	-1.0971786	0.32984293	0.53699213	1.0	4377	tags=41%, list=25%, signal=54%	
BLOOD VESSEL DIAMETER MAINTENANCE%GOBP%GO:0097746	BLOOD VESSEL DIAMETER MAINTENANCE%GOBP%GO:0097746		52	-0.389199	-1.0967329	0.33291772	0.5377716	1.0	536	tags=15%, list=3%, signal=16%	
NEGATIVE REGULATION OF FGFR4 SIGNALING%REACTOME%R-HSA-5654733.3	NEGATIVE REGULATION OF FGFR4 SIGNALING%REACTOME%R-HSA-5654733.3		18	-0.47167513	-1.0964146	0.3601695	0.53825766	1.0	4954	tags=50%, list=28%, signal=70%	
REGULATION OF TUBE DIAMETER%GOBP%GO:0035296	REGULATION OF TUBE DIAMETER%GOBP%GO:0035296		52	-0.389199	-1.0962114	0.3107417	0.53848976	1.0	536	tags=15%, list=3%, signal=16%	
VESICLE TRANSPORT ALONG MICROTUBULE%GOBP%GO:0047496	VESICLE TRANSPORT ALONG MICROTUBULE%GOBP%GO:0047496		39	-0.41002697	-1.096192	0.33642384	0.53832525	1.0	4869	tags=38%, list=28%, signal=53%	
DISEASES ASSOCIATED WITH O-GLYCOSYLATION OF PROTEINS%REACTOME%R-HSA-3906995.5	DISEASES ASSOCIATED WITH O-GLYCOSYLATION OF PROTEINS%REACTOME%R-HSA-3906995.5		47	-0.39956015	-1.0956897	0.33203632	0.5392277	1.0	2054	tags=26%, list=12%, signal=29%	
NS1 MEDIATED EFFECTS ON HOST PATHWAYS%REACTOME DATABASE ID RELEASE 93%168276	NS1 MEDIATED EFFECTS ON HOST PATHWAYS%REACTOME DATABASE ID RELEASE 93%168276		36	-0.4155714	-1.0956713	0.34590378	0.53905344	1.0	7200	tags=56%, list=41%, signal=94%	
PHOSPHOLIPASE C-ACTIVATING G PROTEIN-COUPLED RECEPTOR SIGNALING PATHWAY%GOBP%GO:0007200	PHOSPHOLIPASE C-ACTIVATING G PROTEIN-COUPLED RECEPTOR SIGNALING PATHWAY%GOBP%GO:0007200		46	-0.39814955	-1.0954552	0.33887467	0.539338	1.0	2570	tags=28%, list=15%, signal=33%	
PID_ENDOTHELIN_PATHWAY%MSIGDB_C2%PID_ENDOTHELIN_PATHWAY	PID_ENDOTHELIN_PATHWAY%MSIGDB_C2%PID_ENDOTHELIN_PATHWAY		37	-0.404753	-1.0953411	0.33766234	0.53936213	1.0	3541	tags=35%, list=20%, signal=44%	
PYRIMIDINE RIBONUCLEOTIDE METABOLIC PROCESS%GOBP%GO:0009218	PYRIMIDINE RIBONUCLEOTIDE METABOLIC PROCESS%GOBP%GO:0009218		18	-0.46724832	-1.0950917	0.3452055	0.53967774	1.0	4660	tags=50%, list=27%, signal=68%	
EPHRIN RECEPTOR SIGNALING PATHWAY%GOBP%GO:0048013	EPHRIN RECEPTOR SIGNALING PATHWAY%GOBP%GO:0048013		42	-0.3990228	-1.0950911	0.31640625	0.5394675	1.0	2737	tags=31%, list=16%, signal=37%	
AMYOTROPHIC LATERAL SCLEROSIS ALS %WIKIPATHWAYS_20250810%WP2447%HOMO SAPIENS	AMYOTROPHIC LATERAL SCLEROSIS ALS %WIKIPATHWAYS_20250810%WP2447%HOMO SAPIENS		23	-0.44421718	-1.0947173	0.33764553	0.5400867	1.0	2272	tags=35%, list=13%, signal=40%	
TETRAPYRROLE METABOLIC PROCESS%GOBP%GO:0033013	TETRAPYRROLE METABOLIC PROCESS%GOBP%GO:0033013		41	-0.4076501	-1.094623	0.32824427	0.54009235	1.0	5578	tags=49%, list=32%, signal=72%	
REGULATION OF CELL SHAPE%GOBP%GO:0008360	REGULATION OF CELL SHAPE%GOBP%GO:0008360		78	-0.36891338	-1.0940838	0.30704898	0.5410913	1.0	3060	tags=31%, list=18%, signal=37%	
MITOCHONDRIAL ELECTRON TRANSPORT, CYTOCHROME C TO OXYGEN%GOBP%GO:0006123	MITOCHONDRIAL ELECTRON TRANSPORT, CYTOCHROME C TO OXYGEN%GOBP%GO:0006123		15	-0.49050128	-1.0936681	0.3676681	0.541812	1.0	4072	tags=40%, list=23%, signal=52%	
POSITIVE REGULATION OF G2/M TRANSITION OF MITOTIC CELL CYCLE%GOBP%GO:0010971	POSITIVE REGULATION OF G2/M TRANSITION OF MITOTIC CELL CYCLE%GOBP%GO:0010971		19	-0.46765253	-1.0936431	0.35665295	0.54165554	1.0	2052	tags=21%, list=12%, signal=24%	
NEGATIVE REGULATION OF CHROMOSOME SEPARATION%GOBP%GO:1905819	NEGATIVE REGULATION OF CHROMOSOME SEPARATION%GOBP%GO:1905819		29	-0.4303185	-1.0936311	0.37400532	0.54146767	1.0	3549	tags=24%, list=20%, signal=30%	
PROCESSIVE SYNTHESIS ON THE LAGGING STRAND%REACTOME%R-HSA-69183.4	PROCESSIVE SYNTHESIS ON THE LAGGING STRAND%REACTOME%R-HSA-69183.4		15	-0.49400693	-1.0933999	0.35878962	0.541746	1.0	2693	tags=27%, list=15%, signal=32%	
DYRK1A INVOLVEMENT REGARDING CELL PROLIFERATION IN BRAIN DEVELOPMENT%WIKIPATHWAYS_20250810%WP5180%HOMO SAPIENS	DYRK1A INVOLVEMENT REGARDING CELL PROLIFERATION IN BRAIN DEVELOPMENT%WIKIPATHWAYS_20250810%WP5180%HOMO SAPIENS		50	-0.3900572	-1.0930378	0.35406092	0.54233944	1.0	5551	tags=46%, list=32%, signal=67%	
CENTROSOME MATURATION%REACTOME DATABASE ID RELEASE 93%380287	CENTROSOME MATURATION%REACTOME DATABASE ID RELEASE 93%380287		78	-0.36648682	-1.0927213	0.32082325	0.5428365	1.0	4994	tags=36%, list=29%, signal=50%	
ENDOMETRIAL CANCER%WIKIPATHWAYS_20250810%WP4155%HOMO SAPIENS	ENDOMETRIAL CANCER%WIKIPATHWAYS_20250810%WP4155%HOMO SAPIENS		50	-0.39283895	-1.0925697	0.31680775	0.54295796	1.0	2818	tags=34%, list=16%, signal=40%	
ION TRANSPORT BY P-TYPE ATPASES%REACTOME DATABASE ID RELEASE 93%936837	ION TRANSPORT BY P-TYPE ATPASES%REACTOME DATABASE ID RELEASE 93%936837		43	-0.4001575	-1.0925168	0.34877735	0.5428706	1.0	2377	tags=23%, list=14%, signal=27%	
MICROTUBULE POLYMERIZATION OR DEPOLYMERIZATION%GOBP%GO:0031109	MICROTUBULE POLYMERIZATION OR DEPOLYMERIZATION%GOBP%GO:0031109		50	-0.39239433	-1.0924721	0.33630574	0.5427622	1.0	1634	tags=20%, list=9%, signal=22%	
POSITIVE REGULATION OF PEPTIDE SECRETION%GOBP%GO:0002793	POSITIVE REGULATION OF PEPTIDE SECRETION%GOBP%GO:0002793		45	-0.39801908	-1.0924503	0.33415535	0.54260206	1.0	1890	tags=24%, list=11%, signal=27%	
HIV-1 NEF: NEGATIVE EFFECTOR OF FAS AND TNF-ALPHA%PATHWAY INTERACTION DATABASE NCI-NATURE CURATED DATA%HIV-1 NEF: NEGATIVE EFFECTOR OF FAS AND TNF-ALPHA	HIV-1 NEF: NEGATIVE EFFECTOR OF FAS AND TNF-ALPHA%PATHWAY INTERACTION DATABASE NCI-NATURE CURATED DATA%HIV-1 NEF: NEGATIVE EFFECTOR OF FAS AND TNF-ALPHA		28	-0.4231854	-1.0923431	0.34473324	0.5426286	1.0	5819	tags=57%, list=33%, signal=86%	
ATTACHMENT OF MITOTIC SPINDLE MICROTUBULES TO KINETOCHORE%GOBP%GO:0051315	ATTACHMENT OF MITOTIC SPINDLE MICROTUBULES TO KINETOCHORE%GOBP%GO:0051315		17	-0.47055343	-1.0920061	0.36644295	0.5431728	1.0	3549	tags=35%, list=20%, signal=44%	
BICELLULAR TIGHT JUNCTION ASSEMBLY%GOBP%GO:0070830	BICELLULAR TIGHT JUNCTION ASSEMBLY%GOBP%GO:0070830		26	-0.4340125	-1.0919136	0.3480663	0.54316026	1.0	2660	tags=23%, list=15%, signal=27%	
TP53 REGULATES TRANSCRIPTION OF ADDITIONAL CELL CYCLE GENES WHOSE EXACT ROLE IN THE P53 PATHWAY REMAIN UNCERTAIN%REACTOME DATABASE ID RELEASE 93%6804115	TP53 REGULATES TRANSCRIPTION OF ADDITIONAL CELL CYCLE GENES WHOSE EXACT ROLE IN THE P53 PATHWAY REMAIN UNCERTAIN%REACTOME DATABASE ID RELEASE 93%6804115		19	-0.46589574	-1.0917419	0.35795453	0.543335	1.0	4145	tags=32%, list=24%, signal=41%	
BIOCARTA_ATM_PATHWAY%MSIGDB_C2%BIOCARTA_ATM_PATHWAY	BIOCARTA_ATM_PATHWAY%MSIGDB_C2%BIOCARTA_ATM_PATHWAY		18	-0.47295073	-1.0917059	0.35734072	0.54320884	1.0	2889	tags=33%, list=17%, signal=40%	
MRNA DESTABILIZATION%GOBP%GO:0061157	MRNA DESTABILIZATION%GOBP%GO:0061157		63	-0.37289065	-1.091634	0.314931	0.543167	1.0	5333	tags=44%, list=31%, signal=64%	
REGULATION OF RNA EXPORT FROM NUCLEUS%GOBP%GO:0046831	REGULATION OF RNA EXPORT FROM NUCLEUS%GOBP%GO:0046831		15	-0.4904163	-1.0915745	0.38439715	0.5430826	1.0	5284	tags=47%, list=30%, signal=67%	
BASE-EXCISION REPAIR, AP SITE FORMATION%REACTOME%R-HSA-73929.5	BASE-EXCISION REPAIR, AP SITE FORMATION%REACTOME%R-HSA-73929.5		15	-0.4757823	-1.0915709	0.35244754	0.5428815	1.0	5974	tags=53%, list=34%, signal=81%	
GLYCOGEN METABOLISM%REACTOME%R-HSA-8982491.3	GLYCOGEN METABOLISM%REACTOME%R-HSA-8982491.3		23	-0.443824	-1.0914547	0.36878452	0.5429439	1.0	4104	tags=35%, list=24%, signal=45%	
CELLULAR RESPONSE TO TUMOR NECROSIS FACTOR%GOBP%GO:0071356	CELLULAR RESPONSE TO TUMOR NECROSIS FACTOR%GOBP%GO:0071356		67	-0.37549552	-1.0911863	0.3469388	0.54332083	1.0	2804	tags=27%, list=16%, signal=32%	
REGENERATION%GOBP%GO:0031099	REGENERATION%GOBP%GO:0031099		26	-0.43981493	-1.0910063	0.3605898	0.5435266	1.0	1672	tags=19%, list=10%, signal=21%	
RNA POLYMERASE II TRANSCRIPTION ELONGATION%REACTOME%R-HSA-75955.4	RNA POLYMERASE II TRANSCRIPTION ELONGATION%REACTOME%R-HSA-75955.4		51	-0.3941749	-1.090683	0.34474018	0.544014	1.0	5446	tags=39%, list=31%, signal=57%	
PI3 KINASE PATHWAY%PANTHER PATHWAY%P00048	PI3 KINASE PATHWAY%PANTHER PATHWAY%P00048		37	-0.4151339	-1.0903579	0.33771354	0.5445349	1.0	2570	tags=30%, list=15%, signal=35%	
VESICLE TARGETING, TO, FROM OR WITHIN GOLGI%GOBP%GO:0048199	VESICLE TARGETING, TO, FROM OR WITHIN GOLGI%GOBP%GO:0048199		29	-0.42673323	-1.090218	0.3484456	0.5446387	1.0	5087	tags=31%, list=29%, signal=44%	
INFECTION WITH MYCOBACTERIUM TUBERCULOSIS%REACTOME DATABASE ID RELEASE 93%9635486	INFECTION WITH MYCOBACTERIUM TUBERCULOSIS%REACTOME DATABASE ID RELEASE 93%9635486		23	-0.44385436	-1.0902077	0.36300418	0.5444505	1.0	5040	tags=65%, list=29%, signal=92%	
POSITIVE REGULATION OF DNA RECOMBINATION%GOBP%GO:0045911	POSITIVE REGULATION OF DNA RECOMBINATION%GOBP%GO:0045911		48	-0.39427024	-1.0900863	0.33501258	0.5445239	1.0	3622	tags=29%, list=21%, signal=37%	
NEGATIVE REGULATION OF CATION TRANSMEMBRANE TRANSPORT%GOBP%GO:1904063	NEGATIVE REGULATION OF CATION TRANSMEMBRANE TRANSPORT%GOBP%GO:1904063		38	-0.40227482	-1.0899565	0.3531746	0.54458755	1.0	4223	tags=32%, list=24%, signal=42%	
CELL SURFACE TOLL-LIKE RECEPTOR SIGNALING PATHWAY%GOBP%GO:0140895	CELL SURFACE TOLL-LIKE RECEPTOR SIGNALING PATHWAY%GOBP%GO:0140895		21	-0.46275735	-1.089945	0.34852546	0.54440075	1.0	4822	tags=62%, list=28%, signal=85%	
CELLULAR RESPONSE TO LOW-DENSITY LIPOPROTEIN PARTICLE STIMULUS%GOBP%GO:0071404	CELLULAR RESPONSE TO LOW-DENSITY LIPOPROTEIN PARTICLE STIMULUS%GOBP%GO:0071404		19	-0.45971105	-1.089826	0.37027028	0.54445726	1.0	4119	tags=47%, list=24%, signal=62%	
RESPONSE TO LIPOPROTEIN PARTICLE%GOBP%GO:0055094	RESPONSE TO LIPOPROTEIN PARTICLE%GOBP%GO:0055094		19	-0.45971105	-1.0895627	0.370945	0.54484254	1.0	4119	tags=47%, list=24%, signal=62%	
ATF4 ACTIVATES GENES IN RESPONSE TO ENDOPLASMIC RETICULUM STRESS%REACTOME DATABASE ID RELEASE 93%380994	ATF4 ACTIVATES GENES IN RESPONSE TO ENDOPLASMIC RETICULUM STRESS%REACTOME DATABASE ID RELEASE 93%380994		25	-0.43457544	-1.0895246	0.3741403	0.54472405	1.0	5191	tags=44%, list=30%, signal=63%	
PCNA-DEPENDENT LONG PATCH BASE EXCISION REPAIR%REACTOME%R-HSA-5651801.3	PCNA-DEPENDENT LONG PATCH BASE EXCISION REPAIR%REACTOME%R-HSA-5651801.3		21	-0.45494577	-1.0894973	0.35973155	0.54457074	1.0	4979	tags=48%, list=29%, signal=67%	
CELL-CELL FUSION%GOBP%GO:0140253	CELL-CELL FUSION%GOBP%GO:0140253		15	-0.4836875	-1.0893466	0.36452514	0.5447038	1.0	1672	tags=33%, list=10%, signal=37%	
TUMOR NECROSIS FACTOR-MEDIATED SIGNALING PATHWAY%GOBP%GO:0033209	TUMOR NECROSIS FACTOR-MEDIATED SIGNALING PATHWAY%GOBP%GO:0033209		32	-0.41485593	-1.0892453	0.35910878	0.5447218	1.0	5074	tags=50%, list=29%, signal=70%	
PROTEIN PALMITOYLATION%GOBP%GO:0018345	PROTEIN PALMITOYLATION%GOBP%GO:0018345		19	-0.4664094	-1.0892116	0.37447405	0.5445864	1.0	2046	tags=32%, list=12%, signal=36%	
POSITIVE REGULATION OF PROTEIN LOCALIZATION TO CELL PERIPHERY%GOBP%GO:1904377	POSITIVE REGULATION OF PROTEIN LOCALIZATION TO CELL PERIPHERY%GOBP%GO:1904377		55	-0.38588607	-1.089127	0.3409669	0.54456323	1.0	2893	tags=29%, list=17%, signal=35%	
SIGNALING BY CYTOSOLIC FGFR1 FUSION MUTANTS%REACTOME%R-HSA-1839117.4	SIGNALING BY CYTOSOLIC FGFR1 FUSION MUTANTS%REACTOME%R-HSA-1839117.4		15	-0.487246	-1.0891008	0.36376604	0.5444245	1.0	1517	tags=27%, list=9%, signal=29%	
NEP NS2 INTERACTS WITH THE CELLULAR EXPORT MACHINERY%REACTOME DATABASE ID RELEASE 93%168333	NEP NS2 INTERACTS WITH THE CELLULAR EXPORT MACHINERY%REACTOME DATABASE ID RELEASE 93%168333		28	-0.43421695	-1.0890365	0.3611111	0.5443607	1.0	7561	tags=64%, list=43%, signal=113%	
RESPONSE OF EIF2AK1 (HRI) TO HEME DEFICIENCY%REACTOME%R-HSA-9648895.4	RESPONSE OF EIF2AK1 (HRI) TO HEME DEFICIENCY%REACTOME%R-HSA-9648895.4		15	-0.4883219	-1.0885969	0.3734266	0.5451233	1.0	4278	tags=40%, list=24%, signal=53%	
CEREBELLUM DEVELOPMENT%GOBP%GO:0021549	CEREBELLUM DEVELOPMENT%GOBP%GO:0021549		21	-0.4570608	-1.0885713	0.36076817	0.54497534	1.0	2897	tags=33%, list=17%, signal=40%	
INTRACELLULAR SIGNALLING THROUGH ADENOSINE RECEPTOR A2A AND ADENOSINE%SMPDB%SMP0000320	INTRACELLULAR SIGNALLING THROUGH ADENOSINE RECEPTOR A2A AND ADENOSINE%SMPDB%SMP0000320		36	-0.41212198	-1.0881331	0.359375	0.545714	1.0	3966	tags=36%, list=23%, signal=47%	
POSITIVE REGULATION OF VASCULAR ASSOCIATED SMOOTH MUSCLE CELL PROLIFERATION%GOBP%GO:1904707	POSITIVE REGULATION OF VASCULAR ASSOCIATED SMOOTH MUSCLE CELL PROLIFERATION%GOBP%GO:1904707		17	-0.47317365	-1.0879107	0.37677053	0.5459685	1.0	2384	tags=53%, list=14%, signal=61%	
NEUTROPHIL MIGRATION%GOBP%GO:1990266	NEUTROPHIL MIGRATION%GOBP%GO:1990266		22	-0.45264256	-1.0877995	0.3611111	0.5460099	1.0	826	tags=14%, list=5%, signal=14%	
OTHER INTERLEUKIN SIGNALING%REACTOME%R-HSA-449836.12	OTHER INTERLEUKIN SIGNALING%REACTOME%R-HSA-449836.12		16	-0.48010978	-1.0873915	0.3645117	0.5467278	1.0	7681	tags=75%, list=44%, signal=134%	
BIOCARTA_CTCF_PATHWAY%MSIGDB_C2%BIOCARTA_CTCF_PATHWAY	BIOCARTA_CTCF_PATHWAY%MSIGDB_C2%BIOCARTA_CTCF_PATHWAY		16	-0.4780334	-1.087229	0.3637621	0.5468903	1.0	1261	tags=19%, list=7%, signal=20%	
TRANSCRIPTION REGULATION BY BZIP TRANSCRIPTION FACTOR%PANTHER PATHWAY%P00055	TRANSCRIPTION REGULATION BY BZIP TRANSCRIPTION FACTOR%PANTHER PATHWAY%P00055		41	-0.40157735	-1.0871654	0.34615386	0.54683524	1.0	4863	tags=37%, list=28%, signal=51%	
NEGATIVE REGULATION OF INFLAMMATORY RESPONSE%GOBP%GO:0050728	NEGATIVE REGULATION OF INFLAMMATORY RESPONSE%GOBP%GO:0050728		85	-0.3579466	-1.0870183	0.30658683	0.54694325	1.0	4752	tags=33%, list=27%, signal=45%	
HOST PATHOGEN INTERACTION OF HUMAN CORONAVIRUSES MAPK SIGNALING%WIKIPATHWAYS_20250810%WP4877%HOMO SAPIENS	HOST PATHOGEN INTERACTION OF HUMAN CORONAVIRUSES MAPK SIGNALING%WIKIPATHWAYS_20250810%WP4877%HOMO SAPIENS		32	-0.41715658	-1.0864408	0.34424084	0.5480153	1.0	3089	tags=31%, list=18%, signal=38%	
REGULATION OF DENDRITIC SPINE DEVELOPMENT%GOBP%GO:0060998	REGULATION OF DENDRITIC SPINE DEVELOPMENT%GOBP%GO:0060998		28	-0.4310544	-1.0862186	0.34666666	0.5483044	1.0	715	tags=18%, list=4%, signal=19%	
INTEGRATIVE ANALYSIS OF TREG GLIAL INTERACTIONS %WIKIPATHWAYS_20250810%WP5561%HOMO SAPIENS	INTEGRATIVE ANALYSIS OF TREG GLIAL INTERACTIONS %WIKIPATHWAYS_20250810%WP5561%HOMO SAPIENS		53	-0.3833492	-1.0860404	0.3255814	0.5484899	1.0	3401	tags=26%, list=19%, signal=33%	
FOXA2 AND FOXA3 TRANSCRIPTION FACTOR NETWORKS%PATHWAY INTERACTION DATABASE NCI-NATURE CURATED DATA%FOXA2 AND FOXA3 TRANSCRIPTION FACTOR NETWORKS	FOXA2 AND FOXA3 TRANSCRIPTION FACTOR NETWORKS%PATHWAY INTERACTION DATABASE NCI-NATURE CURATED DATA%FOXA2 AND FOXA3 TRANSCRIPTION FACTOR NETWORKS		26	-0.43362284	-1.0859296	0.36218375	0.54849803	1.0	1946	tags=27%, list=11%, signal=30%	
SIGNALING EVENTS MEDIATED BY HDAC CLASS II%PATHWAY INTERACTION DATABASE NCI-NATURE CURATED DATA%SIGNALING EVENTS MEDIATED BY HDAC CLASS II	SIGNALING EVENTS MEDIATED BY HDAC CLASS II%PATHWAY INTERACTION DATABASE NCI-NATURE CURATED DATA%SIGNALING EVENTS MEDIATED BY HDAC CLASS II		31	-0.41923535	-1.0853688	0.35392535	0.5495471	1.0	4831	tags=45%, list=28%, signal=62%	
MATURATION OF LSU-RRNA%GOBP%GO:0000470	MATURATION OF LSU-RRNA%GOBP%GO:0000470		26	-0.43855724	-1.0852283	0.35914552	0.5496659	1.0	5201	tags=42%, list=30%, signal=60%	
SOMATIC CELL DNA RECOMBINATION%GOBP%GO:0016444	SOMATIC CELL DNA RECOMBINATION%GOBP%GO:0016444		16	-0.4771076	-1.0848197	0.37707183	0.5503919	1.0	5021	tags=38%, list=29%, signal=53%	
PANCREAS FUNCTION - BETA CELL%PATHWHIZ%PW122285	PANCREAS FUNCTION - BETA CELL%PATHWHIZ%PW122285		17	-0.46953577	-1.0846301	0.35714287	0.5506213	1.0	2708	tags=24%, list=16%, signal=28%	
SYNDECAN-4-MEDIATED SIGNALING EVENTS%PATHWAY INTERACTION DATABASE NCI-NATURE CURATED DATA%SYNDECAN-4-MEDIATED SIGNALING EVENTS	SYNDECAN-4-MEDIATED SIGNALING EVENTS%PATHWAY INTERACTION DATABASE NCI-NATURE CURATED DATA%SYNDECAN-4-MEDIATED SIGNALING EVENTS		25	-0.43517715	-1.0844774	0.35531628	0.55077213	1.0	3115	tags=44%, list=18%, signal=53%	
FORMATION OF THE BETA-CATENIN:TCF TRANSACTIVATING COMPLEX%REACTOME DATABASE ID RELEASE 93%201722	FORMATION OF THE BETA-CATENIN:TCF TRANSACTIVATING COMPLEX%REACTOME DATABASE ID RELEASE 93%201722		29	-0.42500284	-1.0843985	0.37991858	0.5507287	1.0	4240	tags=34%, list=24%, signal=45%	
NUCLEAR PORE COMPLEX (NPC) DISASSEMBLY%REACTOME DATABASE ID RELEASE 93%3301854	NUCLEAR PORE COMPLEX (NPC) DISASSEMBLY%REACTOME DATABASE ID RELEASE 93%3301854		32	-0.41636267	-1.0843178	0.35863873	0.5506895	1.0	7561	tags=63%, list=43%, signal=110%	
REGULATION OF CILIUM ASSEMBLY%GOBP%GO:1902017	REGULATION OF CILIUM ASSEMBLY%GOBP%GO:1902017		62	-0.37772197	-1.0842512	0.3212121	0.55063224	1.0	5205	tags=42%, list=30%, signal=60%	
ANTIGEN ACTIVATES B CELL RECEPTOR (BCR) LEADING TO GENERATION OF SECOND MESSENGERS%REACTOME%R-HSA-983695.6	ANTIGEN ACTIVATES B CELL RECEPTOR (BCR) LEADING TO GENERATION OF SECOND MESSENGERS%REACTOME%R-HSA-983695.6		21	-0.45031232	-1.0840472	0.347185	0.5508971	1.0	2759	tags=29%, list=16%, signal=34%	
ADIPOGENESIS%WIKIPATHWAYS_20250810%WP236%HOMO SAPIENS	ADIPOGENESIS%WIKIPATHWAYS_20250810%WP236%HOMO SAPIENS		85	-0.35874608	-1.0835749	0.3289941	0.5517203	1.0	1686	tags=19%, list=10%, signal=21%	
CELL SURFACE PATTERN RECOGNITION RECEPTOR SIGNALING PATHWAY%GOBP%GO:0002752	CELL SURFACE PATTERN RECOGNITION RECEPTOR SIGNALING PATHWAY%GOBP%GO:0002752		23	-0.4409507	-1.0832708	0.36190477	0.5521916	1.0	4822	tags=57%, list=28%, signal=78%	
RECRUITMENT OF MITOTIC CENTROSOME PROTEINS AND COMPLEXES%REACTOME DATABASE ID RELEASE 93%380270	RECRUITMENT OF MITOTIC CENTROSOME PROTEINS AND COMPLEXES%REACTOME DATABASE ID RELEASE 93%380270		78	-0.36648682	-1.0832487	0.33173078	0.5520348	1.0	4994	tags=36%, list=29%, signal=50%	
REGULATION OF VIRAL PROCESS%GOBP%GO:0050792	REGULATION OF VIRAL PROCESS%GOBP%GO:0050792		91	-0.35729277	-1.0831976	0.3254717	0.5519387	1.0	5291	tags=35%, list=30%, signal=50%	
LIPID METABOLISM PATHWAY%WIKIPATHWAYS_20250810%WP3965%HOMO SAPIENS	LIPID METABOLISM PATHWAY%WIKIPATHWAYS_20250810%WP3965%HOMO SAPIENS		17	-0.48161072	-1.0830386	0.38259667	0.55209035	1.0	3889	tags=41%, list=22%, signal=53%	
GLYCOSYL COMPOUND METABOLIC PROCESS%GOBP%GO:1901657	GLYCOSYL COMPOUND METABOLIC PROCESS%GOBP%GO:1901657		46	-0.38697287	-1.0829655	0.33673468	0.55205053	1.0	4228	tags=28%, list=24%, signal=37%	
FOREBRAIN NEURON DIFFERENTIATION%GOBP%GO:0021879	FOREBRAIN NEURON DIFFERENTIATION%GOBP%GO:0021879		24	-0.43887055	-1.0829628	0.35833332	0.5518472	1.0	1049	tags=17%, list=6%, signal=18%	
REGULATION OF POTASSIUM ION TRANSMEMBRANE TRANSPORT%GOBP%GO:1901379	REGULATION OF POTASSIUM ION TRANSMEMBRANE TRANSPORT%GOBP%GO:1901379		42	-0.39731103	-1.0824581	0.35085413	0.5527574	1.0	3375	tags=29%, list=19%, signal=35%	
GENES CONTROLLING NEPHROGENESIS%WIKIPATHWAYS_20250810%WP4823%HOMO SAPIENS	GENES CONTROLLING NEPHROGENESIS%WIKIPATHWAYS_20250810%WP4823%HOMO SAPIENS		27	-0.42771664	-1.0823513	0.37566137	0.55277336	1.0	927	tags=22%, list=5%, signal=23%	
NEGATIVE REGULATION OF MONOATOMIC ION TRANSPORT%GOBP%GO:0043271	NEGATIVE REGULATION OF MONOATOMIC ION TRANSPORT%GOBP%GO:0043271		51	-0.38437784	-1.0821438	0.34615386	0.5530498	1.0	2272	tags=22%, list=13%, signal=25%	
ALZHEIMER DISEASE-AMYLOID SECRETASE PATHWAY%PANTHER PATHWAY%P00003	ALZHEIMER DISEASE-AMYLOID SECRETASE PATHWAY%PANTHER PATHWAY%P00003		47	-0.38847253	-1.0816063	0.3517588	0.55403316	1.0	2909	tags=26%, list=17%, signal=31%	
REGULATION OF TUBE SIZE%GOBP%GO:0035150	REGULATION OF TUBE SIZE%GOBP%GO:0035150		52	-0.389199	-1.0815207	0.3544776	0.55401474	1.0	536	tags=15%, list=3%, signal=16%	
REGULATION OF TOLL-LIKE RECEPTOR 4 SIGNALING PATHWAY%GOBP%GO:0034143	REGULATION OF TOLL-LIKE RECEPTOR 4 SIGNALING PATHWAY%GOBP%GO:0034143		18	-0.45821175	-1.081335	0.37762237	0.5542186	1.0	5056	tags=44%, list=29%, signal=62%	
PERK REGULATES GENE EXPRESSION%REACTOME%R-HSA-381042.3	PERK REGULATES GENE EXPRESSION%REACTOME%R-HSA-381042.3		30	-0.4229162	-1.0811694	0.36666667	0.55434096	1.0	4651	tags=37%, list=27%, signal=50%	
NEUROINFLAMMATION AND GLUTAMATERGIC SIGNALING%WIKIPATHWAYS_20250810%WP5083%HOMO SAPIENS	NEUROINFLAMMATION AND GLUTAMATERGIC SIGNALING%WIKIPATHWAYS_20250810%WP5083%HOMO SAPIENS		82	-0.36100248	-1.0810752	0.33009708	0.55432045	1.0	3966	tags=34%, list=23%, signal=44%	
ARF6 TRAFFICKING EVENTS%PATHWAY INTERACTION DATABASE NCI-NATURE CURATED DATA%ARF6 TRAFFICKING EVENTS	ARF6 TRAFFICKING EVENTS%PATHWAY INTERACTION DATABASE NCI-NATURE CURATED DATA%ARF6 TRAFFICKING EVENTS		41	-0.4000927	-1.0806441	0.33289298	0.55506074	1.0	5098	tags=37%, list=29%, signal=52%	
SISTER CHROMATID COHESION%GOBP%GO:0007062	SISTER CHROMATID COHESION%GOBP%GO:0007062		37	-0.40590438	-1.0804567	0.37608966	0.5552806	1.0	2951	tags=30%, list=17%, signal=36%	
PID_HDAC_CLASSI_PATHWAY%MSIGDB_C2%PID_HDAC_CLASSI_PATHWAY	PID_HDAC_CLASSI_PATHWAY%MSIGDB_C2%PID_HDAC_CLASSI_PATHWAY		54	-0.38263223	-1.0802836	0.32998747	0.5554453	1.0	4167	tags=37%, list=24%, signal=48%	
NEUROGENESIS REGULATION IN THE OLFACTORY EPITHELIUM%WIKIPATHWAYS_20250810%WP5265%HOMO SAPIENS	NEUROGENESIS REGULATION IN THE OLFACTORY EPITHELIUM%WIKIPATHWAYS_20250810%WP5265%HOMO SAPIENS		43	-0.3873186	-1.0801574	0.3688946	0.5555053	1.0	1047	tags=23%, list=6%, signal=25%	
NEGATIVE REGULATION OF VASCULATURE DEVELOPMENT%GOBP%GO:1901343	NEGATIVE REGULATION OF VASCULATURE DEVELOPMENT%GOBP%GO:1901343		57	-0.3745483	-1.0801343	0.32448733	0.5553491	1.0	2877	tags=25%, list=16%, signal=29%	
CCR5%IOB%CCR5	CCR5%IOB%CCR5		15	-0.48231965	-1.0800515	0.38280165	0.55530584	1.0	2818	tags=33%, list=16%, signal=40%	
TAR SYNDROME%WIKIPATHWAYS_20250810%WP5362%HOMO SAPIENS	TAR SYNDROME%WIKIPATHWAYS_20250810%WP5362%HOMO SAPIENS		41	-0.39379004	-1.0800076	0.3680203	0.55518186	1.0	1565	tags=15%, list=9%, signal=16%	
PROTEIN TARGETING TO MEMBRANE%GOBP%GO:0006612	PROTEIN TARGETING TO MEMBRANE%GOBP%GO:0006612		69	-0.3705047	-1.0798725	0.3499407	0.5552556	1.0	2046	tags=19%, list=12%, signal=21%	
P75NTR SIGNALS VIA NF-KB%REACTOME DATABASE ID RELEASE 93%193639	P75NTR SIGNALS VIA NF-KB%REACTOME DATABASE ID RELEASE 93%193639		16	-0.46738535	-1.0798463	0.39270687	0.55510134	1.0	4825	tags=69%, list=28%, signal=95%	
POSITIVE REGULATION OF TORC1 SIGNALING%GOBP%GO:1904263	POSITIVE REGULATION OF TORC1 SIGNALING%GOBP%GO:1904263		48	-0.3889893	-1.079844	0.34140128	0.5548963	1.0	5027	tags=46%, list=29%, signal=64%	
REGULATION OF LIPID LOCALIZATION%GOBP%GO:1905952	REGULATION OF LIPID LOCALIZATION%GOBP%GO:1905952		79	-0.36050287	-1.0796626	0.32733813	0.5550948	1.0	5520	tags=46%, list=32%, signal=66%	
POSITIVE CHEMOTAXIS%GOBP%GO:0050918	POSITIVE CHEMOTAXIS%GOBP%GO:0050918		15	-0.48630664	-1.0795423	0.3883495	0.55514336	1.0	747	tags=20%, list=4%, signal=21%	
DAG AND IP3 SIGNALING%REACTOME DATABASE ID RELEASE 93%1489509	DAG AND IP3 SIGNALING%REACTOME DATABASE ID RELEASE 93%1489509		36	-0.40195352	-1.0791528	0.35517693	0.55578583	1.0	4214	tags=44%, list=24%, signal=58%	
SUMOYLATION OF CHROMATIN ORGANIZATION PROTEINS%REACTOME%R-HSA-4551638.7	SUMOYLATION OF CHROMATIN ORGANIZATION PROTEINS%REACTOME%R-HSA-4551638.7		51	-0.3826797	-1.0788312	0.3425	0.55630755	1.0	7200	tags=55%, list=41%, signal=93%	
INOSITOL PHOSPHATE METABOLISM%REACTOME DATABASE ID RELEASE 93%1483249	INOSITOL PHOSPHATE METABOLISM%REACTOME DATABASE ID RELEASE 93%1483249		44	-0.3917527	-1.0788107	0.34362933	0.5561457	1.0	3305	tags=32%, list=19%, signal=39%	
SOMATIC DIVERSIFICATION OF IMMUNE RECEPTORS VIA GERMLINE RECOMBINATION WITHIN A SINGLE LOCUS%GOBP%GO:0002562	SOMATIC DIVERSIFICATION OF IMMUNE RECEPTORS VIA GERMLINE RECOMBINATION WITHIN A SINGLE LOCUS%GOBP%GO:0002562		16	-0.4771076	-1.0780025	0.37679082	0.5577133	1.0	5021	tags=38%, list=29%, signal=53%	
GSK3B AND BTRC:CUL1-MEDIATED-DEGRADATION OF NFE2L2%REACTOME%R-HSA-9762114.3	GSK3B AND BTRC:CUL1-MEDIATED-DEGRADATION OF NFE2L2%REACTOME%R-HSA-9762114.3		41	-0.40500292	-1.0777029	0.35933504	0.55816793	1.0	5355	tags=39%, list=31%, signal=56%	
MRNA 3'-END PROCESSING%GOBP%GO:0031124	MRNA 3'-END PROCESSING%GOBP%GO:0031124		26	-0.4290064	-1.0776477	0.36787564	0.55807954	1.0	6345	tags=58%, list=36%, signal=90%	
NECTIN ADHESION PATHWAY%PATHWAY INTERACTION DATABASE NCI-NATURE CURATED DATA%NECTIN ADHESION PATHWAY	NECTIN ADHESION PATHWAY%PATHWAY INTERACTION DATABASE NCI-NATURE CURATED DATA%NECTIN ADHESION PATHWAY		23	-0.43939558	-1.0774448	0.36190477	0.55831814	1.0	4741	tags=35%, list=27%, signal=48%	
PID_TRAIL_PATHWAY%MSIGDB_C2%PID_TRAIL_PATHWAY	PID_TRAIL_PATHWAY%MSIGDB_C2%PID_TRAIL_PATHWAY		19	-0.45870203	-1.0769905	0.38321677	0.5591289	1.0	2818	tags=32%, list=16%, signal=38%	
CENTRIOLE ASSEMBLY%GOBP%GO:0098534	CENTRIOLE ASSEMBLY%GOBP%GO:0098534		28	-0.4215438	-1.0766987	0.37299466	0.55957025	1.0	4174	tags=36%, list=24%, signal=47%	
TRANSCRIPTIONAL REGULATION BY MECP2%REACTOME%R-HSA-8986944.4	TRANSCRIPTIONAL REGULATION BY MECP2%REACTOME%R-HSA-8986944.4		52	-0.3851112	-1.0766195	0.3384224	0.55954266	1.0	4214	tags=40%, list=24%, signal=53%	
REGULATION OF COAGULATION%GOBP%GO:0050818	REGULATION OF COAGULATION%GOBP%GO:0050818		35	-0.4056242	-1.0764753	0.36998707	0.5596388	1.0	1514	tags=23%, list=9%, signal=25%	
RECEPTOR RECYCLING%GOBP%GO:0001881	RECEPTOR RECYCLING%GOBP%GO:0001881		15	-0.4747809	-1.0764226	0.37410071	0.5595433	1.0	5196	tags=53%, list=30%, signal=76%	
POSITIVE REGULATION OF INTRACELLULAR PROTEIN TRANSPORT%GOBP%GO:0090316	POSITIVE REGULATION OF INTRACELLULAR PROTEIN TRANSPORT%GOBP%GO:0090316		60	-0.37126398	-1.0763911	0.34643734	0.55940247	1.0	3425	tags=28%, list=20%, signal=35%	
NEGATIVE REGULATION OF ANGIOGENESIS%GOBP%GO:0016525	NEGATIVE REGULATION OF ANGIOGENESIS%GOBP%GO:0016525		57	-0.3745483	-1.0763719	0.34846625	0.55923617	1.0	2877	tags=25%, list=16%, signal=29%	
NEUREXINS AND NEUROLIGINS%REACTOME%R-HSA-6794361.6	NEUREXINS AND NEUROLIGINS%REACTOME%R-HSA-6794361.6		48	-0.38800922	-1.0760428	0.3631841	0.55975634	1.0	4190	tags=40%, list=24%, signal=52%	
REGULATION OF ENDOTHELIAL CELL CHEMOTAXIS%GOBP%GO:2001026	REGULATION OF ENDOTHELIAL CELL CHEMOTAXIS%GOBP%GO:2001026		15	-0.48209614	-1.0760398	0.3796034	0.5595514	1.0	1700	tags=27%, list=10%, signal=30%	
CARGO CONCENTRATION IN THE ER%REACTOME%R-HSA-5694530.3	CARGO CONCENTRATION IN THE ER%REACTOME%R-HSA-5694530.3		27	-0.42467436	-1.0760276	0.37365592	0.55937195	1.0	2766	tags=19%, list=16%, signal=22%	
TRAIL%IOB%TRAIL	TRAIL%IOB%TRAIL		34	-0.4098089	-1.0760046	0.3775773	0.55921763	1.0	6102	tags=53%, list=35%, signal=81%	
HDR THROUGH HOMOLOGOUS RECOMBINATION (HRR)%REACTOME%R-HSA-5685942.4	HDR THROUGH HOMOLOGOUS RECOMBINATION (HRR)%REACTOME%R-HSA-5685942.4		64	-0.37055704	-1.0758777	0.3419434	0.55928165	1.0	5306	tags=39%, list=30%, signal=56%	
NON GENOMIC ACTIONS OF 1 25 DIHYDROXYVITAMIN D3%WIKIPATHWAYS_20250810%WP4341%HOMO SAPIENS	NON GENOMIC ACTIONS OF 1 25 DIHYDROXYVITAMIN D3%WIKIPATHWAYS_20250810%WP4341%HOMO SAPIENS		50	-0.3861629	-1.0758387	0.38017565	0.5591634	1.0	4062	tags=34%, list=23%, signal=44%	
DNA-TEMPLATED DNA REPLICATION MAINTENANCE OF FIDELITY%GOBP%GO:0045005	DNA-TEMPLATED DNA REPLICATION MAINTENANCE OF FIDELITY%GOBP%GO:0045005		51	-0.38407975	-1.0756036	0.37174723	0.5594678	1.0	4773	tags=33%, list=27%, signal=46%	
RESPONSE TO INTERFERON-BETA%GOBP%GO:0035456	RESPONSE TO INTERFERON-BETA%GOBP%GO:0035456		21	-0.44403586	-1.0755576	0.3760218	0.5593685	1.0	5728	tags=48%, list=33%, signal=71%	
HEAD AND NECK SQUAMOUS CELL CARCINOMA%WIKIPATHWAYS_20250810%WP4674%HOMO SAPIENS	HEAD AND NECK SQUAMOUS CELL CARCINOMA%WIKIPATHWAYS_20250810%WP4674%HOMO SAPIENS		60	-0.37019655	-1.075508	0.34761322	0.5592698	1.0	2813	tags=30%, list=16%, signal=36%	
POSITIVE REGULATION OF PROTEIN UBIQUITINATION%GOBP%GO:0031398	POSITIVE REGULATION OF PROTEIN UBIQUITINATION%GOBP%GO:0031398		72	-0.36286658	-1.0754188	0.3458283	0.5592604	1.0	4860	tags=35%, list=28%, signal=48%	
REGULATION OF ANOIKIS%GOBP%GO:2000209	REGULATION OF ANOIKIS%GOBP%GO:2000209		18	-0.4614997	-1.07506	0.3776596	0.5598244	1.0	1720	tags=17%, list=10%, signal=18%	
REGULATION OF CHOLESTEROL METABOLIC PROCESS%GOBP%GO:0090181	REGULATION OF CHOLESTEROL METABOLIC PROCESS%GOBP%GO:0090181		28	-0.42924646	-1.074757	0.38289472	0.56026745	1.0	3823	tags=36%, list=22%, signal=46%	
ENDOTHELINS%PATHWAY INTERACTION DATABASE NCI-NATURE CURATED DATA%ENDOTHELINS	ENDOTHELINS%PATHWAY INTERACTION DATABASE NCI-NATURE CURATED DATA%ENDOTHELINS		51	-0.3842328	-1.0747256	0.36107555	0.5601325	1.0	4213	tags=37%, list=24%, signal=49%	
POSITIVE REGULATION OF MRNA PROCESSING%GOBP%GO:0050685	POSITIVE REGULATION OF MRNA PROCESSING%GOBP%GO:0050685		21	-0.44578335	-1.0747039	0.38651994	0.55997753	1.0	4787	tags=38%, list=27%, signal=52%	
RETINA HOMEOSTASIS%GOBP%GO:0001895	RETINA HOMEOSTASIS%GOBP%GO:0001895		38	-0.4012142	-1.0746835	0.38636363	0.55981886	1.0	1427	tags=16%, list=8%, signal=17%	
REGULATION OF P38-ALPHA AND P38-BETA%PATHWAY INTERACTION DATABASE NCI-NATURE CURATED DATA%REGULATION OF P38-ALPHA AND P38-BETA	REGULATION OF P38-ALPHA AND P38-BETA%PATHWAY INTERACTION DATABASE NCI-NATURE CURATED DATA%REGULATION OF P38-ALPHA AND P38-BETA		28	-0.42371994	-1.0746586	0.37086093	0.5596624	1.0	3882	tags=36%, list=22%, signal=46%	
SPHINGOLIPID METABOLISM%REACTOME DATABASE ID RELEASE 93%428157	SPHINGOLIPID METABOLISM%REACTOME DATABASE ID RELEASE 93%428157		81	-0.35924107	-1.0745256	0.345367	0.55974895	1.0	4375	tags=33%, list=25%, signal=44%	
MOLECULAR PATHWAY FOR OXIDATIVE STRESS%WIKIPATHWAYS_20250810%WP5477%HOMO SAPIENS	MOLECULAR PATHWAY FOR OXIDATIVE STRESS%WIKIPATHWAYS_20250810%WP5477%HOMO SAPIENS		34	-0.40599602	-1.0745147	0.36928934	0.5595673	1.0	1261	tags=15%, list=7%, signal=16%	
AMYLOID FIBRIL FORMATION%GOBP%GO:1990000	AMYLOID FIBRIL FORMATION%GOBP%GO:1990000		19	-0.45842198	-1.0743402	0.392022	0.55974454	1.0	1557	tags=26%, list=9%, signal=29%	
OXIDATIVE PHOSPHORYLATION%WIKIPATHWAYS_20250810%WP623%HOMO SAPIENS	OXIDATIVE PHOSPHORYLATION%WIKIPATHWAYS_20250810%WP623%HOMO SAPIENS		33	-0.41268837	-1.0742886	0.3783784	0.559657	1.0	4008	tags=30%, list=23%, signal=39%	
FACTORS AND PATHWAYS AFFECTING INSULIN LIKE GROWTH FACTOR IGF1 AKT SIGNALING%WIKIPATHWAYS_20250810%WP3850%HOMO SAPIENS	FACTORS AND PATHWAYS AFFECTING INSULIN LIKE GROWTH FACTOR IGF1 AKT SIGNALING%WIKIPATHWAYS_20250810%WP3850%HOMO SAPIENS		26	-0.42440554	-1.0741802	0.35402906	0.5596967	1.0	4816	tags=50%, list=28%, signal=69%	
REGULATION OF PHOSPHOLIPID METABOLIC PROCESS%GOBP%GO:1903725	REGULATION OF PHOSPHOLIPID METABOLIC PROCESS%GOBP%GO:1903725		19	-0.450886	-1.0741694	0.39381152	0.55951166	1.0	4144	tags=42%, list=24%, signal=55%	
ENDOSOME TRANSPORT VIA MULTIVESICULAR BODY SORTING PATHWAY%GOBP%GO:0032509	ENDOSOME TRANSPORT VIA MULTIVESICULAR BODY SORTING PATHWAY%GOBP%GO:0032509		39	-0.40218318	-1.0738664	0.37723786	0.55996644	1.0	4729	tags=36%, list=27%, signal=49%	
REGULATION OF ENDOGENOUS RETROELEMENTS%REACTOME%R-HSA-9842860.2	REGULATION OF ENDOGENOUS RETROELEMENTS%REACTOME%R-HSA-9842860.2		76	-0.36335137	-1.0736779	0.35397196	0.5601758	1.0	4041	tags=30%, list=23%, signal=39%	
POSITIVE REGULATION OF BLOOD VESSEL ENDOTHELIAL CELL MIGRATION%GOBP%GO:0043536	POSITIVE REGULATION OF BLOOD VESSEL ENDOTHELIAL CELL MIGRATION%GOBP%GO:0043536		39	-0.4004136	-1.073106	0.3737245	0.5611988	1.0	1700	tags=23%, list=10%, signal=26%	
DISEASES ASSOCIATED WITH GLYCOSYLATION PRECURSOR BIOSYNTHESIS%REACTOME DATABASE ID RELEASE 93%5609975	DISEASES ASSOCIATED WITH GLYCOSYLATION PRECURSOR BIOSYNTHESIS%REACTOME DATABASE ID RELEASE 93%5609975		16	-0.47382927	-1.0730153	0.3692098	0.56119466	1.0	2171	tags=25%, list=12%, signal=29%	
TAK1-DEPENDENT IKK AND NF-KAPPA-B ACTIVATION%REACTOME DATABASE ID RELEASE 93%445989	TAK1-DEPENDENT IKK AND NF-KAPPA-B ACTIVATION%REACTOME DATABASE ID RELEASE 93%445989		39	-0.40141204	-1.0726875	0.35836628	0.5616902	1.0	5266	tags=49%, list=30%, signal=70%	
CALMODULIN INDUCED EVENTS%REACTOME%R-HSA-111933.3	CALMODULIN INDUCED EVENTS%REACTOME%R-HSA-111933.3		30	-0.41494697	-1.072585	0.3632708	0.56171536	1.0	4214	tags=47%, list=24%, signal=61%	
TYPE I INTERFERON INDUCTION AND SIGNALING DURING SARS COV 2 INFECTION%WIKIPATHWAYS_20250810%WP4868%HOMO SAPIENS	TYPE I INTERFERON INDUCTION AND SIGNALING DURING SARS COV 2 INFECTION%WIKIPATHWAYS_20250810%WP4868%HOMO SAPIENS		19	-0.4529935	-1.0725784	0.36864406	0.56152165	1.0	7196	tags=68%, list=41%, signal=116%	
NATURAL KILLER CELL MEDIATED IMMUNITY%GOBP%GO:0002228	NATURAL KILLER CELL MEDIATED IMMUNITY%GOBP%GO:0002228		17	-0.46054387	-1.0720569	0.39112905	0.5623791	1.0	4763	tags=47%, list=27%, signal=65%	
TRANSCRIPTIONAL REGULATION OF WHITE ADIPOCYTE DIFFERENTIATION%REACTOME DATABASE ID RELEASE 93%381340	TRANSCRIPTIONAL REGULATION OF WHITE ADIPOCYTE DIFFERENTIATION%REACTOME DATABASE ID RELEASE 93%381340		73	-0.36113113	-1.0718346	0.35862914	0.5626687	1.0	5290	tags=32%, list=30%, signal=45%	
IMMUNOGLOBULIN MEDIATED IMMUNE RESPONSE%GOBP%GO:0016064	IMMUNOGLOBULIN MEDIATED IMMUNE RESPONSE%GOBP%GO:0016064		17	-0.46692148	-1.0717967	0.36726272	0.56255484	1.0	5021	tags=47%, list=29%, signal=66%	
NUCLEAR-TRANSCRIBED MRNA CATABOLIC PROCESS, NONSENSE-MEDIATED DECAY%GOBP%GO:0000184	NUCLEAR-TRANSCRIBED MRNA CATABOLIC PROCESS, NONSENSE-MEDIATED DECAY%GOBP%GO:0000184		24	-0.43583405	-1.0716814	0.37702703	0.5625986	1.0	4821	tags=46%, list=28%, signal=63%	
OPIOID PROENKEPHALIN PATHWAY%PANTHER PATHWAY%P05915	OPIOID PROENKEPHALIN PATHWAY%PANTHER PATHWAY%P05915		18	-0.4624376	-1.0716807	0.38115332	0.5623922	1.0	5675	tags=39%, list=32%, signal=58%	
TRANSLATION FACTORS%WIKIPATHWAYS_20250810%WP107%HOMO SAPIENS	TRANSLATION FACTORS%WIKIPATHWAYS_20250810%WP107%HOMO SAPIENS		41	-0.3898882	-1.0716621	0.35759097	0.5622197	1.0	5074	tags=41%, list=29%, signal=58%	
BIOCARTA_FMLP_PATHWAY%MSIGDB_C2%BIOCARTA_FMLP_PATHWAY	BIOCARTA_FMLP_PATHWAY%MSIGDB_C2%BIOCARTA_FMLP_PATHWAY		24	-0.4405804	-1.0714247	0.39280775	0.56252056	1.0	3966	tags=50%, list=23%, signal=65%	
CEREBELLAR CORTEX DEVELOPMENT%GOBP%GO:0021695	CEREBELLAR CORTEX DEVELOPMENT%GOBP%GO:0021695		15	-0.47744045	-1.0713577	0.3962804	0.56245905	1.0	2897	tags=33%, list=17%, signal=40%	
DNA DOUBLE STRAND BREAK RESPONSE%REACTOME%R-HSA-5693606.4	DNA DOUBLE STRAND BREAK RESPONSE%REACTOME%R-HSA-5693606.4		40	-0.39801872	-1.0710515	0.3627204	0.5629004	1.0	4104	tags=38%, list=24%, signal=49%	
MRNA SPLICE SITE RECOGNITION%GOBP%GO:0006376	MRNA SPLICE SITE RECOGNITION%GOBP%GO:0006376		26	-0.42853278	-1.0705173	0.39101717	0.5638741	1.0	4370	tags=31%, list=25%, signal=41%	
ACTIVATION OF APC C AND APC C:CDC20 MEDIATED DEGRADATION OF MITOTIC PROTEINS%REACTOME DATABASE ID RELEASE 93%176814	ACTIVATION OF APC C AND APC C:CDC20 MEDIATED DEGRADATION OF MITOTIC PROTEINS%REACTOME DATABASE ID RELEASE 93%176814		63	-0.37347215	-1.0704851	0.3554217	0.56373423	1.0	6898	tags=51%, list=40%, signal=84%	
ACTIVATION OF THE PRE-REPLICATIVE COMPLEX%REACTOME%R-HSA-68962.6	ACTIVATION OF THE PRE-REPLICATIVE COMPLEX%REACTOME%R-HSA-68962.6		33	-0.40324056	-1.0703017	0.37827715	0.5639091	1.0	5832	tags=45%, list=33%, signal=68%	
NON-CODING RNA METABOLISM%REACTOME%R-HSA-194441.4	NON-CODING RNA METABOLISM%REACTOME%R-HSA-194441.4		49	-0.37878624	-1.0699162	0.36981133	0.5645045	1.0	7200	tags=53%, list=41%, signal=90%	
INSULIN IGF PATHWAY-PROTEIN KINASE B SIGNALING CASCADE%PANTHER PATHWAY%P00033	INSULIN IGF PATHWAY-PROTEIN KINASE B SIGNALING CASCADE%PANTHER PATHWAY%P00033		18	-0.45566052	-1.0697005	0.38579386	0.5647766	1.0	5713	tags=50%, list=33%, signal=74%	
POSITIVE REGULATION OF MRNA CATABOLIC PROCESS%GOBP%GO:0061014	POSITIVE REGULATION OF MRNA CATABOLIC PROCESS%GOBP%GO:0061014		77	-0.36056975	-1.0695397	0.35301062	0.56493074	1.0	5333	tags=43%, list=31%, signal=61%	
RANKL RANK SIGNALING%WIKIPATHWAYS_20250810%WP2018%HOMO SAPIENS	RANKL RANK SIGNALING%WIKIPATHWAYS_20250810%WP2018%HOMO SAPIENS		39	-0.39272797	-1.0695342	0.35416666	0.564737	1.0	3060	tags=31%, list=18%, signal=37%	
NUCLEAR EVENTS STIMULATED BY ALK SIGNALING IN CANCER%REACTOME DATABASE ID RELEASE 93%9725371	NUCLEAR EVENTS STIMULATED BY ALK SIGNALING IN CANCER%REACTOME DATABASE ID RELEASE 93%9725371		24	-0.43764004	-1.0694153	0.3809524	0.564784	1.0	3959	tags=33%, list=23%, signal=43%	
PID_UPA_UPAR_PATHWAY%MSIGDB_C2%PID_UPA_UPAR_PATHWAY	PID_UPA_UPAR_PATHWAY%MSIGDB_C2%PID_UPA_UPAR_PATHWAY		16	-0.47246733	-1.069289	0.4089636	0.5648468	1.0	3122	tags=38%, list=18%, signal=46%	
PID_ARF6_TRAFFICKING_PATHWAY%MSIGDB_C2%PID_ARF6_TRAFFICKING_PATHWAY	PID_ARF6_TRAFFICKING_PATHWAY%MSIGDB_C2%PID_ARF6_TRAFFICKING_PATHWAY		28	-0.41830635	-1.0690864	0.37199435	0.5650829	1.0	5098	tags=36%, list=29%, signal=50%	
LATE SARS-COV-2 INFECTION EVENTS%REACTOME DATABASE ID RELEASE 93%9772573	LATE SARS-COV-2 INFECTION EVENTS%REACTOME DATABASE ID RELEASE 93%9772573		70	-0.3648624	-1.0690358	0.36121213	0.5649902	1.0	2388	tags=26%, list=14%, signal=30%	
REGULATION OF INFLAMMATORY RESPONSE TO ANTIGENIC STIMULUS%GOBP%GO:0002861	REGULATION OF INFLAMMATORY RESPONSE TO ANTIGENIC STIMULUS%GOBP%GO:0002861		21	-0.44023943	-1.0689794	0.3780822	0.56491464	1.0	4171	tags=43%, list=24%, signal=56%	
SYNTHESIS OF PA%REACTOME%R-HSA-1483166.8	SYNTHESIS OF PA%REACTOME%R-HSA-1483166.8		23	-0.4404598	-1.0687295	0.38048092	0.56524795	1.0	1885	tags=22%, list=11%, signal=24%	
POSITIVE REGULATION OF LEUKOCYTE PROLIFERATION%GOBP%GO:0070665	POSITIVE REGULATION OF LEUKOCYTE PROLIFERATION%GOBP%GO:0070665		53	-0.3794852	-1.0683439	0.37160495	0.56588215	1.0	3207	tags=25%, list=18%, signal=30%	
CONSTITUTIVE SIGNALING BY LIGAND-RESPONSIVE EGFR CANCER VARIANTS%REACTOME%R-HSA-1236382.3	CONSTITUTIVE SIGNALING BY LIGAND-RESPONSIVE EGFR CANCER VARIANTS%REACTOME%R-HSA-1236382.3		17	-0.46080393	-1.0681965	0.37254903	0.565996	1.0	4954	tags=53%, list=28%, signal=74%	
IONOTROPIC GLUTAMATE RECEPTOR SIGNALING PATHWAY%GOBP%GO:0035235	IONOTROPIC GLUTAMATE RECEPTOR SIGNALING PATHWAY%GOBP%GO:0035235		16	-0.4768626	-1.0680822	0.39942938	0.5660515	1.0	815	tags=19%, list=5%, signal=20%	
CELLULAR RESPONSE TO GLUCOCORTICOID STIMULUS%GOBP%GO:0071385	CELLULAR RESPONSE TO GLUCOCORTICOID STIMULUS%GOBP%GO:0071385		15	-0.48183694	-1.067291	0.4048641	0.5675972	1.0	698	tags=20%, list=4%, signal=21%	
MAINTENANCE OF PROTEIN LOCATION IN CELL%GOBP%GO:0032507	MAINTENANCE OF PROTEIN LOCATION IN CELL%GOBP%GO:0032507		42	-0.39095592	-1.0671813	0.36835444	0.56761837	1.0	3635	tags=29%, list=21%, signal=36%	
NEURAL TUBE DEVELOPMENT%GOBP%GO:0021915	NEURAL TUBE DEVELOPMENT%GOBP%GO:0021915		46	-0.38530698	-1.0669701	0.36139897	0.5678931	1.0	4081	tags=37%, list=23%, signal=48%	
15Q25 COPY NUMBER VARIATION%WIKIPATHWAYS_20250810%WP5408%HOMO SAPIENS	15Q25 COPY NUMBER VARIATION%WIKIPATHWAYS_20250810%WP5408%HOMO SAPIENS		29	-0.42028543	-1.0669229	0.37381917	0.56779426	1.0	4316	tags=41%, list=25%, signal=55%	
LEPTIN%IOB%LEPTIN	LEPTIN%IOB%LEPTIN		21	-0.44042176	-1.0667177	0.3784153	0.568013	1.0	4883	tags=52%, list=28%, signal=73%	
SIGNALING BY LIGAND-RESPONSIVE EGFR VARIANTS IN CANCER%REACTOME%R-HSA-5637815.3	SIGNALING BY LIGAND-RESPONSIVE EGFR VARIANTS IN CANCER%REACTOME%R-HSA-5637815.3		17	-0.46080393	-1.0665736	0.3972973	0.56811696	1.0	4954	tags=53%, list=28%, signal=74%	
SYNDECAN-2-MEDIATED SIGNALING EVENTS%PATHWAY INTERACTION DATABASE NCI-NATURE CURATED DATA%SYNDECAN-2-MEDIATED SIGNALING EVENTS	SYNDECAN-2-MEDIATED SIGNALING EVENTS%PATHWAY INTERACTION DATABASE NCI-NATURE CURATED DATA%SYNDECAN-2-MEDIATED SIGNALING EVENTS		28	-0.41770902	-1.0664175	0.38227513	0.5682355	1.0	892	tags=18%, list=5%, signal=19%	
NEGATIVE REGULATION OF BLOOD VESSEL MORPHOGENESIS%GOBP%GO:2000181	NEGATIVE REGULATION OF BLOOD VESSEL MORPHOGENESIS%GOBP%GO:2000181		57	-0.3745483	-1.0660167	0.365099	0.56889004	1.0	2877	tags=25%, list=16%, signal=29%	
DEGRADATION OF GLI1 BY THE PROTEASOME%REACTOME%R-HSA-5610780.2	DEGRADATION OF GLI1 BY THE PROTEASOME%REACTOME%R-HSA-5610780.2		45	-0.3897703	-1.0660067	0.3783102	0.5687027	1.0	5355	tags=40%, list=31%, signal=58%	
XENOBIOTIC METABOLIC PROCESS%GOBP%GO:0006805	XENOBIOTIC METABOLIC PROCESS%GOBP%GO:0006805		62	-0.371742	-1.0659804	0.35625	0.5685459	1.0	1293	tags=11%, list=7%, signal=12%	
B CELL MEDIATED IMMUNITY%GOBP%GO:0019724	B CELL MEDIATED IMMUNITY%GOBP%GO:0019724		17	-0.46692148	-1.0657883	0.39914164	0.5687874	1.0	5021	tags=47%, list=29%, signal=66%	
CHROMOSOME CONDENSATION%GOBP%GO:0030261	CHROMOSOME CONDENSATION%GOBP%GO:0030261		20	-0.45028883	-1.0657791	0.38651994	0.56860447	1.0	4041	tags=50%, list=23%, signal=65%	
REGULATION OF DNA BINDING%GOBP%GO:0051101	REGULATION OF DNA BINDING%GOBP%GO:0051101		37	-0.40117612	-1.065564	0.39271256	0.5688451	1.0	1037	tags=16%, list=6%, signal=17%	
UNTITLED%PANTHER PATHWAY%P00019	UNTITLED%PANTHER PATHWAY%P00019		48	-0.3822411	-1.0655332	0.36726806	0.568708	1.0	4062	tags=33%, list=23%, signal=43%	
BIOLOGICAL PROCESS INVOLVED IN SYMBIOTIC INTERACTION%GOBP%GO:0044403	BIOLOGICAL PROCESS INVOLVED IN SYMBIOTIC INTERACTION%GOBP%GO:0044403		64	-0.37132254	-1.0654867	0.36407766	0.5686143	1.0	3477	tags=31%, list=20%, signal=39%	
LEUKOCYTE CHEMOTAXIS%GOBP%GO:0030595	LEUKOCYTE CHEMOTAXIS%GOBP%GO:0030595		43	-0.38842922	-1.0653881	0.37179488	0.568607	1.0	3162	tags=21%, list=18%, signal=25%	
CELLULAR RESPONSE TO TYPE II INTERFERON%GOBP%GO:0071346	CELLULAR RESPONSE TO TYPE II INTERFERON%GOBP%GO:0071346		28	-0.4161678	-1.0653316	0.40394738	0.5685304	1.0	2666	tags=29%, list=15%, signal=34%	
REGULATION OF MEIOTIC CELL CYCLE%GOBP%GO:0051445	REGULATION OF MEIOTIC CELL CYCLE%GOBP%GO:0051445		38	-0.39571702	-1.0653204	0.39924905	0.5683447	1.0	2047	tags=18%, list=12%, signal=21%	
DETECTION OF CHEMICAL STIMULUS INVOLVED IN SENSORY PERCEPTION%GOBP%GO:0050907	DETECTION OF CHEMICAL STIMULUS INVOLVED IN SENSORY PERCEPTION%GOBP%GO:0050907		16	-0.47171974	-1.065141	0.40755737	0.56854016	1.0	2	tags=6%, list=0%, signal=6%	
POSITIVE REGULATION OF STRESS FIBER ASSEMBLY%GOBP%GO:0051496	POSITIVE REGULATION OF STRESS FIBER ASSEMBLY%GOBP%GO:0051496		36	-0.40313688	-1.0649098	0.36774194	0.5688369	1.0	3882	tags=42%, list=22%, signal=53%	
PLASMA LIPOPROTEIN PARTICLE ASSEMBLY%GOBP%GO:0034377	PLASMA LIPOPROTEIN PARTICLE ASSEMBLY%GOBP%GO:0034377		15	-0.47529688	-1.0648334	0.4092827	0.5687902	1.0	2564	tags=33%, list=15%, signal=39%	
REGULATION OF SMOOTH MUSCLE CELL MIGRATION%GOBP%GO:0014910	REGULATION OF SMOOTH MUSCLE CELL MIGRATION%GOBP%GO:0014910		27	-0.41439253	-1.0645735	0.38114753	0.56914157	1.0	1642	tags=26%, list=9%, signal=29%	
ANTI-INFLAMMATORY RESPONSE FAVOURING LEISHMANIA PARASITE INFECTION%REACTOME%R-HSA-9662851.3	ANTI-INFLAMMATORY RESPONSE FAVOURING LEISHMANIA PARASITE INFECTION%REACTOME%R-HSA-9662851.3		57	-0.37324852	-1.0645316	0.36183396	0.5690268	1.0	3889	tags=32%, list=22%, signal=40%	
GLIOBLASTOMA SIGNALING%WIKIPATHWAYS_20250810%WP2261%HOMO SAPIENS	GLIOBLASTOMA SIGNALING%WIKIPATHWAYS_20250810%WP2261%HOMO SAPIENS		66	-0.36176866	-1.0640954	0.35200974	0.5697725	1.0	2818	tags=26%, list=16%, signal=31%	
ACTIVATION OF NMDA RECEPTORS AND POSTSYNAPTIC EVENTS%REACTOME DATABASE ID RELEASE 93%442755	ACTIVATION OF NMDA RECEPTORS AND POSTSYNAPTIC EVENTS%REACTOME DATABASE ID RELEASE 93%442755		62	-0.36400664	-1.0639182	0.36919317	0.56994426	1.0	4214	tags=44%, list=24%, signal=57%	
LAMELLIPODIUM ASSEMBLY%GOBP%GO:0030032	LAMELLIPODIUM ASSEMBLY%GOBP%GO:0030032		21	-0.44893909	-1.0638436	0.3994528	0.5699075	1.0	3635	tags=43%, list=21%, signal=54%	
FATTY ACID BETA-OXIDATION%GOBP%GO:0006635	FATTY ACID BETA-OXIDATION%GOBP%GO:0006635		46	-0.38249794	-1.0632911	0.36226416	0.57087123	1.0	5881	tags=52%, list=34%, signal=78%	
GENE SILENCING BY RNA%REACTOME DATABASE ID RELEASE 93%211000	GENE SILENCING BY RNA%REACTOME DATABASE ID RELEASE 93%211000		66	-0.36291268	-1.0631733	0.36308807	0.5709087	1.0	7561	tags=58%, list=43%, signal=101%	
REGULATION OF NUCLEAR SMAD2 3 SIGNALING%PATHWAY INTERACTION DATABASE NCI-NATURE CURATED DATA%REGULATION OF NUCLEAR SMAD2 3 SIGNALING	REGULATION OF NUCLEAR SMAD2 3 SIGNALING%PATHWAY INTERACTION DATABASE NCI-NATURE CURATED DATA%REGULATION OF NUCLEAR SMAD2 3 SIGNALING		68	-0.36330867	-1.0630774	0.3778858	0.5708983	1.0	1273	tags=16%, list=7%, signal=17%	
DOPAMINERGIC NEURON DIFFERENTIATION%GOBP%GO:0071542	DOPAMINERGIC NEURON DIFFERENTIATION%GOBP%GO:0071542		16	-0.4783302	-1.0629948	0.40979022	0.57087815	1.0	1810	tags=19%, list=10%, signal=21%	
CD28 DEPENDENT PI3K AKT SIGNALING%REACTOME%R-HSA-389357.3	CD28 DEPENDENT PI3K AKT SIGNALING%REACTOME%R-HSA-389357.3		20	-0.44210395	-1.0628603	0.40616247	0.5709578	1.0	3294	tags=50%, list=19%, signal=62%	
ENDOCRINE SYSTEM DEVELOPMENT%GOBP%GO:0035270	ENDOCRINE SYSTEM DEVELOPMENT%GOBP%GO:0035270		31	-0.41189995	-1.0627831	0.39615384	0.57091916	1.0	2935	tags=29%, list=17%, signal=35%	
ALTERNATIVE MRNA SPLICING, VIA SPLICEOSOME%GOBP%GO:0000380	ALTERNATIVE MRNA SPLICING, VIA SPLICEOSOME%GOBP%GO:0000380		20	-0.44297677	-1.0624049	0.4	0.5715092	1.0	5435	tags=45%, list=31%, signal=65%	
NEGATIVE REGULATION OF HYDROLASE ACTIVITY%GOBP%GO:0051346	NEGATIVE REGULATION OF HYDROLASE ACTIVITY%GOBP%GO:0051346		24	-0.42327288	-1.0621946	0.39066666	0.5717646	1.0	4247	tags=42%, list=24%, signal=55%	
POSITIVE REGULATION OF MONONUCLEAR CELL MIGRATION%GOBP%GO:0071677	POSITIVE REGULATION OF MONONUCLEAR CELL MIGRATION%GOBP%GO:0071677		45	-0.38509288	-1.0620394	0.3763021	0.57190984	1.0	3754	tags=24%, list=21%, signal=31%	
UBIQUITIN PROTEASOME PATHWAY%PANTHER PATHWAY%P00060	UBIQUITIN PROTEASOME PATHWAY%PANTHER PATHWAY%P00060		26	-0.4291104	-1.0618364	0.37698412	0.57213587	1.0	1233	tags=15%, list=7%, signal=17%	
PEPTIDYL-THREONINE MODIFICATION%GOBP%GO:0018210	PEPTIDYL-THREONINE MODIFICATION%GOBP%GO:0018210		19	-0.44579607	-1.0616615	0.39260313	0.5723082	1.0	5222	tags=58%, list=30%, signal=83%	
RECRUITMENT OF NUMA TO MITOTIC CENTROSOMES%REACTOME DATABASE ID RELEASE 93%380320	RECRUITMENT OF NUMA TO MITOTIC CENTROSOMES%REACTOME DATABASE ID RELEASE 93%380320		77	-0.35417256	-1.061532	0.37206572	0.57237744	1.0	4994	tags=35%, list=29%, signal=49%	
LEISHMANIA PARASITE GROWTH AND SURVIVAL%REACTOME DATABASE ID RELEASE 93%9664433	LEISHMANIA PARASITE GROWTH AND SURVIVAL%REACTOME DATABASE ID RELEASE 93%9664433		57	-0.37324852	-1.0609798	0.37957126	0.5733708	1.0	3889	tags=32%, list=22%, signal=40%	
BIOCARTA_TNFR2_PATHWAY%MSIGDB_C2%BIOCARTA_TNFR2_PATHWAY	BIOCARTA_TNFR2_PATHWAY%MSIGDB_C2%BIOCARTA_TNFR2_PATHWAY		15	-0.4675803	-1.0609722	0.39912918	0.5731785	1.0	1533	tags=33%, list=9%, signal=37%	
FCERI MEDIATED CA+2 MOBILIZATION%REACTOME%R-HSA-2871809.3	FCERI MEDIATED CA+2 MOBILIZATION%REACTOME%R-HSA-2871809.3		19	-0.46053734	-1.0608922	0.41586867	0.5731459	1.0	348	tags=11%, list=2%, signal=11%	
BIOCARTA_ATRBRCA_PATHWAY%MSIGDB_C2%BIOCARTA_ATRBRCA_PATHWAY	BIOCARTA_ATRBRCA_PATHWAY%MSIGDB_C2%BIOCARTA_ATRBRCA_PATHWAY		21	-0.4395016	-1.060568	0.4008208	0.5736498	1.0	4200	tags=29%, list=24%, signal=38%	
ABC-FAMILY PROTEINS MEDIATED TRANSPORT%REACTOME DATABASE ID RELEASE 93%382556	ABC-FAMILY PROTEINS MEDIATED TRANSPORT%REACTOME DATABASE ID RELEASE 93%382556		80	-0.35291126	-1.0601838	0.35663506	0.5742615	1.0	2420	tags=19%, list=14%, signal=22%	
POSITIVE REGULATION OF DOUBLE-STRAND BREAK REPAIR VIA HOMOLOGOUS RECOMBINATION%GOBP%GO:1905168	POSITIVE REGULATION OF DOUBLE-STRAND BREAK REPAIR VIA HOMOLOGOUS RECOMBINATION%GOBP%GO:1905168		38	-0.39604992	-1.059913	0.37212276	0.5746278	1.0	4907	tags=34%, list=28%, signal=47%	
NEGATIVE REGULATION OF VIRAL PROCESS%GOBP%GO:0048525	NEGATIVE REGULATION OF VIRAL PROCESS%GOBP%GO:0048525		45	-0.38269573	-1.0596179	0.39467004	0.57504547	1.0	5291	tags=36%, list=30%, signal=51%	
CAM PATHWAY%REACTOME%R-HSA-111997.3	CAM PATHWAY%REACTOME%R-HSA-111997.3		30	-0.41494697	-1.0595464	0.3915344	0.57499987	1.0	4214	tags=47%, list=24%, signal=61%	
CELLULAR RESPONSE TO CARBOHYDRATE STIMULUS%GOBP%GO:0071322	CELLULAR RESPONSE TO CARBOHYDRATE STIMULUS%GOBP%GO:0071322		34	-0.40862954	-1.0594676	0.4064603	0.5749682	1.0	4343	tags=38%, list=25%, signal=51%	
DNA DAMAGE TELOMERE STRESS INDUCED SENESCENCE%REACTOME%R-HSA-2559586.5	DNA DAMAGE TELOMERE STRESS INDUCED SENESCENCE%REACTOME%R-HSA-2559586.5		27	-0.4226187	-1.0594596	0.39266303	0.5747783	1.0	6356	tags=48%, list=36%, signal=76%	
POSITIVE REGULATION OF B CELL ACTIVATION%GOBP%GO:0050871	POSITIVE REGULATION OF B CELL ACTIVATION%GOBP%GO:0050871		28	-0.41458413	-1.0593623	0.38971582	0.5747549	1.0	3207	tags=36%, list=18%, signal=44%	
POSITIVE REGULATION OF LYMPHOCYTE PROLIFERATION%GOBP%GO:0050671	POSITIVE REGULATION OF LYMPHOCYTE PROLIFERATION%GOBP%GO:0050671		46	-0.38300365	-1.0589411	0.39213198	0.5754392	1.0	4219	tags=30%, list=24%, signal=40%	
DIACYLGLYCEROL METABOLIC PROCESS%GOBP%GO:0046339	DIACYLGLYCEROL METABOLIC PROCESS%GOBP%GO:0046339		18	-0.45648435	-1.0587461	0.3983287	0.57563776	1.0	3850	tags=56%, list=22%, signal=71%	
NEUROTRANSMITTER RELEASE CYCLE%REACTOME DATABASE ID RELEASE 93%112310	NEUROTRANSMITTER RELEASE CYCLE%REACTOME DATABASE ID RELEASE 93%112310		38	-0.39284018	-1.0586654	0.37726098	0.57558984	1.0	2148	tags=21%, list=12%, signal=24%	
LDL INFLUENCE ON CD14 AND TLR4%WIKIPATHWAYS_20250810%WP5272%HOMO SAPIENS	LDL INFLUENCE ON CD14 AND TLR4%WIKIPATHWAYS_20250810%WP5272%HOMO SAPIENS		16	-0.46514666	-1.0583538	0.41574585	0.57607377	1.0	3966	tags=38%, list=23%, signal=48%	
MRNA TRANSPORT%GOBP%GO:0051028	MRNA TRANSPORT%GOBP%GO:0051028		65	-0.3633719	-1.0580782	0.3791411	0.5764672	1.0	4976	tags=42%, list=28%, signal=58%	
POSITIVE REGULATION OF DNA BIOSYNTHETIC PROCESS%GOBP%GO:2000573	POSITIVE REGULATION OF DNA BIOSYNTHETIC PROCESS%GOBP%GO:2000573		37	-0.39052156	-1.0580659	0.3848134	0.57628816	1.0	5050	tags=43%, list=29%, signal=61%	
PROTEIN LOCALIZATION TO GOLGI APPARATUS%GOBP%GO:0034067	PROTEIN LOCALIZATION TO GOLGI APPARATUS%GOBP%GO:0034067		25	-0.42553216	-1.0579793	0.40921408	0.5762626	1.0	2018	tags=20%, list=12%, signal=23%	
PID_HDAC_CLASSII_PATHWAY%MSIGDB_C2%PID_HDAC_CLASSII_PATHWAY	PID_HDAC_CLASSII_PATHWAY%MSIGDB_C2%PID_HDAC_CLASSII_PATHWAY		25	-0.41876978	-1.0578437	0.39304814	0.576351	1.0	4831	tags=48%, list=28%, signal=66%	
PIECEMEAL MICROAUTOPHAGY OF THE NUCLEUS%GOBP%GO:0034727	PIECEMEAL MICROAUTOPHAGY OF THE NUCLEUS%GOBP%GO:0034727		18	-0.45508236	-1.0575361	0.40248963	0.57683444	1.0	6167	tags=50%, list=35%, signal=77%	
REGULATION OF MIRNA TRANSCRIPTION%GOBP%GO:1902893	REGULATION OF MIRNA TRANSCRIPTION%GOBP%GO:1902893		48	-0.3827015	-1.057434	0.38826466	0.5768532	1.0	2605	tags=25%, list=15%, signal=29%	
FORMATION OF HIV ELONGATION COMPLEX IN THE ABSENCE OF HIV TAT%REACTOME%R-HSA-167152.5	FORMATION OF HIV ELONGATION COMPLEX IN THE ABSENCE OF HIV TAT%REACTOME%R-HSA-167152.5		39	-0.3892273	-1.0573657	0.38746804	0.5767908	1.0	5081	tags=36%, list=29%, signal=51%	
PROTEOGLYCAN BIOSYNTHETIC PROCESS%GOBP%GO:0030166	PROTEOGLYCAN BIOSYNTHETIC PROCESS%GOBP%GO:0030166		56	-0.36728364	-1.0571867	0.36594203	0.5769715	1.0	3647	tags=29%, list=21%, signal=36%	
VALIDATED TARGETS OF C-MYC TRANSCRIPTIONAL REPRESSION%PATHWAY INTERACTION DATABASE NCI-NATURE CURATED DATA%VALIDATED TARGETS OF C-MYC TRANSCRIPTIONAL REPRESSION	VALIDATED TARGETS OF C-MYC TRANSCRIPTIONAL REPRESSION%PATHWAY INTERACTION DATABASE NCI-NATURE CURATED DATA%VALIDATED TARGETS OF C-MYC TRANSCRIPTIONAL REPRESSION		53	-0.37531888	-1.0570287	0.4044665	0.5770861	1.0	1477	tags=17%, list=8%, signal=18%	
S1P2 PATHWAY%PATHWAY INTERACTION DATABASE NCI-NATURE CURATED DATA%S1P2 PATHWAY	S1P2 PATHWAY%PATHWAY INTERACTION DATABASE NCI-NATURE CURATED DATA%S1P2 PATHWAY		22	-0.442395	-1.0568918	0.40215924	0.5771821	1.0	6102	tags=59%, list=35%, signal=91%	
CA-DEPENDENT EVENTS%REACTOME%R-HSA-111996.3	CA-DEPENDENT EVENTS%REACTOME%R-HSA-111996.3		32	-0.40818268	-1.0568442	0.4007782	0.5770832	1.0	4214	tags=44%, list=24%, signal=58%	
REGULATION OF EMBRYONIC DEVELOPMENT%GOBP%GO:0045995	REGULATION OF EMBRYONIC DEVELOPMENT%GOBP%GO:0045995		52	-0.37355915	-1.0567753	0.37910086	0.577033	1.0	3529	tags=29%, list=20%, signal=36%	
PURINE RIBONUCLEOSIDE TRIPHOSPHATE BIOSYNTHETIC PROCESS%GOBP%GO:0009206	PURINE RIBONUCLEOSIDE TRIPHOSPHATE BIOSYNTHETIC PROCESS%GOBP%GO:0009206		60	-0.36371776	-1.0564812	0.3416771	0.5774538	1.0	4008	tags=30%, list=23%, signal=39%	
REGULATION OF CENTROSOME DUPLICATION%GOBP%GO:0010824	REGULATION OF CENTROSOME DUPLICATION%GOBP%GO:0010824		39	-0.3968384	-1.0557153	0.38324872	0.57891196	1.0	2474	tags=21%, list=14%, signal=24%	
PROSTAGLANDIN SYNTHESIS AND REGULATION%WIKIPATHWAYS_20250810%WP98%HOMO SAPIENS	PROSTAGLANDIN SYNTHESIS AND REGULATION%WIKIPATHWAYS_20250810%WP98%HOMO SAPIENS		20	-0.43885887	-1.0556642	0.4115942	0.57881343	1.0	3033	tags=30%, list=17%, signal=36%	
CELLULAR RESPONSE TO TOPOLOGICALLY INCORRECT PROTEIN%GOBP%GO:0035967	CELLULAR RESPONSE TO TOPOLOGICALLY INCORRECT PROTEIN%GOBP%GO:0035967		75	-0.35062638	-1.055456	0.3842482	0.57904166	1.0	3086	tags=21%, list=18%, signal=26%	
DNA DAMAGE RESPONSE ONLY ATM DEPENDENT %WIKIPATHWAYS_20250810%WP710%HOMO SAPIENS	DNA DAMAGE RESPONSE ONLY ATM DEPENDENT %WIKIPATHWAYS_20250810%WP710%HOMO SAPIENS		75	-0.35437375	-1.0551951	0.35918856	0.5794148	1.0	4353	tags=31%, list=25%, signal=41%	
NEGATIVE EPIGENETIC REGULATION OF RRNA EXPRESSION%REACTOME%R-HSA-5250941.4	NEGATIVE EPIGENETIC REGULATION OF RRNA EXPRESSION%REACTOME%R-HSA-5250941.4		44	-0.38454553	-1.0550139	0.39180538	0.5795902	1.0	5569	tags=50%, list=32%, signal=73%	
NEGATIVE REGULATORS OF RIG-I MDA5 SIGNALING%REACTOME%R-HSA-936440.6	NEGATIVE REGULATORS OF RIG-I MDA5 SIGNALING%REACTOME%R-HSA-936440.6		34	-0.40181243	-1.0547972	0.40179718	0.5798392	1.0	6034	tags=50%, list=35%, signal=76%	
RESCUE OF STALLED RIBOSOME%GOBP%GO:0072344	RESCUE OF STALLED RIBOSOME%GOBP%GO:0072344		25	-0.4207109	-1.0547191	0.40275863	0.5797775	1.0	5004	tags=36%, list=29%, signal=50%	
AKT SIGNALING AND ARTD FAMILY MEMBERS%WIKIPATHWAYS_20250810%WP5531%HOMO SAPIENS	AKT SIGNALING AND ARTD FAMILY MEMBERS%WIKIPATHWAYS_20250810%WP5531%HOMO SAPIENS		26	-0.4191795	-1.0546054	0.40350878	0.5798122	1.0	3294	tags=35%, list=19%, signal=43%	
PID_AURORA_B_PATHWAY%MSIGDB_C2%PID_AURORA_B_PATHWAY	PID_AURORA_B_PATHWAY%MSIGDB_C2%PID_AURORA_B_PATHWAY		22	-0.4391565	-1.054577	0.4090909	0.57965726	1.0	4234	tags=50%, list=24%, signal=66%	
REGULATION OF INSULIN SECRETION%REACTOME%R-HSA-422356.6	REGULATION OF INSULIN SECRETION%REACTOME%R-HSA-422356.6		65	-0.3624644	-1.0545378	0.37135923	0.5795339	1.0	3889	tags=29%, list=22%, signal=37%	
NUCLEOTIDE TRANSMEMBRANE TRANSPORT%GOBP%GO:1901679	NUCLEOTIDE TRANSMEMBRANE TRANSPORT%GOBP%GO:1901679		18	-0.45394832	-1.0544475	0.40952381	0.57953876	1.0	5850	tags=61%, list=34%, signal=92%	
PID_AJDISS_2PATHWAY%MSIGDB_C2%PID_AJDISS_2PATHWAY	PID_AJDISS_2PATHWAY%MSIGDB_C2%PID_AJDISS_2PATHWAY		33	-0.40187633	-1.054437	0.39668366	0.5793559	1.0	3815	tags=30%, list=22%, signal=39%	
IFN-ALPHA%IOB%IFN-ALPHA	IFN-ALPHA%IOB%IFN-ALPHA		24	-0.42536783	-1.0543576	0.3916084	0.57933086	1.0	5198	tags=54%, list=30%, signal=77%	
RHOG GTPASE CYCLE%REACTOME DATABASE ID RELEASE 93%9013408	RHOG GTPASE CYCLE%REACTOME DATABASE ID RELEASE 93%9013408		66	-0.3664417	-1.0541534	0.38666666	0.5795709	1.0	4086	tags=38%, list=23%, signal=49%	
ESTROGEN SIGNALING%WIKIPATHWAYS_20250810%WP712%HOMO SAPIENS	ESTROGEN SIGNALING%WIKIPATHWAYS_20250810%WP712%HOMO SAPIENS		18	-0.45226753	-1.0537332	0.41519675	0.5802367	1.0	6102	tags=50%, list=35%, signal=77%	
NEGATIVE REGULATION OF RESPONSE TO WOUNDING%GOBP%GO:1903035	NEGATIVE REGULATION OF RESPONSE TO WOUNDING%GOBP%GO:1903035		41	-0.3885318	-1.0537323	0.38513514	0.5800304	1.0	2782	tags=32%, list=16%, signal=38%	
ENDODERM DEVELOPMENT%GOBP%GO:0007492	ENDODERM DEVELOPMENT%GOBP%GO:0007492		42	-0.38233024	-1.0536678	0.37859008	0.5799631	1.0	1120	tags=12%, list=6%, signal=13%	
BLOOD COAGULATION%GOBP%GO:0007596	BLOOD COAGULATION%GOBP%GO:0007596		79	-0.35202098	-1.0534014	0.377858	0.5803167	1.0	3905	tags=34%, list=22%, signal=44%	
NON-PROTEINOGENIC AMINO ACID METABOLIC PROCESS%GOBP%GO:0170041	NON-PROTEINOGENIC AMINO ACID METABOLIC PROCESS%GOBP%GO:0170041		29	-0.40381855	-1.0532993	0.38169935	0.58032715	1.0	5414	tags=41%, list=31%, signal=60%	
FGFR3 SIGNALING IN CHONDROCYTE PROLIFERATION AND TERMINAL DIFFERENTIATION%WIKIPATHWAYS_20250810%WP4767%HOMO SAPIENS	FGFR3 SIGNALING IN CHONDROCYTE PROLIFERATION AND TERMINAL DIFFERENTIATION%WIKIPATHWAYS_20250810%WP4767%HOMO SAPIENS		25	-0.42335683	-1.0532249	0.40810812	0.58028466	1.0	3230	tags=44%, list=18%, signal=54%	
REGULATION OF ERYTHROCYTE DIFFERENTIATION%GOBP%GO:0045646	REGULATION OF ERYTHROCYTE DIFFERENTIATION%GOBP%GO:0045646		31	-0.4073495	-1.0529561	0.4183267	0.58066416	1.0	3629	tags=45%, list=21%, signal=57%	
MITOTIC SPINDLE CHECKPOINT SIGNALING%GOBP%GO:0071174	MITOTIC SPINDLE CHECKPOINT SIGNALING%GOBP%GO:0071174		26	-0.41561732	-1.0529466	0.41129032	0.5804773	1.0	6100	tags=42%, list=35%, signal=65%	
CASPASE CASCADE IN APOPTOSIS%PATHWAY INTERACTION DATABASE NCI-NATURE CURATED DATA%CASPASE CASCADE IN APOPTOSIS	CASPASE CASCADE IN APOPTOSIS%PATHWAY INTERACTION DATABASE NCI-NATURE CURATED DATA%CASPASE CASCADE IN APOPTOSIS		42	-0.39080378	-1.0526158	0.39460155	0.5809757	1.0	4353	tags=40%, list=25%, signal=54%	
REGULATION OF EPIDERMAL GROWTH FACTOR RECEPTOR SIGNALING PATHWAY%GOBP%GO:0042058	REGULATION OF EPIDERMAL GROWTH FACTOR RECEPTOR SIGNALING PATHWAY%GOBP%GO:0042058		52	-0.37326652	-1.052608	0.38709676	0.5807838	1.0	3308	tags=31%, list=19%, signal=38%	
INSERTION OF TAIL-ANCHORED PROTEINS INTO THE ENDOPLASMIC RETICULUM MEMBRANE%REACTOME DATABASE ID RELEASE 93%9609523	INSERTION OF TAIL-ANCHORED PROTEINS INTO THE ENDOPLASMIC RETICULUM MEMBRANE%REACTOME DATABASE ID RELEASE 93%9609523		17	-0.44793928	-1.0525614	0.40248963	0.5806704	1.0	3644	tags=29%, list=21%, signal=37%	
NEGATIVE REGULATION OF VIRAL GENOME REPLICATION%GOBP%GO:0045071	NEGATIVE REGULATION OF VIRAL GENOME REPLICATION%GOBP%GO:0045071		29	-0.41386798	-1.0522174	0.4104278	0.5811941	1.0	6847	tags=52%, list=39%, signal=85%	
LIPID TRANSLOCATION%GOBP%GO:0034204	LIPID TRANSLOCATION%GOBP%GO:0034204		34	-0.3939701	-1.0519518	0.40076336	0.58157337	1.0	5640	tags=47%, list=32%, signal=69%	
DEADENYLATION-DEPENDENT MRNA DECAY%REACTOME%R-HSA-429914.4	DEADENYLATION-DEPENDENT MRNA DECAY%REACTOME%R-HSA-429914.4		50	-0.37568873	-1.0519218	0.38289964	0.5814268	1.0	4536	tags=34%, list=26%, signal=46%	
POSITIVE REGULATION OF SPROUTING ANGIOGENESIS%GOBP%GO:1903672	POSITIVE REGULATION OF SPROUTING ANGIOGENESIS%GOBP%GO:1903672		15	-0.46506104	-1.0518345	0.41527778	0.5814182	1.0	2559	tags=40%, list=15%, signal=47%	
PORE COMPLEX ASSEMBLY%GOBP%GO:0046931	PORE COMPLEX ASSEMBLY%GOBP%GO:0046931		17	-0.45765334	-1.051716	0.40858725	0.58146447	1.0	4404	tags=35%, list=25%, signal=47%	
RAC PROTEIN SIGNAL TRANSDUCTION%GOBP%GO:0016601	RAC PROTEIN SIGNAL TRANSDUCTION%GOBP%GO:0016601		16	-0.46017092	-1.0515108	0.4273743	0.58170724	1.0	4127	tags=38%, list=24%, signal=49%	
REGULATION OF NF-KAPPA B SIGNALING%REACTOME DATABASE ID RELEASE 93%9758274	REGULATION OF NF-KAPPA B SIGNALING%REACTOME DATABASE ID RELEASE 93%9758274		17	-0.4572711	-1.051293	0.4002809	0.5819682	1.0	4825	tags=53%, list=28%, signal=73%	
IL4 SIGNALING%WIKIPATHWAYS_20250810%WP395%HOMO SAPIENS	IL4 SIGNALING%WIKIPATHWAYS_20250810%WP395%HOMO SAPIENS		39	-0.3938994	-1.0511851	0.40792838	0.5819853	1.0	5641	tags=51%, list=32%, signal=76%	
SPINDLE CHECKPOINT SIGNALING%GOBP%GO:0031577	SPINDLE CHECKPOINT SIGNALING%GOBP%GO:0031577		27	-0.41160083	-1.0510195	0.41453567	0.5821289	1.0	6940	tags=52%, list=40%, signal=86%	
POSITIVE REGULATION OF LIPID TRANSPORT%GOBP%GO:0032370	POSITIVE REGULATION OF LIPID TRANSPORT%GOBP%GO:0032370		36	-0.4011725	-1.0510048	0.40561223	0.5819523	1.0	4661	tags=47%, list=27%, signal=64%	
BIOSYNTHESIS OF THE N-GLYCAN PRECURSOR (DOLICHOL LIPID-LINKED OLIGOSACCHARIDE, LLO) AND TRANSFER TO A NASCENT PROTEIN%REACTOME%R-HSA-446193.3	BIOSYNTHESIS OF THE N-GLYCAN PRECURSOR (DOLICHOL LIPID-LINKED OLIGOSACCHARIDE, LLO) AND TRANSFER TO A NASCENT PROTEIN%REACTOME%R-HSA-446193.3		73	-0.35362774	-1.0504998	0.38434163	0.5828321	1.0	4191	tags=26%, list=24%, signal=34%	
TRAF6 MEDIATED IRF7 ACTIVATION%REACTOME DATABASE ID RELEASE 93%933541	TRAF6 MEDIATED IRF7 ACTIVATION%REACTOME DATABASE ID RELEASE 93%933541		15	-0.4730007	-1.0502092	0.4092219	0.58326364	1.0	1533	tags=27%, list=9%, signal=29%	
SYNAPTIC SIGNALING ASSOCIATED WITH AUTISM SPECTRUM DISORDER%WIKIPATHWAYS_20250810%WP4539%HOMO SAPIENS	SYNAPTIC SIGNALING ASSOCIATED WITH AUTISM SPECTRUM DISORDER%WIKIPATHWAYS_20250810%WP4539%HOMO SAPIENS		37	-0.38991815	-1.0502088	0.3846154	0.58305866	1.0	3836	tags=41%, list=22%, signal=52%	
PEPTIDYL-THREONINE PHOSPHORYLATION%GOBP%GO:0018107	PEPTIDYL-THREONINE PHOSPHORYLATION%GOBP%GO:0018107		19	-0.44579607	-1.0500776	0.40254238	0.5831266	1.0	5222	tags=58%, list=30%, signal=83%	
PROTEIN ACYLATION%GOBP%GO:0043543	PROTEIN ACYLATION%GOBP%GO:0043543		49	-0.37328178	-1.0499051	0.4082397	0.5832925	1.0	2046	tags=20%, list=12%, signal=23%	
PROTEIN LIPIDATION%GOBP%GO:0006497	PROTEIN LIPIDATION%GOBP%GO:0006497		27	-0.41290382	-1.0496812	0.4167813	0.58354175	1.0	2046	tags=26%, list=12%, signal=29%	
SNRNP ASSEMBLY%REACTOME DATABASE ID RELEASE 93%191859	SNRNP ASSEMBLY%REACTOME DATABASE ID RELEASE 93%191859		49	-0.37878624	-1.0494093	0.3933589	0.5838833	1.0	7200	tags=53%, list=41%, signal=90%	
POSITIVE REGULATION OF TELOMERE MAINTENANCE%GOBP%GO:0032206	POSITIVE REGULATION OF TELOMERE MAINTENANCE%GOBP%GO:0032206		70	-0.3560177	-1.0491287	0.3742479	0.58428407	1.0	6041	tags=44%, list=35%, signal=67%	
NEGATIVE REGULATION OF T CELL PROLIFERATION%GOBP%GO:0042130	NEGATIVE REGULATION OF T CELL PROLIFERATION%GOBP%GO:0042130		22	-0.42647874	-1.0489942	0.414966	0.5843628	1.0	4171	tags=36%, list=24%, signal=48%	
RESPONSE TO ALCOHOL%GOBP%GO:0097305	RESPONSE TO ALCOHOL%GOBP%GO:0097305		64	-0.360493	-1.0488093	0.38855055	0.58456296	1.0	1071	tags=19%, list=6%, signal=20%	
MITOTIC SPINDLE ASSEMBLY CHECKPOINT SIGNALING%GOBP%GO:0007094	MITOTIC SPINDLE ASSEMBLY CHECKPOINT SIGNALING%GOBP%GO:0007094		26	-0.41561732	-1.04874	0.41563785	0.5845221	1.0	6100	tags=42%, list=35%, signal=65%	
LEUKOCYTE ACTIVATION INVOLVED IN IMMUNE RESPONSE%GOBP%GO:0002366	LEUKOCYTE ACTIVATION INVOLVED IN IMMUNE RESPONSE%GOBP%GO:0002366		67	-0.35616374	-1.0486093	0.39003646	0.58459985	1.0	3535	tags=30%, list=20%, signal=37%	
RECEPTOR CATABOLIC PROCESS%GOBP%GO:0032801	RECEPTOR CATABOLIC PROCESS%GOBP%GO:0032801		16	-0.46194437	-1.0486054	0.40941513	0.5844035	1.0	4142	tags=38%, list=24%, signal=49%	
REGULATION OF TRIGLYCERIDE METABOLIC PROCESS%GOBP%GO:0090207	REGULATION OF TRIGLYCERIDE METABOLIC PROCESS%GOBP%GO:0090207		23	-0.42586854	-1.0483527	0.40985915	0.5847355	1.0	4739	tags=35%, list=27%, signal=48%	
CALCIUM REGULATION IN CARDIAC CELLS%WIKIPATHWAYS_20250810%WP536%HOMO SAPIENS	CALCIUM REGULATION IN CARDIAC CELLS%WIKIPATHWAYS_20250810%WP536%HOMO SAPIENS		93	-0.34450242	-1.0483154	0.38245615	0.58460546	1.0	3664	tags=33%, list=21%, signal=42%	
NEGATIVE REGULATION OF PHOSPHATIDYLINOSITOL 3-KINASE/PROTEIN KINASE B SIGNAL TRANSDUCTION%GOBP%GO:0051898	NEGATIVE REGULATION OF PHOSPHATIDYLINOSITOL 3-KINASE/PROTEIN KINASE B SIGNAL TRANSDUCTION%GOBP%GO:0051898		37	-0.3898091	-1.0478685	0.39632547	0.58535826	1.0	5504	tags=41%, list=32%, signal=59%	
KIDNEY DEVELOPMENT%REACTOME%R-HSA-9830369.1	KIDNEY DEVELOPMENT%REACTOME%R-HSA-9830369.1		29	-0.40968126	-1.0477709	0.4089674	0.5853578	1.0	2586	tags=28%, list=15%, signal=32%	
GLUCAGON-LIKE PEPTIDE-1 (GLP1) REGULATES INSULIN SECRETION%REACTOME%R-HSA-381676.8	GLUCAGON-LIKE PEPTIDE-1 (GLP1) REGULATES INSULIN SECRETION%REACTOME%R-HSA-381676.8		35	-0.3958969	-1.0476866	0.40992168	0.58534336	1.0	3889	tags=29%, list=22%, signal=37%	
SENSORY PERCEPTION OF SOUND%GOBP%GO:0007605	SENSORY PERCEPTION OF SOUND%GOBP%GO:0007605		70	-0.3550979	-1.0476664	0.3943489	0.58517975	1.0	4266	tags=33%, list=24%, signal=43%	
NATURAL KILLER CELL MEDIATED CYTOTOXICITY%GOBP%GO:0042267	NATURAL KILLER CELL MEDIATED CYTOTOXICITY%GOBP%GO:0042267		17	-0.46054387	-1.0473983	0.4188627	0.5855298	1.0	4763	tags=47%, list=27%, signal=65%	
REGULATION OF SUBSTRATE ADHESION-DEPENDENT CELL SPREADING%GOBP%GO:1900024	REGULATION OF SUBSTRATE ADHESION-DEPENDENT CELL SPREADING%GOBP%GO:1900024		39	-0.39282158	-1.0473024	0.41482446	0.5855181	1.0	3993	tags=41%, list=23%, signal=53%	
PID_ECADHERIN_KERATINOCYTE_PATHWAY%MSIGDB_C2%PID_ECADHERIN_KERATINOCYTE_PATHWAY	PID_ECADHERIN_KERATINOCYTE_PATHWAY%MSIGDB_C2%PID_ECADHERIN_KERATINOCYTE_PATHWAY		16	-0.45663384	-1.0469294	0.40677965	0.5860969	1.0	3060	tags=31%, list=18%, signal=38%	
CELLULAR RESPONSE TO LIPOPOLYSACCHARIDE%GOBP%GO:0071222	CELLULAR RESPONSE TO LIPOPOLYSACCHARIDE%GOBP%GO:0071222		60	-0.36232343	-1.046707	0.39608803	0.58636194	1.0	4085	tags=35%, list=23%, signal=46%	
POSITIVE REGULATION OF SODIUM ION TRANSPORT%GOBP%GO:0010765	POSITIVE REGULATION OF SODIUM ION TRANSPORT%GOBP%GO:0010765		22	-0.43103823	-1.0463911	0.41721854	0.58684176	1.0	709	tags=23%, list=4%, signal=24%	
POSITIVE REGULATION OF T CELL PROLIFERATION%GOBP%GO:0042102	POSITIVE REGULATION OF T CELL PROLIFERATION%GOBP%GO:0042102		34	-0.39948368	-1.0459129	0.43083003	0.5876285	1.0	3055	tags=24%, list=17%, signal=28%	
ADIPOGENESIS%REACTOME%R-HSA-9843745.1	ADIPOGENESIS%REACTOME%R-HSA-9843745.1		95	-0.34073535	-1.0457048	0.38354576	0.5878552	1.0	3122	tags=21%, list=18%, signal=25%	
REGULATION OF ERBB SIGNALING PATHWAY%GOBP%GO:1901184	REGULATION OF ERBB SIGNALING PATHWAY%GOBP%GO:1901184		56	-0.36382517	-1.0454823	0.399754	0.5881289	1.0	3760	tags=34%, list=22%, signal=43%	
PROCESSIVE SYNTHESIS ON THE C-STRAND OF THE TELOMERE%REACTOME DATABASE ID RELEASE 93%174414	PROCESSIVE SYNTHESIS ON THE C-STRAND OF THE TELOMERE%REACTOME DATABASE ID RELEASE 93%174414		19	-0.44604772	-1.0453023	0.43835616	0.58829415	1.0	1811	tags=21%, list=10%, signal=23%	
LXR-MEDIATED SIGNALING%REACTOME DATABASE ID RELEASE 93%9024446	LXR-MEDIATED SIGNALING%REACTOME DATABASE ID RELEASE 93%9024446		35	-0.39313006	-1.0452344	0.40575916	0.5882251	1.0	1793	tags=20%, list=10%, signal=22%	
ECM PROTEOGLYCANS%REACTOME DATABASE ID RELEASE 93%3000178	ECM PROTEOGLYCANS%REACTOME DATABASE ID RELEASE 93%3000178		37	-0.39065838	-1.0451374	0.3963964	0.58822966	1.0	718	tags=16%, list=4%, signal=17%	
BIOCARTA_ERAD_PATHWAY%MSIGDB_C2%BIOCARTA_ERAD_PATHWAY	BIOCARTA_ERAD_PATHWAY%MSIGDB_C2%BIOCARTA_ERAD_PATHWAY		15	-0.4614195	-1.0450565	0.4355301	0.5881931	1.0	1489	tags=20%, list=9%, signal=22%	
CENTROSOME CYCLE%GOBP%GO:0007098	CENTROSOME CYCLE%GOBP%GO:0007098		82	-0.3450105	-1.0449747	0.40806642	0.5881749	1.0	5758	tags=40%, list=33%, signal=60%	
KETONE METABOLIC PROCESS%GOBP%GO:0042180	KETONE METABOLIC PROCESS%GOBP%GO:0042180		42	-0.38091686	-1.0448244	0.4199744	0.5882842	1.0	3663	tags=29%, list=21%, signal=36%	
POSITIVE REGULATION OF NUCLEOCYTOPLASMIC TRANSPORT%GOBP%GO:0046824	POSITIVE REGULATION OF NUCLEOCYTOPLASMIC TRANSPORT%GOBP%GO:0046824		40	-0.38937598	-1.0447383	0.41698352	0.5882546	1.0	5250	tags=40%, list=30%, signal=57%	
REGULATION OF INTERLEUKIN-1 PRODUCTION%GOBP%GO:0032652	REGULATION OF INTERLEUKIN-1 PRODUCTION%GOBP%GO:0032652		44	-0.3848784	-1.0445292	0.4	0.5884842	1.0	2497	tags=20%, list=14%, signal=24%	
O-LINKED GLYCOSYLATION%REACTOME DATABASE ID RELEASE 93%5173105	O-LINKED GLYCOSYLATION%REACTOME DATABASE ID RELEASE 93%5173105		85	-0.34922	-1.0444988	0.4073634	0.58834165	1.0	3404	tags=32%, list=19%, signal=39%	
PROTEIN IMPORT INTO NUCLEUS%GOBP%GO:0006606	PROTEIN IMPORT INTO NUCLEUS%GOBP%GO:0006606		71	-0.3534574	-1.0440353	0.40123457	0.58910906	1.0	5250	tags=34%, list=30%, signal=48%	
LEARNING%GOBP%GO:0007612	LEARNING%GOBP%GO:0007612		44	-0.38299483	-1.0440164	0.39771283	0.588945	1.0	3207	tags=32%, list=18%, signal=39%	
NEGATIVE REGULATION OF INTRACELLULAR STEROID HORMONE RECEPTOR SIGNALING PATHWAY%GOBP%GO:0033144	NEGATIVE REGULATION OF INTRACELLULAR STEROID HORMONE RECEPTOR SIGNALING PATHWAY%GOBP%GO:0033144		27	-0.41388008	-1.0437376	0.43741587	0.58932894	1.0	4145	tags=33%, list=24%, signal=44%	
SIGNALING BY VEGF%REACTOME DATABASE ID RELEASE 93%194138	SIGNALING BY VEGF%REACTOME DATABASE ID RELEASE 93%194138		90	-0.346403	-1.0436915	0.4009434	0.5892197	1.0	3882	tags=34%, list=22%, signal=44%	
CDC20:PHOSPHO-APC C MEDIATED DEGRADATION OF CYCLIN A%REACTOME DATABASE ID RELEASE 93%174184	CDC20:PHOSPHO-APC C MEDIATED DEGRADATION OF CYCLIN A%REACTOME DATABASE ID RELEASE 93%174184		59	-0.36199477	-1.0436006	0.39735895	0.58921224	1.0	5355	tags=36%, list=31%, signal=51%	
5HT1 TYPE RECEPTOR MEDIATED SIGNALING PATHWAY%PANTHER PATHWAY%P04373	5HT1 TYPE RECEPTOR MEDIATED SIGNALING PATHWAY%PANTHER PATHWAY%P04373		27	-0.41266888	-1.0430855	0.4111406	0.59009224	1.0	2554	tags=22%, list=15%, signal=26%	
GAMMA CARBOXYLATION, HYPUSINYLATION, HYDROXYLATION, AND ARYLSULFATASE ACTIVATION%REACTOME DATABASE ID RELEASE 93%163841	GAMMA CARBOXYLATION, HYPUSINYLATION, HYDROXYLATION, AND ARYLSULFATASE ACTIVATION%REACTOME DATABASE ID RELEASE 93%163841		50	-0.372989	-1.0429158	0.4118388	0.59024566	1.0	4399	tags=38%, list=25%, signal=51%	
WNT%IOB%WNT	WNT%IOB%WNT		49	-0.3756556	-1.0427443	0.40379748	0.59040385	1.0	1653	tags=24%, list=9%, signal=27%	
REGULATION OF GRANULOCYTE CHEMOTAXIS%GOBP%GO:0071622	REGULATION OF GRANULOCYTE CHEMOTAXIS%GOBP%GO:0071622		25	-0.4181266	-1.0421376	0.43275633	0.59149635	1.0	4655	tags=40%, list=27%, signal=54%	
COAGULATION%GOBP%GO:0050817	COAGULATION%GOBP%GO:0050817		79	-0.35202098	-1.0416367	0.40359282	0.59237695	1.0	3905	tags=34%, list=22%, signal=44%	
ADORA2B MEDIATED ANTI-INFLAMMATORY CYTOKINES PRODUCTION%REACTOME%R-HSA-9660821.4	ADORA2B MEDIATED ANTI-INFLAMMATORY CYTOKINES PRODUCTION%REACTOME%R-HSA-9660821.4		35	-0.39117232	-1.041456	0.42894736	0.5925559	1.0	4213	tags=34%, list=24%, signal=45%	
DNA SYNTHESIS INVOLVED IN DNA REPAIR%GOBP%GO:0000731	DNA SYNTHESIS INVOLVED IN DNA REPAIR%GOBP%GO:0000731		34	-0.4015062	-1.040832	0.42952126	0.5937034	1.0	5354	tags=44%, list=31%, signal=64%	
RESPONSE TO MOLECULE OF BACTERIAL ORIGIN%GOBP%GO:0002237	RESPONSE TO MOLECULE OF BACTERIAL ORIGIN%GOBP%GO:0002237		99	-0.33917075	-1.0406479	0.39841986	0.5938816	1.0	2604	tags=23%, list=15%, signal=27%	
OVARIAN TUMOR DOMAIN PROTEASES%REACTOME DATABASE ID RELEASE 93%5689896	OVARIAN TUMOR DOMAIN PROTEASES%REACTOME DATABASE ID RELEASE 93%5689896		34	-0.39891642	-1.0406468	0.41538462	0.5936763	1.0	4825	tags=41%, list=28%, signal=57%	
RIBOSOME DISASSEMBLY%GOBP%GO:0032790	RIBOSOME DISASSEMBLY%GOBP%GO:0032790		32	-0.3975499	-1.0403768	0.41230366	0.59401435	1.0	5004	tags=31%, list=29%, signal=44%	
SLC TRANSPORTER DISORDERS%REACTOME%R-HSA-5619102.8	SLC TRANSPORTER DISORDERS%REACTOME%R-HSA-5619102.8		67	-0.35743582	-1.0399655	0.40773067	0.59467286	1.0	2209	tags=19%, list=13%, signal=22%	
RESPONSE TO ALKALOID%GOBP%GO:0043279	RESPONSE TO ALKALOID%GOBP%GO:0043279		17	-0.45696935	-1.0394654	0.44444445	0.5955304	1.0	3715	tags=41%, list=21%, signal=52%	
PURINE NUCLEOSIDE TRIPHOSPHATE BIOSYNTHETIC PROCESS%GOBP%GO:0009145	PURINE NUCLEOSIDE TRIPHOSPHATE BIOSYNTHETIC PROCESS%GOBP%GO:0009145		60	-0.36371776	-1.039392	0.41990292	0.5954767	1.0	4008	tags=30%, list=23%, signal=39%	
ASSEMBLY OF COLLAGEN FIBRILS AND OTHER MULTIMERIC STRUCTURES%REACTOME%R-HSA-2022090.5	ASSEMBLY OF COLLAGEN FIBRILS AND OTHER MULTIMERIC STRUCTURES%REACTOME%R-HSA-2022090.5		40	-0.39316326	-1.0392207	0.42727274	0.5956211	1.0	1238	tags=15%, list=7%, signal=16%	
POSITIVE REGULATION OF MONONUCLEAR CELL PROLIFERATION%GOBP%GO:0032946	POSITIVE REGULATION OF MONONUCLEAR CELL PROLIFERATION%GOBP%GO:0032946		47	-0.37679875	-1.0387548	0.41414142	0.5964204	1.0	4219	tags=30%, list=24%, signal=39%	
13Q12 12 COPY NUMBER VARIATION%WIKIPATHWAYS_20250810%WP5406%HOMO SAPIENS	13Q12 12 COPY NUMBER VARIATION%WIKIPATHWAYS_20250810%WP5406%HOMO SAPIENS		25	-0.42202348	-1.0384911	0.42895088	0.5967563	1.0	4936	tags=52%, list=28%, signal=72%	
INTERLEUKIN-4 AND INTERLEUKIN-13 SIGNALING%REACTOME%R-HSA-6785807.8	INTERLEUKIN-4 AND INTERLEUKIN-13 SIGNALING%REACTOME%R-HSA-6785807.8		66	-0.353166	-1.0381818	0.39445114	0.59721	1.0	3527	tags=30%, list=20%, signal=38%	
PROTEIN EXPORT FROM NUCLEUS%GOBP%GO:0006611	PROTEIN EXPORT FROM NUCLEUS%GOBP%GO:0006611		21	-0.43192038	-1.0380489	0.4260274	0.5972743	1.0	4636	tags=52%, list=27%, signal=71%	
POSITIVE REGULATION OF MAP KINASE ACTIVITY%GOBP%GO:0043406	POSITIVE REGULATION OF MAP KINASE ACTIVITY%GOBP%GO:0043406		20	-0.4360689	-1.0379543	0.4445928	0.59727603	1.0	3089	tags=30%, list=18%, signal=36%	
REGULATION OF IGF ACTIVITY BY IGFBP%REACTOME%R-HSA-381426.4	REGULATION OF IGF ACTIVITY BY IGFBP%REACTOME%R-HSA-381426.4		73	-0.35148305	-1.0379521	0.4053724	0.5970744	1.0	1421	tags=19%, list=8%, signal=21%	
STATIN INHIBITION OF CHOLESTEROL PRODUCTION%WIKIPATHWAYS_20250810%WP430%HOMO SAPIENS	STATIN INHIBITION OF CHOLESTEROL PRODUCTION%WIKIPATHWAYS_20250810%WP430%HOMO SAPIENS		15	-0.468908	-1.0379143	0.44444445	0.5969414	1.0	5036	tags=53%, list=29%, signal=75%	
OXYGEN-DEPENDENT PROLINE HYDROXYLATION OF HYPOXIA-INDUCIBLE FACTOR ALPHA%REACTOME DATABASE ID RELEASE 93%1234176	OXYGEN-DEPENDENT PROLINE HYDROXYLATION OF HYPOXIA-INDUCIBLE FACTOR ALPHA%REACTOME DATABASE ID RELEASE 93%1234176		50	-0.36442456	-1.0376908	0.4041769	0.59720945	1.0	6156	tags=40%, list=35%, signal=62%	
SPINDLE ASSEMBLY CHECKPOINT SIGNALING%GOBP%GO:0071173	SPINDLE ASSEMBLY CHECKPOINT SIGNALING%GOBP%GO:0071173		26	-0.41561732	-1.0375434	0.4214765	0.5973065	1.0	6100	tags=42%, list=35%, signal=65%	
POSITIVE REGULATION OF IMMUNOGLOBULIN PRODUCTION%GOBP%GO:0002639	POSITIVE REGULATION OF IMMUNOGLOBULIN PRODUCTION%GOBP%GO:0002639		19	-0.4431549	-1.037419	0.4416315	0.59735787	1.0	4171	tags=53%, list=24%, signal=69%	
POSITIVE REGULATION OF FIBROBLAST PROLIFERATION%GOBP%GO:0048146	POSITIVE REGULATION OF FIBROBLAST PROLIFERATION%GOBP%GO:0048146		19	-0.43460137	-1.0372481	0.43818682	0.5975125	1.0	1343	tags=26%, list=8%, signal=28%	
TOLL-LIKE RECEPTOR 4 SIGNALING PATHWAY%GOBP%GO:0034142	TOLL-LIKE RECEPTOR 4 SIGNALING PATHWAY%GOBP%GO:0034142		19	-0.44097337	-1.0372446	0.44150418	0.5973109	1.0	5641	tags=68%, list=32%, signal=101%	
REGULATION OF EPITHELIAL CELL MIGRATION%GOBP%GO:0010632	REGULATION OF EPITHELIAL CELL MIGRATION%GOBP%GO:0010632		44	-0.38331026	-1.0371777	0.41095892	0.5972555	1.0	4398	tags=41%, list=25%, signal=55%	
MITOTIC SPINDLE ASSEMBLY%GOBP%GO:0090307	MITOTIC SPINDLE ASSEMBLY%GOBP%GO:0090307		44	-0.37585142	-1.0367643	0.4072165	0.5978932	1.0	5758	tags=52%, list=33%, signal=78%	
ENERGY DEPENDENT REGULATION OF MTOR BY LKB1-AMPK%REACTOME%R-HSA-380972.4	ENERGY DEPENDENT REGULATION OF MTOR BY LKB1-AMPK%REACTOME%R-HSA-380972.4		28	-0.41119817	-1.0367081	0.4559023	0.59780097	1.0	5691	tags=43%, list=33%, signal=63%	
ORGANIC ACID TRANSMEMBRANE TRANSPORT%GOBP%GO:1903825	ORGANIC ACID TRANSMEMBRANE TRANSPORT%GOBP%GO:1903825		81	-0.3469293	-1.0365152	0.40359282	0.59798384	1.0	2704	tags=23%, list=15%, signal=28%	
SEROTONIN HTR1 GROUP AND FOS PATHWAY%WIKIPATHWAYS_20250810%WP722%HOMO SAPIENS	SEROTONIN HTR1 GROUP AND FOS PATHWAY%WIKIPATHWAYS_20250810%WP722%HOMO SAPIENS		23	-0.42247716	-1.0364414	0.43034482	0.59793186	1.0	2818	tags=26%, list=16%, signal=31%	
POSITIVE REGULATION OF CYTOKINE PRODUCTION INVOLVED IN IMMUNE RESPONSE%GOBP%GO:0002720	POSITIVE REGULATION OF CYTOKINE PRODUCTION INVOLVED IN IMMUNE RESPONSE%GOBP%GO:0002720		29	-0.4044493	-1.0361379	0.4268617	0.5983628	1.0	4171	tags=41%, list=24%, signal=54%	
COLLAGEN FORMATION%REACTOME DATABASE ID RELEASE 93%1474290	COLLAGEN FORMATION%REACTOME DATABASE ID RELEASE 93%1474290		65	-0.35687348	-1.0359532	0.41366908	0.5985542	1.0	1238	tags=14%, list=7%, signal=15%	
REGULATION OF FIBROBLAST MIGRATION%GOBP%GO:0010762	REGULATION OF FIBROBLAST MIGRATION%GOBP%GO:0010762		20	-0.43054244	-1.0351969	0.4375839	0.59996825	1.0	4062	tags=40%, list=23%, signal=52%	
PHOSPHATIDYLGLYCEROL METABOLIC PROCESS%GOBP%GO:0046471	PHOSPHATIDYLGLYCEROL METABOLIC PROCESS%GOBP%GO:0046471		20	-0.43007755	-1.035188	0.42780027	0.5997803	1.0	5600	tags=45%, list=32%, signal=66%	
HEPARAN SULFATE PROTEOGLYCAN METABOLIC PROCESS%GOBP%GO:0030201	HEPARAN SULFATE PROTEOGLYCAN METABOLIC PROCESS%GOBP%GO:0030201		29	-0.40270585	-1.0351781	0.40160644	0.5995946	1.0	2286	tags=24%, list=13%, signal=28%	
INTERLEUKIN 1 IL 1 STRUCTURAL PATHWAY%WIKIPATHWAYS_20250810%WP2637%HOMO SAPIENS	INTERLEUKIN 1 IL 1 STRUCTURAL PATHWAY%WIKIPATHWAYS_20250810%WP2637%HOMO SAPIENS		38	-0.3902311	-1.0350682	0.4219949	0.59962136	1.0	1988	tags=26%, list=11%, signal=30%	
POSITIVE REGULATION OF MONOATOMIC ION TRANSPORT%GOBP%GO:0043270	POSITIVE REGULATION OF MONOATOMIC ION TRANSPORT%GOBP%GO:0043270		89	-0.34102884	-1.0349705	0.42056075	0.5996478	1.0	2893	tags=22%, list=17%, signal=27%	
REGULATION OF CENTROSOME CYCLE%GOBP%GO:0046605	REGULATION OF CENTROSOME CYCLE%GOBP%GO:0046605		44	-0.37229645	-1.0349437	0.41035354	0.5994962	1.0	4456	tags=27%, list=26%, signal=37%	
PID_ALPHA_SYNUCLEIN_PATHWAY%MSIGDB_C2%PID_ALPHA_SYNUCLEIN_PATHWAY	PID_ALPHA_SYNUCLEIN_PATHWAY%MSIGDB_C2%PID_ALPHA_SYNUCLEIN_PATHWAY		20	-0.43616924	-1.034837	0.44522473	0.59952086	1.0	4820	tags=55%, list=28%, signal=76%	
MALONIC ACIDURIA%SMPDB%SMP0000198	MALONIC ACIDURIA%SMPDB%SMP0000198		17	-0.44615725	-1.0347517	0.42837077	0.59951	1.0	1691	tags=18%, list=10%, signal=20%	
NEGATIVE REGULATION OF SMALL MOLECULE METABOLIC PROCESS%GOBP%GO:0062014	NEGATIVE REGULATION OF SMALL MOLECULE METABOLIC PROCESS%GOBP%GO:0062014		61	-0.35623044	-1.0339942	0.40963855	0.60089123	1.0	2460	tags=26%, list=14%, signal=30%	
ALCOHOL BIOSYNTHETIC PROCESS%GOBP%GO:0046165	ALCOHOL BIOSYNTHETIC PROCESS%GOBP%GO:0046165		62	-0.352196	-1.0336924	0.39312038	0.6013115	1.0	4197	tags=34%, list=24%, signal=44%	
PID_HIV_NEF_PATHWAY%MSIGDB_C2%PID_HIV_NEF_PATHWAY	PID_HIV_NEF_PATHWAY%MSIGDB_C2%PID_HIV_NEF_PATHWAY		25	-0.41939294	-1.0335084	0.42503437	0.6015068	1.0	5819	tags=64%, list=33%, signal=96%	
THE ROLE OF NEF IN HIV-1 REPLICATION AND DISEASE PATHOGENESIS%REACTOME DATABASE ID RELEASE 93%164952	THE ROLE OF NEF IN HIV-1 REPLICATION AND DISEASE PATHOGENESIS%REACTOME DATABASE ID RELEASE 93%164952		22	-0.42558506	-1.0334606	0.42990655	0.601397	1.0	3855	tags=45%, list=22%, signal=58%	
ASSOCIATION OF TRIC CCT WITH TARGET PROTEINS DURING BIOSYNTHESIS%REACTOME DATABASE ID RELEASE 93%390471	ASSOCIATION OF TRIC CCT WITH TARGET PROTEINS DURING BIOSYNTHESIS%REACTOME DATABASE ID RELEASE 93%390471		34	-0.39586118	-1.0332904	0.42708334	0.6015478	1.0	4716	tags=41%, list=27%, signal=56%	
RNA POLYMERASE I TRANSCRIPTION%REACTOME DATABASE ID RELEASE 93%73864	RNA POLYMERASE I TRANSCRIPTION%REACTOME DATABASE ID RELEASE 93%73864		45	-0.3724019	-1.0332776	0.4146949	0.60137194	1.0	5569	tags=44%, list=32%, signal=65%	
SYNAPTIC_VESICLE_TRAFFICKING%PANTHER PATHWAY%P05734	SYNAPTIC_VESICLE_TRAFFICKING%PANTHER PATHWAY%P05734		16	-0.45379037	-1.0331472	0.44182825	0.6014544	1.0	2708	tags=25%, list=16%, signal=30%	
REGULATION OF RUNX1 EXPRESSION AND ACTIVITY%REACTOME%R-HSA-8934593.2	REGULATION OF RUNX1 EXPRESSION AND ACTIVITY%REACTOME%R-HSA-8934593.2		15	-0.4707553	-1.0329876	0.45762712	0.6016084	1.0	1793	tags=27%, list=10%, signal=30%	
CELLULAR RESPONSE TO FLUID SHEAR STRESS%GOBP%GO:0071498	CELLULAR RESPONSE TO FLUID SHEAR STRESS%GOBP%GO:0071498		34	-0.39241165	-1.0325066	0.43804756	0.60241216	1.0	4101	tags=41%, list=23%, signal=54%	
CENTRAL NERVOUS SYSTEM NEURON AXONOGENESIS%GOBP%GO:0021955	CENTRAL NERVOUS SYSTEM NEURON AXONOGENESIS%GOBP%GO:0021955		17	-0.44628325	-1.0324014	0.43813682	0.60242003	1.0	4270	tags=47%, list=24%, signal=62%	
INTRINSIC PATHWAY FOR APOPTOSIS%REACTOME DATABASE ID RELEASE 93%109606	INTRINSIC PATHWAY FOR APOPTOSIS%REACTOME DATABASE ID RELEASE 93%109606		48	-0.36666116	-1.0321348	0.42124543	0.60276794	1.0	4699	tags=44%, list=27%, signal=60%	
MMR%REACTOME%R-HSA-5358508.3	MMR%REACTOME%R-HSA-5358508.3		15	-0.4636506	-1.0319762	0.42368045	0.6029133	1.0	1272	tags=20%, list=7%, signal=22%	
REGULATION OF CDH1 GENE TRANSCRIPTION%REACTOME DATABASE ID RELEASE 93%9764560	REGULATION OF CDH1 GENE TRANSCRIPTION%REACTOME DATABASE ID RELEASE 93%9764560		39	-0.38155577	-1.0318339	0.41655716	0.6030128	1.0	4335	tags=38%, list=25%, signal=51%	
REGULATION OF SIGNAL TRANSDUCTION BY P53 CLASS MEDIATOR%GOBP%GO:1901796	REGULATION OF SIGNAL TRANSDUCTION BY P53 CLASS MEDIATOR%GOBP%GO:1901796		85	-0.34308586	-1.0315272	0.41830823	0.6034392	1.0	5101	tags=40%, list=29%, signal=56%	
L-AMINO ACID BIOSYNTHETIC PROCESS%GOBP%GO:0170034	L-AMINO ACID BIOSYNTHETIC PROCESS%GOBP%GO:0170034		34	-0.39258003	-1.0314447	0.42912874	0.60338664	1.0	4003	tags=32%, list=23%, signal=42%	
G-PROTEIN ACTIVATION%REACTOME%R-HSA-202040.3	G-PROTEIN ACTIVATION%REACTOME%R-HSA-202040.3		16	-0.4510595	-1.031393	0.4450475	0.6032851	1.0	2570	tags=19%, list=15%, signal=22%	
RHOD GTPASE CYCLE%REACTOME DATABASE ID RELEASE 93%9013405	RHOD GTPASE CYCLE%REACTOME DATABASE ID RELEASE 93%9013405		45	-0.37534413	-1.0312259	0.4256927	0.6034519	1.0	4633	tags=42%, list=27%, signal=57%	
GLYCOSPHINGOLIPID CATABOLISM%REACTOME DATABASE ID RELEASE 93%9840310	GLYCOSPHINGOLIPID CATABOLISM%REACTOME DATABASE ID RELEASE 93%9840310		30	-0.40220374	-1.0307839	0.42145595	0.6042032	1.0	4375	tags=37%, list=25%, signal=49%	
AMINO ACID TRANSMEMBRANE TRANSPORT%GOBP%GO:0003333	AMINO ACID TRANSMEMBRANE TRANSPORT%GOBP%GO:0003333		53	-0.3719071	-1.0305889	0.43544304	0.60438395	1.0	2704	tags=25%, list=15%, signal=29%	
NETRIN-MEDIATED SIGNALING EVENTS%PATHWAY INTERACTION DATABASE NCI-NATURE CURATED DATA%NETRIN-MEDIATED SIGNALING EVENTS	NETRIN-MEDIATED SIGNALING EVENTS%PATHWAY INTERACTION DATABASE NCI-NATURE CURATED DATA%NETRIN-MEDIATED SIGNALING EVENTS		32	-0.39551494	-1.0299298	0.44109946	0.60557145	1.0	4141	tags=50%, list=24%, signal=65%	
RESPONSE TO TYPE I INTERFERON%GOBP%GO:0034340	RESPONSE TO TYPE I INTERFERON%GOBP%GO:0034340		27	-0.39772806	-1.0294265	0.4527297	0.6064015	1.0	6650	tags=48%, list=38%, signal=78%	
METHYLMALONIC ACIDURIA DUE TO COBALAMIN-RELATED DISORDERS%PATHWHIZ%PW000208	METHYLMALONIC ACIDURIA DUE TO COBALAMIN-RELATED DISORDERS%PATHWHIZ%PW000208		17	-0.44615725	-1.0293018	0.45193687	0.6064594	1.0	1691	tags=18%, list=10%, signal=20%	
RECRUITMENT AND ATM-MEDIATED PHOSPHORYLATION OF REPAIR AND SIGNALING PROTEINS AT DNA DOUBLE STRAND BREAKS%REACTOME%R-HSA-5693565.6	RECRUITMENT AND ATM-MEDIATED PHOSPHORYLATION OF REPAIR AND SIGNALING PROTEINS AT DNA DOUBLE STRAND BREAKS%REACTOME%R-HSA-5693565.6		39	-0.38394204	-1.0289761	0.44005102	0.6069482	1.0	4104	tags=36%, list=24%, signal=47%	
REGULATION OF ENDOTHELIAL CELL DIFFERENTIATION%GOBP%GO:0045601	REGULATION OF ENDOTHELIAL CELL DIFFERENTIATION%GOBP%GO:0045601		21	-0.427422	-1.0289233	0.4341398	0.6068476	1.0	6856	tags=57%, list=39%, signal=94%	
TP53 REGULATES TRANSCRIPTION OF DNA REPAIR GENES%REACTOME%R-HSA-6796648.5	TP53 REGULATES TRANSCRIPTION OF DNA REPAIR GENES%REACTOME%R-HSA-6796648.5		56	-0.36144683	-1.0287473	0.4299876	0.6070311	1.0	6171	tags=39%, list=35%, signal=61%	
INSULIN IGF PATHWAY-MITOGEN ACTIVATED PROTEIN KINASE KINASE MAP KINASE CASCADE%PANTHER PATHWAY%P00032	INSULIN IGF PATHWAY-MITOGEN ACTIVATED PROTEIN KINASE KINASE MAP KINASE CASCADE%PANTHER PATHWAY%P00032		26	-0.40930316	-1.0285759	0.44504023	0.60718536	1.0	4701	tags=42%, list=27%, signal=58%	
GAMMA-AMINOBUTYRIC ACID SIGNALING PATHWAY%GOBP%GO:0007214	GAMMA-AMINOBUTYRIC ACID SIGNALING PATHWAY%GOBP%GO:0007214		17	-0.4441457	-1.0285373	0.434663	0.6070434	1.0	2927	tags=29%, list=17%, signal=35%	
PHOSPHATIDYLETHANOLAMINE METABOLIC PROCESS%GOBP%GO:0046337	PHOSPHATIDYLETHANOLAMINE METABOLIC PROCESS%GOBP%GO:0046337		15	-0.46248737	-1.0284588	0.4513889	0.6069951	1.0	3393	tags=33%, list=19%, signal=41%	
TRANSCRIPTION-COUPLED NUCLEOTIDE EXCISION REPAIR (TC-NER)%REACTOME%R-HSA-6781827.3	TRANSCRIPTION-COUPLED NUCLEOTIDE EXCISION REPAIR (TC-NER)%REACTOME%R-HSA-6781827.3		74	-0.3498732	-1.0283947	0.42565948	0.606925	1.0	4979	tags=35%, list=29%, signal=49%	
ADAPTIVE IMMUNE RESPONSE%GOBP%GO:0002250	ADAPTIVE IMMUNE RESPONSE%GOBP%GO:0002250		62	-0.35719177	-1.0283053	0.44233206	0.606907	1.0	4434	tags=35%, list=25%, signal=47%	
RESPONSE TO GLUCOCORTICOID%GOBP%GO:0051384	RESPONSE TO GLUCOCORTICOID%GOBP%GO:0051384		21	-0.4286143	-1.02825	0.43945578	0.6068158	1.0	1615	tags=19%, list=9%, signal=21%	
APC:CDC20 MEDIATED DEGRADATION OF CELL CYCLE PROTEINS PRIOR TO SATISFATION OF THE CELL CYCLE CHECKPOINT%REACTOME DATABASE ID RELEASE 93%179419	APC:CDC20 MEDIATED DEGRADATION OF CELL CYCLE PROTEINS PRIOR TO SATISFATION OF THE CELL CYCLE CHECKPOINT%REACTOME DATABASE ID RELEASE 93%179419		60	-0.35728744	-1.027748	0.41935483	0.6076794	1.0	6898	tags=50%, list=40%, signal=82%	
BUDDING AND MATURATION OF HIV VIRION%REACTOME%R-HSA-162588.4	BUDDING AND MATURATION OF HIV VIRION%REACTOME%R-HSA-162588.4		27	-0.39983058	-1.0276374	0.4517007	0.60771155	1.0	5635	tags=52%, list=32%, signal=76%	
PROPANOATE METABOLISM%SMPDB%SMP0000016	PROPANOATE METABOLISM%SMPDB%SMP0000016		17	-0.44615725	-1.0269969	0.41525424	0.608867	1.0	1691	tags=18%, list=10%, signal=20%	
PID_ER_NONGENOMIC_PATHWAY%MSIGDB_C2%PID_ER_NONGENOMIC_PATHWAY	PID_ER_NONGENOMIC_PATHWAY%MSIGDB_C2%PID_ER_NONGENOMIC_PATHWAY		29	-0.40289068	-1.0269846	0.44133332	0.60868686	1.0	5042	tags=41%, list=29%, signal=58%	
POSTSYNAPSE ORGANIZATION%GOBP%GO:0099173	POSTSYNAPSE ORGANIZATION%GOBP%GO:0099173		43	-0.3740462	-1.0266886	0.44515306	0.6091074	1.0	3993	tags=40%, list=23%, signal=51%	
ACTIVATION OF GENE EXPRESSION BY SREBF (SREBP)%REACTOME%R-HSA-2426168.5	ACTIVATION OF GENE EXPRESSION BY SREBF (SREBP)%REACTOME%R-HSA-2426168.5		40	-0.38335204	-1.0265125	0.44087404	0.609265	1.0	5290	tags=45%, list=30%, signal=64%	
EPITHELIAL CELL DEVELOPMENT%GOBP%GO:0002064	EPITHELIAL CELL DEVELOPMENT%GOBP%GO:0002064		61	-0.35507226	-1.0262952	0.44188863	0.60951495	1.0	3920	tags=30%, list=22%, signal=38%	
VESICLE-MEDIATED TRANSPORT BETWEEN ENDOSOMAL COMPARTMENTS%GOBP%GO:0098927	VESICLE-MEDIATED TRANSPORT BETWEEN ENDOSOMAL COMPARTMENTS%GOBP%GO:0098927		27	-0.40753728	-1.0262599	0.44058746	0.60938233	1.0	5753	tags=37%, list=33%, signal=55%	
INTERSTRAND CROSS-LINK REPAIR%GOBP%GO:0036297	INTERSTRAND CROSS-LINK REPAIR%GOBP%GO:0036297		36	-0.38369134	-1.0261364	0.43302992	0.60943514	1.0	5817	tags=44%, list=33%, signal=67%	
PDGFR-ALPHA SIGNALING PATHWAY%PATHWAY INTERACTION DATABASE NCI-NATURE CURATED DATA%PDGFR-ALPHA SIGNALING PATHWAY	PDGFR-ALPHA SIGNALING PATHWAY%PATHWAY INTERACTION DATABASE NCI-NATURE CURATED DATA%PDGFR-ALPHA SIGNALING PATHWAY		21	-0.42458215	-1.0260845	0.4350736	0.6093352	1.0	3780	tags=48%, list=22%, signal=61%	
INTERLEUKIN-2 FAMILY SIGNALING%REACTOME%R-HSA-451927.7	INTERLEUKIN-2 FAMILY SIGNALING%REACTOME%R-HSA-451927.7		25	-0.41043785	-1.0260825	0.43824703	0.6091344	1.0	2759	tags=28%, list=16%, signal=33%	
INTRACELLULAR TRAFFICKING PROTEINS INVOLVED IN CMT NEUROPATHY%WIKIPATHWAYS_20250810%WP4856%HOMO SAPIENS	INTRACELLULAR TRAFFICKING PROTEINS INVOLVED IN CMT NEUROPATHY%WIKIPATHWAYS_20250810%WP4856%HOMO SAPIENS		19	-0.43585604	-1.0257832	0.45	0.609531	1.0	2297	tags=21%, list=13%, signal=24%	
PROTEIN LOCALIZATION TO CHROMOSOME, CENTROMERIC REGION%GOBP%GO:0071459	PROTEIN LOCALIZATION TO CHROMOSOME, CENTROMERIC REGION%GOBP%GO:0071459		16	-0.44867003	-1.0256392	0.4460028	0.6096373	1.0	3200	tags=25%, list=18%, signal=31%	
POSITIVE REGULATION OF POTASSIUM ION TRANSPORT%GOBP%GO:0043268	POSITIVE REGULATION OF POTASSIUM ION TRANSPORT%GOBP%GO:0043268		20	-0.43551698	-1.025513	0.4265928	0.6097035	1.0	3317	tags=35%, list=19%, signal=43%	
MALONYL-COA DECARBOXYLASE DEFICIENCY%PATHWHIZ%PW000478	MALONYL-COA DECARBOXYLASE DEFICIENCY%PATHWHIZ%PW000478		17	-0.44615725	-1.0252768	0.4511173	0.6100117	1.0	1691	tags=18%, list=10%, signal=20%	
APC C:CDC20 MEDIATED DEGRADATION OF MITOTIC PROTEINS%REACTOME%R-HSA-176409.5	APC C:CDC20 MEDIATED DEGRADATION OF MITOTIC PROTEINS%REACTOME%R-HSA-176409.5		62	-0.35809812	-1.0249307	0.43187347	0.61054045	1.0	6898	tags=50%, list=40%, signal=82%	
INTERACTION BETWEEN L1 AND ANKYRINS%REACTOME DATABASE ID RELEASE 93%445095	INTERACTION BETWEEN L1 AND ANKYRINS%REACTOME DATABASE ID RELEASE 93%445095		24	-0.41871485	-1.0248405	0.4480432	0.6105308	1.0	1006	tags=25%, list=6%, signal=26%	
RESPONSE TO TUMOR NECROSIS FACTOR%GOBP%GO:0034612	RESPONSE TO TUMOR NECROSIS FACTOR%GOBP%GO:0034612		81	-0.34003413	-1.0247617	0.4351415	0.610482	1.0	2804	tags=25%, list=16%, signal=29%	
NEGATIVE REGULATION OF PROTEIN POLYMERIZATION%GOBP%GO:0032272	NEGATIVE REGULATION OF PROTEIN POLYMERIZATION%GOBP%GO:0032272		38	-0.38036138	-1.0242013	0.46547315	0.6113953	1.0	3453	tags=29%, list=20%, signal=36%	
AMINOGLYCAN BIOSYNTHETIC PROCESS%GOBP%GO:0006023	AMINOGLYCAN BIOSYNTHETIC PROCESS%GOBP%GO:0006023		20	-0.42492205	-1.0239199	0.46374828	0.6117946	1.0	391	tags=10%, list=2%, signal=10%	
N-CADHERIN SIGNALING EVENTS%PATHWAY INTERACTION DATABASE NCI-NATURE CURATED DATA%N-CADHERIN SIGNALING EVENTS	N-CADHERIN SIGNALING EVENTS%PATHWAY INTERACTION DATABASE NCI-NATURE CURATED DATA%N-CADHERIN SIGNALING EVENTS		32	-0.39506388	-1.023858	0.44518715	0.6117104	1.0	6075	tags=50%, list=35%, signal=77%	
GLIAL CELL DEVELOPMENT%GOBP%GO:0021782	GLIAL CELL DEVELOPMENT%GOBP%GO:0021782		45	-0.37331423	-1.0234739	0.4387755	0.6123184	1.0	4014	tags=36%, list=23%, signal=46%	
CELLULAR RESPONSE TO ALKALOID%GOBP%GO:0071312	CELLULAR RESPONSE TO ALKALOID%GOBP%GO:0071312		15	-0.45976546	-1.0234649	0.44104803	0.6121327	1.0	3715	tags=40%, list=21%, signal=51%	
FCGR3A-MEDIATED IL10 SYNTHESIS%REACTOME%R-HSA-9664323.3	FCGR3A-MEDIATED IL10 SYNTHESIS%REACTOME%R-HSA-9664323.3		28	-0.40701407	-1.0234027	0.43951613	0.6120532	1.0	3889	tags=39%, list=22%, signal=50%	
LXRS REGULATE GENE EXPRESSION LINKED TO CHOLESTEROL TRANSPORT AND EFFLUX%REACTOME DATABASE ID RELEASE 93%9029569	LXRS REGULATE GENE EXPRESSION LINKED TO CHOLESTEROL TRANSPORT AND EFFLUX%REACTOME DATABASE ID RELEASE 93%9029569		30	-0.38943928	-1.022973	0.44914135	0.61272144	1.0	1793	tags=20%, list=10%, signal=22%	
TOLL LIKE RECEPTOR SIGNALING%WIKIPATHWAYS_20250810%WP75%HOMO SAPIENS	TOLL LIKE RECEPTOR SIGNALING%WIKIPATHWAYS_20250810%WP75%HOMO SAPIENS		46	-0.3723477	-1.0225222	0.4420103	0.6134415	1.0	3966	tags=37%, list=23%, signal=48%	
NADH DEHYDROGENASE COMPLEX ASSEMBLY%GOBP%GO:0010257	NADH DEHYDROGENASE COMPLEX ASSEMBLY%GOBP%GO:0010257		35	-0.38703984	-1.0222433	0.45652175	0.61380464	1.0	1723	tags=23%, list=10%, signal=25%	
PID_P53_REGULATION_PATHWAY%MSIGDB_C2%PID_P53_REGULATION_PATHWAY	PID_P53_REGULATION_PATHWAY%MSIGDB_C2%PID_P53_REGULATION_PATHWAY		48	-0.36987022	-1.0221838	0.44683543	0.6137255	1.0	2853	tags=19%, list=16%, signal=22%	
RNA POLYMERASE I PROMOTER CLEARANCE%REACTOME DATABASE ID RELEASE 93%73854	RNA POLYMERASE I PROMOTER CLEARANCE%REACTOME DATABASE ID RELEASE 93%73854		45	-0.3724019	-1.0221491	0.43602484	0.6135938	1.0	5569	tags=44%, list=32%, signal=65%	
UROKINASE-TYPE PLASMINOGEN ACTIVATOR (UPA) AND UPAR-MEDIATED SIGNALING%PATHWAY INTERACTION DATABASE NCI-NATURE CURATED DATA%UROKINASE-TYPE PLASMINOGEN ACTIVATOR (UPA) AND UPAR-MEDIATED SIGNALING	UROKINASE-TYPE PLASMINOGEN ACTIVATOR (UPA) AND UPAR-MEDIATED SIGNALING%PATHWAY INTERACTION DATABASE NCI-NATURE CURATED DATA%UROKINASE-TYPE PLASMINOGEN ACTIVATOR (UPA) AND UPAR-MEDIATED SIGNALING		24	-0.41409874	-1.022028	0.43979058	0.6136236	1.0	3122	tags=33%, list=18%, signal=41%	
REGULATION OF INTERFERON-ALPHA PRODUCTION%GOBP%GO:0032647	REGULATION OF INTERFERON-ALPHA PRODUCTION%GOBP%GO:0032647		15	-0.45793852	-1.0213302	0.4654696	0.61486703	1.0	1398	tags=20%, list=8%, signal=22%	
POSITIVE REGULATION OF CHOLESTEROL METABOLIC PROCESS%GOBP%GO:0090205	POSITIVE REGULATION OF CHOLESTEROL METABOLIC PROCESS%GOBP%GO:0090205		15	-0.45053133	-1.0212584	0.45467627	0.61481583	1.0	2316	tags=33%, list=13%, signal=38%	
SUMOYLATION OF DNA DAMAGE RESPONSE AND REPAIR PROTEINS%REACTOME%R-HSA-3108214.4	SUMOYLATION OF DNA DAMAGE RESPONSE AND REPAIR PROTEINS%REACTOME%R-HSA-3108214.4		68	-0.34737536	-1.0211588	0.42475727	0.61481786	1.0	4924	tags=31%, list=28%, signal=43%	
SYNTHESIS OF SUBSTRATES IN N-GLYCAN BIOSYTHESIS%REACTOME DATABASE ID RELEASE 93%446219	SYNTHESIS OF SUBSTRATES IN N-GLYCAN BIOSYTHESIS%REACTOME DATABASE ID RELEASE 93%446219		58	-0.3614768	-1.0209247	0.44907975	0.6150958	1.0	2321	tags=17%, list=13%, signal=20%	
CELLULAR RESPONSE TO INTERLEUKIN-1%GOBP%GO:0071347	CELLULAR RESPONSE TO INTERLEUKIN-1%GOBP%GO:0071347		44	-0.37523985	-1.0208616	0.4437421	0.61502284	1.0	2818	tags=25%, list=16%, signal=30%	
NEGATIVE REGULATION OF MONONUCLEAR CELL PROLIFERATION%GOBP%GO:0032945	NEGATIVE REGULATION OF MONONUCLEAR CELL PROLIFERATION%GOBP%GO:0032945		24	-0.41360173	-1.0205125	0.4465494	0.61552316	1.0	4171	tags=33%, list=24%, signal=44%	
NEGATIVE REGULATION OF DNA RECOMBINATION%GOBP%GO:0045910	NEGATIVE REGULATION OF DNA RECOMBINATION%GOBP%GO:0045910		26	-0.4128431	-1.0203625	0.44919786	0.61561704	1.0	4820	tags=38%, list=28%, signal=53%	
NEF-MEDIATES DOWN MODULATION OF CELL SURFACE RECEPTORS BY RECRUITING THEM TO CLATHRIN ADAPTERS%REACTOME%R-HSA-164938.5	NEF-MEDIATES DOWN MODULATION OF CELL SURFACE RECEPTORS BY RECRUITING THEM TO CLATHRIN ADAPTERS%REACTOME%R-HSA-164938.5		17	-0.4487	-1.0203035	0.4589708	0.6155397	1.0	2349	tags=35%, list=13%, signal=41%	
RESPONSE TO LIPOPOLYSACCHARIDE%GOBP%GO:0032496	RESPONSE TO LIPOPOLYSACCHARIDE%GOBP%GO:0032496		96	-0.33448616	-1.0202875	0.42857143	0.6153667	1.0	2604	tags=23%, list=15%, signal=27%	
REGULATION OF MUSCLE HYPERTROPHY%GOBP%GO:0014743	REGULATION OF MUSCLE HYPERTROPHY%GOBP%GO:0014743		30	-0.39392808	-1.0200055	0.4394141	0.61577296	1.0	1747	tags=20%, list=10%, signal=22%	
SIGNAL TRANSDUCTION THROUGH IL1R%WIKIPATHWAYS_20250810%WP4496%HOMO SAPIENS	SIGNAL TRANSDUCTION THROUGH IL1R%WIKIPATHWAYS_20250810%WP4496%HOMO SAPIENS		20	-0.42525926	-1.0199128	0.45663956	0.6157613	1.0	1694	tags=30%, list=10%, signal=33%	
MULTI-ORGANISM REPRODUCTIVE PROCESS%GOBP%GO:0044703	MULTI-ORGANISM REPRODUCTIVE PROCESS%GOBP%GO:0044703		43	-0.37877926	-1.0197335	0.44300517	0.6159318	1.0	1611	tags=12%, list=9%, signal=13%	
TRANSMISSION OF NERVE IMPULSE%GOBP%GO:0019226	TRANSMISSION OF NERVE IMPULSE%GOBP%GO:0019226		19	-0.43623644	-1.0194613	0.46594006	0.6162723	1.0	551	tags=16%, list=3%, signal=16%	
MICROTUBULE ORGANIZING CENTER ORGANIZATION%GOBP%GO:0031023	MICROTUBULE ORGANIZING CENTER ORGANIZATION%GOBP%GO:0031023		95	-0.33618933	-1.019391	0.44924155	0.6162106	1.0	5824	tags=40%, list=33%, signal=60%	
INTRACELLULAR PROTEIN TRANSMEMBRANE TRANSPORT%GOBP%GO:0065002	INTRACELLULAR PROTEIN TRANSMEMBRANE TRANSPORT%GOBP%GO:0065002		25	-0.40593836	-1.0192204	0.44633508	0.61635333	1.0	1556	tags=20%, list=9%, signal=22%	
REGULATION OF LEUKOCYTE MIGRATION%GOBP%GO:0002685	REGULATION OF LEUKOCYTE MIGRATION%GOBP%GO:0002685		97	-0.33328915	-1.0190887	0.4460094	0.61642736	1.0	4231	tags=33%, list=24%, signal=43%	
GLIOGENESIS%GOBP%GO:0042063	GLIOGENESIS%GOBP%GO:0042063		86	-0.33632135	-1.0188004	0.44615385	0.6168218	1.0	4089	tags=33%, list=23%, signal=42%	
CELLULAR RESPONSE TO INSULIN STIMULUS%GOBP%GO:0032869	CELLULAR RESPONSE TO INSULIN STIMULUS%GOBP%GO:0032869		91	-0.32972077	-1.0185962	0.44755244	0.61703986	1.0	4779	tags=42%, list=27%, signal=57%	
PID_IL4_2PATHWAY%MSIGDB_C2%PID_IL4_2PATHWAY	PID_IL4_2PATHWAY%MSIGDB_C2%PID_IL4_2PATHWAY		31	-0.3972451	-1.0184989	0.46052632	0.6170424	1.0	4988	tags=45%, list=29%, signal=63%	
PID_EPHB_FWD_PATHWAY%MSIGDB_C2%PID_EPHB_FWD_PATHWAY	PID_EPHB_FWD_PATHWAY%MSIGDB_C2%PID_EPHB_FWD_PATHWAY		33	-0.3865906	-1.018452	0.43643513	0.61693233	1.0	4741	tags=48%, list=27%, signal=66%	
PID_P38_MKK3_6PATHWAY%MSIGDB_C2%PID_P38_MKK3_6PATHWAY	PID_P38_MKK3_6PATHWAY%MSIGDB_C2%PID_P38_MKK3_6PATHWAY		20	-0.42589393	-1.0183243	0.4338843	0.61700195	1.0	3060	tags=25%, list=18%, signal=30%	
POSITIVE REGULATION OF HORMONE SECRETION%GOBP%GO:0046887	POSITIVE REGULATION OF HORMONE SECRETION%GOBP%GO:0046887		57	-0.35771844	-1.0178908	0.44512948	0.6177128	1.0	2441	tags=25%, list=14%, signal=28%	
DNA DAMAGE RECOGNITION IN GG-NER%REACTOME DATABASE ID RELEASE 93%5696394	DNA DAMAGE RECOGNITION IN GG-NER%REACTOME DATABASE ID RELEASE 93%5696394		38	-0.38415843	-1.0178785	0.4519104	0.61753637	1.0	5253	tags=50%, list=30%, signal=71%	
LYMPHOCYTE MIGRATION%GOBP%GO:0072676	LYMPHOCYTE MIGRATION%GOBP%GO:0072676		21	-0.41840196	-1.0176929	0.46438357	0.6176974	1.0	3479	tags=29%, list=20%, signal=36%	
NEURON PROJECTION ORGANIZATION%GOBP%GO:0106027	NEURON PROJECTION ORGANIZATION%GOBP%GO:0106027		31	-0.3882659	-1.0174993	0.44846052	0.61788255	1.0	1887	tags=23%, list=11%, signal=25%	
TRANSLATIONAL INITIATION%GOBP%GO:0006413	TRANSLATIONAL INITIATION%GOBP%GO:0006413		56	-0.35700852	-1.017374	0.44110274	0.6179514	1.0	4956	tags=38%, list=28%, signal=52%	
ACYL-COA BIOSYNTHETIC PROCESS%GOBP%GO:0071616	ACYL-COA BIOSYNTHETIC PROCESS%GOBP%GO:0071616		35	-0.37927592	-1.0172445	0.45126835	0.618029	1.0	5036	tags=46%, list=29%, signal=64%	
REGULATION OF STEROL TRANSPORT%GOBP%GO:0032371	REGULATION OF STEROL TRANSPORT%GOBP%GO:0032371		36	-0.3837349	-1.0171053	0.44486693	0.6181123	1.0	4462	tags=44%, list=26%, signal=60%	
POSITIVE REGULATION OF LYASE ACTIVITY%GOBP%GO:0051349	POSITIVE REGULATION OF LYASE ACTIVITY%GOBP%GO:0051349		16	-0.4451767	-1.0170205	0.476257	0.61808133	1.0	1191	tags=19%, list=7%, signal=20%	
SIGNALING BY FGFR IN DISEASE%REACTOME%R-HSA-1226099.7	SIGNALING BY FGFR IN DISEASE%REACTOME%R-HSA-1226099.7		44	-0.3732085	-1.0167947	0.46583852	0.6183336	1.0	1517	tags=20%, list=9%, signal=22%	
MATURATION OF LSU-RRNA FROM TRICISTRONIC RRNA TRANSCRIPT (SSU-RRNA, 5.8S RRNA, LSU-RRNA)%GOBP%GO:0000463	MATURATION OF LSU-RRNA FROM TRICISTRONIC RRNA TRANSCRIPT (SSU-RRNA, 5.8S RRNA, LSU-RRNA)%GOBP%GO:0000463		16	-0.44312835	-1.0165236	0.4589928	0.6187007	1.0	3566	tags=31%, list=20%, signal=39%	
DEGRADATION OF GLI2 BY THE PROTEASOME%REACTOME%R-HSA-5610783.2	DEGRADATION OF GLI2 BY THE PROTEASOME%REACTOME%R-HSA-5610783.2		45	-0.3647467	-1.0164288	0.4463576	0.61869824	1.0	5355	tags=36%, list=31%, signal=51%	
NEGATIVE REGULATION OF LYMPHOCYTE PROLIFERATION%GOBP%GO:0050672	NEGATIVE REGULATION OF LYMPHOCYTE PROLIFERATION%GOBP%GO:0050672		24	-0.41360173	-1.0159451	0.45406824	0.6195108	1.0	4171	tags=33%, list=24%, signal=44%	
FGF SIGNALING PATHWAY%PATHWAY INTERACTION DATABASE NCI-NATURE CURATED DATA%FGF SIGNALING PATHWAY	FGF SIGNALING PATHWAY%PATHWAY INTERACTION DATABASE NCI-NATURE CURATED DATA%FGF SIGNALING PATHWAY		40	-0.37144038	-1.0156466	0.45383614	0.61991686	1.0	3687	tags=40%, list=21%, signal=51%	
ALPHA-AMINO ACID BIOSYNTHETIC PROCESS%GOBP%GO:1901607	ALPHA-AMINO ACID BIOSYNTHETIC PROCESS%GOBP%GO:1901607		43	-0.36981302	-1.0156153	0.45328283	0.6197752	1.0	4003	tags=35%, list=23%, signal=45%	
IL4%NETPATH%IL4	IL4%NETPATH%IL4		33	-0.38564053	-1.0152879	0.4366013	0.62025225	1.0	2818	tags=27%, list=16%, signal=32%	
MEIOTIC NUCLEAR DIVISION%GOBP%GO:0140013	MEIOTIC NUCLEAR DIVISION%GOBP%GO:0140013		82	-0.33389914	-1.0149748	0.43405277	0.6207245	1.0	5024	tags=33%, list=29%, signal=46%	
POSITIVE REGULATION OF FATTY ACID METABOLIC PROCESS%GOBP%GO:0045923	POSITIVE REGULATION OF FATTY ACID METABOLIC PROCESS%GOBP%GO:0045923		24	-0.41134274	-1.0147498	0.46033993	0.62097096	1.0	7361	tags=67%, list=42%, signal=115%	
CELLULAR RESPONSE TO MOLECULE OF BACTERIAL ORIGIN%GOBP%GO:0071219	CELLULAR RESPONSE TO MOLECULE OF BACTERIAL ORIGIN%GOBP%GO:0071219		63	-0.35198617	-1.0143203	0.44827586	0.6216643	1.0	2604	tags=24%, list=15%, signal=28%	
PRESENILIN ACTION IN NOTCH AND WNT SIGNALING%PATHWAY INTERACTION DATABASE NCI-NATURE CURATED DATA%PRESENILIN ACTION IN NOTCH AND WNT SIGNALING	PRESENILIN ACTION IN NOTCH AND WNT SIGNALING%PATHWAY INTERACTION DATABASE NCI-NATURE CURATED DATA%PRESENILIN ACTION IN NOTCH AND WNT SIGNALING		39	-0.37078908	-1.0142913	0.4699739	0.62152475	1.0	3767	tags=31%, list=22%, signal=39%	
G-PROTEIN MEDIATED EVENTS%REACTOME%R-HSA-112040.3	G-PROTEIN MEDIATED EVENTS%REACTOME%R-HSA-112040.3		46	-0.37123388	-1.0142277	0.46163848	0.62143785	1.0	3889	tags=37%, list=22%, signal=47%	
ADP SIGNALLING THROUGH P2Y PURINOCEPTOR 12%REACTOME DATABASE ID RELEASE 93%392170	ADP SIGNALLING THROUGH P2Y PURINOCEPTOR 12%REACTOME DATABASE ID RELEASE 93%392170		17	-0.44014278	-1.0141504	0.4723757	0.62139636	1.0	2554	tags=18%, list=15%, signal=21%	
ESTABLISHMENT OF PROTEIN LOCALIZATION TO EXTRACELLULAR REGION%GOBP%GO:0035592	ESTABLISHMENT OF PROTEIN LOCALIZATION TO EXTRACELLULAR REGION%GOBP%GO:0035592		50	-0.36316735	-1.0138916	0.45328283	0.62170815	1.0	4214	tags=40%, list=24%, signal=53%	
IRON UPTAKE AND TRANSPORT%REACTOME DATABASE ID RELEASE 93%917937	IRON UPTAKE AND TRANSPORT%REACTOME DATABASE ID RELEASE 93%917937		45	-0.36984995	-1.0137708	0.44329897	0.6217451	1.0	5230	tags=44%, list=30%, signal=63%	
POSITIVE REGULATION OF PROTEIN LOCALIZATION TO PLASMA MEMBRANE%GOBP%GO:1903078	POSITIVE REGULATION OF PROTEIN LOCALIZATION TO PLASMA MEMBRANE%GOBP%GO:1903078		46	-0.36667103	-1.0137377	0.45652175	0.6216043	1.0	2893	tags=28%, list=17%, signal=34%	
PIGMENT BIOSYNTHETIC PROCESS%GOBP%GO:0046148	PIGMENT BIOSYNTHETIC PROCESS%GOBP%GO:0046148		25	-0.4062337	-1.0136039	0.46639785	0.6216781	1.0	1173	tags=16%, list=7%, signal=17%	
POLYOL METABOLIC PROCESS%GOBP%GO:0019751	POLYOL METABOLIC PROCESS%GOBP%GO:0019751		61	-0.3528968	-1.0135661	0.4678788	0.62155056	1.0	5459	tags=43%, list=31%, signal=62%	
DEFECTS IN TOLL-LIKE RECEPTOR CASCADES%REACTOME%R-HSA-5602358.5	DEFECTS IN TOLL-LIKE RECEPTOR CASCADES%REACTOME%R-HSA-5602358.5		15	-0.44967914	-1.0134965	0.4647303	0.62148654	1.0	5641	tags=67%, list=32%, signal=98%	
KIDNEY EPITHELIUM DEVELOPMENT%GOBP%GO:0072073	KIDNEY EPITHELIUM DEVELOPMENT%GOBP%GO:0072073		45	-0.37098262	-1.0129994	0.46213093	0.62231064	1.0	1487	tags=24%, list=9%, signal=27%	
METAL ION SLC TRANSPORTERS%REACTOME%R-HSA-425410.4	METAL ION SLC TRANSPORTERS%REACTOME%R-HSA-425410.4		18	-0.438458	-1.0129654	0.47346368	0.62217826	1.0	3662	tags=33%, list=21%, signal=42%	
ACTIVATION OF RRNA EXPRESSION BY ERCC6 (CSB) AND EHMT2 (G9A)%REACTOME DATABASE ID RELEASE 93%427389	ACTIVATION OF RRNA EXPRESSION BY ERCC6 (CSB) AND EHMT2 (G9A)%REACTOME DATABASE ID RELEASE 93%427389		16	-0.43734494	-1.0125257	0.45618916	0.62289375	1.0	4886	tags=44%, list=28%, signal=61%	
PKMTS METHYLATE HISTONE LYSINES%REACTOME DATABASE ID RELEASE 93%3214841	PKMTS METHYLATE HISTONE LYSINES%REACTOME DATABASE ID RELEASE 93%3214841		36	-0.37421817	-1.012009	0.44713375	0.6237304	1.0	5282	tags=36%, list=30%, signal=52%	
RESPONSE TO ACID CHEMICAL%GOBP%GO:0001101	RESPONSE TO ACID CHEMICAL%GOBP%GO:0001101		41	-0.36810863	-1.0112202	0.46743295	0.6251372	1.0	5250	tags=41%, list=30%, signal=59%	
FATTY ACID OXIDATION%GOBP%GO:0019395	FATTY ACID OXIDATION%GOBP%GO:0019395		55	-0.35482448	-1.0111276	0.4672544	0.6251297	1.0	6222	tags=51%, list=36%, signal=79%	
INORGANIC ANION TRANSMEMBRANE TRANSPORT%GOBP%GO:0098661	INORGANIC ANION TRANSMEMBRANE TRANSPORT%GOBP%GO:0098661		61	-0.35311761	-1.0109876	0.46320868	0.625212	1.0	4547	tags=38%, list=26%, signal=51%	
RETROGRADE TRANSPORT AT THE TRANS-GOLGI-NETWORK%REACTOME DATABASE ID RELEASE 93%6811440	RETROGRADE TRANSPORT AT THE TRANS-GOLGI-NETWORK%REACTOME DATABASE ID RELEASE 93%6811440		48	-0.36052018	-1.0107168	0.45671266	0.62555635	1.0	6096	tags=44%, list=35%, signal=67%	
NORC NEGATIVELY REGULATES RRNA EXPRESSION%REACTOME DATABASE ID RELEASE 93%427413	NORC NEGATIVELY REGULATES RRNA EXPRESSION%REACTOME DATABASE ID RELEASE 93%427413		41	-0.37734005	-1.0106813	0.45259166	0.6254286	1.0	5569	tags=49%, list=32%, signal=71%	
MITOCHONDRIAL RESPIRATORY CHAIN COMPLEX I ASSEMBLY%GOBP%GO:0032981	MITOCHONDRIAL RESPIRATORY CHAIN COMPLEX I ASSEMBLY%GOBP%GO:0032981		35	-0.38703984	-1.010488	0.45578232	0.62559927	1.0	1723	tags=23%, list=10%, signal=25%	
NEGATIVE REGULATION OF FGFR1 SIGNALING%REACTOME DATABASE ID RELEASE 93%5654726	NEGATIVE REGULATION OF FGFR1 SIGNALING%REACTOME DATABASE ID RELEASE 93%5654726		18	-0.43658832	-1.0099849	0.46666667	0.62642306	1.0	4954	tags=50%, list=28%, signal=70%	
HETEROTRIMERIC G-PROTEIN SIGNALING PATHWAY-GQ ALPHA AND GO ALPHA MEDIATED PATHWAY%PANTHER PATHWAY%P00027	HETEROTRIMERIC G-PROTEIN SIGNALING PATHWAY-GQ ALPHA AND GO ALPHA MEDIATED PATHWAY%PANTHER PATHWAY%P00027		64	-0.34325567	-1.0098711	0.47675803	0.62644845	1.0	4133	tags=33%, list=24%, signal=43%	
DUAL INCISION IN GG-NER%REACTOME DATABASE ID RELEASE 93%5696400	DUAL INCISION IN GG-NER%REACTOME DATABASE ID RELEASE 93%5696400		40	-0.37582693	-1.0096886	0.46701163	0.6266185	1.0	4979	tags=43%, list=29%, signal=59%	
REGULATION OF ACTION POTENTIAL%GOBP%GO:0098900	REGULATION OF ACTION POTENTIAL%GOBP%GO:0098900		44	-0.36485666	-1.0092843	0.46232438	0.62726074	1.0	1145	tags=14%, list=7%, signal=15%	
SELENIUM MICRONUTRIENT NETWORK%WIKIPATHWAYS_20250810%WP15%HOMO SAPIENS	SELENIUM MICRONUTRIENT NETWORK%WIKIPATHWAYS_20250810%WP15%HOMO SAPIENS		25	-0.40474975	-1.0092723	0.4587766	0.62707555	1.0	4119	tags=44%, list=24%, signal=58%	
COLLAGEN METABOLIC PROCESS%GOBP%GO:0032963	COLLAGEN METABOLIC PROCESS%GOBP%GO:0032963		32	-0.38632417	-1.0086238	0.45064935	0.62818766	1.0	4368	tags=25%, list=25%, signal=33%	
REGULATION OF CHOLESTEROL TRANSPORT%GOBP%GO:0032374	REGULATION OF CHOLESTEROL TRANSPORT%GOBP%GO:0032374		36	-0.3837349	-1.007937	0.45827985	0.62937975	1.0	4462	tags=44%, list=26%, signal=60%	
ANATOMICAL STRUCTURE MATURATION%GOBP%GO:0071695	ANATOMICAL STRUCTURE MATURATION%GOBP%GO:0071695		74	-0.34192425	-1.007889	0.47560975	0.6292782	1.0	4127	tags=41%, list=24%, signal=53%	
POSITIVE REGULATION OF CYTOSOLIC CALCIUM ION CONCENTRATION%GOBP%GO:0007204	POSITIVE REGULATION OF CYTOSOLIC CALCIUM ION CONCENTRATION%GOBP%GO:0007204		59	-0.3539143	-1.0078048	0.46376812	0.6292436	1.0	3127	tags=29%, list=18%, signal=35%	
IKK COMPLEX RECRUITMENT MEDIATED BY RIP1%REACTOME DATABASE ID RELEASE 93%937041	IKK COMPLEX RECRUITMENT MEDIATED BY RIP1%REACTOME DATABASE ID RELEASE 93%937041		16	-0.4399429	-1.0077884	0.46958983	0.6290732	1.0	6034	tags=63%, list=35%, signal=95%	
REGULATION OF MYELINATION%GOBP%GO:0031641	REGULATION OF MYELINATION%GOBP%GO:0031641		18	-0.43633905	-1.0075982	0.4688347	0.6292582	1.0	1176	tags=22%, list=7%, signal=24%	
VISUAL PERCEPTION%GOBP%GO:0007601	VISUAL PERCEPTION%GOBP%GO:0007601		99	-0.33089384	-1.0070969	0.4616279	0.6300778	1.0	4283	tags=34%, list=25%, signal=45%	
POSITIVE REGULATION OF NEURON DIFFERENTIATION%GOBP%GO:0045666	POSITIVE REGULATION OF NEURON DIFFERENTIATION%GOBP%GO:0045666		33	-0.3858718	-1.0068215	0.46649486	0.6304325	1.0	1063	tags=21%, list=6%, signal=23%	
BIOCARTA_NFKB_PATHWAY%MSIGDB_C2%BIOCARTA_NFKB_PATHWAY	BIOCARTA_NFKB_PATHWAY%MSIGDB_C2%BIOCARTA_NFKB_PATHWAY		16	-0.44315046	-1.0067877	0.48106593	0.63028765	1.0	1076	tags=25%, list=6%, signal=27%	
REGULATION OF CARDIAC MUSCLE HYPERTROPHY%GOBP%GO:0010611	REGULATION OF CARDIAC MUSCLE HYPERTROPHY%GOBP%GO:0010611		30	-0.39392808	-1.0066649	0.4623656	0.630323	1.0	1747	tags=20%, list=10%, signal=22%	
CORTOCOTROPIN RELEASING FACTOR RECEPTOR SIGNALING PATHWAY%PANTHER PATHWAY%P04380	CORTOCOTROPIN RELEASING FACTOR RECEPTOR SIGNALING PATHWAY%PANTHER PATHWAY%P04380		17	-0.44008732	-1.0065687	0.49381018	0.6303173	1.0	5675	tags=35%, list=32%, signal=52%	
FORMATION OF THE URETERIC BUD%REACTOME%R-HSA-9830674.1	FORMATION OF THE URETERIC BUD%REACTOME%R-HSA-9830674.1		16	-0.438232	-1.0061557	0.46132597	0.63097197	1.0	1049	tags=19%, list=6%, signal=20%	
POSITIVE REGULATION OF CELL CYCLE G2/M PHASE TRANSITION%GOBP%GO:1902751	POSITIVE REGULATION OF CELL CYCLE G2/M PHASE TRANSITION%GOBP%GO:1902751		22	-0.40962037	-1.0056257	0.45640326	0.6318267	1.0	2052	tags=18%, list=12%, signal=21%	
DISEASES OF IMMUNE SYSTEM%REACTOME%R-HSA-5260271.5	DISEASES OF IMMUNE SYSTEM%REACTOME%R-HSA-5260271.5		15	-0.44967914	-1.0054762	0.46418732	0.63193375	1.0	5641	tags=67%, list=32%, signal=98%	
TRANSCRIPTIONAL REGULATION BY E2F6%REACTOME%R-HSA-8953750.3	TRANSCRIPTIONAL REGULATION BY E2F6%REACTOME%R-HSA-8953750.3		34	-0.38413927	-1.0053988	0.46754968	0.6318703	1.0	4041	tags=26%, list=23%, signal=34%	
NEGATIVE REGULATION OF ERBB SIGNALING PATHWAY%GOBP%GO:1901185	NEGATIVE REGULATION OF ERBB SIGNALING PATHWAY%GOBP%GO:1901185		27	-0.39646348	-1.0053877	0.47791165	0.63168365	1.0	1816	tags=22%, list=10%, signal=25%	
MULTI-MULTICELLULAR ORGANISM PROCESS%GOBP%GO:0044706	MULTI-MULTICELLULAR ORGANISM PROCESS%GOBP%GO:0044706		44	-0.37303475	-1.005367	0.47672957	0.63152355	1.0	1611	tags=11%, list=9%, signal=12%	
AMINO ACID BIOSYNTHETIC PROCESS%GOBP%GO:0008652	AMINO ACID BIOSYNTHETIC PROCESS%GOBP%GO:0008652		46	-0.3620349	-1.0053016	0.46598202	0.6314585	1.0	4003	tags=35%, list=23%, signal=45%	
PEROXISOME ORGANIZATION%GOBP%GO:0007031	PEROXISOME ORGANIZATION%GOBP%GO:0007031		31	-0.38584155	-1.0049692	0.47560975	0.63194674	1.0	2438	tags=19%, list=14%, signal=22%	
IL4-MEDIATED SIGNALING EVENTS%PATHWAY INTERACTION DATABASE NCI-NATURE CURATED DATA%IL4-MEDIATED SIGNALING EVENTS	IL4-MEDIATED SIGNALING EVENTS%PATHWAY INTERACTION DATABASE NCI-NATURE CURATED DATA%IL4-MEDIATED SIGNALING EVENTS		39	-0.37499627	-1.0039788	0.47302383	0.63376206	1.0	2522	tags=23%, list=14%, signal=27%	
MITOCHONDRIAL TRANSLATION TERMINATION%REACTOME%R-HSA-5419276.5	MITOCHONDRIAL TRANSLATION TERMINATION%REACTOME%R-HSA-5419276.5		100	-0.33022475	-1.003958	0.47945204	0.63360167	1.0	2941	tags=20%, list=17%, signal=24%	
PHAGOSOME MATURATION%GOBP%GO:0090382	PHAGOSOME MATURATION%GOBP%GO:0090382		19	-0.42505348	-1.0038154	0.473397	0.6337052	1.0	4493	tags=42%, list=26%, signal=57%	
MEMBRANE INVAGINATION%GOBP%GO:0010324	MEMBRANE INVAGINATION%GOBP%GO:0010324		36	-0.37110367	-1.0033628	0.44876784	0.6344133	1.0	5733	tags=44%, list=33%, signal=66%	
NUCLEOTIDE CATABOLISM%REACTOME DATABASE ID RELEASE 93%8956319	NUCLEOTIDE CATABOLISM%REACTOME DATABASE ID RELEASE 93%8956319		22	-0.41474622	-1.0031755	0.48387095	0.6345808	1.0	5226	tags=55%, list=30%, signal=78%	
RESPONSE TO AMINO ACID STARVATION%GOBP%GO:1990928	RESPONSE TO AMINO ACID STARVATION%GOBP%GO:1990928		44	-0.36411405	-1.0031165	0.4725	0.6345032	1.0	3023	tags=25%, list=17%, signal=30%	
KINESINS%REACTOME%R-HSA-983189.5	KINESINS%REACTOME%R-HSA-983189.5		39	-0.37897024	-1.0029607	0.4769821	0.63461435	1.0	3353	tags=31%, list=19%, signal=38%	
LNCRNA IN CANONICAL WNT SIGNALING AND COLORECTAL CANCER%WIKIPATHWAYS_20250810%WP4258%HOMO SAPIENS	LNCRNA IN CANONICAL WNT SIGNALING AND COLORECTAL CANCER%WIKIPATHWAYS_20250810%WP4258%HOMO SAPIENS		63	-0.3434214	-1.001929	0.4742647	0.63647	1.0	2655	tags=24%, list=15%, signal=28%	
NEGATIVE REGULATION OF INFLAMMATORY RESPONSE TO ANTIGENIC STIMULUS%GOBP%GO:0002862	NEGATIVE REGULATION OF INFLAMMATORY RESPONSE TO ANTIGENIC STIMULUS%GOBP%GO:0002862		17	-0.42921084	-1.0018718	0.5	0.6363783	1.0	3889	tags=41%, list=22%, signal=53%	
HOST PATHOGEN INTERACTION OF HUMAN CORONAVIRUSES APOPTOSIS%WIKIPATHWAYS_20250810%WP4864%HOMO SAPIENS	HOST PATHOGEN INTERACTION OF HUMAN CORONAVIRUSES APOPTOSIS%WIKIPATHWAYS_20250810%WP4864%HOMO SAPIENS		15	-0.4423671	-1.0015807	0.4897681	0.636761	1.0	6535	tags=60%, list=37%, signal=96%	
NONGENOTROPIC ANDROGEN SIGNALING%PATHWAY INTERACTION DATABASE NCI-NATURE CURATED DATA%NONGENOTROPIC ANDROGEN SIGNALING	NONGENOTROPIC ANDROGEN SIGNALING%PATHWAY INTERACTION DATABASE NCI-NATURE CURATED DATA%NONGENOTROPIC ANDROGEN SIGNALING		29	-0.38748994	-1.0014269	0.47320262	0.6368622	1.0	3265	tags=38%, list=19%, signal=47%	
PID_S1P_S1P2_PATHWAY%MSIGDB_C2%PID_S1P_S1P2_PATHWAY	PID_S1P_S1P2_PATHWAY%MSIGDB_C2%PID_S1P_S1P2_PATHWAY		16	-0.4392449	-1.0011828	0.5	0.6371663	1.0	4309	tags=44%, list=25%, signal=58%	
NEGATIVE REGULATION OF SMOOTH MUSCLE CELL PROLIFERATION%GOBP%GO:0048662	NEGATIVE REGULATION OF SMOOTH MUSCLE CELL PROLIFERATION%GOBP%GO:0048662		26	-0.4013029	-1.001119	0.4679487	0.6370912	1.0	715	tags=15%, list=4%, signal=16%	
ASSEMBLY OF THE HIV VIRION%REACTOME DATABASE ID RELEASE 93%175474	ASSEMBLY OF THE HIV VIRION%REACTOME DATABASE ID RELEASE 93%175474		16	-0.44767797	-1.0007447	0.48743016	0.63765866	1.0	5635	tags=69%, list=32%, signal=101%	
TICAM1, RIP1-MEDIATED IKK COMPLEX RECRUITMENT%REACTOME DATABASE ID RELEASE 93%168927	TICAM1, RIP1-MEDIATED IKK COMPLEX RECRUITMENT%REACTOME DATABASE ID RELEASE 93%168927		16	-0.4399429	-1.000715	0.4764543	0.6375035	1.0	6034	tags=63%, list=35%, signal=95%	
HOMOTYPIC CELL-CELL ADHESION%GOBP%GO:0034109	HOMOTYPIC CELL-CELL ADHESION%GOBP%GO:0034109		36	-0.37609324	-1.0004758	0.46313065	0.6377779	1.0	2738	tags=33%, list=16%, signal=39%	
AMINO SUGAR METABOLIC PROCESS%GOBP%GO:0006040	AMINO SUGAR METABOLIC PROCESS%GOBP%GO:0006040		28	-0.39377555	-1.0004463	0.46666667	0.6376285	1.0	2232	tags=25%, list=13%, signal=29%	
LIPID OXIDATION%GOBP%GO:0034440	LIPID OXIDATION%GOBP%GO:0034440		57	-0.34890732	-1.0003216	0.46943766	0.637676	1.0	6222	tags=49%, list=36%, signal=76%	
APICAL JUNCTION ASSEMBLY%GOBP%GO:0043297	APICAL JUNCTION ASSEMBLY%GOBP%GO:0043297		33	-0.3841665	-1.0000741	0.4759285	0.63795006	1.0	2660	tags=18%, list=15%, signal=21%	
BURN WOUND HEALING%WIKIPATHWAYS_20250810%WP5055%HOMO SAPIENS	BURN WOUND HEALING%WIKIPATHWAYS_20250810%WP5055%HOMO SAPIENS		36	-0.37728503	-0.9996345	0.47916666	0.63865983	1.0	458	tags=17%, list=3%, signal=17%	
RNA POLYMERASE I TRANSCRIPTION INITIATION%REACTOME DATABASE ID RELEASE 93%73762	RNA POLYMERASE I TRANSCRIPTION INITIATION%REACTOME DATABASE ID RELEASE 93%73762		42	-0.37073293	-0.99947286	0.48604062	0.6387664	1.0	4886	tags=38%, list=28%, signal=53%	
LPS AND CITRATE SIGNALING AND INFLAMMATION%PATHWHIZ%PW101069	LPS AND CITRATE SIGNALING AND INFLAMMATION%PATHWHIZ%PW101069		19	-0.4189875	-0.9994002	0.47083333	0.6387089	1.0	5783	tags=63%, list=33%, signal=94%	
MONOATOMIC ANION TRANSPORT%GOBP%GO:0006820	MONOATOMIC ANION TRANSPORT%GOBP%GO:0006820		75	-0.33322918	-0.9993585	0.47479483	0.6385887	1.0	5229	tags=43%, list=30%, signal=61%	
MONOCARBOXYLIC ACID BIOSYNTHETIC PROCESS%GOBP%GO:0072330	MONOCARBOXYLIC ACID BIOSYNTHETIC PROCESS%GOBP%GO:0072330		95	-0.32799467	-0.9991234	0.4914481	0.63886213	1.0	4742	tags=36%, list=27%, signal=49%	
REGULATION OF STEROL BIOSYNTHETIC PROCESS%GOBP%GO:0106118	REGULATION OF STEROL BIOSYNTHETIC PROCESS%GOBP%GO:0106118		19	-0.41955566	-0.9991098	0.46453407	0.6386837	1.0	3823	tags=32%, list=22%, signal=40%	
POSITIVE REGULATION OF VIRAL GENOME REPLICATION%GOBP%GO:0045070	POSITIVE REGULATION OF VIRAL GENOME REPLICATION%GOBP%GO:0045070		24	-0.4061129	-0.9988906	0.46905088	0.6389181	1.0	6874	tags=58%, list=39%, signal=96%	
PATHWAYS AFFECTED IN ADENOID CYSTIC CARCINOMA%WIKIPATHWAYS_20250810%WP3651%HOMO SAPIENS	PATHWAYS AFFECTED IN ADENOID CYSTIC CARCINOMA%WIKIPATHWAYS_20250810%WP3651%HOMO SAPIENS		51	-0.35206753	-0.9985402	0.47682926	0.63939434	1.0	2657	tags=20%, list=15%, signal=23%	
OXIDATIVE STRESS RESPONSE%PANTHER PATHWAY%P00046	OXIDATIVE STRESS RESPONSE%PANTHER PATHWAY%P00046		22	-0.41386056	-0.99849105	0.50482756	0.6392898	1.0	2435	tags=23%, list=14%, signal=26%	
CELLULAR RESPONSE TO LAMINAR FLUID SHEAR STRESS%GOBP%GO:0071499	CELLULAR RESPONSE TO LAMINAR FLUID SHEAR STRESS%GOBP%GO:0071499		25	-0.39970398	-0.998416	0.4818653	0.6392319	1.0	4101	tags=44%, list=23%, signal=57%	
TRICHLORMETHIAZIDE ACTION PATHWAY%SMPDB%SMP0000121	TRICHLORMETHIAZIDE ACTION PATHWAY%SMPDB%SMP0000121		18	-0.42387035	-0.99808204	0.48285323	0.6397078	1.0	2215	tags=22%, list=13%, signal=25%	
IL18 SIGNALING%WIKIPATHWAYS_20250810%WP4754%HOMO SAPIENS	IL18 SIGNALING%WIKIPATHWAYS_20250810%WP4754%HOMO SAPIENS		34	-0.3780546	-0.99804515	0.4715026	0.6395707	1.0	4822	tags=47%, list=28%, signal=65%	
THIOESTER BIOSYNTHETIC PROCESS%GOBP%GO:0035384	THIOESTER BIOSYNTHETIC PROCESS%GOBP%GO:0035384		35	-0.37927592	-0.99795187	0.48207664	0.63954896	1.0	5036	tags=46%, list=29%, signal=64%	
GOLGI TO PLASMA MEMBRANE PROTEIN TRANSPORT%GOBP%GO:0043001	GOLGI TO PLASMA MEMBRANE PROTEIN TRANSPORT%GOBP%GO:0043001		29	-0.38942623	-0.9979137	0.48266667	0.6394196	1.0	2017	tags=24%, list=12%, signal=27%	
CELL ACTIVATION INVOLVED IN IMMUNE RESPONSE%GOBP%GO:0002263	CELL ACTIVATION INVOLVED IN IMMUNE RESPONSE%GOBP%GO:0002263		71	-0.33525345	-0.9974806	0.48214287	0.6400961	1.0	3535	tags=28%, list=20%, signal=35%	
EPIGENETIC REGULATION BY WDR5-CONTAINING HISTONE MODIFYING COMPLEXES%REACTOME DATABASE ID RELEASE 93%9917777	EPIGENETIC REGULATION BY WDR5-CONTAINING HISTONE MODIFYING COMPLEXES%REACTOME DATABASE ID RELEASE 93%9917777		99	-0.32555002	-0.9973726	0.50641775	0.6400906	1.0	4815	tags=29%, list=28%, signal=40%	
POSITIVE REGULATION OF CELL-SUBSTRATE ADHESION%GOBP%GO:0010811	POSITIVE REGULATION OF CELL-SUBSTRATE ADHESION%GOBP%GO:0010811		58	-0.34476	-0.9973715	0.48138958	0.63988644	1.0	4741	tags=36%, list=27%, signal=50%	
BRANCHED-CHAIN AMINO ACID CATABOLIC PROCESS%GOBP%GO:0009083	BRANCHED-CHAIN AMINO ACID CATABOLIC PROCESS%GOBP%GO:0009083		19	-0.41795743	-0.9973061	0.48455057	0.63980633	1.0	4436	tags=37%, list=25%, signal=49%	
GLYPICAN 1 NETWORK%PATHWAY INTERACTION DATABASE NCI-NATURE CURATED DATA%GLYPICAN 1 NETWORK	GLYPICAN 1 NETWORK%PATHWAY INTERACTION DATABASE NCI-NATURE CURATED DATA%GLYPICAN 1 NETWORK		19	-0.4146288	-0.9970111	0.47116736	0.64020884	1.0	3122	tags=32%, list=18%, signal=38%	
3Q29 COPY NUMBER VARIATION SYNDROME%WIKIPATHWAYS_20250810%WP4906%HOMO SAPIENS	3Q29 COPY NUMBER VARIATION SYNDROME%WIKIPATHWAYS_20250810%WP4906%HOMO SAPIENS		39	-0.3698011	-0.9964934	0.48634592	0.6410591	1.0	5230	tags=44%, list=30%, signal=62%	
QUINETHAZONE ACTION PATHWAY%SMPDB%SMP0000091	QUINETHAZONE ACTION PATHWAY%SMPDB%SMP0000091		18	-0.42387035	-0.9963743	0.49311295	0.6410892	1.0	2215	tags=22%, list=13%, signal=25%	
RESPONSE TO INTERLEUKIN-1%GOBP%GO:0070555	RESPONSE TO INTERLEUKIN-1%GOBP%GO:0070555		57	-0.34936363	-0.99628085	0.45203838	0.6410878	1.0	2818	tags=21%, list=16%, signal=25%	
PHOSPHOLIPID CATABOLIC PROCESS%GOBP%GO:0009395	PHOSPHOLIPID CATABOLIC PROCESS%GOBP%GO:0009395		24	-0.40805328	-0.99625444	0.48675033	0.64093405	1.0	4173	tags=33%, list=24%, signal=44%	
POSITIVE REGULATION OF EPIDERMAL GROWTH FACTOR RECEPTOR SIGNALING PATHWAY%GOBP%GO:0045742	POSITIVE REGULATION OF EPIDERMAL GROWTH FACTOR RECEPTOR SIGNALING PATHWAY%GOBP%GO:0045742		21	-0.41296747	-0.9961904	0.504698	0.6408556	1.0	3122	tags=33%, list=18%, signal=41%	
EVASION BY RSV OF HOST INTERFERON RESPONSES%REACTOME%R-HSA-9833109.1	EVASION BY RSV OF HOST INTERFERON RESPONSES%REACTOME%R-HSA-9833109.1		17	-0.43277982	-0.9958636	0.4944134	0.64130384	1.0	5198	tags=47%, list=30%, signal=67%	
NON-CANONICAL NF-KAPPAB SIGNAL TRANSDUCTION%GOBP%GO:0038061	NON-CANONICAL NF-KAPPAB SIGNAL TRANSDUCTION%GOBP%GO:0038061		20	-0.415624	-0.99542207	0.49793673	0.64200526	1.0	1796	tags=25%, list=10%, signal=28%	
SIGNALING BY FGFR3%REACTOME%R-HSA-5654741.4	SIGNALING BY FGFR3%REACTOME%R-HSA-5654741.4		26	-0.39943337	-0.9952854	0.48041776	0.6420784	1.0	4954	tags=42%, list=28%, signal=59%	
POLYTHIAZIDE ACTION PATHWAY%PATHWHIZ%PW000326	POLYTHIAZIDE ACTION PATHWAY%PATHWHIZ%PW000326		18	-0.42387035	-0.9951556	0.4923077	0.6421516	1.0	2215	tags=22%, list=13%, signal=25%	
RAC 1 CELL MOTILITY SIGNALING PATHWAY%SMPDB%SMP0063795	RAC 1 CELL MOTILITY SIGNALING PATHWAY%SMPDB%SMP0063795		20	-0.41966638	-0.9949374	0.4604027	0.6424061	1.0	3060	tags=45%, list=18%, signal=54%	
POST-TRANSLATIONAL MODIFICATION: SYNTHESIS OF GPI-ANCHORED PROTEINS%REACTOME DATABASE ID RELEASE 93%163125	POST-TRANSLATIONAL MODIFICATION: SYNTHESIS OF GPI-ANCHORED PROTEINS%REACTOME DATABASE ID RELEASE 93%163125		48	-0.3626941	-0.9946598	0.48564294	0.64278305	1.0	1948	tags=19%, list=11%, signal=21%	
ANTIMICROBIAL HUMORAL RESPONSE%GOBP%GO:0019730	ANTIMICROBIAL HUMORAL RESPONSE%GOBP%GO:0019730		20	-0.41856733	-0.99460673	0.49863014	0.6426766	1.0	4171	tags=30%, list=24%, signal=39%	
CARBOXYTERMINAL POST-TRANSLATIONAL MODIFICATIONS OF TUBULIN%REACTOME DATABASE ID RELEASE 93%8955332	CARBOXYTERMINAL POST-TRANSLATIONAL MODIFICATIONS OF TUBULIN%REACTOME DATABASE ID RELEASE 93%8955332		29	-0.39029852	-0.9942389	0.49595687	0.6432454	1.0	2639	tags=28%, list=15%, signal=32%	
CHLORTHALIDONE ACTION PATHWAY%SMPDB%SMP0000122	CHLORTHALIDONE ACTION PATHWAY%SMPDB%SMP0000122		18	-0.42387035	-0.99388534	0.48618785	0.6437505	1.0	2215	tags=22%, list=13%, signal=25%	
IL6-MEDIATED SIGNALING EVENTS%PATHWAY INTERACTION DATABASE NCI-NATURE CURATED DATA%IL6-MEDIATED SIGNALING EVENTS	IL6-MEDIATED SIGNALING EVENTS%PATHWAY INTERACTION DATABASE NCI-NATURE CURATED DATA%IL6-MEDIATED SIGNALING EVENTS		40	-0.37480047	-0.99382955	0.49416342	0.6436589	1.0	2522	tags=20%, list=14%, signal=23%	
CELLULAR RESPONSE TO ALCOHOL%GOBP%GO:0097306	CELLULAR RESPONSE TO ALCOHOL%GOBP%GO:0097306		46	-0.3552123	-0.9935706	0.48777348	0.6439752	1.0	1071	tags=20%, list=6%, signal=21%	
CHLOROTHIAZIDE ACTION PATHWAY%SMPDB%SMP0000078	CHLOROTHIAZIDE ACTION PATHWAY%SMPDB%SMP0000078		18	-0.42387035	-0.99344474	0.48614958	0.64404017	1.0	2215	tags=22%, list=13%, signal=25%	
POSITIVE REGULATION OF PROTEIN MODIFICATION BY SMALL PROTEIN CONJUGATION OR REMOVAL%GOBP%GO:1903322	POSITIVE REGULATION OF PROTEIN MODIFICATION BY SMALL PROTEIN CONJUGATION OR REMOVAL%GOBP%GO:1903322		90	-0.32490304	-0.9933045	0.4876905	0.64411724	1.0	4860	tags=33%, list=28%, signal=46%	
TRAIL SIGNALING PATHWAY%PATHWAY INTERACTION DATABASE NCI-NATURE CURATED DATA%TRAIL SIGNALING PATHWAY	TRAIL SIGNALING PATHWAY%PATHWAY INTERACTION DATABASE NCI-NATURE CURATED DATA%TRAIL SIGNALING PATHWAY		19	-0.42825702	-0.99324465	0.4936351	0.6440218	1.0	2818	tags=26%, list=16%, signal=31%	
GENERAL TRANSCRIPTION REGULATION%PANTHER PATHWAY%P00023	GENERAL TRANSCRIPTION REGULATION%PANTHER PATHWAY%P00023		27	-0.39550412	-0.9929156	0.49074075	0.6444782	1.0	6457	tags=44%, list=37%, signal=70%	
EPLERENONE ACTION PATHWAY%SMPDB%SMP0000135	EPLERENONE ACTION PATHWAY%SMPDB%SMP0000135		18	-0.42387035	-0.9925749	0.49930266	0.6449463	1.0	2215	tags=22%, list=13%, signal=25%	
FACE DEVELOPMENT%GOBP%GO:0060324	FACE DEVELOPMENT%GOBP%GO:0060324		16	-0.44095528	-0.9924634	0.48591548	0.64498794	1.0	97	tags=13%, list=1%, signal=13%	
LYSOSOME LOCALIZATION%GOBP%GO:0032418	LYSOSOME LOCALIZATION%GOBP%GO:0032418		35	-0.37733313	-0.99211895	0.4877102	0.645506	1.0	4853	tags=60%, list=28%, signal=83%	
METHYCLOTHIAZIDE ACTION PATHWAY%PATHWHIZ%PW000327	METHYCLOTHIAZIDE ACTION PATHWAY%PATHWHIZ%PW000327		18	-0.42387035	-0.99198794	0.48505434	0.6455661	1.0	2215	tags=22%, list=13%, signal=25%	
REGULATION OF MYOBLAST DIFFERENTIATION%GOBP%GO:0045661	REGULATION OF MYOBLAST DIFFERENTIATION%GOBP%GO:0045661		50	-0.3513958	-0.9918393	0.47793192	0.6456601	1.0	4013	tags=32%, list=23%, signal=41%	
MEMBRANE DEPOLARIZATION%GOBP%GO:0051899	MEMBRANE DEPOLARIZATION%GOBP%GO:0051899		33	-0.37670973	-0.99151915	0.4674635	0.64612293	1.0	1837	tags=24%, list=11%, signal=27%	
SPIRONOLACTONE ACTION PATHWAY%SMPDB%SMP0000134	SPIRONOLACTONE ACTION PATHWAY%SMPDB%SMP0000134		18	-0.42387035	-0.9914851	0.509887	0.645981	1.0	2215	tags=22%, list=13%, signal=25%	
REGULATION OF ALTERNATIVE MRNA SPLICING, VIA SPLICEOSOME%GOBP%GO:0000381	REGULATION OF ALTERNATIVE MRNA SPLICING, VIA SPLICEOSOME%GOBP%GO:0000381		61	-0.34334767	-0.99136007	0.48845688	0.6460304	1.0	3582	tags=23%, list=21%, signal=29%	
REGULATION OF PROTEIN TYROSINE KINASE ACTIVITY%GOBP%GO:0061097	REGULATION OF PROTEIN TYROSINE KINASE ACTIVITY%GOBP%GO:0061097		17	-0.42708737	-0.9911968	0.47478992	0.64615226	1.0	1268	tags=18%, list=7%, signal=19%	
THIOESTER METABOLIC PROCESS%GOBP%GO:0035383	THIOESTER METABOLIC PROCESS%GOBP%GO:0035383		70	-0.33803862	-0.991186	0.502457	0.64596814	1.0	3585	tags=30%, list=21%, signal=38%	
NEURON MATURATION%GOBP%GO:0042551	NEURON MATURATION%GOBP%GO:0042551		22	-0.40736657	-0.99107045	0.47826087	0.64600164	1.0	4127	tags=50%, list=24%, signal=65%	
BUMETANIDE ACTION PATHWAY%SMPDB%SMP0000088	BUMETANIDE ACTION PATHWAY%SMPDB%SMP0000088		18	-0.42387035	-0.9905779	0.50206894	0.64678514	1.0	2215	tags=22%, list=13%, signal=25%	
PID_THROMBIN_PAR1_PATHWAY%MSIGDB_C2%PID_THROMBIN_PAR1_PATHWAY	PID_THROMBIN_PAR1_PATHWAY%MSIGDB_C2%PID_THROMBIN_PAR1_PATHWAY		25	-0.40354192	-0.9904671	0.4862745	0.6468086	1.0	5064	tags=44%, list=29%, signal=62%	
BENDROFLUMETHIAZIDE ACTION PATHWAY%PATHWHIZ%PW000329	BENDROFLUMETHIAZIDE ACTION PATHWAY%PATHWHIZ%PW000329		18	-0.42387035	-0.9901853	0.48314607	0.6471648	1.0	2215	tags=22%, list=13%, signal=25%	
POSITIVE REGULATION OF CHOLESTEROL EFFLUX%GOBP%GO:0010875	POSITIVE REGULATION OF CHOLESTEROL EFFLUX%GOBP%GO:0010875		17	-0.42866263	-0.98990554	0.4845222	0.6475078	1.0	1532	tags=29%, list=9%, signal=32%	
LONG-TERM SYNAPTIC POTENTIATION%GOBP%GO:0060291	LONG-TERM SYNAPTIC POTENTIATION%GOBP%GO:0060291		28	-0.38393903	-0.9896666	0.478318	0.64778304	1.0	1145	tags=14%, list=7%, signal=15%	
ARF6 DOWNSTREAM PATHWAY%PATHWAY INTERACTION DATABASE NCI-NATURE CURATED DATA%ARF6 DOWNSTREAM PATHWAY	ARF6 DOWNSTREAM PATHWAY%PATHWAY INTERACTION DATABASE NCI-NATURE CURATED DATA%ARF6 DOWNSTREAM PATHWAY		15	-0.43675175	-0.9892232	0.49858356	0.648501	1.0	6175	tags=73%, list=35%, signal=113%	
RND2 GTPASE CYCLE%REACTOME DATABASE ID RELEASE 93%9696270	RND2 GTPASE CYCLE%REACTOME DATABASE ID RELEASE 93%9696270		37	-0.36896414	-0.9892227	0.49139073	0.648296	1.0	4086	tags=38%, list=23%, signal=49%	
MITOTIC G2/M TRANSITION CHECKPOINT%GOBP%GO:0044818	MITOTIC G2/M TRANSITION CHECKPOINT%GOBP%GO:0044818		42	-0.36698347	-0.9891599	0.5	0.64820814	1.0	1479	tags=12%, list=8%, signal=13%	
REGULATION OF GLYCOPROTEIN METABOLIC PROCESS%GOBP%GO:1903018	REGULATION OF GLYCOPROTEIN METABOLIC PROCESS%GOBP%GO:1903018		29	-0.38616467	-0.9890856	0.51111114	0.6481551	1.0	2635	tags=24%, list=15%, signal=28%	
HYDROFLUMETHIAZIDE ACTION PATHWAY%PATHWHIZ%PW000335	HYDROFLUMETHIAZIDE ACTION PATHWAY%PATHWHIZ%PW000335		18	-0.42387035	-0.9889365	0.5178827	0.64823246	1.0	2215	tags=22%, list=13%, signal=25%	
METOLAZONE ACTION PATHWAY%SMPDB%SMP0000105	METOLAZONE ACTION PATHWAY%SMPDB%SMP0000105		18	-0.42387035	-0.9887377	0.5	0.6484449	1.0	2215	tags=22%, list=13%, signal=25%	
U2-TYPE PRESPLICEOSOME ASSEMBLY%GOBP%GO:1903241	U2-TYPE PRESPLICEOSOME ASSEMBLY%GOBP%GO:1903241		25	-0.397011	-0.98830444	0.5149864	0.6490935	1.0	6307	tags=52%, list=36%, signal=81%	
POSITIVE REGULATION OF POST-TRANSLATIONAL PROTEIN MODIFICATION%GOBP%GO:1901875	POSITIVE REGULATION OF POST-TRANSLATIONAL PROTEIN MODIFICATION%GOBP%GO:1901875		91	-0.3239413	-0.9882061	0.5064782	0.6490914	1.0	4860	tags=33%, list=28%, signal=45%	
PID_MYC_REPRESS_PATHWAY%MSIGDB_C2%PID_MYC_REPRESS_PATHWAY	PID_MYC_REPRESS_PATHWAY%MSIGDB_C2%PID_MYC_REPRESS_PATHWAY		39	-0.3692235	-0.9881947	0.49609375	0.64890456	1.0	1477	tags=18%, list=8%, signal=20%	
MISMATCH REPAIR%GOBP%GO:0006298	MISMATCH REPAIR%GOBP%GO:0006298		26	-0.3886471	-0.9879547	0.49197862	0.64919406	1.0	6460	tags=54%, list=37%, signal=85%	
REGULATION OF LIPID TRANSPORT%GOBP%GO:0032368	REGULATION OF LIPID TRANSPORT%GOBP%GO:0032368		63	-0.34266767	-0.98789984	0.50549453	0.649094	1.0	5520	tags=46%, list=32%, signal=67%	
INTEGRINS IN ANGIOGENESIS%PATHWAY INTERACTION DATABASE NCI-NATURE CURATED DATA%INTEGRINS IN ANGIOGENESIS	INTEGRINS IN ANGIOGENESIS%PATHWAY INTERACTION DATABASE NCI-NATURE CURATED DATA%INTEGRINS IN ANGIOGENESIS		56	-0.35228366	-0.9878574	0.4968789	0.64896536	1.0	4954	tags=34%, list=28%, signal=47%	
PLC BETA MEDIATED EVENTS%REACTOME DATABASE ID RELEASE 93%112043	PLC BETA MEDIATED EVENTS%REACTOME DATABASE ID RELEASE 93%112043		42	-0.36444283	-0.98755735	0.48789808	0.6493613	1.0	3889	tags=38%, list=22%, signal=49%	
ETHACRYNIC ACID ACTION PATHWAY%SMPDB%SMP0000097	ETHACRYNIC ACID ACTION PATHWAY%SMPDB%SMP0000097		18	-0.42387035	-0.9875228	0.4936351	0.6492258	1.0	2215	tags=22%, list=13%, signal=25%	
NEGATIVE REGULATION OF CANONICAL NF-KAPPAB SIGNAL TRANSDUCTION%GOBP%GO:0043124	NEGATIVE REGULATION OF CANONICAL NF-KAPPAB SIGNAL TRANSDUCTION%GOBP%GO:0043124		56	-0.3463025	-0.9874179	0.50550795	0.6492296	1.0	2604	tags=27%, list=15%, signal=31%	
REGULATION OF CELLULAR SENESCENCE%GOBP%GO:2000772	REGULATION OF CELLULAR SENESCENCE%GOBP%GO:2000772		29	-0.38569945	-0.9872571	0.49597856	0.64935344	1.0	4700	tags=48%, list=27%, signal=66%	
NEPHRON DEVELOPMENT%GOBP%GO:0072006	NEPHRON DEVELOPMENT%GOBP%GO:0072006		59	-0.34073597	-0.98721504	0.50061655	0.6492356	1.0	2586	tags=25%, list=15%, signal=30%	
GLUCOSE TRANSPORTER DEFECT (SGLT2)%SMPDB%SMP0000184	GLUCOSE TRANSPORTER DEFECT (SGLT2)%SMPDB%SMP0000184		18	-0.42387035	-0.9871224	0.50542	0.6492197	1.0	2215	tags=22%, list=13%, signal=25%	
PHYSICO CHEMICAL FEATURES AND TOXICITY ASSOCIATED PATHWAYS%WIKIPATHWAYS_20250810%WP3680%HOMO SAPIENS	PHYSICO CHEMICAL FEATURES AND TOXICITY ASSOCIATED PATHWAYS%WIKIPATHWAYS_20250810%WP3680%HOMO SAPIENS		51	-0.3508385	-0.9869955	0.5012987	0.64926404	1.0	2740	tags=27%, list=16%, signal=32%	
GLOBAL GENOME NUCLEOTIDE EXCISION REPAIR (GG-NER)%REACTOME%R-HSA-5696399.2	GLOBAL GENOME NUCLEOTIDE EXCISION REPAIR (GG-NER)%REACTOME%R-HSA-5696399.2		83	-0.3239553	-0.9867261	0.5011905	0.64961576	1.0	5253	tags=37%, list=30%, signal=53%	
NEGATIVE REGULATION OF LIPID METABOLIC PROCESS%GOBP%GO:0045833	NEGATIVE REGULATION OF LIPID METABOLIC PROCESS%GOBP%GO:0045833		54	-0.35276628	-0.98656565	0.52386934	0.64973634	1.0	2577	tags=22%, list=15%, signal=26%	
REGULATION OF PROTEIN NEDDYLATION%GOBP%GO:2000434	REGULATION OF PROTEIN NEDDYLATION%GOBP%GO:2000434		16	-0.42867523	-0.98646563	0.5064194	0.6497355	1.0	2108	tags=31%, list=12%, signal=36%	
ACYL-COA METABOLIC PROCESS%GOBP%GO:0006637	ACYL-COA METABOLIC PROCESS%GOBP%GO:0006637		70	-0.33803862	-0.9864019	0.49939975	0.6496562	1.0	3585	tags=30%, list=21%, signal=38%	
COMPLEMENT AND COAGULATION CASCADES%WIKIPATHWAYS_20250810%WP558%HOMO SAPIENS	COMPLEMENT AND COAGULATION CASCADES%WIKIPATHWAYS_20250810%WP558%HOMO SAPIENS		19	-0.41524535	-0.9863314	0.51468533	0.6495931	1.0	593	tags=11%, list=3%, signal=11%	
AMINO ACIDS REGULATE MTORC1%REACTOME DATABASE ID RELEASE 93%9639288	AMINO ACIDS REGULATE MTORC1%REACTOME DATABASE ID RELEASE 93%9639288		48	-0.34812388	-0.98627573	0.503268	0.6494883	1.0	5032	tags=40%, list=29%, signal=55%	
IMPAIRED BRCA2 BINDING TO RAD51%REACTOME%R-HSA-9709570.2	IMPAIRED BRCA2 BINDING TO RAD51%REACTOME%R-HSA-9709570.2		32	-0.38226753	-0.98623157	0.50328517	0.64937896	1.0	4695	tags=38%, list=27%, signal=51%	
GLI3 IS PROCESSED TO GLI3R BY THE PROTEASOME%REACTOME%R-HSA-5610785.2	GLI3 IS PROCESSED TO GLI3R BY THE PROTEASOME%REACTOME%R-HSA-5610785.2		45	-0.3570879	-0.98614454	0.49741602	0.6493491	1.0	5355	tags=36%, list=31%, signal=51%	
UPTAKE AND ACTIONS OF BACTERIAL TOXINS%REACTOME DATABASE ID RELEASE 93%5339562	UPTAKE AND ACTIONS OF BACTERIAL TOXINS%REACTOME DATABASE ID RELEASE 93%5339562		23	-0.40410972	-0.9861333	0.51246536	0.6491624	1.0	3583	tags=43%, list=21%, signal=55%	
CORTICAL CYTOSKELETON ORGANIZATION%GOBP%GO:0030865	CORTICAL CYTOSKELETON ORGANIZATION%GOBP%GO:0030865		38	-0.36925438	-0.98583907	0.4916986	0.6495504	1.0	5430	tags=50%, list=31%, signal=72%	
INDAPAMIDE ACTION PATHWAY%SMPDB%SMP0000110	INDAPAMIDE ACTION PATHWAY%SMPDB%SMP0000110		18	-0.42387035	-0.985837	0.5026738	0.6493482	1.0	2215	tags=22%, list=13%, signal=25%	
PEROXISOMAL PROTEIN IMPORT%REACTOME%R-HSA-9033241.5	PEROXISOMAL PROTEIN IMPORT%REACTOME%R-HSA-9033241.5		53	-0.35028398	-0.98566395	0.51425034	0.649498	1.0	4324	tags=32%, list=25%, signal=43%	
IL6 SIGNALING%WIKIPATHWAYS_20250810%WP364%HOMO SAPIENS	IL6 SIGNALING%WIKIPATHWAYS_20250810%WP364%HOMO SAPIENS		31	-0.37566176	-0.98566365	0.47885403	0.6492929	1.0	3752	tags=35%, list=21%, signal=45%	
HARTNUP DISORDER%SMPDB%SMP0000189	HARTNUP DISORDER%SMPDB%SMP0000189		18	-0.42387035	-0.9854959	0.5224719	0.64942294	1.0	2215	tags=22%, list=13%, signal=25%	
DEFECTS IN VITAMIN AND COFACTOR METABOLISM%REACTOME DATABASE ID RELEASE 93%3296482	DEFECTS IN VITAMIN AND COFACTOR METABOLISM%REACTOME DATABASE ID RELEASE 93%3296482		20	-0.4172478	-0.9852138	0.49462366	0.6497897	1.0	3820	tags=35%, list=22%, signal=45%	
SPHINGOLIPID METABOLISM OVERVIEW%WIKIPATHWAYS_20250810%WP4725%HOMO SAPIENS	SPHINGOLIPID METABOLISM OVERVIEW%WIKIPATHWAYS_20250810%WP4725%HOMO SAPIENS		20	-0.41986182	-0.98510456	0.48071626	0.64980495	1.0	330	tags=10%, list=2%, signal=10%	
CYSTINURIA%PATHWHIZ%PW000700	CYSTINURIA%PATHWHIZ%PW000700		18	-0.42387035	-0.98506993	0.5267606	0.64966595	1.0	2215	tags=22%, list=13%, signal=25%	
NEGATIVE REGULATION OF PROTEIN BINDING%GOBP%GO:0032091	NEGATIVE REGULATION OF PROTEIN BINDING%GOBP%GO:0032091		19	-0.4135714	-0.98506737	0.500664	0.64946395	1.0	4604	tags=53%, list=26%, signal=71%	
VACUOLAR LOCALIZATION%GOBP%GO:1990849	VACUOLAR LOCALIZATION%GOBP%GO:1990849		36	-0.37612912	-0.98487824	0.5006519	0.6496425	1.0	4853	tags=58%, list=28%, signal=81%	
PHOSPHOLIPID TRANSLOCATION%GOBP%GO:0045332	PHOSPHOLIPID TRANSLOCATION%GOBP%GO:0045332		32	-0.37716687	-0.98476	0.51058203	0.64966804	1.0	4551	tags=34%, list=26%, signal=46%	
REGULATION OF TRANSCRIPTION BY RNA POLYMERASE III%GOBP%GO:0006359	REGULATION OF TRANSCRIPTION BY RNA POLYMERASE III%GOBP%GO:0006359		26	-0.39541456	-0.9846586	0.5081967	0.6496632	1.0	2875	tags=23%, list=16%, signal=28%	
REGULATION OF CARTILAGE DEVELOPMENT%GOBP%GO:0061035	REGULATION OF CARTILAGE DEVELOPMENT%GOBP%GO:0061035		26	-0.39147845	-0.98448	0.492126	0.64983135	1.0	2586	tags=31%, list=15%, signal=36%	
URETERIC BUD DEVELOPMENT%GOBP%GO:0001657	URETERIC BUD DEVELOPMENT%GOBP%GO:0001657		22	-0.40496913	-0.9842299	0.50402147	0.65012026	1.0	1049	tags=27%, list=6%, signal=29%	
AMILORIDE ACTION PATHWAY%SMPDB%SMP0000133	AMILORIDE ACTION PATHWAY%SMPDB%SMP0000133		18	-0.42387035	-0.9839998	0.502849	0.6503797	1.0	2215	tags=22%, list=13%, signal=25%	
HS-GAG DEGRADATION%REACTOME DATABASE ID RELEASE 93%2024096	HS-GAG DEGRADATION%REACTOME DATABASE ID RELEASE 93%2024096		17	-0.4262004	-0.98389953	0.50797874	0.650379	1.0	4386	tags=29%, list=25%, signal=39%	
POSITIVE REGULATION OF STEM CELL POPULATION MAINTENANCE%GOBP%GO:1902459	POSITIVE REGULATION OF STEM CELL POPULATION MAINTENANCE%GOBP%GO:1902459		39	-0.3619325	-0.983868	0.4885204	0.6502352	1.0	4167	tags=33%, list=24%, signal=44%	
BETA3 ADRENERGIC RECEPTOR SIGNALING PATHWAY%PANTHER PATHWAY%P04379	BETA3 ADRENERGIC RECEPTOR SIGNALING PATHWAY%PANTHER PATHWAY%P04379		15	-0.43528533	-0.9838097	0.5061898	0.65014356	1.0	5675	tags=33%, list=32%, signal=49%	
POSITIVE REGULATION OF T CELL DIFFERENTIATION%GOBP%GO:0045582	POSITIVE REGULATION OF T CELL DIFFERENTIATION%GOBP%GO:0045582		58	-0.3428992	-0.98368686	0.49689442	0.650173	1.0	4013	tags=29%, list=23%, signal=38%	
POSITIVE REGULATION OF EPITHELIAL CELL MIGRATION%GOBP%GO:0010634	POSITIVE REGULATION OF EPITHELIAL CELL MIGRATION%GOBP%GO:0010634		30	-0.38315228	-0.9836565	0.50200266	0.65002865	1.0	4398	tags=40%, list=25%, signal=53%	
REGULATION OF CELLULAR RESPONSE TO VASCULAR ENDOTHELIAL GROWTH FACTOR STIMULUS%GOBP%GO:1902547	REGULATION OF CELLULAR RESPONSE TO VASCULAR ENDOTHELIAL GROWTH FACTOR STIMULUS%GOBP%GO:1902547		25	-0.39665034	-0.9836083	0.49595687	0.64992297	1.0	1051	tags=12%, list=6%, signal=13%	
LYSINURIC PROTEIN INTOLERANCE (LPI)%SMPDB%SMP0000585	LYSINURIC PROTEIN INTOLERANCE (LPI)%SMPDB%SMP0000585		18	-0.42387035	-0.9834692	0.50414366	0.65000904	1.0	2215	tags=22%, list=13%, signal=25%	
CYCLOTHIAZIDE ACTION PATHWAY%SMPDB%SMP0000103	CYCLOTHIAZIDE ACTION PATHWAY%SMPDB%SMP0000103		18	-0.42387035	-0.9833334	0.49651325	0.650068	1.0	2215	tags=22%, list=13%, signal=25%	
PRE-NOTCH TRANSCRIPTION AND TRANSLATION%REACTOME DATABASE ID RELEASE 93%1912408	PRE-NOTCH TRANSCRIPTION AND TRANSLATION%REACTOME DATABASE ID RELEASE 93%1912408		30	-0.38037032	-0.9832163	0.49466667	0.6500883	1.0	4329	tags=30%, list=25%, signal=40%	
NEGATIVE REGULATION OF EPITHELIAL CELL DIFFERENTIATION%GOBP%GO:0030857	NEGATIVE REGULATION OF EPITHELIAL CELL DIFFERENTIATION%GOBP%GO:0030857		18	-0.4135596	-0.9830421	0.5128901	0.65024537	1.0	2559	tags=28%, list=15%, signal=33%	
PID_EPHA_FWDPATHWAY%MSIGDB_C2%PID_EPHA_FWDPATHWAY	PID_EPHA_FWDPATHWAY%MSIGDB_C2%PID_EPHA_FWDPATHWAY		21	-0.4092557	-0.9830135	0.51448274	0.6500936	1.0	4954	tags=52%, list=28%, signal=73%	
PID_CD40_PATHWAY%MSIGDB_C2%PID_CD40_PATHWAY	PID_CD40_PATHWAY%MSIGDB_C2%PID_CD40_PATHWAY		22	-0.41387156	-0.9827245	0.5067751	0.65045285	1.0	1581	tags=27%, list=9%, signal=30%	
FGF SIGNALING PATHWAY%PANTHER PATHWAY%P00021	FGF SIGNALING PATHWAY%PANTHER PATHWAY%P00021		61	-0.3432285	-0.98251253	0.49641147	0.6506864	1.0	3060	tags=26%, list=18%, signal=32%	
T CELL ACTIVATION%GOBP%GO:0042110	T CELL ACTIVATION%GOBP%GO:0042110		99	-0.3223911	-0.9824647	0.51392114	0.6505823	1.0	3400	tags=27%, list=19%, signal=34%	
UBIQUITIN–PROTEASOME PATHWAY%SMPDB%SMP0063816	UBIQUITIN–PROTEASOME PATHWAY%SMPDB%SMP0063816		27	-0.38416815	-0.982202	0.4915694	0.6509022	1.0	6640	tags=48%, list=38%, signal=78%	
TYPE II INTERFERON SIGNALING%WIKIPATHWAYS_20250810%WP619%HOMO SAPIENS	TYPE II INTERFERON SIGNALING%WIKIPATHWAYS_20250810%WP619%HOMO SAPIENS		18	-0.4267456	-0.98214644	0.49731183	0.65081024	1.0	2582	tags=22%, list=15%, signal=26%	
REGULATION OF GLYCOPROTEIN BIOSYNTHETIC PROCESS%GOBP%GO:0010559	REGULATION OF GLYCOPROTEIN BIOSYNTHETIC PROCESS%GOBP%GO:0010559		25	-0.3921698	-0.982067	0.5108108	0.6507651	1.0	2635	tags=24%, list=15%, signal=28%	
HYDROCHLOROTHIAZIDE ACTION PATHWAY%SMPDB%SMP0000100	HYDROCHLOROTHIAZIDE ACTION PATHWAY%SMPDB%SMP0000100		18	-0.42387035	-0.98205334	0.5054496	0.6505888	1.0	2215	tags=22%, list=13%, signal=25%	
REGULATION OF FATTY ACID METABOLIC PROCESS%GOBP%GO:0019217	REGULATION OF FATTY ACID METABOLIC PROCESS%GOBP%GO:0019217		60	-0.34247497	-0.9820026	0.5096852	0.6504881	1.0	6360	tags=47%, list=36%, signal=73%	
REGULATION OF ACTIN CYTOSKELETON%WIKIPATHWAYS_20250810%WP51%HOMO SAPIENS	REGULATION OF ACTIN CYTOSKELETON%WIKIPATHWAYS_20250810%WP51%HOMO SAPIENS		91	-0.3232929	-0.98188376	0.49591598	0.65052944	1.0	2818	tags=30%, list=16%, signal=35%	
POSITIVE REGULATION OF LYMPHOCYTE DIFFERENTIATION%GOBP%GO:0045621	POSITIVE REGULATION OF LYMPHOCYTE DIFFERENTIATION%GOBP%GO:0045621		67	-0.3362004	-0.9818534	0.5084541	0.65037835	1.0	4013	tags=30%, list=23%, signal=39%	
MITOCHONDRIAL CYTOCHROME C OXIDASE ASSEMBLY%GOBP%GO:0033617	MITOCHONDRIAL CYTOCHROME C OXIDASE ASSEMBLY%GOBP%GO:0033617		21	-0.40593758	-0.9817952	0.5150685	0.6502882	1.0	5946	tags=38%, list=34%, signal=58%	
GNAQ PATHWAYS IN PORT WINE STAIN%WIKIPATHWAYS_20250810%WP5437%HOMO SAPIENS	GNAQ PATHWAYS IN PORT WINE STAIN%WIKIPATHWAYS_20250810%WP5437%HOMO SAPIENS		16	-0.4338341	-0.9817376	0.5257453	0.65019536	1.0	3060	tags=44%, list=18%, signal=53%	
REGULATION OF CHOLESTEROL BIOSYNTHETIC PROCESS%GOBP%GO:0045540	REGULATION OF CHOLESTEROL BIOSYNTHETIC PROCESS%GOBP%GO:0045540		19	-0.41955566	-0.9816652	0.50840336	0.65012896	1.0	3823	tags=32%, list=22%, signal=40%	
ROLE OF CALCINEURIN-DEPENDENT NFAT SIGNALING IN LYMPHOCYTES%PATHWAY INTERACTION DATABASE NCI-NATURE CURATED DATA%ROLE OF CALCINEURIN-DEPENDENT NFAT SIGNALING IN LYMPHOCYTES	ROLE OF CALCINEURIN-DEPENDENT NFAT SIGNALING IN LYMPHOCYTES%PATHWAY INTERACTION DATABASE NCI-NATURE CURATED DATA%ROLE OF CALCINEURIN-DEPENDENT NFAT SIGNALING IN LYMPHOCYTES		48	-0.35259488	-0.9816441	0.5140665	0.6499683	1.0	5297	tags=52%, list=30%, signal=75%	
TRIAMTERENE ACTION PATHWAY%SMPDB%SMP0000132	TRIAMTERENE ACTION PATHWAY%SMPDB%SMP0000132		18	-0.42387035	-0.98138076	0.51169187	0.6502954	1.0	2215	tags=22%, list=13%, signal=25%	
APOPTOTIC FACTOR-MEDIATED RESPONSE%REACTOME DATABASE ID RELEASE 93%111471	APOPTOTIC FACTOR-MEDIATED RESPONSE%REACTOME DATABASE ID RELEASE 93%111471		18	-0.4186306	-0.9813154	0.50889194	0.6502271	1.0	4353	tags=44%, list=25%, signal=59%	
TORSEMIDE ACTION PATHWAY%PATHWHIZ%PW000338	TORSEMIDE ACTION PATHWAY%PATHWHIZ%PW000338		18	-0.42387035	-0.9806517	0.5161744	0.6513179	1.0	2215	tags=22%, list=13%, signal=25%	
REGULATION OF PEPTIDYL-TYROSINE PHOSPHORYLATION%GOBP%GO:0050730	REGULATION OF PEPTIDYL-TYROSINE PHOSPHORYLATION%GOBP%GO:0050730		48	-0.35081187	-0.980593	0.4863184	0.65122217	1.0	3051	tags=23%, list=17%, signal=28%	
BLUE DIAPER SYNDROME%SMPDB%SMP0000583	BLUE DIAPER SYNDROME%SMPDB%SMP0000583		18	-0.42387035	-0.98037064	0.519943	0.6514628	1.0	2215	tags=22%, list=13%, signal=25%	
PROTEIN NEDDYLATION%GOBP%GO:0045116	PROTEIN NEDDYLATION%GOBP%GO:0045116		20	-0.4063347	-0.98027366	0.4931694	0.6514494	1.0	2840	tags=30%, list=16%, signal=36%	
IMINOGLYCINURIA%PATHWHIZ%PW000219	IMINOGLYCINURIA%PATHWHIZ%PW000219		18	-0.42387035	-0.9801907	0.51728725	0.6514116	1.0	2215	tags=22%, list=13%, signal=25%	
NUCLEAR-TRANSCRIBED MRNA CATABOLIC PROCESS%GOBP%GO:0000956	NUCLEAR-TRANSCRIBED MRNA CATABOLIC PROCESS%GOBP%GO:0000956		85	-0.3249836	-0.980183	0.5131579	0.6512176	1.0	5333	tags=39%, list=31%, signal=56%	
RESPONSE TO UNFOLDED PROTEIN%GOBP%GO:0006986	RESPONSE TO UNFOLDED PROTEIN%GOBP%GO:0006986		83	-0.32584912	-0.97965217	0.49168646	0.6520365	1.0	4353	tags=29%, list=25%, signal=38%	
POSITIVE REGULATION OF CYCLASE ACTIVITY%GOBP%GO:0031281	POSITIVE REGULATION OF CYCLASE ACTIVITY%GOBP%GO:0031281		18	-0.42684698	-0.97959757	0.50277007	0.6519493	1.0	3659	tags=39%, list=21%, signal=49%	
ALPHA4 BETA1 INTEGRIN SIGNALING EVENTS%PATHWAY INTERACTION DATABASE NCI-NATURE CURATED DATA%ALPHA4 BETA1 INTEGRIN SIGNALING EVENTS	ALPHA4 BETA1 INTEGRIN SIGNALING EVENTS%PATHWAY INTERACTION DATABASE NCI-NATURE CURATED DATA%ALPHA4 BETA1 INTEGRIN SIGNALING EVENTS		28	-0.39044064	-0.9795112	0.5186667	0.6519093	1.0	3889	tags=36%, list=22%, signal=46%	
ACTIN FILAMENT POLYMERIZATION%GOBP%GO:0030041	ACTIN FILAMENT POLYMERIZATION%GOBP%GO:0030041		20	-0.41254616	-0.9794506	0.52958155	0.65182036	1.0	4781	tags=35%, list=27%, signal=48%	
PID_INTEGRIN_A4B1_PATHWAY%MSIGDB_C2%PID_INTEGRIN_A4B1_PATHWAY	PID_INTEGRIN_A4B1_PATHWAY%MSIGDB_C2%PID_INTEGRIN_A4B1_PATHWAY		20	-0.4153189	-0.9794476	0.509434	0.6516244	1.0	5324	tags=45%, list=30%, signal=65%	
NEGATIVE REGULATION OF CALCIUM ION TRANSMEMBRANE TRANSPORT%GOBP%GO:1903170	NEGATIVE REGULATION OF CALCIUM ION TRANSMEMBRANE TRANSPORT%GOBP%GO:1903170		21	-0.41471487	-0.97944283	0.5048143	0.6514299	1.0	4223	tags=33%, list=24%, signal=44%	
DENGUE 2 INTERACTIONS WITH COMPLEMENT AND COAGULATION CASCADES%WIKIPATHWAYS_20250810%WP3896%HOMO SAPIENS	DENGUE 2 INTERACTIONS WITH COMPLEMENT AND COAGULATION CASCADES%WIKIPATHWAYS_20250810%WP3896%HOMO SAPIENS		19	-0.41524535	-0.9788232	0.5060893	0.6524382	1.0	593	tags=11%, list=3%, signal=11%	
REGULATION OF PLATELET AGGREGATION%GOBP%GO:0090330	REGULATION OF PLATELET AGGREGATION%GOBP%GO:0090330		17	-0.41717497	-0.9782896	0.5198358	0.6532749	1.0	510	tags=18%, list=3%, signal=18%	
WHITE FAT CELL DIFFERENTIATION%WIKIPATHWAYS_20250810%WP4149%HOMO SAPIENS	WHITE FAT CELL DIFFERENTIATION%WIKIPATHWAYS_20250810%WP4149%HOMO SAPIENS		24	-0.389537	-0.97780865	0.5055402	0.6540444	1.0	1298	tags=13%, list=7%, signal=13%	
INTERLEUKIN-12 FAMILY SIGNALING%REACTOME%R-HSA-447115.7	INTERLEUKIN-12 FAMILY SIGNALING%REACTOME%R-HSA-447115.7		46	-0.35379246	-0.97769594	0.5101266	0.65405357	1.0	6619	tags=48%, list=38%, signal=77%	
PROTEIN K11-LINKED UBIQUITINATION%GOBP%GO:0070979	PROTEIN K11-LINKED UBIQUITINATION%GOBP%GO:0070979		36	-0.36731866	-0.97744936	0.52393275	0.65433395	1.0	5759	tags=44%, list=33%, signal=66%	
TRANSPORT OF VITAMINS, NUCLEOSIDES, AND RELATED MOLECULES%REACTOME%R-HSA-425397.5	TRANSPORT OF VITAMINS, NUCLEOSIDES, AND RELATED MOLECULES%REACTOME%R-HSA-425397.5		28	-0.38584992	-0.9770879	0.5182292	0.65485877	1.0	4627	tags=43%, list=26%, signal=58%	
HALLMARK_PROTEIN_SECRETION%MSIGDBHALLMARK%HALLMARK_PROTEIN_SECRETION	HALLMARK_PROTEIN_SECRETION%MSIGDBHALLMARK%HALLMARK_PROTEIN_SECRETION		80	-0.32624725	-0.9770753	0.50230944	0.6546775	1.0	4133	tags=24%, list=24%, signal=31%	
HALLMARK_REACTIVE_OXYGEN_SPECIES_PATHWAY%MSIGDBHALLMARK%HALLMARK_REACTIVE_OXYGEN_SPECIES_PATHWAY	HALLMARK_REACTIVE_OXYGEN_SPECIES_PATHWAY%MSIGDBHALLMARK%HALLMARK_REACTIVE_OXYGEN_SPECIES_PATHWAY		29	-0.3807334	-0.9769149	0.50610584	0.65479	1.0	4788	tags=41%, list=27%, signal=57%	
EARLY ENDOSOME TO LATE ENDOSOME TRANSPORT%GOBP%GO:0045022	EARLY ENDOSOME TO LATE ENDOSOME TRANSPORT%GOBP%GO:0045022		23	-0.4020249	-0.97672045	0.51586205	0.6549642	1.0	4341	tags=26%, list=25%, signal=35%	
DISEASES OF DNA REPAIR%REACTOME%R-HSA-9675135.6	DISEASES OF DNA REPAIR%REACTOME%R-HSA-9675135.6		47	-0.35256743	-0.9764934	0.50382656	0.6551999	1.0	6522	tags=47%, list=37%, signal=75%	
EGR2 AND SOX10-MEDIATED INITIATION OF SCHWANN CELL MYELINATION%REACTOME%R-HSA-9619665.3	EGR2 AND SOX10-MEDIATED INITIATION OF SCHWANN CELL MYELINATION%REACTOME%R-HSA-9619665.3		24	-0.39073306	-0.97623336	0.49865228	0.65549684	1.0	2156	tags=25%, list=12%, signal=28%	
GLUCOCORTICOID RECEPTOR PATHWAY%WIKIPATHWAYS_20250810%WP2880%HOMO SAPIENS	GLUCOCORTICOID RECEPTOR PATHWAY%WIKIPATHWAYS_20250810%WP2880%HOMO SAPIENS		41	-0.36114183	-0.9759402	0.5151899	0.6558841	1.0	726	tags=15%, list=4%, signal=15%	
FUROSEMIDE ACTION PATHWAY%PATHWHIZ%PW000337	FUROSEMIDE ACTION PATHWAY%PATHWHIZ%PW000337		18	-0.42387035	-0.9756605	0.5257302	0.65624094	1.0	2215	tags=22%, list=13%, signal=25%	
RNA METHYLATION%GOBP%GO:0001510	RNA METHYLATION%GOBP%GO:0001510		66	-0.33579418	-0.97552025	0.53522867	0.6562982	1.0	4049	tags=26%, list=23%, signal=33%	
AXON GUIDANCE%WIKIPATHWAYS_20250810%WP5289%HOMO SAPIENS	AXON GUIDANCE%WIKIPATHWAYS_20250810%WP5289%HOMO SAPIENS		56	-0.34315306	-0.97537124	0.5117429	0.6564038	1.0	1167	tags=20%, list=7%, signal=21%	
RND3 GTPASE CYCLE%REACTOME DATABASE ID RELEASE 93%9696264	RND3 GTPASE CYCLE%REACTOME DATABASE ID RELEASE 93%9696264		37	-0.36999857	-0.974232	0.52047557	0.6584416	1.0	3190	tags=32%, list=18%, signal=40%	
REGULATION OF RUNX2 EXPRESSION AND ACTIVITY%REACTOME%R-HSA-8939902.4	REGULATION OF RUNX2 EXPRESSION AND ACTIVITY%REACTOME%R-HSA-8939902.4		55	-0.3383085	-0.97395015	0.5269608	0.6587833	1.0	3113	tags=24%, list=18%, signal=29%	
UCH PROTEINASES%REACTOME%R-HSA-5689603.4	UCH PROTEINASES%REACTOME%R-HSA-5689603.4		69	-0.3321489	-0.97382784	0.5128834	0.65882695	1.0	5481	tags=43%, list=31%, signal=63%	
SIGNALING BY RETINOIC ACID%REACTOME%R-HSA-5362517.5	SIGNALING BY RETINOIC ACID%REACTOME%R-HSA-5362517.5		31	-0.37715644	-0.9737985	0.52893674	0.658683	1.0	3787	tags=32%, list=22%, signal=41%	
PLK1 SIGNALING EVENTS%PATHWAY INTERACTION DATABASE NCI-NATURE CURATED DATA%PLK1 SIGNALING EVENTS	PLK1 SIGNALING EVENTS%PATHWAY INTERACTION DATABASE NCI-NATURE CURATED DATA%PLK1 SIGNALING EVENTS		45	-0.35440785	-0.97363466	0.5214106	0.6587955	1.0	6394	tags=58%, list=37%, signal=91%	
NOTCH SIGNALING%WIKIPATHWAYS_20250810%WP268%HOMO SAPIENS	NOTCH SIGNALING%WIKIPATHWAYS_20250810%WP268%HOMO SAPIENS		35	-0.36290616	-0.9733292	0.51111114	0.65919083	1.0	2397	tags=31%, list=14%, signal=36%	
PHOSPHORYLATION OF THE APC C%REACTOME DATABASE ID RELEASE 93%176412	PHOSPHORYLATION OF THE APC C%REACTOME DATABASE ID RELEASE 93%176412		20	-0.40490323	-0.97319806	0.5218618	0.65924895	1.0	1233	tags=15%, list=7%, signal=16%	
REGULATION OF CELL MIGRATION INVOLVED IN SPROUTING ANGIOGENESIS%GOBP%GO:0090049	REGULATION OF CELL MIGRATION INVOLVED IN SPROUTING ANGIOGENESIS%GOBP%GO:0090049		26	-0.385923	-0.97271633	0.5151515	0.6599953	1.0	1796	tags=23%, list=10%, signal=26%	
LEUKOCYTE MEDIATED CYTOTOXICITY%GOBP%GO:0001909	LEUKOCYTE MEDIATED CYTOTOXICITY%GOBP%GO:0001909		21	-0.40675128	-0.97255766	0.53269756	0.6601048	1.0	4763	tags=43%, list=27%, signal=59%	
BIOCARTA_PDGF_PATHWAY%MSIGDB_C2%BIOCARTA_PDGF_PATHWAY	BIOCARTA_PDGF_PATHWAY%MSIGDB_C2%BIOCARTA_PDGF_PATHWAY		22	-0.40022558	-0.9719911	0.50842696	0.661017	1.0	2818	tags=36%, list=16%, signal=43%	
OPIOID PROOPIOMELANOCORTIN PATHWAY%PANTHER PATHWAY%P05917	OPIOID PROOPIOMELANOCORTIN PATHWAY%PANTHER PATHWAY%P05917		19	-0.4072257	-0.9717815	0.5075446	0.66122174	1.0	3776	tags=26%, list=22%, signal=34%	
PROTEIN INSERTION INTO ER MEMBRANE%GOBP%GO:0045048	PROTEIN INSERTION INTO ER MEMBRANE%GOBP%GO:0045048		28	-0.38292277	-0.97119	0.5361528	0.6621766	1.0	6147	tags=54%, list=35%, signal=83%	
SIGNALING BY FGFR2%REACTOME%R-HSA-5654738.4	SIGNALING BY FGFR2%REACTOME%R-HSA-5654738.4		50	-0.34479222	-0.97064334	0.53865033	0.6630706	1.0	4993	tags=40%, list=29%, signal=56%	
AMINE METABOLIC PROCESS%GOBP%GO:0009308	AMINE METABOLIC PROCESS%GOBP%GO:0009308		38	-0.3624499	-0.9705112	0.5411311	0.6631318	1.0	1936	tags=18%, list=11%, signal=21%	
REGULATION OF TP53 ACTIVITY THROUGH METHYLATION%REACTOME DATABASE ID RELEASE 93%6804760	REGULATION OF TP53 ACTIVITY THROUGH METHYLATION%REACTOME DATABASE ID RELEASE 93%6804760		18	-0.41405243	-0.9701959	0.5115646	0.66354495	1.0	4825	tags=44%, list=28%, signal=61%	
INTRACELLULAR LIPID TRANSPORT%GOBP%GO:0032365	INTRACELLULAR LIPID TRANSPORT%GOBP%GO:0032365		32	-0.37256634	-0.96990573	0.5314136	0.6639387	1.0	4330	tags=44%, list=25%, signal=58%	
NEGATIVE REGULATION OF EPIDERMAL GROWTH FACTOR RECEPTOR SIGNALING PATHWAY%GOBP%GO:0042059	NEGATIVE REGULATION OF EPIDERMAL GROWTH FACTOR RECEPTOR SIGNALING PATHWAY%GOBP%GO:0042059		24	-0.39328113	-0.9695983	0.53252035	0.6643292	1.0	2580	tags=25%, list=15%, signal=29%	
5HT4 TYPE RECEPTOR MEDIATED SIGNALING PATHWAY%PANTHER PATHWAY%P04376	5HT4 TYPE RECEPTOR MEDIATED SIGNALING PATHWAY%PANTHER PATHWAY%P04376		15	-0.43528533	-0.9689378	0.52822	0.66542804	1.0	5675	tags=33%, list=32%, signal=49%	
BARD1 SIGNALING EVENTS%PATHWAY INTERACTION DATABASE NCI-NATURE CURATED DATA%BARD1 SIGNALING EVENTS	BARD1 SIGNALING EVENTS%PATHWAY INTERACTION DATABASE NCI-NATURE CURATED DATA%BARD1 SIGNALING EVENTS		27	-0.38699996	-0.96848446	0.5360963	0.66611105	1.0	4200	tags=30%, list=24%, signal=39%	
NO CGMP PKG MEDIATED NEUROPROTECTION%WIKIPATHWAYS_20250810%WP4008%HOMO SAPIENS	NO CGMP PKG MEDIATED NEUROPROTECTION%WIKIPATHWAYS_20250810%WP4008%HOMO SAPIENS		26	-0.3843957	-0.9684274	0.5167785	0.66601664	1.0	4307	tags=46%, list=25%, signal=61%	
LATE ENDOSOME TO LYSOSOME TRANSPORT%GOBP%GO:1902774	LATE ENDOSOME TO LYSOSOME TRANSPORT%GOBP%GO:1902774		17	-0.4263908	-0.96807283	0.51857144	0.66652673	1.0	5384	tags=41%, list=31%, signal=59%	
SPROUTING ANGIOGENESIS%GOBP%GO:0002040	SPROUTING ANGIOGENESIS%GOBP%GO:0002040		44	-0.35268542	-0.9680697	0.5408805	0.66632766	1.0	3287	tags=32%, list=19%, signal=39%	
REGULATION OF LIPID CATABOLIC PROCESS%GOBP%GO:0050994	REGULATION OF LIPID CATABOLIC PROCESS%GOBP%GO:0050994		27	-0.3875497	-0.9678434	0.53206	0.66656715	1.0	4699	tags=41%, list=27%, signal=56%	
HIPPOCAMPUS DEVELOPMENT%GOBP%GO:0021766	HIPPOCAMPUS DEVELOPMENT%GOBP%GO:0021766		21	-0.40068978	-0.9670578	0.5411932	0.6678438	1.0	1343	tags=14%, list=8%, signal=15%	
NUCLEOSIDE METABOLIC PROCESS%GOBP%GO:0009116	NUCLEOSIDE METABOLIC PROCESS%GOBP%GO:0009116		27	-0.38467103	-0.96622247	0.5285525	0.6692766	1.0	4947	tags=37%, list=28%, signal=52%	
SIGNALING EVENTS MEDIATED BY HDAC CLASS I%PATHWAY INTERACTION DATABASE NCI-NATURE CURATED DATA%SIGNALING EVENTS MEDIATED BY HDAC CLASS I	SIGNALING EVENTS MEDIATED BY HDAC CLASS I%PATHWAY INTERACTION DATABASE NCI-NATURE CURATED DATA%SIGNALING EVENTS MEDIATED BY HDAC CLASS I		63	-0.33550453	-0.96585035	0.53341585	0.6698151	1.0	4167	tags=38%, list=24%, signal=50%	
EUKARYOTIC TRANSCRIPTION INITIATION%WIKIPATHWAYS_20250810%WP405%HOMO SAPIENS	EUKARYOTIC TRANSCRIPTION INITIATION%WIKIPATHWAYS_20250810%WP405%HOMO SAPIENS		31	-0.37594995	-0.9658492	0.52452314	0.6696115	1.0	6071	tags=39%, list=35%, signal=59%	
HH MUTANTS ARE DEGRADED BY ERAD%REACTOME DATABASE ID RELEASE 93%5362768	HH MUTANTS ARE DEGRADED BY ERAD%REACTOME DATABASE ID RELEASE 93%5362768		41	-0.35683775	-0.9657133	0.535	0.6696845	1.0	5363	tags=39%, list=31%, signal=56%	
LYSOSOMAL LUMEN ACIDIFICATION%GOBP%GO:0007042	LYSOSOMAL LUMEN ACIDIFICATION%GOBP%GO:0007042		20	-0.40319538	-0.9656811	0.53194445	0.6695371	1.0	3261	tags=20%, list=19%, signal=25%	
REGULATORY NCRNA-MEDIATED GENE SILENCING%GOBP%GO:0031047	REGULATORY NCRNA-MEDIATED GENE SILENCING%GOBP%GO:0031047		77	-0.31985354	-0.9656135	0.5547619	0.6694601	1.0	5499	tags=36%, list=31%, signal=53%	
INTERLEUKIN-1-MEDIATED SIGNALING PATHWAY%GOBP%GO:0070498	INTERLEUKIN-1-MEDIATED SIGNALING PATHWAY%GOBP%GO:0070498		19	-0.40841758	-0.9654064	0.53360766	0.66967726	1.0	5266	tags=53%, list=30%, signal=75%	
REGULATION OF LYMPHOCYTE APOPTOTIC PROCESS%GOBP%GO:0070228	REGULATION OF LYMPHOCYTE APOPTOTIC PROCESS%GOBP%GO:0070228		20	-0.40574703	-0.96530414	0.54046637	0.6696736	1.0	2834	tags=25%, list=16%, signal=30%	
IFN-GAMMA PATHWAY%PATHWAY INTERACTION DATABASE NCI-NATURE CURATED DATA%IFN-GAMMA PATHWAY	IFN-GAMMA PATHWAY%PATHWAY INTERACTION DATABASE NCI-NATURE CURATED DATA%IFN-GAMMA PATHWAY		38	-0.36417937	-0.9651579	0.538262	0.66974616	1.0	3368	tags=34%, list=19%, signal=42%	
LYSINURIC PROTEIN INTOLERANCE%SMPDB%SMP0000197	LYSINURIC PROTEIN INTOLERANCE%SMPDB%SMP0000197		18	-0.42387035	-0.96459156	0.551676	0.67063546	1.0	2215	tags=22%, list=13%, signal=25%	
CARBOXYLIC ACID TRANSMEMBRANE TRANSPORT%GOBP%GO:1905039	CARBOXYLIC ACID TRANSMEMBRANE TRANSPORT%GOBP%GO:1905039		79	-0.3250581	-0.96404284	0.5390995	0.67150974	1.0	2704	tags=22%, list=15%, signal=25%	
ENDOTHELIAL CELL PROLIFERATION%GOBP%GO:0001935	ENDOTHELIAL CELL PROLIFERATION%GOBP%GO:0001935		15	-0.4314147	-0.96399057	0.54112554	0.67140293	1.0	2216	tags=33%, list=13%, signal=38%	
CELLULAR RESPONSE TO AMINO ACID STARVATION%GOBP%GO:0034198	CELLULAR RESPONSE TO AMINO ACID STARVATION%GOBP%GO:0034198		42	-0.35272083	-0.9636028	0.5251256	0.67195606	1.0	3023	tags=24%, list=17%, signal=29%	
PROTON MOTIVE FORCE-DRIVEN MITOCHONDRIAL ATP SYNTHESIS%GOBP%GO:0042776	PROTON MOTIVE FORCE-DRIVEN MITOCHONDRIAL ATP SYNTHESIS%GOBP%GO:0042776		50	-0.33622095	-0.96352744	0.5460358	0.67189896	1.0	4291	tags=32%, list=25%, signal=42%	
MATURATION OF SPIKE PROTEIN%REACTOME%R-HSA-9694548.5	MATURATION OF SPIKE PROTEIN%REACTOME%R-HSA-9694548.5		40	-0.36140844	-0.9632527	0.5388601	0.67227745	1.0	2388	tags=25%, list=14%, signal=29%	
SMOOTHENED SIGNALING PATHWAY%GOBP%GO:0007224	SMOOTHENED SIGNALING PATHWAY%GOBP%GO:0007224		28	-0.37964848	-0.96275496	0.5283019	0.67304045	1.0	2853	tags=25%, list=16%, signal=30%	
GLYCOLIPID CATABOLIC PROCESS%GOBP%GO:0019377	GLYCOLIPID CATABOLIC PROCESS%GOBP%GO:0019377		15	-0.4339996	-0.9627246	0.54405594	0.67289615	1.0	4175	tags=27%, list=24%, signal=35%	
POST-TRANSCRIPTIONAL GENE SILENCING%GOBP%GO:0016441	POST-TRANSCRIPTIONAL GENE SILENCING%GOBP%GO:0016441		40	-0.355726	-0.9625459	0.5196451	0.6730429	1.0	4787	tags=33%, list=27%, signal=45%	
PHOSPHODIESTERASES IN NEURONAL FUNCTION%WIKIPATHWAYS_20250810%WP4222%HOMO SAPIENS	PHOSPHODIESTERASES IN NEURONAL FUNCTION%WIKIPATHWAYS_20250810%WP4222%HOMO SAPIENS		34	-0.3618606	-0.9625061	0.5444887	0.67292136	1.0	3854	tags=29%, list=22%, signal=38%	
REGULATION OF SYSTEMIC ARTERIAL BLOOD PRESSURE%GOBP%GO:0003073	REGULATION OF SYSTEMIC ARTERIAL BLOOD PRESSURE%GOBP%GO:0003073		34	-0.36624107	-0.96246177	0.5365854	0.6728073	1.0	3265	tags=26%, list=19%, signal=32%	
APOPTOTIC EXECUTION PHASE%REACTOME DATABASE ID RELEASE 93%75153	APOPTOTIC EXECUTION PHASE%REACTOME DATABASE ID RELEASE 93%75153		39	-0.3566572	-0.96221226	0.51180124	0.67307794	1.0	4984	tags=44%, list=29%, signal=61%	
TELOMERE MAINTENANCE VIA TELOMERASE%GOBP%GO:0007004	TELOMERE MAINTENANCE VIA TELOMERASE%GOBP%GO:0007004		21	-0.403713	-0.96194196	0.5370121	0.6734008	1.0	7317	tags=57%, list=42%, signal=98%	
ATP BIOSYNTHETIC PROCESS%GOBP%GO:0006754	ATP BIOSYNTHETIC PROCESS%GOBP%GO:0006754		57	-0.33648783	-0.9617004	0.53496933	0.6736693	1.0	4291	tags=32%, list=25%, signal=42%	
RESPIRATORY CHAIN COMPLEX IV ASSEMBLY%GOBP%GO:0008535	RESPIRATORY CHAIN COMPLEX IV ASSEMBLY%GOBP%GO:0008535		25	-0.38677952	-0.9615597	0.52638704	0.67372483	1.0	7496	tags=52%, list=43%, signal=91%	
REGUCALCIN IN PROXIMAL TUBULE EPITHELIAL KIDNEY CELLS%WIKIPATHWAYS_20250810%WP4838%HOMO SAPIENS	REGUCALCIN IN PROXIMAL TUBULE EPITHELIAL KIDNEY CELLS%WIKIPATHWAYS_20250810%WP4838%HOMO SAPIENS		20	-0.39805958	-0.96090347	0.52724797	0.67479616	1.0	4353	tags=40%, list=25%, signal=53%	
ISOPRENOID BIOSYNTHETIC PROCESS%GOBP%GO:0008299	ISOPRENOID BIOSYNTHETIC PROCESS%GOBP%GO:0008299		20	-0.4077292	-0.9606655	0.5390946	0.67503554	1.0	1059	tags=15%, list=6%, signal=16%	
HEPARAN SULFATE HEPARIN (HS-GAG) METABOLISM%REACTOME DATABASE ID RELEASE 93%1638091	HEPARAN SULFATE HEPARIN (HS-GAG) METABOLISM%REACTOME DATABASE ID RELEASE 93%1638091		32	-0.3674206	-0.9601356	0.5423729	0.67587864	1.0	4386	tags=31%, list=25%, signal=42%	
SIGNALING BY WNT IN CANCER%REACTOME%R-HSA-4791275.5	SIGNALING BY WNT IN CANCER%REACTOME%R-HSA-4791275.5		30	-0.37812036	-0.9597003	0.54808956	0.6765186	1.0	3593	tags=33%, list=21%, signal=42%	
REGULATION OF PROTEIN EXIT FROM ENDOPLASMIC RETICULUM%GOBP%GO:0070861	REGULATION OF PROTEIN EXIT FROM ENDOPLASMIC RETICULUM%GOBP%GO:0070861		19	-0.40501216	-0.9593318	0.5307582	0.67707366	1.0	6569	tags=58%, list=38%, signal=93%	
REGULATION OF T CELL DIFFERENTIATION%GOBP%GO:0045580	REGULATION OF T CELL DIFFERENTIATION%GOBP%GO:0045580		87	-0.31870294	-0.95931405	0.5520833	0.67690766	1.0	4200	tags=32%, list=24%, signal=42%	
CELLULAR RESPONSE TO HYPOXIA%REACTOME DATABASE ID RELEASE 93%1234174	CELLULAR RESPONSE TO HYPOXIA%REACTOME DATABASE ID RELEASE 93%1234174		57	-0.3395009	-0.95903563	0.55142504	0.67726034	1.0	8024	tags=58%, list=46%, signal=107%	
E-CADHERIN SIGNALING IN THE NASCENT ADHERENS JUNCTION%PATHWAY INTERACTION DATABASE NCI-NATURE CURATED DATA%E-CADHERIN SIGNALING IN THE NASCENT ADHERENS JUNCTION	E-CADHERIN SIGNALING IN THE NASCENT ADHERENS JUNCTION%PATHWAY INTERACTION DATABASE NCI-NATURE CURATED DATA%E-CADHERIN SIGNALING IN THE NASCENT ADHERENS JUNCTION		33	-0.366409	-0.9582468	0.5288714	0.67859435	1.0	3815	tags=30%, list=22%, signal=39%	
MICRORNA (MIRNA) BIOGENESIS%REACTOME DATABASE ID RELEASE 93%203927	MICRORNA (MIRNA) BIOGENESIS%REACTOME DATABASE ID RELEASE 93%203927		23	-0.39678165	-0.9580479	0.53061223	0.67878366	1.0	3215	tags=26%, list=18%, signal=32%	
GLYCOPROTEIN CATABOLIC PROCESS%GOBP%GO:0006516	GLYCOPROTEIN CATABOLIC PROCESS%GOBP%GO:0006516		27	-0.38059014	-0.9575864	0.5232404	0.67947865	1.0	4443	tags=33%, list=25%, signal=45%	
NEGATIVE REGULATION OF PROTEIN TRANSPORT%GOBP%GO:0051224	NEGATIVE REGULATION OF PROTEIN TRANSPORT%GOBP%GO:0051224		62	-0.33640468	-0.95757073	0.5510949	0.6793075	1.0	1381	tags=16%, list=8%, signal=17%	
PID_FGF_PATHWAY%MSIGDB_C2%PID_FGF_PATHWAY	PID_FGF_PATHWAY%MSIGDB_C2%PID_FGF_PATHWAY		38	-0.3616149	-0.9574872	0.55943155	0.6792583	1.0	2818	tags=34%, list=16%, signal=41%	
DNA DAMAGE BYPASS%REACTOME%R-HSA-73893.3	DNA DAMAGE BYPASS%REACTOME%R-HSA-73893.3		46	-0.34860396	-0.9573308	0.55656695	0.6793565	1.0	5195	tags=48%, list=30%, signal=68%	
POSITIVE REGULATION OF PEPTIDYL-TYROSINE PHOSPHORYLATION%GOBP%GO:0050731	POSITIVE REGULATION OF PEPTIDYL-TYROSINE PHOSPHORYLATION%GOBP%GO:0050731		27	-0.37742773	-0.9572041	0.53524804	0.6794012	1.0	492	tags=11%, list=3%, signal=11%	
POSITIVE REGULATION OF MITOCHONDRIAL FISSION%GOBP%GO:0090141	POSITIVE REGULATION OF MITOCHONDRIAL FISSION%GOBP%GO:0090141		17	-0.41375756	-0.9571369	0.54332876	0.6793327	1.0	4234	tags=41%, list=24%, signal=54%	
POSITIVE REGULATION OF FOCAL ADHESION ASSEMBLY%GOBP%GO:0051894	POSITIVE REGULATION OF FOCAL ADHESION ASSEMBLY%GOBP%GO:0051894		15	-0.42039692	-0.9570663	0.56802243	0.67926824	1.0	4604	tags=53%, list=26%, signal=72%	
MIDBRAIN DEVELOPMENT%GOBP%GO:0030901	MIDBRAIN DEVELOPMENT%GOBP%GO:0030901		53	-0.338791	-0.95700306	0.53593177	0.6791917	1.0	1967	tags=21%, list=11%, signal=23%	
JOUBERT SYNDROME%WIKIPATHWAYS_20250810%WP4656%HOMO SAPIENS	JOUBERT SYNDROME%WIKIPATHWAYS_20250810%WP4656%HOMO SAPIENS		61	-0.32939216	-0.9563153	0.5674362	0.6803567	1.0	3854	tags=26%, list=22%, signal=34%	
NOTCH-MEDIATED HES HEY NETWORK%PATHWAY INTERACTION DATABASE NCI-NATURE CURATED DATA%NOTCH-MEDIATED HES HEY NETWORK	NOTCH-MEDIATED HES HEY NETWORK%PATHWAY INTERACTION DATABASE NCI-NATURE CURATED DATA%NOTCH-MEDIATED HES HEY NETWORK		39	-0.35530022	-0.9559077	0.52734375	0.68096334	1.0	1151	tags=15%, list=7%, signal=16%	
IMMUNOREGULATORY INTERACTIONS BETWEEN A LYMPHOID AND A NON-LYMPHOID CELL%REACTOME%R-HSA-198933.9	IMMUNOREGULATORY INTERACTIONS BETWEEN A LYMPHOID AND A NON-LYMPHOID CELL%REACTOME%R-HSA-198933.9		33	-0.3641498	-0.95576125	0.5471698	0.6810508	1.0	3454	tags=30%, list=20%, signal=38%	
ENDOTHELIUM DEVELOPMENT%GOBP%GO:0003158	ENDOTHELIUM DEVELOPMENT%GOBP%GO:0003158		59	-0.3368382	-0.95513177	0.5540705	0.6820701	1.0	1826	tags=19%, list=10%, signal=21%	
EBSTEIN BARR VIRUS LMP1 SIGNALING%WIKIPATHWAYS_20250810%WP262%HOMO SAPIENS	EBSTEIN BARR VIRUS LMP1 SIGNALING%WIKIPATHWAYS_20250810%WP262%HOMO SAPIENS		16	-0.4189699	-0.95494694	0.5379113	0.6822331	1.0	5739	tags=69%, list=33%, signal=102%	
CELLULAR RESPONSE TO CORTICOSTEROID STIMULUS%GOBP%GO:0071384	CELLULAR RESPONSE TO CORTICOSTEROID STIMULUS%GOBP%GO:0071384		18	-0.4091752	-0.95445013	0.54350924	0.68299305	1.0	698	tags=17%, list=4%, signal=17%	
POSITIVE REGULATION OF TRANSLATION%GOBP%GO:0045727	POSITIVE REGULATION OF TRANSLATION%GOBP%GO:0045727		98	-0.31069785	-0.953991	0.56557375	0.68369734	1.0	4001	tags=30%, list=23%, signal=38%	
COPII VESICLE COATING%GOBP%GO:0048208	COPII VESICLE COATING%GOBP%GO:0048208		22	-0.3902164	-0.9539655	0.5546335	0.6835432	1.0	5087	tags=32%, list=29%, signal=45%	
SYNTHESIS OF PIPS AT THE PLASMA MEMBRANE%REACTOME DATABASE ID RELEASE 93%1660499	SYNTHESIS OF PIPS AT THE PLASMA MEMBRANE%REACTOME DATABASE ID RELEASE 93%1660499		48	-0.3452484	-0.95302314	0.5610687	0.6851868	1.0	5196	tags=38%, list=30%, signal=53%	
GLUTAMATE RECEPTOR SIGNALING PATHWAY%GOBP%GO:0007215	GLUTAMATE RECEPTOR SIGNALING PATHWAY%GOBP%GO:0007215		33	-0.36701298	-0.9524463	0.54701984	0.6860809	1.0	1452	tags=21%, list=8%, signal=23%	
INTERLEUKIN-37 SIGNALING%REACTOME DATABASE ID RELEASE 93%9008059	INTERLEUKIN-37 SIGNALING%REACTOME DATABASE ID RELEASE 93%9008059		15	-0.42697006	-0.951997	0.5651558	0.68672836	1.0	1240	tags=20%, list=7%, signal=22%	
CELL KILLING%GOBP%GO:0001906	CELL KILLING%GOBP%GO:0001906		29	-0.37339467	-0.9517535	0.55859375	0.68699104	1.0	4763	tags=38%, list=27%, signal=52%	
VITAMIN D IN INFLAMMATORY DISEASES%WIKIPATHWAYS_20250810%WP4482%HOMO SAPIENS	VITAMIN D IN INFLAMMATORY DISEASES%WIKIPATHWAYS_20250810%WP4482%HOMO SAPIENS		17	-0.41671512	-0.9513503	0.52717394	0.68755424	1.0	1076	tags=18%, list=6%, signal=19%	
FC-EPSILON RECEPTOR SIGNALING PATHWAY%GOBP%GO:0038095	FC-EPSILON RECEPTOR SIGNALING PATHWAY%GOBP%GO:0038095		18	-0.41023132	-0.95131195	0.5505618	0.6874241	1.0	2575	tags=22%, list=15%, signal=26%	
NUCLEAR PORE ORGANIZATION%GOBP%GO:0006999	NUCLEAR PORE ORGANIZATION%GOBP%GO:0006999		15	-0.41841185	-0.95078236	0.5410292	0.6882222	1.0	7580	tags=53%, list=43%, signal=94%	
REGULATION OF PROTEIN BINDING%GOBP%GO:0043393	REGULATION OF PROTEIN BINDING%GOBP%GO:0043393		31	-0.3680795	-0.95071644	0.53557044	0.6881338	1.0	5955	tags=52%, list=34%, signal=78%	
HOMOPHILIC CELL ADHESION VIA PLASMA MEMBRANE ADHESION MOLECULES%GOBP%GO:0007156	HOMOPHILIC CELL ADHESION VIA PLASMA MEMBRANE ADHESION MOLECULES%GOBP%GO:0007156		46	-0.34757492	-0.9506801	0.5621827	0.68799365	1.0	826	tags=13%, list=5%, signal=14%	
INTRACELLULAR PH REDUCTION%GOBP%GO:0051452	INTRACELLULAR PH REDUCTION%GOBP%GO:0051452		37	-0.3584408	-0.9506752	0.57236844	0.6877963	1.0	4250	tags=27%, list=24%, signal=36%	
T CELL ACTIVATION%PANTHER PATHWAY%P00053	T CELL ACTIVATION%PANTHER PATHWAY%P00053		43	-0.34175986	-0.95060575	0.5460358	0.6877174	1.0	3060	tags=28%, list=18%, signal=34%	
HIPPO MERLIN SIGNALING DYSREGULATION%WIKIPATHWAYS_20250810%WP4541%HOMO SAPIENS	HIPPO MERLIN SIGNALING DYSREGULATION%WIKIPATHWAYS_20250810%WP4541%HOMO SAPIENS		65	-0.33011153	-0.95054317	0.5810811	0.68763083	1.0	2580	tags=26%, list=15%, signal=31%	
SPHINGOLIPID METABOLISM IN SENESCENCE%WIKIPATHWAYS_20250810%WP5121%HOMO SAPIENS	SPHINGOLIPID METABOLISM IN SENESCENCE%WIKIPATHWAYS_20250810%WP5121%HOMO SAPIENS		23	-0.3893953	-0.95051	0.5381415	0.6874891	1.0	5790	tags=48%, list=33%, signal=71%	
TRANSITION METAL ION TRANSPORT%GOBP%GO:0000041	TRANSITION METAL ION TRANSPORT%GOBP%GO:0000041		60	-0.3312531	-0.95038635	0.5331695	0.6875179	1.0	6063	tags=43%, list=35%, signal=66%	
MESONEPHRIC EPITHELIUM DEVELOPMENT%GOBP%GO:0072163	MESONEPHRIC EPITHELIUM DEVELOPMENT%GOBP%GO:0072163		23	-0.39086875	-0.9503351	0.5472703	0.6874034	1.0	1049	tags=26%, list=6%, signal=28%	
TOLL RECEPTOR SIGNALING PATHWAY%PANTHER PATHWAY%P00054	TOLL RECEPTOR SIGNALING PATHWAY%PANTHER PATHWAY%P00054		28	-0.371504	-0.9502162	0.5373333	0.6874312	1.0	1988	tags=32%, list=11%, signal=36%	
REGULATION OF CIRCADIAN RHYTHM%GOBP%GO:0042752	REGULATION OF CIRCADIAN RHYTHM%GOBP%GO:0042752		85	-0.31844035	-0.95005	0.5650645	0.687539	1.0	3767	tags=33%, list=22%, signal=42%	
VESICLE TARGETING, ROUGH ER TO CIS-GOLGI%GOBP%GO:0048207	VESICLE TARGETING, ROUGH ER TO CIS-GOLGI%GOBP%GO:0048207		22	-0.3902164	-0.9497328	0.5474553	0.68794304	1.0	5087	tags=32%, list=29%, signal=45%	
T CELL ACTIVATION INVOLVED IN IMMUNE RESPONSE%GOBP%GO:0002286	T CELL ACTIVATION INVOLVED IN IMMUNE RESPONSE%GOBP%GO:0002286		29	-0.37485316	-0.94966763	0.55437666	0.68786097	1.0	3400	tags=28%, list=19%, signal=34%	
POSITIVE REGULATION OF BLOOD CIRCULATION%GOBP%GO:1903524	POSITIVE REGULATION OF BLOOD CIRCULATION%GOBP%GO:1903524		20	-0.39606455	-0.9495717	0.538874	0.68783873	1.0	1181	tags=15%, list=7%, signal=16%	
ROOF OF MOUTH DEVELOPMENT%GOBP%GO:0060021	ROOF OF MOUTH DEVELOPMENT%GOBP%GO:0060021		29	-0.37557083	-0.94872266	0.5558583	0.6892926	1.0	576	tags=14%, list=3%, signal=14%	
LOSS OF NLP FROM MITOTIC CENTROSOMES%REACTOME DATABASE ID RELEASE 93%380259	LOSS OF NLP FROM MITOTIC CENTROSOMES%REACTOME DATABASE ID RELEASE 93%380259		66	-0.32281107	-0.9487214	0.5436893	0.68908674	1.0	4994	tags=33%, list=29%, signal=47%	
BUTYRATE RESPONSE FACTOR 1 (BRF1) BINDS AND DESTABILIZES MRNA%REACTOME%R-HSA-450385.3	BUTYRATE RESPONSE FACTOR 1 (BRF1) BINDS AND DESTABILIZES MRNA%REACTOME%R-HSA-450385.3		17	-0.40405896	-0.94833356	0.5587829	0.6896504	1.0	4536	tags=53%, list=26%, signal=71%	
LONG-CHAIN FATTY ACID METABOLIC PROCESS%GOBP%GO:0001676	LONG-CHAIN FATTY ACID METABOLIC PROCESS%GOBP%GO:0001676		63	-0.32772943	-0.9482565	0.5644391	0.68959016	1.0	4742	tags=35%, list=27%, signal=48%	
REGULATION OF DENDRITE DEVELOPMENT%GOBP%GO:0050773	REGULATION OF DENDRITE DEVELOPMENT%GOBP%GO:0050773		55	-0.3333178	-0.94821054	0.5470086	0.68946695	1.0	1570	tags=16%, list=9%, signal=18%	
MYOTUBE DIFFERENTIATION%GOBP%GO:0014902	MYOTUBE DIFFERENTIATION%GOBP%GO:0014902		30	-0.36878827	-0.9479943	0.56666666	0.6896816	1.0	1911	tags=27%, list=11%, signal=30%	
NEGATIVE REGULATION OF FGFR2 SIGNALING%REACTOME%R-HSA-5654727.3	NEGATIVE REGULATION OF FGFR2 SIGNALING%REACTOME%R-HSA-5654727.3		17	-0.41213506	-0.9479656	0.5800562	0.68952715	1.0	4954	tags=47%, list=28%, signal=66%	
MESONEPHRIC TUBULE DEVELOPMENT%GOBP%GO:0072164	MESONEPHRIC TUBULE DEVELOPMENT%GOBP%GO:0072164		23	-0.39086875	-0.9477578	0.5696888	0.689722	1.0	1049	tags=26%, list=6%, signal=28%	
2Q11 2 COPY NUMBER VARIATION SYNDROME%WIKIPATHWAYS_20250810%WP5221%HOMO SAPIENS	2Q11 2 COPY NUMBER VARIATION SYNDROME%WIKIPATHWAYS_20250810%WP5221%HOMO SAPIENS		22	-0.3926665	-0.94765157	0.55983496	0.6897332	1.0	5807	tags=50%, list=33%, signal=75%	
ARACHIDONATE METABOLIC PROCESS%GOBP%GO:0019369	ARACHIDONATE METABOLIC PROCESS%GOBP%GO:0019369		24	-0.38753766	-0.94763964	0.5563003	0.68954897	1.0	3474	tags=33%, list=20%, signal=42%	
ER-PHAGOSOME PATHWAY%REACTOME%R-HSA-1236974.8	ER-PHAGOSOME PATHWAY%REACTOME%R-HSA-1236974.8		65	-0.32533112	-0.9464858	0.5555556	0.6915816	1.0	5641	tags=35%, list=32%, signal=52%	
RNA-TEMPLATED DNA BIOSYNTHETIC PROCESS%GOBP%GO:0006278	RNA-TEMPLATED DNA BIOSYNTHETIC PROCESS%GOBP%GO:0006278		21	-0.403713	-0.94599396	0.5611814	0.69230366	1.0	7317	tags=57%, list=42%, signal=98%	
AURORA B SIGNALING%PATHWAY INTERACTION DATABASE NCI-NATURE CURATED DATA%AURORA B SIGNALING	AURORA B SIGNALING%PATHWAY INTERACTION DATABASE NCI-NATURE CURATED DATA%AURORA B SIGNALING		37	-0.3555595	-0.9459607	0.56973684	0.69214755	1.0	4547	tags=46%, list=26%, signal=62%	
SYNAPTIC ADHESION-LIKE MOLECULES%REACTOME DATABASE ID RELEASE 93%8849932	SYNAPTIC ADHESION-LIKE MOLECULES%REACTOME DATABASE ID RELEASE 93%8849932		19	-0.40297204	-0.94559956	0.5504087	0.6926467	1.0	4054	tags=47%, list=23%, signal=62%	
GENETIC CAUSES OF PORTO SINUSOIDAL VASCULAR DISEASE%WIKIPATHWAYS_20250810%WP5269%HOMO SAPIENS	GENETIC CAUSES OF PORTO SINUSOIDAL VASCULAR DISEASE%WIKIPATHWAYS_20250810%WP5269%HOMO SAPIENS		22	-0.3947454	-0.94558257	0.56582636	0.69247854	1.0	5009	tags=45%, list=29%, signal=64%	
BIOCARTA_NO1_PATHWAY%MSIGDB_C2%BIOCARTA_NO1_PATHWAY	BIOCARTA_NO1_PATHWAY%MSIGDB_C2%BIOCARTA_NO1_PATHWAY		15	-0.4187131	-0.9454142	0.5642458	0.6925787	1.0	337	tags=13%, list=2%, signal=14%	
POSITIVE REGULATION OF T CELL MIGRATION%GOBP%GO:2000406	POSITIVE REGULATION OF T CELL MIGRATION%GOBP%GO:2000406		17	-0.41188133	-0.9451447	0.5383502	0.6929058	1.0	1046	tags=12%, list=6%, signal=13%	
NEGATIVE REGULATION OF CYTOKINE PRODUCTION INVOLVED IN INFLAMMATORY RESPONSE%GOBP%GO:1900016	NEGATIVE REGULATION OF CYTOKINE PRODUCTION INVOLVED IN INFLAMMATORY RESPONSE%GOBP%GO:1900016		18	-0.40927094	-0.94405544	0.54698455	0.69476485	1.0	2219	tags=28%, list=13%, signal=32%	
REGULATION OF INTERLEUKIN-12 PRODUCTION%GOBP%GO:0032655	REGULATION OF INTERLEUKIN-12 PRODUCTION%GOBP%GO:0032655		26	-0.3745252	-0.94358605	0.55452126	0.6954674	1.0	1642	tags=15%, list=9%, signal=17%	
NRP1 TRIGGERED SIGNALING IN PANCREATIC CANCER %WIKIPATHWAYS_20250810%WP5144%HOMO SAPIENS	NRP1 TRIGGERED SIGNALING IN PANCREATIC CANCER %WIKIPATHWAYS_20250810%WP5144%HOMO SAPIENS		40	-0.35016492	-0.943152	0.563591	0.6961094	1.0	3060	tags=30%, list=18%, signal=36%	
PID_S1P_S1P3_PATHWAY%MSIGDB_C2%PID_S1P_S1P3_PATHWAY	PID_S1P_S1P3_PATHWAY%MSIGDB_C2%PID_S1P_S1P3_PATHWAY		18	-0.40412158	-0.94304276	0.5640668	0.6961056	1.0	4213	tags=39%, list=24%, signal=51%	
TISSUE REGENERATION%GOBP%GO:0042246	TISSUE REGENERATION%GOBP%GO:0042246		16	-0.4048141	-0.942606	0.5545977	0.69671065	1.0	1672	tags=19%, list=10%, signal=21%	
CELL-CELL JUNCTION ASSEMBLY%GOBP%GO:0007043	CELL-CELL JUNCTION ASSEMBLY%GOBP%GO:0007043		76	-0.31643146	-0.9424544	0.5640423	0.69677174	1.0	2660	tags=21%, list=15%, signal=25%	
MATERNAL TO ZYGOTIC TRANSITION (MZT)%REACTOME%R-HSA-9816359.2	MATERNAL TO ZYGOTIC TRANSITION (MZT)%REACTOME%R-HSA-9816359.2		40	-0.35182905	-0.9423528	0.5747724	0.6967463	1.0	6847	tags=40%, list=39%, signal=66%	
CELL MATURATION%GOBP%GO:0048469	CELL MATURATION%GOBP%GO:0048469		52	-0.3367448	-0.9422614	0.5949367	0.69670576	1.0	4127	tags=40%, list=24%, signal=53%	
MITOCHONDRIAL ELECTRON TRANSPORT, NADH TO UBIQUINONE%GOBP%GO:0006120	MITOCHONDRIAL ELECTRON TRANSPORT, NADH TO UBIQUINONE%GOBP%GO:0006120		42	-0.34894332	-0.9419131	0.5683544	0.697165	1.0	4008	tags=31%, list=23%, signal=40%	
REGULATION OF CAMP/PKA SIGNAL TRANSDUCTION%GOBP%GO:0141161	REGULATION OF CAMP/PKA SIGNAL TRANSDUCTION%GOBP%GO:0141161		35	-0.35818943	-0.94186044	0.5620053	0.6970589	1.0	2177	tags=20%, list=12%, signal=23%	
INORGANIC ANION TRANSPORT%GOBP%GO:0015698	INORGANIC ANION TRANSPORT%GOBP%GO:0015698		83	-0.31185168	-0.94161665	0.5657277	0.6973268	1.0	4547	tags=35%, list=26%, signal=47%	
POSITIVE REGULATION OF P38MAPK CASCADE%GOBP%GO:1900745	POSITIVE REGULATION OF P38MAPK CASCADE%GOBP%GO:1900745		19	-0.40234318	-0.9413754	0.5805085	0.6975766	1.0	3164	tags=32%, list=18%, signal=39%	
SYNAPTIC VESICLE TRANSPORT ALONG MICROTUBULE%GOBP%GO:0099517	SYNAPTIC VESICLE TRANSPORT ALONG MICROTUBULE%GOBP%GO:0099517		17	-0.40643415	-0.9406953	0.55648535	0.6986543	1.0	4869	tags=47%, list=28%, signal=65%	
OLIGOSACCHARIDE BIOSYNTHETIC PROCESS%GOBP%GO:0009312	OLIGOSACCHARIDE BIOSYNTHETIC PROCESS%GOBP%GO:0009312		16	-0.41624403	-0.94064575	0.5630137	0.698544	1.0	18	tags=6%, list=0%, signal=6%	
MITOCHONDRIAL COMPLEX I ASSEMBLY MODEL OXPHOS SYSTEM%WIKIPATHWAYS_20250810%WP4324%HOMO SAPIENS	MITOCHONDRIAL COMPLEX I ASSEMBLY MODEL OXPHOS SYSTEM%WIKIPATHWAYS_20250810%WP4324%HOMO SAPIENS		41	-0.34850177	-0.94056475	0.5649351	0.69848853	1.0	4884	tags=34%, list=28%, signal=47%	
ESTABLISHMENT OF PIGMENT GRANULE LOCALIZATION%GOBP%GO:0051905	ESTABLISHMENT OF PIGMENT GRANULE LOCALIZATION%GOBP%GO:0051905		16	-0.4130786	-0.94040716	0.56197184	0.6985941	1.0	2064	tags=19%, list=12%, signal=21%	
POSITIVE REGULATION OF STEROID METABOLIC PROCESS%GOBP%GO:0045940	POSITIVE REGULATION OF STEROID METABOLIC PROCESS%GOBP%GO:0045940		18	-0.4021722	-0.9402506	0.556962	0.6986997	1.0	3823	tags=39%, list=22%, signal=50%	
PID_NFKAPPAB_CANONICAL_PATHWAY%MSIGDB_C2%PID_NFKAPPAB_CANONICAL_PATHWAY	PID_NFKAPPAB_CANONICAL_PATHWAY%MSIGDB_C2%PID_NFKAPPAB_CANONICAL_PATHWAY		18	-0.40118468	-0.9400922	0.56446993	0.69877976	1.0	1076	tags=17%, list=6%, signal=18%	
RIBOSOMAL SMALL SUBUNIT ASSEMBLY%GOBP%GO:0000028	RIBOSOMAL SMALL SUBUNIT ASSEMBLY%GOBP%GO:0000028		19	-0.3986857	-0.9400646	0.57734805	0.6986259	1.0	5586	tags=47%, list=32%, signal=70%	
LOSS OF PROTEINS REQUIRED FOR INTERPHASE MICROTUBULE ORGANIZATION FROM THE CENTROSOME%REACTOME%R-HSA-380284.3	LOSS OF PROTEINS REQUIRED FOR INTERPHASE MICROTUBULE ORGANIZATION FROM THE CENTROSOME%REACTOME%R-HSA-380284.3		66	-0.32281107	-0.9399901	0.5857488	0.69855595	1.0	4994	tags=33%, list=29%, signal=47%	
ESTABLISHMENT OF MELANOSOME LOCALIZATION%GOBP%GO:0032401	ESTABLISHMENT OF MELANOSOME LOCALIZATION%GOBP%GO:0032401		16	-0.4130786	-0.93996924	0.5512996	0.6983872	1.0	2064	tags=19%, list=12%, signal=21%	
METAPATHWAY BIOTRANSFORMATION PHASE I AND II%WIKIPATHWAYS_20250810%WP702%HOMO SAPIENS	METAPATHWAY BIOTRANSFORMATION PHASE I AND II%WIKIPATHWAYS_20250810%WP702%HOMO SAPIENS		66	-0.32303524	-0.9398603	0.5729927	0.69838023	1.0	986	tags=12%, list=6%, signal=13%	
GNAQ P R183Q DRIVES CAPILLARY MALFORMATION%WIKIPATHWAYS_20250810%WP5501%HOMO SAPIENS	GNAQ P R183Q DRIVES CAPILLARY MALFORMATION%WIKIPATHWAYS_20250810%WP5501%HOMO SAPIENS		19	-0.3974959	-0.939679	0.572843	0.6985135	1.0	5067	tags=47%, list=29%, signal=67%	
POSITIVE REGULATION OF INFLAMMATORY RESPONSE%GOBP%GO:0050729	POSITIVE REGULATION OF INFLAMMATORY RESPONSE%GOBP%GO:0050729		71	-0.32005918	-0.93927515	0.58362573	0.69907176	1.0	3715	tags=27%, list=21%, signal=34%	
POSITIVE REGULATION OF HEART CONTRACTION%GOBP%GO:0045823	POSITIVE REGULATION OF HEART CONTRACTION%GOBP%GO:0045823		20	-0.39606455	-0.93899745	0.5607477	0.69940346	1.0	1181	tags=15%, list=7%, signal=16%	
CELLULAR RESPONSE TO GAMMA RADIATION%GOBP%GO:0071480	CELLULAR RESPONSE TO GAMMA RADIATION%GOBP%GO:0071480		16	-0.4097441	-0.9383743	0.5554054	0.7004005	1.0	3943	tags=25%, list=23%, signal=32%	
NEGATIVE REGULATION OF PROTEIN SECRETION%GOBP%GO:0050709	NEGATIVE REGULATION OF PROTEIN SECRETION%GOBP%GO:0050709		31	-0.36320034	-0.9383492	0.5960265	0.70024246	1.0	2472	tags=26%, list=14%, signal=30%	
REGULATION OF ANDROGEN RECEPTOR ACTIVITY%PATHWAY INTERACTION DATABASE NCI-NATURE CURATED DATA%REGULATION OF ANDROGEN RECEPTOR ACTIVITY	REGULATION OF ANDROGEN RECEPTOR ACTIVITY%PATHWAY INTERACTION DATABASE NCI-NATURE CURATED DATA%REGULATION OF ANDROGEN RECEPTOR ACTIVITY		44	-0.3405321	-0.9382379	0.57712084	0.7002536	1.0	4041	tags=23%, list=23%, signal=29%	
PYROPTOSIS%REACTOME%R-HSA-5620971.5	PYROPTOSIS%REACTOME%R-HSA-5620971.5		16	-0.4147549	-0.9379071	0.57438016	0.70067716	1.0	4353	tags=44%, list=25%, signal=58%	
REGULATION OF SMOOTH MUSCLE CELL PROLIFERATION%GOBP%GO:0048660	REGULATION OF SMOOTH MUSCLE CELL PROLIFERATION%GOBP%GO:0048660		58	-0.3305737	-0.9373773	0.5862913	0.70149314	1.0	2384	tags=26%, list=14%, signal=30%	
REGULATION OF CALCIUM ION TRANSMEMBRANE TRANSPORT%GOBP%GO:1903169	REGULATION OF CALCIUM ION TRANSMEMBRANE TRANSPORT%GOBP%GO:1903169		80	-0.31543225	-0.93721104	0.6037515	0.70158136	1.0	2893	tags=21%, list=17%, signal=25%	
PID_AR_TF_PATHWAY%MSIGDB_C2%PID_AR_TF_PATHWAY	PID_AR_TF_PATHWAY%MSIGDB_C2%PID_AR_TF_PATHWAY		38	-0.35140988	-0.93693	0.5727041	0.70189834	1.0	3860	tags=24%, list=22%, signal=30%	
PLASMA MEMBRANE INVAGINATION%GOBP%GO:0099024	PLASMA MEMBRANE INVAGINATION%GOBP%GO:0099024		29	-0.36397982	-0.93672776	0.5824468	0.70208144	1.0	6770	tags=55%, list=39%, signal=90%	
MAPK SIGNALING AND ARTD FAMILY MEMBERS%WIKIPATHWAYS_20250810%WP5530%HOMO SAPIENS	MAPK SIGNALING AND ARTD FAMILY MEMBERS%WIKIPATHWAYS_20250810%WP5530%HOMO SAPIENS		28	-0.3688846	-0.9364405	0.5762483	0.7024062	1.0	3694	tags=39%, list=21%, signal=50%	
VACUOLAR ACIDIFICATION%GOBP%GO:0007035	VACUOLAR ACIDIFICATION%GOBP%GO:0007035		29	-0.36572862	-0.93613565	0.5718157	0.7027457	1.0	4116	tags=28%, list=24%, signal=36%	
REGULATION OF CHONDROCYTE DIFFERENTIATION%GOBP%GO:0032330	REGULATION OF CHONDROCYTE DIFFERENTIATION%GOBP%GO:0032330		19	-0.40029797	-0.9361105	0.5471956	0.70258814	1.0	1826	tags=26%, list=10%, signal=29%	
ANTEROGRADE SYNAPTIC VESICLE TRANSPORT%GOBP%GO:0048490	ANTEROGRADE SYNAPTIC VESICLE TRANSPORT%GOBP%GO:0048490		17	-0.40643415	-0.9358243	0.56582636	0.702937	1.0	4869	tags=47%, list=28%, signal=65%	
PIGMENT GRANULE LOCALIZATION%GOBP%GO:0051875	PIGMENT GRANULE LOCALIZATION%GOBP%GO:0051875		18	-0.4038339	-0.93555176	0.597561	0.7032225	1.0	5233	tags=39%, list=30%, signal=55%	
POSITIVE REGULATION OF NEURON PROJECTION DEVELOPMENT%GOBP%GO:0010976	POSITIVE REGULATION OF NEURON PROJECTION DEVELOPMENT%GOBP%GO:0010976		81	-0.3124647	-0.9351915	0.59375	0.7037053	1.0	1764	tags=19%, list=10%, signal=21%	
WNT%NETPATH%WNT	WNT%NETPATH%WNT		38	-0.34792122	-0.9348903	0.5740514	0.70404744	1.0	1653	tags=24%, list=9%, signal=26%	
ACTIVATION OF BH3-ONLY PROTEINS%REACTOME%R-HSA-114452.5	ACTIVATION OF BH3-ONLY PROTEINS%REACTOME%R-HSA-114452.5		27	-0.3782248	-0.9344965	0.57506704	0.7045951	1.0	2300	tags=26%, list=13%, signal=30%	
REGULATION OF MEGAKARYOCYTE DIFFERENTIATION%GOBP%GO:0045652	REGULATION OF MEGAKARYOCYTE DIFFERENTIATION%GOBP%GO:0045652		16	-0.40660545	-0.93425936	0.5703919	0.70483965	1.0	2616	tags=19%, list=15%, signal=22%	
INTRINSIC APOPTOTIC SIGNALING PATHWAY IN RESPONSE TO ENDOPLASMIC RETICULUM STRESS%GOBP%GO:0070059	INTRINSIC APOPTOTIC SIGNALING PATHWAY IN RESPONSE TO ENDOPLASMIC RETICULUM STRESS%GOBP%GO:0070059		24	-0.37329307	-0.9341396	0.58448756	0.70485926	1.0	4353	tags=38%, list=25%, signal=50%	
CELL DIFFERENTIATION INVOLVED IN KIDNEY DEVELOPMENT%GOBP%GO:0061005	CELL DIFFERENTIATION INVOLVED IN KIDNEY DEVELOPMENT%GOBP%GO:0061005		20	-0.39128938	-0.93408334	0.560166	0.7047566	1.0	2391	tags=30%, list=14%, signal=35%	
AXON GUIDANCE MEDIATED BY SEMAPHORINS%PANTHER PATHWAY%P00007	AXON GUIDANCE MEDIATED BY SEMAPHORINS%PANTHER PATHWAY%P00007		17	-0.41178793	-0.93400675	0.5716312	0.7047055	1.0	4089	tags=59%, list=23%, signal=77%	
SPHINGOLIPID BIOSYNTHETIC PROCESS%GOBP%GO:0030148	SPHINGOLIPID BIOSYNTHETIC PROCESS%GOBP%GO:0030148		76	-0.3137056	-0.9339726	0.59976107	0.7045545	1.0	5022	tags=39%, list=29%, signal=55%	
PROTEIN LOCALIZATION TO CYTOSKELETON%GOBP%GO:0044380	PROTEIN LOCALIZATION TO CYTOSKELETON%GOBP%GO:0044380		39	-0.34967414	-0.9339649	0.57560354	0.7043614	1.0	4711	tags=36%, list=27%, signal=49%	
NEGATIVE REGULATION OF FGFR3 SIGNALING%REACTOME DATABASE ID RELEASE 93%5654732	NEGATIVE REGULATION OF FGFR3 SIGNALING%REACTOME DATABASE ID RELEASE 93%5654732		17	-0.41213506	-0.9337341	0.574124	0.7045795	1.0	4954	tags=47%, list=28%, signal=66%	
HISTONE MODIFICATIONS%WIKIPATHWAYS_20250810%WP2369%HOMO SAPIENS	HISTONE MODIFICATIONS%WIKIPATHWAYS_20250810%WP2369%HOMO SAPIENS		36	-0.35628012	-0.9334701	0.5958279	0.70486873	1.0	5282	tags=33%, list=30%, signal=48%	
REGULATION OF MECP2 EXPRESSION AND ACTIVITY%REACTOME%R-HSA-9022692.2	REGULATION OF MECP2 EXPRESSION AND ACTIVITY%REACTOME%R-HSA-9022692.2		29	-0.36418396	-0.9332255	0.59839356	0.7051411	1.0	4214	tags=38%, list=24%, signal=50%	
FORMATION OF TC-NER PRE-INCISION COMPLEX%REACTOME%R-HSA-6781823.4	FORMATION OF TC-NER PRE-INCISION COMPLEX%REACTOME%R-HSA-6781823.4		49	-0.33529112	-0.9330577	0.58128077	0.7052557	1.0	4825	tags=31%, list=28%, signal=42%	
REGULATION OF RECEPTOR SIGNALING PATHWAY VIA STAT%GOBP%GO:1904892	REGULATION OF RECEPTOR SIGNALING PATHWAY VIA STAT%GOBP%GO:1904892		47	-0.33123684	-0.93299836	0.58664954	0.70516	1.0	1337	tags=13%, list=8%, signal=14%	
POSTREPLICATION REPAIR%GOBP%GO:0006301	POSTREPLICATION REPAIR%GOBP%GO:0006301		34	-0.35922337	-0.932184	0.59173125	0.7064955	1.0	5017	tags=38%, list=29%, signal=54%	
MELANOSOME LOCALIZATION%GOBP%GO:0032400	MELANOSOME LOCALIZATION%GOBP%GO:0032400		18	-0.4038339	-0.931654	0.586014	0.70729303	1.0	5233	tags=39%, list=30%, signal=55%	
BIOCARTA_IL1R_PATHWAY%MSIGDB_C2%BIOCARTA_IL1R_PATHWAY	BIOCARTA_IL1R_PATHWAY%MSIGDB_C2%BIOCARTA_IL1R_PATHWAY		19	-0.39191365	-0.93158543	0.58231294	0.70722026	1.0	1665	tags=26%, list=10%, signal=29%	
RHOA SIGNALING PATHWAY%PATHWAY INTERACTION DATABASE NCI-NATURE CURATED DATA%RHOA SIGNALING PATHWAY	RHOA SIGNALING PATHWAY%PATHWAY INTERACTION DATABASE NCI-NATURE CURATED DATA%RHOA SIGNALING PATHWAY		42	-0.34428588	-0.9315401	0.59973925	0.7070996	1.0	2740	tags=26%, list=16%, signal=31%	
MESONEPHROS DEVELOPMENT%GOBP%GO:0001823	MESONEPHROS DEVELOPMENT%GOBP%GO:0001823		26	-0.37256476	-0.93115664	0.5802817	0.70761395	1.0	2586	tags=35%, list=15%, signal=41%	
DAP12 SIGNALING%REACTOME DATABASE ID RELEASE 93%2424491	DAP12 SIGNALING%REACTOME DATABASE ID RELEASE 93%2424491		15	-0.4121674	-0.9310069	0.58790433	0.70769405	1.0	1167	tags=20%, list=7%, signal=21%	
CHLORIDE TRANSPORT%GOBP%GO:0006821	CHLORIDE TRANSPORT%GOBP%GO:0006821		63	-0.31989932	-0.9309385	0.6002445	0.707613	1.0	3307	tags=27%, list=19%, signal=33%	
PID_P38_ALPHA_BETA_PATHWAY%MSIGDB_C2%PID_P38_ALPHA_BETA_PATHWAY	PID_P38_ALPHA_BETA_PATHWAY%MSIGDB_C2%PID_P38_ALPHA_BETA_PATHWAY		20	-0.39006704	-0.9308694	0.60306406	0.70754045	1.0	3882	tags=30%, list=22%, signal=39%	
BINDING AND UPTAKE OF LIGANDS BY SCAVENGER RECEPTORS%REACTOME%R-HSA-2173782.3	BINDING AND UPTAKE OF LIGANDS BY SCAVENGER RECEPTORS%REACTOME%R-HSA-2173782.3		22	-0.38328966	-0.9305725	0.5676796	0.70790756	1.0	802	tags=14%, list=5%, signal=14%	
POSITIVE REGULATION OF INTERFERON-BETA PRODUCTION%GOBP%GO:0032728	POSITIVE REGULATION OF INTERFERON-BETA PRODUCTION%GOBP%GO:0032728		24	-0.3781104	-0.9304122	0.5743243	0.7079889	1.0	5106	tags=46%, list=29%, signal=65%	
MIR TARGETED GENES IN SQUAMOUS CELL%WIKIPATHWAYS_20250810%WP2006%HOMO SAPIENS	MIR TARGETED GENES IN SQUAMOUS CELL%WIKIPATHWAYS_20250810%WP2006%HOMO SAPIENS		97	-0.3032915	-0.9303785	0.5786982	0.70784193	1.0	4053	tags=33%, list=23%, signal=43%	
TP53 REGULATES TRANSCRIPTION OF GENES INVOLVED IN CYTOCHROME C RELEASE%REACTOME%R-HSA-6803204.3	TP53 REGULATES TRANSCRIPTION OF GENES INVOLVED IN CYTOCHROME C RELEASE%REACTOME%R-HSA-6803204.3		16	-0.4108978	-0.93036836	0.5914286	0.70765185	1.0	2834	tags=25%, list=16%, signal=30%	
SYNAPTIC VESICLE CYTOSKELETAL TRANSPORT%GOBP%GO:0099514	SYNAPTIC VESICLE CYTOSKELETAL TRANSPORT%GOBP%GO:0099514		17	-0.40643415	-0.930335	0.57729137	0.70749843	1.0	4869	tags=47%, list=28%, signal=65%	
HALLMARK_BILE_ACID_METABOLISM%MSIGDBHALLMARK%HALLMARK_BILE_ACID_METABOLISM	HALLMARK_BILE_ACID_METABOLISM%MSIGDBHALLMARK%HALLMARK_BILE_ACID_METABOLISM		70	-0.3126138	-0.9303327	0.603936	0.7072969	1.0	4401	tags=26%, list=25%, signal=34%	
PID_EPHRINB_REV_PATHWAY%MSIGDB_C2%PID_EPHRINB_REV_PATHWAY	PID_EPHRINB_REV_PATHWAY%MSIGDB_C2%PID_EPHRINB_REV_PATHWAY		20	-0.39367142	-0.9301524	0.55755895	0.707442	1.0	3060	tags=35%, list=18%, signal=42%	
RELEASE OF SEQUESTERED CALCIUM ION INTO CYTOSOL%GOBP%GO:0051209	RELEASE OF SEQUESTERED CALCIUM ION INTO CYTOSOL%GOBP%GO:0051209		31	-0.35808703	-0.92945766	0.57923496	0.7085374	1.0	3265	tags=29%, list=19%, signal=36%	
FATTY ACID TRANSPORT%GOBP%GO:0015908	FATTY ACID TRANSPORT%GOBP%GO:0015908		42	-0.3397853	-0.92922735	0.5994832	0.7087761	1.0	4752	tags=45%, list=27%, signal=62%	
DISEASES ASSOCIATED WITH N-GLYCOSYLATION OF PROTEINS%REACTOME%R-HSA-3781860.5	DISEASES ASSOCIATED WITH N-GLYCOSYLATION OF PROTEINS%REACTOME%R-HSA-3781860.5		20	-0.39469907	-0.9288735	0.5910326	0.7092327	1.0	4175	tags=30%, list=24%, signal=39%	
CELLULAR RESPONSE TO RETINOIC ACID%GOBP%GO:0071300	CELLULAR RESPONSE TO RETINOIC ACID%GOBP%GO:0071300		30	-0.3555868	-0.9287769	0.5702703	0.7092104	1.0	476	tags=13%, list=3%, signal=14%	
TRANSFERRIN ENDOCYTOSIS AND RECYCLING%REACTOME DATABASE ID RELEASE 93%917977	TRANSFERRIN ENDOCYTOSIS AND RECYCLING%REACTOME DATABASE ID RELEASE 93%917977		24	-0.38037786	-0.92854613	0.57894737	0.70943624	1.0	6390	tags=58%, list=37%, signal=92%	
RENAL SYSTEM PROCESS%GOBP%GO:0003014	RENAL SYSTEM PROCESS%GOBP%GO:0003014		63	-0.3181195	-0.9284431	0.5987805	0.70942587	1.0	1069	tags=14%, list=6%, signal=15%	
MISCELLANEOUS TRANSPORT AND BINDING EVENTS%REACTOME DATABASE ID RELEASE 93%5223345	MISCELLANEOUS TRANSPORT AND BINDING EVENTS%REACTOME DATABASE ID RELEASE 93%5223345		20	-0.38922447	-0.92825156	0.5916442	0.709586	1.0	4574	tags=50%, list=26%, signal=68%	
RXR AND RAR HETERODIMERIZATION WITH OTHER NUCLEAR RECEPTOR%PATHWAY INTERACTION DATABASE NCI-NATURE CURATED DATA%RXR AND RAR HETERODIMERIZATION WITH OTHER NUCLEAR RECEPTOR	RXR AND RAR HETERODIMERIZATION WITH OTHER NUCLEAR RECEPTOR%PATHWAY INTERACTION DATABASE NCI-NATURE CURATED DATA%RXR AND RAR HETERODIMERIZATION WITH OTHER NUCLEAR RECEPTOR		23	-0.38280287	-0.92797583	0.5821727	0.7098883	1.0	5788	tags=57%, list=33%, signal=84%	
VEGFR2 MEDIATED CELL PROLIFERATION%REACTOME DATABASE ID RELEASE 93%5218921	VEGFR2 MEDIATED CELL PROLIFERATION%REACTOME DATABASE ID RELEASE 93%5218921		16	-0.40375453	-0.92768365	0.5722146	0.71022475	1.0	3809	tags=31%, list=22%, signal=40%	
REMOVAL OF THE FLAP INTERMEDIATE FROM THE C-STRAND%REACTOME DATABASE ID RELEASE 93%174437	REMOVAL OF THE FLAP INTERMEDIATE FROM THE C-STRAND%REACTOME DATABASE ID RELEASE 93%174437		17	-0.40487766	-0.9273117	0.5997211	0.71072304	1.0	1811	tags=18%, list=10%, signal=20%	
POSITIVE REGULATION OF TYPE I INTERFERON PRODUCTION%GOBP%GO:0032481	POSITIVE REGULATION OF TYPE I INTERFERON PRODUCTION%GOBP%GO:0032481		50	-0.33230227	-0.92721486	0.5741206	0.71068424	1.0	5106	tags=42%, list=29%, signal=59%	
ADP SIGNALLING THROUGH P2Y PURINOCEPTOR 1%REACTOME DATABASE ID RELEASE 93%418592	ADP SIGNALLING THROUGH P2Y PURINOCEPTOR 1%REACTOME DATABASE ID RELEASE 93%418592		19	-0.38971558	-0.9271825	0.5619597	0.7105456	1.0	2570	tags=16%, list=15%, signal=18%	
REGULATION OF PLATELET ACTIVATION%GOBP%GO:0010543	REGULATION OF PLATELET ACTIVATION%GOBP%GO:0010543		26	-0.3733514	-0.92711467	0.5855978	0.7104606	1.0	1514	tags=23%, list=9%, signal=25%	
TNF STRESS RELATED SIGNALING%PATHWHIZ%PW064784	TNF STRESS RELATED SIGNALING%PATHWHIZ%PW064784		21	-0.38910648	-0.92692477	0.57655174	0.7106157	1.0	2575	tags=33%, list=15%, signal=39%	
LONG-TERM POTENTIATION%REACTOME DATABASE ID RELEASE 93%9620244	LONG-TERM POTENTIATION%REACTOME DATABASE ID RELEASE 93%9620244		22	-0.38682404	-0.9262854	0.5830013	0.71163726	1.0	4214	tags=50%, list=24%, signal=66%	
RETINOIC ACID RECEPTORS-MEDIATED SIGNALING%PATHWAY INTERACTION DATABASE NCI-NATURE CURATED DATA%RETINOIC ACID RECEPTORS-MEDIATED SIGNALING	RETINOIC ACID RECEPTORS-MEDIATED SIGNALING%PATHWAY INTERACTION DATABASE NCI-NATURE CURATED DATA%RETINOIC ACID RECEPTORS-MEDIATED SIGNALING		28	-0.36955607	-0.9262558	0.5951087	0.71148175	1.0	661	tags=11%, list=4%, signal=11%	
GLOMERULUS DEVELOPMENT%GOBP%GO:0032835	GLOMERULUS DEVELOPMENT%GOBP%GO:0032835		30	-0.36318424	-0.92580223	0.5899471	0.7121289	1.0	1487	tags=20%, list=9%, signal=22%	
GASTRIC CANCER NETWORK 1%WIKIPATHWAYS_20250810%WP2361%HOMO SAPIENS	GASTRIC CANCER NETWORK 1%WIKIPATHWAYS_20250810%WP2361%HOMO SAPIENS		19	-0.3926525	-0.925194	0.58643615	0.71304715	1.0	5009	tags=32%, list=29%, signal=44%	
REGULATION OF CARDIAC MUSCLE CONTRACTION%GOBP%GO:0055117	REGULATION OF CARDIAC MUSCLE CONTRACTION%GOBP%GO:0055117		56	-0.32095638	-0.9250694	0.6062893	0.7130808	1.0	1145	tags=16%, list=7%, signal=17%	
NEGATIVE REGULATION OF IMMUNE EFFECTOR PROCESS%GOBP%GO:0002698	NEGATIVE REGULATION OF IMMUNE EFFECTOR PROCESS%GOBP%GO:0002698		45	-0.33968017	-0.92484987	0.6053593	0.7132774	1.0	3122	tags=29%, list=18%, signal=35%	
CALCIUM-MEDIATED SIGNALING%GOBP%GO:0019722	CALCIUM-MEDIATED SIGNALING%GOBP%GO:0019722		71	-0.31370583	-0.92454857	0.6137184	0.7136175	1.0	2969	tags=23%, list=17%, signal=27%	
BIOCARTA_TOLL_PATHWAY%MSIGDB_C2%BIOCARTA_TOLL_PATHWAY	BIOCARTA_TOLL_PATHWAY%MSIGDB_C2%BIOCARTA_TOLL_PATHWAY		19	-0.39380288	-0.9244628	0.5933908	0.71356666	1.0	1076	tags=21%, list=6%, signal=22%	
APOPTOSIS REGULATION BY PARATHYROID HORMONE RELATED PROTEIN%WIKIPATHWAYS_20250810%WP3872%HOMO SAPIENS	APOPTOSIS REGULATION BY PARATHYROID HORMONE RELATED PROTEIN%WIKIPATHWAYS_20250810%WP3872%HOMO SAPIENS		15	-0.41187707	-0.92430234	0.57503504	0.7136423	1.0	4654	tags=47%, list=27%, signal=64%	
REGULATION OF LEUKOCYTE CHEMOTAXIS%GOBP%GO:0002688	REGULATION OF LEUKOCYTE CHEMOTAXIS%GOBP%GO:0002688		60	-0.31671754	-0.9242948	0.59592324	0.7134482	1.0	3754	tags=28%, list=21%, signal=36%	
TOLL-LIKE RECEPTOR PATHWAY 1%PATHWHIZ%PW064909	TOLL-LIKE RECEPTOR PATHWAY 1%PATHWHIZ%PW064909		26	-0.36388686	-0.92393756	0.5802139	0.71391505	1.0	1694	tags=23%, list=10%, signal=26%	
REGULATION OF SYSTEMIC ARTERIAL BLOOD PRESSURE MEDIATED BY A CHEMICAL SIGNAL%GOBP%GO:0003044	REGULATION OF SYSTEMIC ARTERIAL BLOOD PRESSURE MEDIATED BY A CHEMICAL SIGNAL%GOBP%GO:0003044		16	-0.40735468	-0.923806	0.5925394	0.7139418	1.0	2611	tags=25%, list=15%, signal=29%	
SIGNALING BY TGFBR3%REACTOME DATABASE ID RELEASE 93%9839373	SIGNALING BY TGFBR3%REACTOME DATABASE ID RELEASE 93%9839373		41	-0.3398004	-0.9231868	0.6216216	0.7148874	1.0	3959	tags=32%, list=23%, signal=41%	
ION HOMEOSTASIS%REACTOME DATABASE ID RELEASE 93%5578775	ION HOMEOSTASIS%REACTOME DATABASE ID RELEASE 93%5578775		46	-0.33496484	-0.9217207	0.5984752	0.71743983	1.0	2055	tags=20%, list=12%, signal=22%	
PROTON MOTIVE FORCE-DRIVEN ATP SYNTHESIS%GOBP%GO:0015986	PROTON MOTIVE FORCE-DRIVEN ATP SYNTHESIS%GOBP%GO:0015986		51	-0.3283625	-0.9216177	0.59896505	0.71742105	1.0	4291	tags=31%, list=25%, signal=41%	
ACTIVATED NOTCH1 TRANSMITS SIGNAL TO THE NUCLEUS%REACTOME DATABASE ID RELEASE 93%2122948	ACTIVATED NOTCH1 TRANSMITS SIGNAL TO THE NUCLEUS%REACTOME DATABASE ID RELEASE 93%2122948		31	-0.35755098	-0.9214274	0.60264903	0.71756864	1.0	2559	tags=29%, list=15%, signal=34%	
CADMIUM INDUCES DNA SYNTHESIS AND PROLIFERATION IN MACROPHAGES%SMPDB%SMP0063805	CADMIUM INDUCES DNA SYNTHESIS AND PROLIFERATION IN MACROPHAGES%SMPDB%SMP0063805		16	-0.4066954	-0.9210739	0.5800562	0.7180228	1.0	2818	tags=38%, list=16%, signal=45%	
SYNDECAN-3-MEDIATED SIGNALING EVENTS%PATHWAY INTERACTION DATABASE NCI-NATURE CURATED DATA%SYNDECAN-3-MEDIATED SIGNALING EVENTS	SYNDECAN-3-MEDIATED SIGNALING EVENTS%PATHWAY INTERACTION DATABASE NCI-NATURE CURATED DATA%SYNDECAN-3-MEDIATED SIGNALING EVENTS		15	-0.4091141	-0.920946	0.60141844	0.7180487	1.0	2580	tags=33%, list=15%, signal=39%	
POSITIVE REGULATION OF MUSCLE CONTRACTION%GOBP%GO:0045933	POSITIVE REGULATION OF MUSCLE CONTRACTION%GOBP%GO:0045933		19	-0.38508937	-0.920932	0.59400547	0.71786445	1.0	2445	tags=37%, list=14%, signal=43%	
HIF-1-ALPHA TRANSCRIPTION FACTOR NETWORK%PATHWAY INTERACTION DATABASE NCI-NATURE CURATED DATA%HIF-1-ALPHA TRANSCRIPTION FACTOR NETWORK	HIF-1-ALPHA TRANSCRIPTION FACTOR NETWORK%PATHWAY INTERACTION DATABASE NCI-NATURE CURATED DATA%HIF-1-ALPHA TRANSCRIPTION FACTOR NETWORK		55	-0.32739913	-0.92074704	0.6198758	0.71801335	1.0	2434	tags=25%, list=14%, signal=29%	
HALLMARK_SPERMATOGENESIS%MSIGDBHALLMARK%HALLMARK_SPERMATOGENESIS	HALLMARK_SPERMATOGENESIS%MSIGDBHALLMARK%HALLMARK_SPERMATOGENESIS		65	-0.31693348	-0.9202656	0.6242424	0.71868616	1.0	4236	tags=29%, list=24%, signal=38%	
METABOTROPIC GLUTAMATE RECEPTOR GROUP III PATHWAY%PANTHER PATHWAY%P00039	METABOTROPIC GLUTAMATE RECEPTOR GROUP III PATHWAY%PANTHER PATHWAY%P00039		54	-0.32673734	-0.9200239	0.6155779	0.7189347	1.0	2554	tags=24%, list=15%, signal=28%	
LATE ENDOSOME TO VACUOLE TRANSPORT VIA MULTIVESICULAR BODY SORTING PATHWAY%GOBP%GO:0032511	LATE ENDOSOME TO VACUOLE TRANSPORT VIA MULTIVESICULAR BODY SORTING PATHWAY%GOBP%GO:0032511		25	-0.37102795	-0.91954994	0.5952064	0.7196021	1.0	4321	tags=36%, list=25%, signal=48%	
REGULATION OF BLOOD PRESSURE%GOBP%GO:0008217	REGULATION OF BLOOD PRESSURE%GOBP%GO:0008217		67	-0.31641725	-0.9194819	0.6183746	0.71952486	1.0	3265	tags=27%, list=19%, signal=33%	
POSITIVE REGULATION OF TYPE II INTERFERON PRODUCTION%GOBP%GO:0032729	POSITIVE REGULATION OF TYPE II INTERFERON PRODUCTION%GOBP%GO:0032729		27	-0.36443332	-0.9194257	0.6050532	0.7194215	1.0	364	tags=11%, list=2%, signal=11%	
4P16 3 COPY NUMBER VARIATION%WIKIPATHWAYS_20250810%WP5365%HOMO SAPIENS	4P16 3 COPY NUMBER VARIATION%WIKIPATHWAYS_20250810%WP5365%HOMO SAPIENS		25	-0.36644757	-0.9191287	0.6082759	0.71976835	1.0	4068	tags=48%, list=23%, signal=62%	
REGULATION OF ANDROGEN RECEPTOR SIGNALING PATHWAY%GOBP%GO:0060765	REGULATION OF ANDROGEN RECEPTOR SIGNALING PATHWAY%GOBP%GO:0060765		27	-0.36337987	-0.9190021	0.58077437	0.7197911	1.0	2479	tags=22%, list=14%, signal=26%	
QUINONE METABOLIC PROCESS%GOBP%GO:1901661	QUINONE METABOLIC PROCESS%GOBP%GO:1901661		17	-0.4004096	-0.9189544	0.5937053	0.71966994	1.0	5451	tags=47%, list=31%, signal=68%	
SARS-COV-1 ACTIVATES MODULATES INNATE IMMUNE RESPONSES%REACTOME DATABASE ID RELEASE 93%9692916	SARS-COV-1 ACTIVATES MODULATES INNATE IMMUNE RESPONSES%REACTOME DATABASE ID RELEASE 93%9692916		29	-0.36228076	-0.9187152	0.60841	0.71991163	1.0	5291	tags=55%, list=30%, signal=79%	
G BETA:GAMMA SIGNALLING THROUGH PI3KGAMMA%REACTOME%R-HSA-392451.5	G BETA:GAMMA SIGNALLING THROUGH PI3KGAMMA%REACTOME%R-HSA-392451.5		20	-0.38457945	-0.91848	0.59034485	0.72014993	1.0	2554	tags=20%, list=15%, signal=23%	
VISUAL SIGNAL TRANSDUCTION: RODS%PATHWAY INTERACTION DATABASE NCI-NATURE CURATED DATA%VISUAL SIGNAL TRANSDUCTION: RODS	VISUAL SIGNAL TRANSDUCTION: RODS%PATHWAY INTERACTION DATABASE NCI-NATURE CURATED DATA%VISUAL SIGNAL TRANSDUCTION: RODS		16	-0.3979027	-0.9182144	0.5988858	0.7204351	1.0	3998	tags=38%, list=23%, signal=49%	
2Q13 COPY NUMBER VARIATION SYNDROME%WIKIPATHWAYS_20250810%WP5222%HOMO SAPIENS	2Q13 COPY NUMBER VARIATION SYNDROME%WIKIPATHWAYS_20250810%WP5222%HOMO SAPIENS		29	-0.35630608	-0.91812027	0.6007905	0.72041047	1.0	3815	tags=31%, list=22%, signal=40%	
CHONDROITIN SULFATE PROTEOGLYCAN METABOLIC PROCESS%GOBP%GO:0050654	CHONDROITIN SULFATE PROTEOGLYCAN METABOLIC PROCESS%GOBP%GO:0050654		24	-0.37304562	-0.91808546	0.60766184	0.72025824	1.0	2687	tags=29%, list=15%, signal=34%	
SPHINGOLIPID PATHWAY%WIKIPATHWAYS_20250810%WP1422%HOMO SAPIENS	SPHINGOLIPID PATHWAY%WIKIPATHWAYS_20250810%WP1422%HOMO SAPIENS		20	-0.38725528	-0.9180436	0.6085754	0.7201188	1.0	330	tags=10%, list=2%, signal=10%	
RESPIRATORY TUBE DEVELOPMENT%GOBP%GO:0030323	RESPIRATORY TUBE DEVELOPMENT%GOBP%GO:0030323		37	-0.34169498	-0.9180069	0.6025317	0.7199792	1.0	2803	tags=24%, list=16%, signal=29%	
REGULATION OF PLATELET-DERIVED GROWTH FACTOR RECEPTOR SIGNALING PATHWAY%GOBP%GO:0010640	REGULATION OF PLATELET-DERIVED GROWTH FACTOR RECEPTOR SIGNALING PATHWAY%GOBP%GO:0010640		15	-0.40710264	-0.9179084	0.61538464	0.71994954	1.0	1337	tags=20%, list=8%, signal=22%	
POST-TRANSLATIONAL PROTEIN PHOSPHORYLATION%REACTOME%R-HSA-8957275.2	POST-TRANSLATIONAL PROTEIN PHOSPHORYLATION%REACTOME%R-HSA-8957275.2		67	-0.31344554	-0.91776067	0.6257669	0.7200298	1.0	1421	tags=18%, list=8%, signal=19%	
HOST PATHOGEN INTERACTION OF HUMAN CORONAVIRUSES INTERFERON INDUCTION%WIKIPATHWAYS_20250810%WP4880%HOMO SAPIENS	HOST PATHOGEN INTERACTION OF HUMAN CORONAVIRUSES INTERFERON INDUCTION%WIKIPATHWAYS_20250810%WP4880%HOMO SAPIENS		29	-0.35620853	-0.9176712	0.5994513	0.71998256	1.0	3966	tags=31%, list=23%, signal=40%	
MODULATION BY SYMBIONT OF ENTRY INTO HOST%GOBP%GO:0052372	MODULATION BY SYMBIONT OF ENTRY INTO HOST%GOBP%GO:0052372		17	-0.3985786	-0.917521	0.604782	0.7200532	1.0	1410	tags=18%, list=8%, signal=19%	
PID_NETRIN_PATHWAY%MSIGDB_C2%PID_NETRIN_PATHWAY	PID_NETRIN_PATHWAY%MSIGDB_C2%PID_NETRIN_PATHWAY		25	-0.3685139	-0.91724026	0.6166008	0.7203607	1.0	4141	tags=48%, list=24%, signal=63%	
EPITHELIAL CELL DIFFERENTIATION INVOLVED IN KIDNEY DEVELOPMENT%GOBP%GO:0035850	EPITHELIAL CELL DIFFERENTIATION INVOLVED IN KIDNEY DEVELOPMENT%GOBP%GO:0035850		19	-0.3917309	-0.9164832	0.582296	0.72155285	1.0	2391	tags=32%, list=14%, signal=37%	
REGULATION OF RAS FAMILY ACTIVATION%PATHWAY INTERACTION DATABASE NCI-NATURE CURATED DATA%REGULATION OF RAS FAMILY ACTIVATION	REGULATION OF RAS FAMILY ACTIVATION%PATHWAY INTERACTION DATABASE NCI-NATURE CURATED DATA%REGULATION OF RAS FAMILY ACTIVATION		26	-0.36418933	-0.915914	0.6035422	0.72236645	1.0	2522	tags=27%, list=14%, signal=31%	
CYTOPROTECTION BY HMOX1%REACTOME%R-HSA-9707564.5	CYTOPROTECTION BY HMOX1%REACTOME%R-HSA-9707564.5		47	-0.3289756	-0.915583	0.6136364	0.72277546	1.0	5290	tags=38%, list=30%, signal=55%	
NEGATIVE REGULATION OF SEQUESTERING OF CALCIUM ION%GOBP%GO:0051283	NEGATIVE REGULATION OF SEQUESTERING OF CALCIUM ION%GOBP%GO:0051283		32	-0.34913358	-0.9155513	0.5929779	0.7226237	1.0	3265	tags=28%, list=19%, signal=35%	
REGULATION OF CARDIAC MUSCLE CONTRACTION BY CALCIUM ION SIGNALING%GOBP%GO:0010882	REGULATION OF CARDIAC MUSCLE CONTRACTION BY CALCIUM ION SIGNALING%GOBP%GO:0010882		27	-0.36698046	-0.9153458	0.6056911	0.7228037	1.0	1145	tags=19%, list=7%, signal=20%	
POSITIVE REGULATION OF CHEMOTAXIS%GOBP%GO:0050921	POSITIVE REGULATION OF CHEMOTAXIS%GOBP%GO:0050921		69	-0.31124645	-0.9151296	0.63885576	0.7229834	1.0	1908	tags=17%, list=11%, signal=19%	
PID_RAC1_PATHWAY%MSIGDB_C2%PID_RAC1_PATHWAY	PID_RAC1_PATHWAY%MSIGDB_C2%PID_RAC1_PATHWAY		38	-0.34161732	-0.91507035	0.62564766	0.7228854	1.0	3882	tags=32%, list=22%, signal=41%	
NEGATIVE REGULATION OF SECRETION BY CELL%GOBP%GO:1903531	NEGATIVE REGULATION OF SECRETION BY CELL%GOBP%GO:1903531		59	-0.31751168	-0.9144911	0.61254615	0.7237108	1.0	2472	tags=19%, list=14%, signal=22%	
DEVELOPMENTAL PIGMENTATION%GOBP%GO:0048066	DEVELOPMENTAL PIGMENTATION%GOBP%GO:0048066		22	-0.38121772	-0.91356105	0.6182065	0.7251709	1.0	3323	tags=27%, list=19%, signal=34%	
NEGATIVE REGULATION OF BINDING%GOBP%GO:0051100	NEGATIVE REGULATION OF BINDING%GOBP%GO:0051100		33	-0.35532275	-0.91306835	0.62335956	0.7258672	1.0	4604	tags=45%, list=26%, signal=62%	
INHIBITION OF DNA RECOMBINATION AT TELOMERE%REACTOME DATABASE ID RELEASE 93%9670095	INHIBITION OF DNA RECOMBINATION AT TELOMERE%REACTOME DATABASE ID RELEASE 93%9670095		19	-0.39134175	-0.913061	0.5925926	0.7256744	1.0	2773	tags=21%, list=16%, signal=25%	
MESODERM MORPHOGENESIS%GOBP%GO:0048332	MESODERM MORPHOGENESIS%GOBP%GO:0048332		19	-0.38563827	-0.91279024	0.59370726	0.72594905	1.0	6811	tags=47%, list=39%, signal=78%	
CELL FATE DETERMINATION%GOBP%GO:0001709	CELL FATE DETERMINATION%GOBP%GO:0001709		15	-0.4048276	-0.9127901	0.5991501	0.7257396	1.0	2559	tags=13%, list=15%, signal=16%	
SYNAPTIC VESICLE TRANSPORT%GOBP%GO:0048489	SYNAPTIC VESICLE TRANSPORT%GOBP%GO:0048489		35	-0.3459815	-0.91271174	0.6101036	0.7256737	1.0	4377	tags=40%, list=25%, signal=53%	
POSITIVE REGULATION OF RNA SPLICING%GOBP%GO:0033120	POSITIVE REGULATION OF RNA SPLICING%GOBP%GO:0033120		31	-0.35093597	-0.9126843	0.5914553	0.7255202	1.0	5160	tags=39%, list=30%, signal=55%	
BIOGENIC AMINE METABOLIC PROCESS%GOBP%GO:0006576	BIOGENIC AMINE METABOLIC PROCESS%GOBP%GO:0006576		32	-0.3474096	-0.9117853	0.625	0.72696394	1.0	1936	tags=19%, list=11%, signal=21%	
POSITIVE REGULATION OF TELOMERE MAINTENANCE VIA TELOMERASE%GOBP%GO:0032212	POSITIVE REGULATION OF TELOMERE MAINTENANCE VIA TELOMERASE%GOBP%GO:0032212		23	-0.37302685	-0.91176224	0.60330576	0.72679746	1.0	6041	tags=43%, list=35%, signal=66%	
PID_NFAT_3PATHWAY%MSIGDB_C2%PID_NFAT_3PATHWAY	PID_NFAT_3PATHWAY%MSIGDB_C2%PID_NFAT_3PATHWAY		38	-0.33988437	-0.911682	0.622739	0.72673154	1.0	5297	tags=50%, list=30%, signal=72%	
OXYTOCIN RECEPTOR MEDIATED SIGNALING PATHWAY%PANTHER PATHWAY%P04391	OXYTOCIN RECEPTOR MEDIATED SIGNALING PATHWAY%PANTHER PATHWAY%P04391		32	-0.3481986	-0.91152865	0.62449527	0.72679836	1.0	5067	tags=31%, list=29%, signal=44%	
RAS PROTEIN SIGNAL TRANSDUCTION%GOBP%GO:0007265	RAS PROTEIN SIGNAL TRANSDUCTION%GOBP%GO:0007265		57	-0.31927133	-0.91096675	0.63871765	0.7275876	1.0	3833	tags=30%, list=22%, signal=38%	
CELLULAR RESPONSE TO UNFOLDED PROTEIN%GOBP%GO:0034620	CELLULAR RESPONSE TO UNFOLDED PROTEIN%GOBP%GO:0034620		61	-0.31498474	-0.91079336	0.6405473	0.7276938	1.0	4353	tags=28%, list=25%, signal=37%	
GRANULOCYTE CHEMOTAXIS%GOBP%GO:0071621	GRANULOCYTE CHEMOTAXIS%GOBP%GO:0071621		22	-0.3780719	-0.9106795	0.6217687	0.72769535	1.0	826	tags=9%, list=5%, signal=10%	
PPAR SIGNALING%WIKIPATHWAYS_20250810%WP3942%HOMO SAPIENS	PPAR SIGNALING%WIKIPATHWAYS_20250810%WP3942%HOMO SAPIENS		24	-0.36661875	-0.910676	0.6111111	0.7274916	1.0	6507	tags=58%, list=37%, signal=93%	
REGULATORY CIRCUITS OF STAT3 SIGNALING%WIKIPATHWAYS_20250810%WP4538%HOMO SAPIENS	REGULATORY CIRCUITS OF STAT3 SIGNALING%WIKIPATHWAYS_20250810%WP4538%HOMO SAPIENS		49	-0.3248027	-0.9105372	0.61614907	0.7275269	1.0	3481	tags=29%, list=20%, signal=36%	
GAP-FILLING DNA REPAIR SYNTHESIS AND LIGATION IN GG-NER%REACTOME%R-HSA-5696397.3	GAP-FILLING DNA REPAIR SYNTHESIS AND LIGATION IN GG-NER%REACTOME%R-HSA-5696397.3		25	-0.3688542	-0.9096665	0.604426	0.72889173	1.0	4979	tags=48%, list=29%, signal=67%	
PID_PDGFRA_PATHWAY%MSIGDB_C2%PID_PDGFRA_PATHWAY	PID_PDGFRA_PATHWAY%MSIGDB_C2%PID_PDGFRA_PATHWAY		18	-0.39481398	-0.9093998	0.617931	0.72916394	1.0	2528	tags=33%, list=14%, signal=39%	
RUNX1 REGULATES TRANSCRIPTION OF GENES INVOLVED IN DIFFERENTIATION OF HSCS%REACTOME DATABASE ID RELEASE 93%8939236	RUNX1 REGULATES TRANSCRIPTION OF GENES INVOLVED IN DIFFERENTIATION OF HSCS%REACTOME DATABASE ID RELEASE 93%8939236		52	-0.3212368	-0.9088909	0.62315273	0.72988826	1.0	4825	tags=33%, list=28%, signal=45%	
REGULATION OF CALCIUM ION IMPORT%GOBP%GO:0090279	REGULATION OF CALCIUM ION IMPORT%GOBP%GO:0090279		19	-0.39021617	-0.90881264	0.6068966	0.7298195	1.0	2893	tags=21%, list=17%, signal=25%	
CANONICAL NF-KAPPAB PATHWAY%PATHWAY INTERACTION DATABASE NCI-NATURE CURATED DATA%CANONICAL NF-KAPPAB PATHWAY	CANONICAL NF-KAPPAB PATHWAY%PATHWAY INTERACTION DATABASE NCI-NATURE CURATED DATA%CANONICAL NF-KAPPAB PATHWAY		21	-0.3737888	-0.9084631	0.5891892	0.73024505	1.0	5082	tags=43%, list=29%, signal=60%	
GPCRS CLASS A RHODOPSIN LIKE%WIKIPATHWAYS_20250810%WP455%HOMO SAPIENS	GPCRS CLASS A RHODOPSIN LIKE%WIKIPATHWAYS_20250810%WP455%HOMO SAPIENS		55	-0.31450957	-0.90840995	0.6511628	0.730132	1.0	3659	tags=27%, list=21%, signal=34%	
POSITIVE REGULATION OF SYNAPTIC TRANSMISSION%GOBP%GO:0050806	POSITIVE REGULATION OF SYNAPTIC TRANSMISSION%GOBP%GO:0050806		75	-0.30615544	-0.90827507	0.6431138	0.7301749	1.0	3409	tags=23%, list=20%, signal=28%	
TRANSPORT OF INORGANIC CATIONS ANIONS AND AMINO ACIDS OLIGOPEPTIDES%REACTOME DATABASE ID RELEASE 93%425393	TRANSPORT OF INORGANIC CATIONS ANIONS AND AMINO ACIDS OLIGOPEPTIDES%REACTOME DATABASE ID RELEASE 93%425393		78	-0.30460882	-0.90787625	0.6514215	0.7306982	1.0	3326	tags=27%, list=19%, signal=33%	
NEGATIVE REGULATION OF T CELL RECEPTOR SIGNALING PATHWAY%GOBP%GO:0050860	NEGATIVE REGULATION OF T CELL RECEPTOR SIGNALING PATHWAY%GOBP%GO:0050860		18	-0.3914403	-0.90756094	0.61699164	0.73105454	1.0	4954	tags=50%, list=28%, signal=70%	
NEGATIVE REGULATION OF NMDA RECEPTOR-MEDIATED NEURONAL TRANSMISSION%REACTOME DATABASE ID RELEASE 93%9617324	NEGATIVE REGULATION OF NMDA RECEPTOR-MEDIATED NEURONAL TRANSMISSION%REACTOME DATABASE ID RELEASE 93%9617324		21	-0.3829343	-0.9071436	0.60227275	0.73159975	1.0	4214	tags=52%, list=24%, signal=69%	
REGULATION OF T CELL MIGRATION%GOBP%GO:2000404	REGULATION OF T CELL MIGRATION%GOBP%GO:2000404		19	-0.38681966	-0.9071038	0.62690705	0.73147	1.0	5028	tags=37%, list=29%, signal=52%	
HH MUTANTS ABROGATE LIGAND SECRETION%REACTOME DATABASE ID RELEASE 93%5387390	HH MUTANTS ABROGATE LIGAND SECRETION%REACTOME DATABASE ID RELEASE 93%5387390		42	-0.3317658	-0.90661544	0.6374846	0.7321275	1.0	5363	tags=38%, list=31%, signal=55%	
LYMPHOCYTE HOMEOSTASIS%GOBP%GO:0002260	LYMPHOCYTE HOMEOSTASIS%GOBP%GO:0002260		18	-0.3906406	-0.90623224	0.6118143	0.73261994	1.0	3855	tags=22%, list=22%, signal=28%	
DENDRITE DEVELOPMENT%GOBP%GO:0016358	DENDRITE DEVELOPMENT%GOBP%GO:0016358		49	-0.3246339	-0.9057731	0.634981	0.7332668	1.0	3836	tags=39%, list=22%, signal=50%	
REGULATION OF CATION CHANNEL ACTIVITY%GOBP%GO:2001257	REGULATION OF CATION CHANNEL ACTIVITY%GOBP%GO:2001257		26	-0.36135578	-0.9053306	0.6091644	0.7338832	1.0	2212	tags=15%, list=13%, signal=18%	
REGULATION OF MACROPHAGE DERIVED FOAM CELL DIFFERENTIATION%GOBP%GO:0010743	REGULATION OF MACROPHAGE DERIVED FOAM CELL DIFFERENTIATION%GOBP%GO:0010743		17	-0.388128	-0.9052836	0.5969101	0.7337571	1.0	1407	tags=18%, list=8%, signal=19%	
DEACTIVATION OF THE BETA-CATENIN TRANSACTIVATING COMPLEX%REACTOME%R-HSA-3769402.5	DEACTIVATION OF THE BETA-CATENIN TRANSACTIVATING COMPLEX%REACTOME%R-HSA-3769402.5		39	-0.33693647	-0.904748	0.6270968	0.73450565	1.0	5014	tags=41%, list=29%, signal=57%	
PID_NCADHERIN_PATHWAY%MSIGDB_C2%PID_NCADHERIN_PATHWAY	PID_NCADHERIN_PATHWAY%MSIGDB_C2%PID_NCADHERIN_PATHWAY		27	-0.3615807	-0.9047336	0.6161074	0.7343233	1.0	6075	tags=48%, list=35%, signal=74%	
SIGNALING BY NOTCH2%REACTOME%R-HSA-1980145.4	SIGNALING BY NOTCH2%REACTOME%R-HSA-1980145.4		29	-0.35233134	-0.9046589	0.613388	0.73424715	1.0	4329	tags=34%, list=25%, signal=46%	
MICROTUBULE POLYMERIZATION%GOBP%GO:0046785	MICROTUBULE POLYMERIZATION%GOBP%GO:0046785		36	-0.3391399	-0.9038195	0.64470285	0.7355562	1.0	4332	tags=33%, list=25%, signal=44%	
PID_NECTIN_PATHWAY%MSIGDB_C2%PID_NECTIN_PATHWAY	PID_NECTIN_PATHWAY%MSIGDB_C2%PID_NECTIN_PATHWAY		18	-0.38084835	-0.90329605	0.62622035	0.7363108	1.0	4741	tags=33%, list=27%, signal=46%	
ANAPHASE-PROMOTING COMPLEX-DEPENDENT CATABOLIC PROCESS%GOBP%GO:0031145	ANAPHASE-PROMOTING COMPLEX-DEPENDENT CATABOLIC PROCESS%GOBP%GO:0031145		20	-0.37608442	-0.9032875	0.623803	0.73611677	1.0	5759	tags=45%, list=33%, signal=67%	
PEPTIDE GPCRS%WIKIPATHWAYS_20250810%WP24%HOMO SAPIENS	PEPTIDE GPCRS%WIKIPATHWAYS_20250810%WP24%HOMO SAPIENS		17	-0.39340147	-0.90316015	0.6094183	0.7361382	1.0	257	tags=12%, list=1%, signal=12%	
NF KB SIGNALING AND ARTD FAMILY MEMBERS%WIKIPATHWAYS_20250810%WP5527%HOMO SAPIENS	NF KB SIGNALING AND ARTD FAMILY MEMBERS%WIKIPATHWAYS_20250810%WP5527%HOMO SAPIENS		24	-0.36380503	-0.90252006	0.5984655	0.73710996	1.0	2027	tags=25%, list=12%, signal=28%	
POSITIVE REGULATION OF SMOOTHENED SIGNALING PATHWAY%GOBP%GO:0045880	POSITIVE REGULATION OF SMOOTHENED SIGNALING PATHWAY%GOBP%GO:0045880		16	-0.40184563	-0.9023725	0.6390042	0.73717415	1.0	1937	tags=25%, list=11%, signal=28%	
RNA POLYMERASE II HIV PROMOTER ESCAPE%REACTOME%R-HSA-167162.5	RNA POLYMERASE II HIV PROMOTER ESCAPE%REACTOME%R-HSA-167162.5		43	-0.32480338	-0.90237015	0.62259305	0.7369682	1.0	4863	tags=26%, list=28%, signal=35%	
RHYTHMIC PROCESS%GOBP%GO:0048511	RHYTHMIC PROCESS%GOBP%GO:0048511		94	-0.30000815	-0.9013915	0.6619883	0.73856336	1.0	4915	tags=37%, list=28%, signal=52%	
POSITIVE REGULATION OF ERK1 AND ERK2 CASCADE%GOBP%GO:0070374	POSITIVE REGULATION OF ERK1 AND ERK2 CASCADE%GOBP%GO:0070374		89	-0.29773468	-0.9009862	0.6615385	0.7390792	1.0	3604	tags=30%, list=21%, signal=38%	
ANTIGEN PROCESSING-CROSS PRESENTATION%REACTOME DATABASE ID RELEASE 93%1236975	ANTIGEN PROCESSING-CROSS PRESENTATION%REACTOME DATABASE ID RELEASE 93%1236975		73	-0.30308607	-0.90097904	0.66705745	0.73888296	1.0	4825	tags=29%, list=28%, signal=40%	
PDGF PATHWAY%WIKIPATHWAYS_20250810%WP2526%HOMO SAPIENS	PDGF PATHWAY%WIKIPATHWAYS_20250810%WP2526%HOMO SAPIENS		29	-0.35259694	-0.9009215	0.6513158	0.7387733	1.0	3966	tags=38%, list=23%, signal=49%	
AMYLOID-BETA CLEARANCE%GOBP%GO:0097242	AMYLOID-BETA CLEARANCE%GOBP%GO:0097242		20	-0.37520096	-0.89970344	0.6292135	0.7407458	1.0	2995	tags=25%, list=17%, signal=30%	
ER-NUCLEUS SIGNALING PATHWAY%GOBP%GO:0006984	ER-NUCLEUS SIGNALING PATHWAY%GOBP%GO:0006984		27	-0.35803336	-0.8994603	0.62716377	0.7410024	1.0	4308	tags=26%, list=25%, signal=34%	
HIV TRANSCRIPTION INITIATION%REACTOME%R-HSA-167161.4	HIV TRANSCRIPTION INITIATION%REACTOME%R-HSA-167161.4		43	-0.32480338	-0.8984066	0.6409608	0.74272925	1.0	4863	tags=26%, list=28%, signal=35%	
AURKA ACTIVATION BY TPX2%REACTOME DATABASE ID RELEASE 93%8854518	AURKA ACTIVATION BY TPX2%REACTOME DATABASE ID RELEASE 93%8854518		69	-0.30979154	-0.89840174	0.66583544	0.74252415	1.0	4994	tags=33%, list=29%, signal=47%	
LIGAND-GATED ION CHANNEL SIGNALING PATHWAY%GOBP%GO:1990806	LIGAND-GATED ION CHANNEL SIGNALING PATHWAY%GOBP%GO:1990806		17	-0.3931888	-0.89833885	0.61843973	0.7424124	1.0	815	tags=18%, list=5%, signal=18%	
AQUAPORIN-MEDIATED TRANSPORT%REACTOME%R-HSA-445717.4	AQUAPORIN-MEDIATED TRANSPORT%REACTOME%R-HSA-445717.4		39	-0.3343861	-0.8982342	0.6346667	0.7423868	1.0	782	tags=13%, list=4%, signal=13%	
NEGATIVE REGULATION OF CANONICAL WNT SIGNALING PATHWAY%GOBP%GO:0090090	NEGATIVE REGULATION OF CANONICAL WNT SIGNALING PATHWAY%GOBP%GO:0090090		95	-0.2929766	-0.8980581	0.67962307	0.74249077	1.0	2935	tags=23%, list=17%, signal=28%	
REGULATION OF NEURAL PRECURSOR CELL PROLIFERATION%GOBP%GO:2000177	REGULATION OF NEURAL PRECURSOR CELL PROLIFERATION%GOBP%GO:2000177		33	-0.34270194	-0.89745337	0.61910826	0.74335253	1.0	1642	tags=21%, list=9%, signal=23%	
RESPONSE TO CORTICOSTEROID%GOBP%GO:0031960	RESPONSE TO CORTICOSTEROID%GOBP%GO:0031960		24	-0.36438605	-0.8974048	0.61702126	0.7432326	1.0	698	tags=13%, list=4%, signal=13%	
CELLULAR RESPONSE TO TYPE I INTERFERON%GOBP%GO:0071357	CELLULAR RESPONSE TO TYPE I INTERFERON%GOBP%GO:0071357		23	-0.36846742	-0.89733285	0.6321526	0.74314344	1.0	6650	tags=48%, list=38%, signal=77%	
POSITIVE REGULATION OF DENDRITE MORPHOGENESIS%GOBP%GO:0050775	POSITIVE REGULATION OF DENDRITE MORPHOGENESIS%GOBP%GO:0050775		16	-0.39603138	-0.8970847	0.62482166	0.7433591	1.0	498	tags=13%, list=3%, signal=13%	
IRON-SULFUR CLUSTER ASSEMBLY%GOBP%GO:0016226	IRON-SULFUR CLUSTER ASSEMBLY%GOBP%GO:0016226		23	-0.3642841	-0.89686966	0.6079235	0.74352837	1.0	6154	tags=61%, list=35%, signal=94%	
PROTEIN AUTOUBIQUITINATION%GOBP%GO:0051865	PROTEIN AUTOUBIQUITINATION%GOBP%GO:0051865		57	-0.31588468	-0.8968016	0.65525675	0.743439	1.0	5017	tags=35%, list=29%, signal=49%	
REGULATION OF PLK1 ACTIVITY AT G2 M TRANSITION%REACTOME%R-HSA-2565942.5	REGULATION OF PLK1 ACTIVITY AT G2 M TRANSITION%REACTOME%R-HSA-2565942.5		83	-0.29880464	-0.89612097	0.679669	0.74445564	1.0	4994	tags=35%, list=29%, signal=49%	
FAS (CD95) SIGNALING PATHWAY%PATHWAY INTERACTION DATABASE NCI-NATURE CURATED DATA%FAS (CD95) SIGNALING PATHWAY	FAS (CD95) SIGNALING PATHWAY%PATHWAY INTERACTION DATABASE NCI-NATURE CURATED DATA%FAS (CD95) SIGNALING PATHWAY		30	-0.35358056	-0.89609075	0.6409575	0.7442975	1.0	2575	tags=17%, list=15%, signal=20%	
PIWI-INTERACTING RNA (PIRNA) BIOGENESIS%REACTOME%R-HSA-5601884.3	PIWI-INTERACTING RNA (PIRNA) BIOGENESIS%REACTOME%R-HSA-5601884.3		21	-0.37212938	-0.89553005	0.6171662	0.7450996	1.0	5446	tags=33%, list=31%, signal=48%	
TYPE I INTERFERON-MEDIATED SIGNALING PATHWAY%GOBP%GO:0060337	TYPE I INTERFERON-MEDIATED SIGNALING PATHWAY%GOBP%GO:0060337		22	-0.36848924	-0.8954442	0.62435895	0.7450553	1.0	6650	tags=50%, list=38%, signal=81%	
ANTIGEN PROCESSING: UB, ATP-INDEPENDENT PROTEASOMAL DEGRADATION%REACTOME%R-HSA-9912633.1	ANTIGEN PROCESSING: UB, ATP-INDEPENDENT PROTEASOMAL DEGRADATION%REACTOME%R-HSA-9912633.1		16	-0.39063475	-0.895192	0.6123348	0.74530756	1.0	7997	tags=63%, list=46%, signal=115%	
METALLO-SULFUR CLUSTER ASSEMBLY%GOBP%GO:0031163	METALLO-SULFUR CLUSTER ASSEMBLY%GOBP%GO:0031163		23	-0.3642841	-0.8951674	0.61768705	0.7451412	1.0	6154	tags=61%, list=35%, signal=94%	
16P13 11 COPY NUMBER VARIATION SYNDROME %WIKIPATHWAYS_20250810%WP5502%HOMO SAPIENS	16P13 11 COPY NUMBER VARIATION SYNDROME %WIKIPATHWAYS_20250810%WP5502%HOMO SAPIENS		23	-0.36360306	-0.8951212	0.62102354	0.7450186	1.0	530	tags=9%, list=3%, signal=9%	
PEPTIDYL-LYSINE MODIFICATION%GOBP%GO:0018205	PEPTIDYL-LYSINE MODIFICATION%GOBP%GO:0018205		83	-0.29364195	-0.8947743	0.6736353	0.745424	1.0	4399	tags=27%, list=25%, signal=35%	
FATTY ACID BIOSYNTHETIC PROCESS%GOBP%GO:0006633	FATTY ACID BIOSYNTHETIC PROCESS%GOBP%GO:0006633		68	-0.3065845	-0.89455974	0.6682692	0.7455999	1.0	4742	tags=35%, list=27%, signal=48%	
MESODERM FORMATION%GOBP%GO:0001707	MESODERM FORMATION%GOBP%GO:0001707		18	-0.38566065	-0.89454037	0.62568307	0.7454228	1.0	6811	tags=50%, list=39%, signal=82%	
POSITIVE REGULATION OF LYMPHOCYTE MIGRATION%GOBP%GO:2000403	POSITIVE REGULATION OF LYMPHOCYTE MIGRATION%GOBP%GO:2000403		20	-0.38334817	-0.8936581	0.6575716	0.74678904	1.0	1046	tags=10%, list=6%, signal=11%	
FOXO-MEDIATED TRANSCRIPTION OF CELL CYCLE GENES%REACTOME%R-HSA-9617828.2	FOXO-MEDIATED TRANSCRIPTION OF CELL CYCLE GENES%REACTOME%R-HSA-9617828.2		17	-0.38853285	-0.89348084	0.62234795	0.7468971	1.0	527	tags=12%, list=3%, signal=12%	
MONOATOMIC ANION TRANSMEMBRANE TRANSPORT%GOBP%GO:0098656	MONOATOMIC ANION TRANSMEMBRANE TRANSPORT%GOBP%GO:0098656		55	-0.31233317	-0.893169	0.6556544	0.74722195	1.0	4504	tags=35%, list=26%, signal=46%	
GLYCOSAMINOGLYCAN SYNTHESIS IN FIBROBLASTS%WIKIPATHWAYS_20250810%WP5395%HOMO SAPIENS	GLYCOSAMINOGLYCAN SYNTHESIS IN FIBROBLASTS%WIKIPATHWAYS_20250810%WP5395%HOMO SAPIENS		26	-0.35605323	-0.8931171	0.64993566	0.7471061	1.0	2687	tags=27%, list=15%, signal=32%	
ERYTHROCYTE DIFFERENTIATION%GOBP%GO:0030218	ERYTHROCYTE DIFFERENTIATION%GOBP%GO:0030218		44	-0.32427046	-0.8929691	0.64625	0.74715126	1.0	5197	tags=50%, list=30%, signal=71%	
SECONDARY METABOLIC PROCESS%GOBP%GO:0019748	SECONDARY METABOLIC PROCESS%GOBP%GO:0019748		23	-0.36192912	-0.8925679	0.64835167	0.74768156	1.0	883	tags=13%, list=5%, signal=14%	
EPHRIN SIGNALING%REACTOME%R-HSA-3928664.4	EPHRIN SIGNALING%REACTOME%R-HSA-3928664.4		17	-0.38900077	-0.8921207	0.643347	0.7482503	1.0	3882	tags=47%, list=22%, signal=60%	
PRION DISEASE PATHWAY%WIKIPATHWAYS_20250810%WP3995%HOMO SAPIENS	PRION DISEASE PATHWAY%WIKIPATHWAYS_20250810%WP3995%HOMO SAPIENS		23	-0.36332914	-0.8913226	0.64435697	0.7494588	1.0	3966	tags=35%, list=23%, signal=45%	
HALLMARK_HEDGEHOG_SIGNALING%MSIGDBHALLMARK%HALLMARK_HEDGEHOG_SIGNALING	HALLMARK_HEDGEHOG_SIGNALING%MSIGDBHALLMARK%HALLMARK_HEDGEHOG_SIGNALING		25	-0.36192834	-0.8908709	0.6330645	0.7500793	1.0	1955	tags=28%, list=11%, signal=31%	
MRNA DECAY BY 5' TO 3' EXORIBONUCLEASE%REACTOME%R-HSA-430039.4	MRNA DECAY BY 5' TO 3' EXORIBONUCLEASE%REACTOME%R-HSA-430039.4		15	-0.39719692	-0.8908273	0.6479077	0.7499506	1.0	4483	tags=40%, list=26%, signal=54%	
RNA POLYMERASE II TRANSCRIPTION INITIATION AND PROMOTER CLEARANCE%REACTOME%R-HSA-76042.5	RNA POLYMERASE II TRANSCRIPTION INITIATION AND PROMOTER CLEARANCE%REACTOME%R-HSA-76042.5		43	-0.32480338	-0.8907535	0.6615385	0.7498785	1.0	4863	tags=26%, list=28%, signal=35%	
DIGESTIVE SYSTEM PROCESS%GOBP%GO:0022600	DIGESTIVE SYSTEM PROCESS%GOBP%GO:0022600		23	-0.36247706	-0.890657	0.6399456	0.74984026	1.0	2995	tags=39%, list=17%, signal=47%	
HEDGEHOG LIGAND BIOGENESIS%REACTOME DATABASE ID RELEASE 93%5358346	HEDGEHOG LIGAND BIOGENESIS%REACTOME DATABASE ID RELEASE 93%5358346		47	-0.31901017	-0.8906474	0.6695652	0.74964476	1.0	5599	tags=38%, list=32%, signal=56%	
MECHANOREGULATION AND PATHOLOGY OF YAP TAZ VIA HIPPO AND NON HIPPO MECHANISMS%WIKIPATHWAYS_20250810%WP4534%HOMO SAPIENS	MECHANOREGULATION AND PATHOLOGY OF YAP TAZ VIA HIPPO AND NON HIPPO MECHANISMS%WIKIPATHWAYS_20250810%WP4534%HOMO SAPIENS		27	-0.35409096	-0.890334	0.6334197	0.74999446	1.0	3882	tags=33%, list=22%, signal=43%	
RESOLUTION OF D-LOOP STRUCTURES%REACTOME%R-HSA-5693537.3	RESOLUTION OF D-LOOP STRUCTURES%REACTOME%R-HSA-5693537.3		32	-0.33468038	-0.8902819	0.6256614	0.749875	1.0	6808	tags=47%, list=39%, signal=77%	
REGULATION OF STEM CELL DIFFERENTIATION%GOBP%GO:2000736	REGULATION OF STEM CELL DIFFERENTIATION%GOBP%GO:2000736		55	-0.31473717	-0.88992053	0.6441948	0.7503185	1.0	3752	tags=35%, list=21%, signal=44%	
POSITIVE REGULATION OF PROTEIN IMPORT INTO NUCLEUS%GOBP%GO:0042307	POSITIVE REGULATION OF PROTEIN IMPORT INTO NUCLEUS%GOBP%GO:0042307		24	-0.35967305	-0.88986945	0.65373963	0.7501904	1.0	5250	tags=42%, list=30%, signal=59%	
GAP-FILLING DNA REPAIR SYNTHESIS AND LIGATION IN TC-NER%REACTOME%R-HSA-6782210.3	GAP-FILLING DNA REPAIR SYNTHESIS AND LIGATION IN TC-NER%REACTOME%R-HSA-6782210.3		60	-0.3111176	-0.88977057	0.6638037	0.7501462	1.0	4979	tags=33%, list=29%, signal=46%	
DUAL INCISION IN TC-NER%REACTOME%R-HSA-6782135.4	DUAL INCISION IN TC-NER%REACTOME%R-HSA-6782135.4		61	-0.30880883	-0.88936466	0.67356884	0.7506615	1.0	4979	tags=31%, list=29%, signal=43%	
BILE ACID METABOLIC PROCESS%GOBP%GO:0008206	BILE ACID METABOLIC PROCESS%GOBP%GO:0008206		23	-0.36787483	-0.88925195	0.63951933	0.75064766	1.0	2622	tags=26%, list=15%, signal=31%	
MATURATION OF TCA ENZYMES AND REGULATION OF TCA CYCLE%REACTOME DATABASE ID RELEASE 93%9854311	MATURATION OF TCA ENZYMES AND REGULATION OF TCA CYCLE%REACTOME DATABASE ID RELEASE 93%9854311		17	-0.38858548	-0.88871306	0.63352275	0.75139236	1.0	4445	tags=35%, list=25%, signal=47%	
GNRH SIGNALING PATHWAY%PATHWHIZ%PW064816	GNRH SIGNALING PATHWAY%PATHWHIZ%PW064816		44	-0.3275299	-0.88834935	0.65633076	0.7518386	1.0	2697	tags=30%, list=15%, signal=35%	
EXTRAFOLLICULAR AND FOLLICULAR B CELL ACTIVATION BY SARS COV 2%WIKIPATHWAYS_20250810%WP5218%HOMO SAPIENS	EXTRAFOLLICULAR AND FOLLICULAR B CELL ACTIVATION BY SARS COV 2%WIKIPATHWAYS_20250810%WP5218%HOMO SAPIENS		23	-0.35966477	-0.8883464	0.6446837	0.75163555	1.0	3798	tags=35%, list=22%, signal=44%	
VISUAL PHOTOTRANSDUCTION%REACTOME%R-HSA-2187338.3	VISUAL PHOTOTRANSDUCTION%REACTOME%R-HSA-2187338.3		65	-0.3057558	-0.8882918	0.67577195	0.7515309	1.0	3998	tags=29%, list=23%, signal=38%	
PROTEIN DESTABILIZATION%GOBP%GO:0031648	PROTEIN DESTABILIZATION%GOBP%GO:0031648		34	-0.3405295	-0.8881368	0.6487867	0.75159514	1.0	3228	tags=26%, list=18%, signal=32%	
TNFR2 NON-CANONICAL NF-KB PATHWAY%REACTOME DATABASE ID RELEASE 93%5668541	TNFR2 NON-CANONICAL NF-KB PATHWAY%REACTOME DATABASE ID RELEASE 93%5668541		58	-0.3113249	-0.8879258	0.64969695	0.7517673	1.0	5641	tags=40%, list=32%, signal=58%	
COLLAGEN CATABOLIC PROCESS%GOBP%GO:0030574	COLLAGEN CATABOLIC PROCESS%GOBP%GO:0030574		15	-0.39840874	-0.8876368	0.62588906	0.75207204	1.0	2106	tags=20%, list=12%, signal=23%	
NUCLEOTIDE EXCISION REPAIR IN XERODERMA PIGMENTOSUM %WIKIPATHWAYS_20250810%WP5114%HOMO SAPIENS	NUCLEOTIDE EXCISION REPAIR IN XERODERMA PIGMENTOSUM %WIKIPATHWAYS_20250810%WP5114%HOMO SAPIENS		44	-0.32112366	-0.8875072	0.6786172	0.75210226	1.0	5017	tags=39%, list=29%, signal=54%	
GLYCOSYL COMPOUND BIOSYNTHETIC PROCESS%GOBP%GO:1901659	GLYCOSYL COMPOUND BIOSYNTHETIC PROCESS%GOBP%GO:1901659		15	-0.40030554	-0.88739455	0.6451613	0.7520927	1.0	4947	tags=33%, list=28%, signal=46%	
REGULATION OF RECEPTOR SIGNALING PATHWAY VIA JAK-STAT%GOBP%GO:0046425	REGULATION OF RECEPTOR SIGNALING PATHWAY VIA JAK-STAT%GOBP%GO:0046425		40	-0.3246364	-0.88708365	0.66496164	0.75241923	1.0	1337	tags=13%, list=8%, signal=14%	
PEPTIDE LIGAND-BINDING RECEPTORS%REACTOME DATABASE ID RELEASE 93%375276	PEPTIDE LIGAND-BINDING RECEPTORS%REACTOME DATABASE ID RELEASE 93%375276		54	-0.30848792	-0.8868714	0.67001253	0.7525802	1.0	1114	tags=15%, list=6%, signal=16%	
AXON GUIDANCE MEDIATED BY NETRIN%PANTHER PATHWAY%P00009	AXON GUIDANCE MEDIATED BY NETRIN%PANTHER PATHWAY%P00009		25	-0.35931015	-0.88670045	0.6396761	0.752666	1.0	1285	tags=24%, list=7%, signal=26%	
PRESYNAPTIC PHASE OF HOMOLOGOUS DNA PAIRING AND STRAND EXCHANGE%REACTOME%R-HSA-5693616.6	PRESYNAPTIC PHASE OF HOMOLOGOUS DNA PAIRING AND STRAND EXCHANGE%REACTOME%R-HSA-5693616.6		37	-0.33001527	-0.88669455	0.65020025	0.7524659	1.0	5832	tags=41%, list=33%, signal=61%	
HALLMARK_IL6_JAK_STAT3_SIGNALING%MSIGDBHALLMARK%HALLMARK_IL6_JAK_STAT3_SIGNALING	HALLMARK_IL6_JAK_STAT3_SIGNALING%MSIGDBHALLMARK%HALLMARK_IL6_JAK_STAT3_SIGNALING		50	-0.31213802	-0.886563	0.6860025	0.752475	1.0	3629	tags=30%, list=21%, signal=38%	
RNA POLYMERASE II TRANSCRIPTION INITIATION%REACTOME%R-HSA-75953.4	RNA POLYMERASE II TRANSCRIPTION INITIATION%REACTOME%R-HSA-75953.4		43	-0.32480338	-0.8859426	0.66796875	0.7533813	1.0	4863	tags=26%, list=28%, signal=35%	
PID_FOXO_PATHWAY%MSIGDB_C2%PID_FOXO_PATHWAY	PID_FOXO_PATHWAY%MSIGDB_C2%PID_FOXO_PATHWAY		36	-0.3372741	-0.88458645	0.6679637	0.755554	1.0	6391	tags=47%, list=37%, signal=74%	
CASPASE ACTIVATION VIA EXTRINSIC APOPTOTIC SIGNALLING PATHWAY%REACTOME DATABASE ID RELEASE 93%5357769	CASPASE ACTIVATION VIA EXTRINSIC APOPTOTIC SIGNALLING PATHWAY%REACTOME DATABASE ID RELEASE 93%5357769		17	-0.38750905	-0.88429415	0.64689267	0.7558631	1.0	4180	tags=59%, list=24%, signal=77%	
CELLULAR SENESCENCE%GOBP%GO:0090398	CELLULAR SENESCENCE%GOBP%GO:0090398		41	-0.3282968	-0.8840855	0.6581957	0.7560103	1.0	2575	tags=24%, list=15%, signal=29%	
NUCLEOTIDE BINDING OLIGOMERIZATION DOMAIN NOD PATHWAY%WIKIPATHWAYS_20250810%WP1433%HOMO SAPIENS	NUCLEOTIDE BINDING OLIGOMERIZATION DOMAIN NOD PATHWAY%WIKIPATHWAYS_20250810%WP1433%HOMO SAPIENS		18	-0.3792081	-0.8833575	0.63253856	0.75705117	1.0	2063	tags=33%, list=12%, signal=38%	
PROTEIN LOCALIZATION TO ENDOPLASMIC RETICULUM%GOBP%GO:0070972	PROTEIN LOCALIZATION TO ENDOPLASMIC RETICULUM%GOBP%GO:0070972		23	-0.35817677	-0.88309634	0.6361186	0.7572942	1.0	7014	tags=65%, list=40%, signal=109%	
HOMOLOGOUS DNA PAIRING AND STRAND EXCHANGE%REACTOME%R-HSA-5693579.5	HOMOLOGOUS DNA PAIRING AND STRAND EXCHANGE%REACTOME%R-HSA-5693579.5		40	-0.32678068	-0.8826939	0.63262767	0.75779027	1.0	5832	tags=40%, list=33%, signal=60%	
RNA POLYMERASE II TRANSCRIPTION PRE-INITIATION AND PROMOTER OPENING%REACTOME%R-HSA-73779.4	RNA POLYMERASE II TRANSCRIPTION PRE-INITIATION AND PROMOTER OPENING%REACTOME%R-HSA-73779.4		43	-0.32480338	-0.8826208	0.6696891	0.7577165	1.0	4863	tags=26%, list=28%, signal=35%	
NEGATIVE REGULATION OF EPITHELIAL CELL PROLIFERATION%GOBP%GO:0050680	NEGATIVE REGULATION OF EPITHELIAL CELL PROLIFERATION%GOBP%GO:0050680		62	-0.30582947	-0.8819371	0.6759371	0.7587024	1.0	2782	tags=21%, list=16%, signal=25%	
POSITIVE REGULATION OF VASCULAR ENDOTHELIAL GROWTH FACTOR PRODUCTION%GOBP%GO:0010575	POSITIVE REGULATION OF VASCULAR ENDOTHELIAL GROWTH FACTOR PRODUCTION%GOBP%GO:0010575		18	-0.37215823	-0.88146967	0.6442308	0.75929946	1.0	3694	tags=28%, list=21%, signal=35%	
RNA POLYMERASE II PROMOTER ESCAPE%REACTOME DATABASE ID RELEASE 93%73776	RNA POLYMERASE II PROMOTER ESCAPE%REACTOME DATABASE ID RELEASE 93%73776		43	-0.32480338	-0.8812116	0.6486146	0.7595445	1.0	4863	tags=26%, list=28%, signal=35%	
POSITIVE REGULATION OF CELL DIVISION%GOBP%GO:0051781	POSITIVE REGULATION OF CELL DIVISION%GOBP%GO:0051781		38	-0.33044592	-0.8809937	0.65473145	0.7596971	1.0	5221	tags=45%, list=30%, signal=64%	
DAP12 INTERACTIONS%REACTOME DATABASE ID RELEASE 93%2172127	DAP12 INTERACTIONS%REACTOME DATABASE ID RELEASE 93%2172127		17	-0.3769062	-0.88097066	0.6455526	0.75952786	1.0	1167	tags=18%, list=7%, signal=19%	
DIOL METABOLIC PROCESS%GOBP%GO:0034311	DIOL METABOLIC PROCESS%GOBP%GO:0034311		23	-0.3536933	-0.88082343	0.6323731	0.75957197	1.0	2635	tags=17%, list=15%, signal=20%	
REGULATION OF HOMOTYPIC CELL-CELL ADHESION%GOBP%GO:0034110	REGULATION OF HOMOTYPIC CELL-CELL ADHESION%GOBP%GO:0034110		22	-0.3633962	-0.8807264	0.65608466	0.75952864	1.0	2338	tags=23%, list=13%, signal=26%	
NEGATIVE REGULATION OF SECRETION%GOBP%GO:0051048	NEGATIVE REGULATION OF SECRETION%GOBP%GO:0051048		64	-0.30024654	-0.88033855	0.702836	0.7599746	1.0	2472	tags=20%, list=14%, signal=24%	
REGULATION OF BETA-CELL DEVELOPMENT%REACTOME%R-HSA-186712.4	REGULATION OF BETA-CELL DEVELOPMENT%REACTOME%R-HSA-186712.4		20	-0.37268734	-0.8802803	0.6608108	0.7598627	1.0	2021	tags=20%, list=12%, signal=23%	
DENDRITIC SPINE ORGANIZATION%GOBP%GO:0097061	DENDRITIC SPINE ORGANIZATION%GOBP%GO:0097061		22	-0.3658974	-0.8801009	0.6562092	0.75995713	1.0	1887	tags=23%, list=11%, signal=25%	
HETEROTRIMERIC G-PROTEIN SIGNALING PATHWAY-GI ALPHA AND GS ALPHA MEDIATED PATHWAY%PANTHER PATHWAY%P00026	HETEROTRIMERIC G-PROTEIN SIGNALING PATHWAY-GI ALPHA AND GS ALPHA MEDIATED PATHWAY%PANTHER PATHWAY%P00026		84	-0.29517487	-0.88001233	0.7154664	0.7599019	1.0	3890	tags=29%, list=22%, signal=37%	
ICOSANOID METABOLIC PROCESS%GOBP%GO:0006690	ICOSANOID METABOLIC PROCESS%GOBP%GO:0006690		54	-0.3093885	-0.8799325	0.66831684	0.75983256	1.0	3570	tags=28%, list=20%, signal=35%	
RNA DECAPPING%GOBP%GO:0110154	RNA DECAPPING%GOBP%GO:0110154		16	-0.3830609	-0.8797245	0.6492221	0.7599881	1.0	3577	tags=31%, list=20%, signal=39%	
REGULATION OF NEUTROPHIL MIGRATION%GOBP%GO:1902622	REGULATION OF NEUTROPHIL MIGRATION%GOBP%GO:1902622		21	-0.36798793	-0.87960017	0.6562942	0.75999075	1.0	4655	tags=48%, list=27%, signal=65%	
CHLORIDE TRANSMEMBRANE TRANSPORT%GOBP%GO:1902476	CHLORIDE TRANSMEMBRANE TRANSPORT%GOBP%GO:1902476		48	-0.31586215	-0.87925833	0.67509484	0.7603554	1.0	3307	tags=27%, list=19%, signal=33%	
ACTIVATION OF PROTEIN KINASE ACTIVITY%GOBP%GO:0032147	ACTIVATION OF PROTEIN KINASE ACTIVITY%GOBP%GO:0032147		25	-0.35359123	-0.87869674	0.6639676	0.7611372	1.0	1796	tags=16%, list=10%, signal=18%	
RESOLUTION OF D-LOOP STRUCTURES THROUGH HOLLIDAY JUNCTION INTERMEDIATES%REACTOME%R-HSA-5693568.6	RESOLUTION OF D-LOOP STRUCTURES THROUGH HOLLIDAY JUNCTION INTERMEDIATES%REACTOME%R-HSA-5693568.6		31	-0.33689457	-0.87851316	0.6595461	0.761258	1.0	6808	tags=48%, list=39%, signal=79%	
MEMBRANE PROTEIN PROTEOLYSIS%GOBP%GO:0033619	MEMBRANE PROTEIN PROTEOLYSIS%GOBP%GO:0033619		28	-0.33645365	-0.87845594	0.6666667	0.7611313	1.0	3312	tags=21%, list=19%, signal=26%	
BIOCARTA_HCMV_PATHWAY%MSIGDB_C2%BIOCARTA_HCMV_PATHWAY	BIOCARTA_HCMV_PATHWAY%MSIGDB_C2%BIOCARTA_HCMV_PATHWAY		15	-0.40046468	-0.8777963	0.64492756	0.7620512	1.0	3966	tags=40%, list=23%, signal=52%	
POSITIVE REGULATION OF G PROTEIN-COUPLED RECEPTOR SIGNALING PATHWAY%GOBP%GO:0045745	POSITIVE REGULATION OF G PROTEIN-COUPLED RECEPTOR SIGNALING PATHWAY%GOBP%GO:0045745		17	-0.3800421	-0.8776031	0.6384181	0.7621788	1.0	2945	tags=35%, list=17%, signal=42%	
HOMEOSTASIS OF NUMBER OF CELLS%GOBP%GO:0048872	HOMEOSTASIS OF NUMBER OF CELLS%GOBP%GO:0048872		81	-0.29402187	-0.87752163	0.7082353	0.7621114	1.0	5197	tags=43%, list=30%, signal=61%	
RETICULOPHAGY%GOBP%GO:0061709	RETICULOPHAGY%GOBP%GO:0061709		20	-0.36582643	-0.8759327	0.66803277	0.76465654	1.0	5768	tags=40%, list=33%, signal=60%	
VASOPRESSIN REGULATED WATER REABSORPTION%WIKIPATHWAYS_20250810%WP5085%HOMO SAPIENS	VASOPRESSIN REGULATED WATER REABSORPTION%WIKIPATHWAYS_20250810%WP5085%HOMO SAPIENS		29	-0.34426263	-0.8757491	0.6698113	0.7647628	1.0	3968	tags=31%, list=23%, signal=40%	
PROTEIN LOCALIZATION TO CELL JUNCTION%GOBP%GO:1902414	PROTEIN LOCALIZATION TO CELL JUNCTION%GOBP%GO:1902414		53	-0.30926585	-0.87569636	0.6944785	0.76465225	1.0	2428	tags=25%, list=14%, signal=28%	
NEGATIVE REGULATION OF SIGNAL TRANSDUCTION BY P53 CLASS MEDIATOR%GOBP%GO:1901797	NEGATIVE REGULATION OF SIGNAL TRANSDUCTION BY P53 CLASS MEDIATOR%GOBP%GO:1901797		25	-0.35599348	-0.87522966	0.6703297	0.76522017	1.0	5804	tags=48%, list=33%, signal=72%	
TOLL-LIKE RECEPTOR PATHWAY 2%SMPDB%SMP0069593	TOLL-LIKE RECEPTOR PATHWAY 2%SMPDB%SMP0069593		20	-0.364866	-0.8752268	0.65824467	0.76501125	1.0	1694	tags=25%, list=10%, signal=28%	
RETT SYNDROME%WIKIPATHWAYS_20250810%WP4312%HOMO SAPIENS	RETT SYNDROME%WIKIPATHWAYS_20250810%WP4312%HOMO SAPIENS		41	-0.322318	-0.8743764	0.6896985	0.76628006	1.0	5062	tags=41%, list=29%, signal=58%	
WNT SIGNALING%WIKIPATHWAYS_20250810%WP428%HOMO SAPIENS	WNT SIGNALING%WIKIPATHWAYS_20250810%WP428%HOMO SAPIENS		77	-0.29166794	-0.8739971	0.7090909	0.7667315	1.0	3368	tags=26%, list=19%, signal=32%	
REGULATION OF FAT CELL DIFFERENTIATION%GOBP%GO:0045598	REGULATION OF FAT CELL DIFFERENTIATION%GOBP%GO:0045598		74	-0.2956669	-0.87387913	0.7134293	0.7667245	1.0	2237	tags=22%, list=13%, signal=25%	
POSITIVE REGULATION OF CALCIUM-MEDIATED SIGNALING%GOBP%GO:0050850	POSITIVE REGULATION OF CALCIUM-MEDIATED SIGNALING%GOBP%GO:0050850		28	-0.34364784	-0.8731988	0.6702413	0.76772803	1.0	3901	tags=29%, list=22%, signal=37%	
REGULATION OF CYTOPLASMIC TRANSLATION%GOBP%GO:2000765	REGULATION OF CYTOPLASMIC TRANSLATION%GOBP%GO:2000765		35	-0.3338963	-0.8731922	0.67270374	0.7675262	1.0	5663	tags=43%, list=32%, signal=63%	
LUNG DEVELOPMENT%GOBP%GO:0030324	LUNG DEVELOPMENT%GOBP%GO:0030324		35	-0.3274204	-0.87288433	0.66232073	0.7678498	1.0	1146	tags=14%, list=7%, signal=15%	
NEGATIVE REGULATION OF ACTIN FILAMENT POLYMERIZATION%GOBP%GO:0030837	NEGATIVE REGULATION OF ACTIN FILAMENT POLYMERIZATION%GOBP%GO:0030837		26	-0.34638456	-0.8713992	0.6848568	0.77018696	1.0	1428	tags=19%, list=8%, signal=21%	
PHOSPHATIDYLINOSITOL 3-KINASE/PROTEIN KINASE B SIGNAL TRANSDUCTION%GOBP%GO:0043491	PHOSPHATIDYLINOSITOL 3-KINASE/PROTEIN KINASE B SIGNAL TRANSDUCTION%GOBP%GO:0043491		33	-0.331264	-0.8712423	0.6897959	0.77025056	1.0	2759	tags=24%, list=16%, signal=29%	
CHROMOSOME ORGANIZATION INVOLVED IN MEIOTIC CELL CYCLE%GOBP%GO:0070192	CHROMOSOME ORGANIZATION INVOLVED IN MEIOTIC CELL CYCLE%GOBP%GO:0070192		25	-0.34814718	-0.8700956	0.6740638	0.77201086	1.0	4016	tags=36%, list=23%, signal=47%	
DETECTION OF LIGHT STIMULUS%GOBP%GO:0009583	DETECTION OF LIGHT STIMULUS%GOBP%GO:0009583		30	-0.33981097	-0.8696968	0.6666667	0.77247584	1.0	3658	tags=33%, list=21%, signal=42%	
ID%NETPATH%ID	ID%NETPATH%ID		19	-0.3710446	-0.869186	0.6619916	0.77315956	1.0	2818	tags=42%, list=16%, signal=50%	
DNA REPAIR PATHWAYS FULL NETWORK%WIKIPATHWAYS_20250810%WP4946%HOMO SAPIENS	DNA REPAIR PATHWAYS FULL NETWORK%WIKIPATHWAYS_20250810%WP4946%HOMO SAPIENS		92	-0.28419936	-0.86904514	0.72286373	0.7731837	1.0	4979	tags=32%, list=29%, signal=44%	
REGULATION OF SEQUESTERING OF CALCIUM ION%GOBP%GO:0051282	REGULATION OF SEQUESTERING OF CALCIUM ION%GOBP%GO:0051282		72	-0.29428566	-0.86878145	0.7154762	0.77343637	1.0	3265	tags=24%, list=19%, signal=29%	
NEGATIVE REGULATION OF ANTIGEN RECEPTOR-MEDIATED SIGNALING PATHWAY%GOBP%GO:0050858	NEGATIVE REGULATION OF ANTIGEN RECEPTOR-MEDIATED SIGNALING PATHWAY%GOBP%GO:0050858		21	-0.3633927	-0.8684831	0.6902537	0.7737392	1.0	4954	tags=43%, list=28%, signal=60%	
REGULATION OF TOLL LIKE RECEPTOR SIGNALING%WIKIPATHWAYS_20250810%WP1449%HOMO SAPIENS	REGULATION OF TOLL LIKE RECEPTOR SIGNALING%WIKIPATHWAYS_20250810%WP1449%HOMO SAPIENS		76	-0.29035228	-0.86842114	0.7233294	0.7736281	1.0	3966	tags=36%, list=23%, signal=46%	
REGULATION OF VASCULAR ENDOTHELIAL GROWTH FACTOR PRODUCTION%GOBP%GO:0010574	REGULATION OF VASCULAR ENDOTHELIAL GROWTH FACTOR PRODUCTION%GOBP%GO:0010574		18	-0.37215823	-0.86813694	0.6671368	0.77389896	1.0	3694	tags=28%, list=21%, signal=35%	
UREA CYCLE AND ASSOCIATED PATHWAYS%WIKIPATHWAYS_20250810%WP4595%HOMO SAPIENS	UREA CYCLE AND ASSOCIATED PATHWAYS%WIKIPATHWAYS_20250810%WP4595%HOMO SAPIENS		15	-0.38674304	-0.8677951	0.67238915	0.77428883	1.0	2441	tags=27%, list=14%, signal=31%	
CELL SURFACE RECEPTOR SIGNALING PATHWAY VIA JAK-STAT%GOBP%GO:0007259	CELL SURFACE RECEPTOR SIGNALING PATHWAY VIA JAK-STAT%GOBP%GO:0007259		28	-0.338597	-0.86763674	0.6793693	0.7743539	1.0	2465	tags=21%, list=14%, signal=25%	
ENKEPHALIN RELEASE%PANTHER PATHWAY%P05913	ENKEPHALIN RELEASE%PANTHER PATHWAY%P05913		27	-0.34310555	-0.86733305	0.6560425	0.7746751	1.0	3776	tags=26%, list=22%, signal=33%	
POSITIVE REGULATION OF INTERLEUKIN-12 PRODUCTION%GOBP%GO:0032735	POSITIVE REGULATION OF INTERLEUKIN-12 PRODUCTION%GOBP%GO:0032735		16	-0.38167194	-0.86721987	0.660485	0.77465415	1.0	1642	tags=19%, list=9%, signal=21%	
KERATAN SULFATE KERATIN METABOLISM%REACTOME%R-HSA-1638074.4	KERATAN SULFATE KERATIN METABOLISM%REACTOME%R-HSA-1638074.4		27	-0.34439585	-0.86720455	0.6785244	0.7744652	1.0	3483	tags=33%, list=20%, signal=42%	
GPER1 SIGNALING%REACTOME%R-HSA-9634597.3	GPER1 SIGNALING%REACTOME%R-HSA-9634597.3		37	-0.32172212	-0.8659818	0.68798953	0.7763428	1.0	4213	tags=27%, list=24%, signal=36%	
INFLAMMASOMES%REACTOME DATABASE ID RELEASE 93%622312	INFLAMMASOMES%REACTOME DATABASE ID RELEASE 93%622312		15	-0.3922354	-0.86568063	0.6897959	0.7766528	1.0	1076	tags=20%, list=6%, signal=21%	
NEGATIVE REGULATION OF DNA REPLICATION%GOBP%GO:0008156	NEGATIVE REGULATION OF DNA REPLICATION%GOBP%GO:0008156		17	-0.37566635	-0.8654877	0.6743555	0.77677226	1.0	6897	tags=41%, list=39%, signal=68%	
UNBLOCKING OF NMDA RECEPTORS, GLUTAMATE BINDING AND ACTIVATION%REACTOME DATABASE ID RELEASE 93%438066	UNBLOCKING OF NMDA RECEPTORS, GLUTAMATE BINDING AND ACTIVATION%REACTOME DATABASE ID RELEASE 93%438066		19	-0.36184832	-0.8648377	0.65411437	0.7776669	1.0	4214	tags=47%, list=24%, signal=62%	
MRNA CAPPING%REACTOME DATABASE ID RELEASE 93%72086	MRNA CAPPING%REACTOME DATABASE ID RELEASE 93%72086		27	-0.3388126	-0.8647683	0.6710013	0.77757365	1.0	4787	tags=26%, list=27%, signal=36%	
DNA CATABOLIC PROCESS%GOBP%GO:0006308	DNA CATABOLIC PROCESS%GOBP%GO:0006308		18	-0.3704728	-0.8647234	0.6722222	0.7774408	1.0	2120	tags=28%, list=12%, signal=32%	
HINT1 PATHWAY%WIKIPATHWAYS_20250810%WP5523%HOMO SAPIENS	HINT1 PATHWAY%WIKIPATHWAYS_20250810%WP5523%HOMO SAPIENS		18	-0.36945313	-0.86439776	0.6819407	0.7777836	1.0	1754	tags=17%, list=10%, signal=19%	
L-ALPHA-AMINO ACID TRANSMEMBRANE TRANSPORT%GOBP%GO:1902475	L-ALPHA-AMINO ACID TRANSMEMBRANE TRANSPORT%GOBP%GO:1902475		33	-0.33003372	-0.86416227	0.6742323	0.7779664	1.0	2704	tags=24%, list=15%, signal=29%	
PHOSPHATIDYLINOSITOL PHOSPHATE BIOSYNTHETIC PROCESS%GOBP%GO:0046854	PHOSPHATIDYLINOSITOL PHOSPHATE BIOSYNTHETIC PROCESS%GOBP%GO:0046854		33	-0.33093116	-0.8640033	0.6911958	0.77803624	1.0	2957	tags=27%, list=17%, signal=33%	
MONOCARBOXYLIC ACID TRANSPORT%GOBP%GO:0015718	MONOCARBOXYLIC ACID TRANSPORT%GOBP%GO:0015718		66	-0.2964364	-0.8637659	0.7280488	0.77823484	1.0	4752	tags=39%, list=27%, signal=54%	
FANCONI ANEMIA PATHWAY%REACTOME DATABASE ID RELEASE 93%6783310	FANCONI ANEMIA PATHWAY%REACTOME DATABASE ID RELEASE 93%6783310		35	-0.32656807	-0.8626978	0.70626634	0.7798431	1.0	4825	tags=43%, list=28%, signal=59%	
MEMBRANE PROTEIN ECTODOMAIN PROTEOLYSIS%GOBP%GO:0006509	MEMBRANE PROTEIN ECTODOMAIN PROTEOLYSIS%GOBP%GO:0006509		17	-0.37380344	-0.86235106	0.6853147	0.78021663	1.0	3312	tags=24%, list=19%, signal=29%	
GLUTATHIONE METABOLIC PROCESS%GOBP%GO:0006749	GLUTATHIONE METABOLIC PROCESS%GOBP%GO:0006749		33	-0.3328571	-0.8622842	0.70394737	0.7801089	1.0	4788	tags=36%, list=27%, signal=50%	
RECEPTOR CLUSTERING%GOBP%GO:0043113	RECEPTOR CLUSTERING%GOBP%GO:0043113		24	-0.34409273	-0.86190873	0.6800554	0.78051364	1.0	3933	tags=46%, list=23%, signal=59%	
DOWNSTREAM SIGNALING OF ACTIVATED FGFR1%REACTOME%R-HSA-5654687.4	DOWNSTREAM SIGNALING OF ACTIVATED FGFR1%REACTOME%R-HSA-5654687.4		15	-0.3848766	-0.86117125	0.6780627	0.7815573	1.0	5000	tags=40%, list=29%, signal=56%	
MIRNA REGULATION OF P53 PATHWAY IN PROSTATE CANCER%WIKIPATHWAYS_20250810%WP3982%HOMO SAPIENS	MIRNA REGULATION OF P53 PATHWAY IN PROSTATE CANCER%WIKIPATHWAYS_20250810%WP3982%HOMO SAPIENS		18	-0.36739153	-0.86078143	0.6920904	0.7819864	1.0	4419	tags=28%, list=25%, signal=37%	
C4-DICARBOXYLATE TRANSPORT%GOBP%GO:0015740	C4-DICARBOXYLATE TRANSPORT%GOBP%GO:0015740		19	-0.36355495	-0.8606595	0.65594405	0.7819774	1.0	2241	tags=16%, list=13%, signal=18%	
REGULATION OF MACROPHAGE MIGRATION%GOBP%GO:1905521	REGULATION OF MACROPHAGE MIGRATION%GOBP%GO:1905521		20	-0.36368856	-0.8606438	0.6675939	0.7817888	1.0	4219	tags=30%, list=24%, signal=40%	
VEGFR1 SPECIFIC SIGNALS%PATHWAY INTERACTION DATABASE NCI-NATURE CURATED DATA%VEGFR1 SPECIFIC SIGNALS	VEGFR1 SPECIFIC SIGNALS%PATHWAY INTERACTION DATABASE NCI-NATURE CURATED DATA%VEGFR1 SPECIFIC SIGNALS		27	-0.3413758	-0.8604993	0.6987788	0.7818111	1.0	2818	tags=30%, list=16%, signal=35%	
REGULATION OF STEROID METABOLIC PROCESS%GOBP%GO:0019218	REGULATION OF STEROID METABOLIC PROCESS%GOBP%GO:0019218		50	-0.30657762	-0.8599262	0.70388347	0.78255993	1.0	3966	tags=32%, list=23%, signal=41%	
ENDOGENOUS_CANNABINOID_SIGNALING%PANTHER PATHWAY%P05730	ENDOGENOUS_CANNABINOID_SIGNALING%PANTHER PATHWAY%P05730		20	-0.36535713	-0.85844684	0.66573036	0.7848675	1.0	3265	tags=20%, list=19%, signal=25%	
TRANSCRIPTIONAL REGULATION BY VENTX%REACTOME%R-HSA-8853884.3	TRANSCRIPTIONAL REGULATION BY VENTX%REACTOME%R-HSA-8853884.3		35	-0.32461533	-0.8581025	0.6911958	0.7852195	1.0	5332	tags=40%, list=31%, signal=57%	
DISEASES OF DNA DOUBLE-STRAND BREAK REPAIR%REACTOME%R-HSA-9675136.4	DISEASES OF DNA DOUBLE-STRAND BREAK REPAIR%REACTOME%R-HSA-9675136.4		38	-0.31863168	-0.8571132	0.7093909	0.7866727	1.0	5832	tags=39%, list=33%, signal=59%	
REGULATORY NCRNA-MEDIATED POST-TRANSCRIPTIONAL GENE SILENCING%GOBP%GO:0035194	REGULATORY NCRNA-MEDIATED POST-TRANSCRIPTIONAL GENE SILENCING%GOBP%GO:0035194		34	-0.3246834	-0.85603184	0.70038414	0.7883117	1.0	5309	tags=32%, list=30%, signal=46%	
SIGNALING BY ALK%REACTOME%R-HSA-201556.5	SIGNALING BY ALK%REACTOME%R-HSA-201556.5		22	-0.35420015	-0.8559541	0.6893733	0.7882281	1.0	1642	tags=18%, list=9%, signal=20%	
NEGATIVE REGULATION OF CDH1 GENE TRANSCRIPTION%REACTOME DATABASE ID RELEASE 93%9764725	NEGATIVE REGULATION OF CDH1 GENE TRANSCRIPTION%REACTOME DATABASE ID RELEASE 93%9764725		30	-0.33586416	-0.8552259	0.6964048	0.78926116	1.0	3752	tags=33%, list=21%, signal=42%	
INACTIVATION OF APC C VIA DIRECT INHIBITION OF THE APC C COMPLEX%REACTOME DATABASE ID RELEASE 93%141430	INACTIVATION OF APC C VIA DIRECT INHIBITION OF THE APC C COMPLEX%REACTOME DATABASE ID RELEASE 93%141430		21	-0.3541425	-0.8547719	0.68151146	0.78980535	1.0	1505	tags=14%, list=9%, signal=16%	
CALCIUM ION TRANSMEMBRANE IMPORT INTO CYTOSOL%GOBP%GO:0097553	CALCIUM ION TRANSMEMBRANE IMPORT INTO CYTOSOL%GOBP%GO:0097553		58	-0.2965994	-0.8546256	0.7349246	0.7898318	1.0	3613	tags=29%, list=21%, signal=37%	
NCAM SIGNALING FOR NEURITE OUT-GROWTH%REACTOME%R-HSA-375165.5	NCAM SIGNALING FOR NEURITE OUT-GROWTH%REACTOME%R-HSA-375165.5		42	-0.3140477	-0.85417753	0.7225725	0.79038066	1.0	3392	tags=29%, list=19%, signal=35%	
5HT2 TYPE RECEPTOR MEDIATED SIGNALING PATHWAY%PANTHER PATHWAY%P04374	5HT2 TYPE RECEPTOR MEDIATED SIGNALING PATHWAY%PANTHER PATHWAY%P04374		33	-0.33065602	-0.85415524	0.7254374	0.7901999	1.0	5067	tags=30%, list=29%, signal=43%	
SLC25A46 PATHWAY%WIKIPATHWAYS_20250810%WP5521%HOMO SAPIENS	SLC25A46 PATHWAY%WIKIPATHWAYS_20250810%WP5521%HOMO SAPIENS		15	-0.38042897	-0.85274965	0.70153415	0.7922991	1.0	8231	tags=87%, list=47%, signal=164%	
PHOSPHATIDYLCHOLINE METABOLIC PROCESS%GOBP%GO:0046470	PHOSPHATIDYLCHOLINE METABOLIC PROCESS%GOBP%GO:0046470		39	-0.3199841	-0.8526838	0.73333335	0.7921928	1.0	4188	tags=31%, list=24%, signal=40%	
PID_AMB2_NEUTROPHILS_PATHWAY%MSIGDB_C2%PID_AMB2_NEUTROPHILS_PATHWAY	PID_AMB2_NEUTROPHILS_PATHWAY%MSIGDB_C2%PID_AMB2_NEUTROPHILS_PATHWAY		19	-0.3646552	-0.8526111	0.705249	0.7921033	1.0	6059	tags=58%, list=35%, signal=89%	
INACTIVATION OF CSF3 (G-CSF) SIGNALING%REACTOME%R-HSA-9705462.2	INACTIVATION OF CSF3 (G-CSF) SIGNALING%REACTOME%R-HSA-9705462.2		21	-0.35379684	-0.8521932	0.6861413	0.7925941	1.0	6305	tags=52%, list=36%, signal=82%	
GPI ANCHORED PROTEIN BIOSYNTHESIS%GOBP%GO:0180046	GPI ANCHORED PROTEIN BIOSYNTHESIS%GOBP%GO:0180046		27	-0.33382565	-0.8518843	0.70051414	0.7928808	1.0	4870	tags=37%, list=28%, signal=51%	
METABOLISM OF FAT-SOLUBLE VITAMINS%REACTOME%R-HSA-6806667.8	METABOLISM OF FAT-SOLUBLE VITAMINS%REACTOME%R-HSA-6806667.8		33	-0.32145536	-0.85161084	0.70066226	0.7931141	1.0	1326	tags=15%, list=8%, signal=16%	
G-PROTEIN BETA:GAMMA SIGNALLING%REACTOME%R-HSA-397795.5	G-PROTEIN BETA:GAMMA SIGNALLING%REACTOME%R-HSA-397795.5		26	-0.34133938	-0.8514812	0.7027778	0.79310846	1.0	4831	tags=35%, list=28%, signal=48%	
KERATINOCYTE DIFFERENTIATION%GOBP%GO:0030216	KERATINOCYTE DIFFERENTIATION%GOBP%GO:0030216		23	-0.3473501	-0.85108817	0.6873278	0.79355323	1.0	3798	tags=30%, list=22%, signal=39%	
CELL CHEMOTAXIS%GOBP%GO:0060326	CELL CHEMOTAXIS%GOBP%GO:0060326		75	-0.28649697	-0.8510058	0.7562426	0.79346657	1.0	3714	tags=25%, list=21%, signal=32%	
POSITIVE REGULATION OF SUBSTRATE ADHESION-DEPENDENT CELL SPREADING%GOBP%GO:1900026	POSITIVE REGULATION OF SUBSTRATE ADHESION-DEPENDENT CELL SPREADING%GOBP%GO:1900026		25	-0.33876473	-0.8509829	0.7217631	0.7932891	1.0	3993	tags=40%, list=23%, signal=52%	
NEGATIVE REGULATION OF EXTRINSIC APOPTOTIC SIGNALING PATHWAY%GOBP%GO:2001237	NEGATIVE REGULATION OF EXTRINSIC APOPTOTIC SIGNALING PATHWAY%GOBP%GO:2001237		59	-0.29635024	-0.85068566	0.7432099	0.79356754	1.0	1514	tags=19%, list=9%, signal=20%	
POSITIVE REGULATION OF LEUKOCYTE CHEMOTAXIS%GOBP%GO:0002690	POSITIVE REGULATION OF LEUKOCYTE CHEMOTAXIS%GOBP%GO:0002690		44	-0.31093827	-0.85055536	0.7275	0.79355997	1.0	3754	tags=27%, list=21%, signal=35%	
PHOSPHATIDYL INOSITOL PHOSPHATE PATHWAY%WIKIPATHWAYS_20250810%WP5411%HOMO SAPIENS	PHOSPHATIDYL INOSITOL PHOSPHATE PATHWAY%WIKIPATHWAYS_20250810%WP5411%HOMO SAPIENS		35	-0.32252142	-0.85053295	0.69871795	0.7933851	1.0	3265	tags=20%, list=19%, signal=25%	
PID_VEGFR1_PATHWAY%MSIGDB_C2%PID_VEGFR1_PATHWAY	PID_VEGFR1_PATHWAY%MSIGDB_C2%PID_VEGFR1_PATHWAY		19	-0.36111578	-0.8504301	0.7020979	0.7933384	1.0	2818	tags=26%, list=16%, signal=31%	
CANNABINOID RECEPTOR SIGNALING%WIKIPATHWAYS_20250810%WP3869%HOMO SAPIENS	CANNABINOID RECEPTOR SIGNALING%WIKIPATHWAYS_20250810%WP3869%HOMO SAPIENS		19	-0.3596162	-0.8502013	0.6927454	0.7935016	1.0	2818	tags=21%, list=16%, signal=25%	
NOTCH SIGNALING PATHWAY%GOBP%GO:0007219	NOTCH SIGNALING PATHWAY%GOBP%GO:0007219		40	-0.3125122	-0.8497007	0.722365	0.7941524	1.0	2559	tags=20%, list=15%, signal=23%	
INHIBITION OF THE PROTEOLYTIC ACTIVITY OF APC C REQUIRED FOR THE ONSET OF ANAPHASE BY MITOTIC SPINDLE CHECKPOINT COMPONENTS%REACTOME%R-HSA-141405.6	INHIBITION OF THE PROTEOLYTIC ACTIVITY OF APC C REQUIRED FOR THE ONSET OF ANAPHASE BY MITOTIC SPINDLE CHECKPOINT COMPONENTS%REACTOME%R-HSA-141405.6		21	-0.3541425	-0.8494768	0.6987788	0.7943092	1.0	1505	tags=14%, list=9%, signal=16%	
EMBRYONIC EPITHELIAL TUBE FORMATION%GOBP%GO:0001838	EMBRYONIC EPITHELIAL TUBE FORMATION%GOBP%GO:0001838		34	-0.32412636	-0.8488733	0.7137255	0.79508895	1.0	3628	tags=35%, list=21%, signal=44%	
XENOBIOTIC CATABOLIC PROCESS%GOBP%GO:0042178	XENOBIOTIC CATABOLIC PROCESS%GOBP%GO:0042178		17	-0.3658626	-0.8487118	0.70122784	0.7951445	1.0	1855	tags=12%, list=11%, signal=13%	
GLUCAGON-TYPE LIGAND RECEPTORS%REACTOME%R-HSA-420092.5	GLUCAGON-TYPE LIGAND RECEPTORS%REACTOME%R-HSA-420092.5		24	-0.34751496	-0.8465706	0.70657897	0.7984929	1.0	2554	tags=21%, list=15%, signal=24%	
VESICLE TARGETING%GOBP%GO:0006903	VESICLE TARGETING%GOBP%GO:0006903		56	-0.296383	-0.8464256	0.7419753	0.79851204	1.0	5784	tags=34%, list=33%, signal=51%	
MESONEPHRIC TUBULE MORPHOGENESIS%GOBP%GO:0072171	MESONEPHRIC TUBULE MORPHOGENESIS%GOBP%GO:0072171		15	-0.37913153	-0.8454454	0.7002725	0.79995036	1.0	1049	tags=20%, list=6%, signal=21%	
TRANSLESION SYNTHESIS BY POLH%REACTOME%R-HSA-110320.3	TRANSLESION SYNTHESIS BY POLH%REACTOME%R-HSA-110320.3		18	-0.35917592	-0.8452072	0.68363136	0.8001218	1.0	4860	tags=50%, list=28%, signal=69%	
REGULATION OF BONE REMODELING%GOBP%GO:0046850	REGULATION OF BONE REMODELING%GOBP%GO:0046850		25	-0.33757952	-0.84502196	0.7150466	0.80020696	1.0	1642	tags=24%, list=9%, signal=26%	
LEUKOTRIENE METABOLIC PROCESS%GOBP%GO:0006691	LEUKOTRIENE METABOLIC PROCESS%GOBP%GO:0006691		15	-0.3753725	-0.84498376	0.69503546	0.8000562	1.0	2002	tags=20%, list=11%, signal=23%	
DEVELOPMENTAL CELL GROWTH%GOBP%GO:0048588	DEVELOPMENTAL CELL GROWTH%GOBP%GO:0048588		50	-0.29954165	-0.84476125	0.75291073	0.80023134	1.0	3779	tags=30%, list=22%, signal=38%	
CANONICAL NF-KAPPAB SIGNAL TRANSDUCTION%GOBP%GO:0007249	CANONICAL NF-KAPPAB SIGNAL TRANSDUCTION%GOBP%GO:0007249		25	-0.33779278	-0.8445523	0.71288514	0.8003791	1.0	2415	tags=24%, list=14%, signal=28%	
REGULATION OF P38MAPK CASCADE%GOBP%GO:1900744	REGULATION OF P38MAPK CASCADE%GOBP%GO:1900744		28	-0.3295312	-0.8440575	0.7204161	0.80098593	1.0	3164	tags=29%, list=18%, signal=35%	
NEGATIVE REGULATION OF PROTEIN LOCALIZATION TO NUCLEUS%GOBP%GO:1900181	NEGATIVE REGULATION OF PROTEIN LOCALIZATION TO NUCLEUS%GOBP%GO:1900181		21	-0.34735525	-0.84386265	0.7090164	0.8010981	1.0	4302	tags=43%, list=25%, signal=57%	
PROSTACYCLIN SIGNALLING THROUGH PROSTACYCLIN RECEPTOR%REACTOME%R-HSA-392851.5	PROSTACYCLIN SIGNALLING THROUGH PROSTACYCLIN RECEPTOR%REACTOME%R-HSA-392851.5		15	-0.36911404	-0.84331733	0.70501477	0.8017751	1.0	2554	tags=13%, list=15%, signal=16%	
REGULATION OF KETONE METABOLIC PROCESS%GOBP%GO:0010565	REGULATION OF KETONE METABOLIC PROCESS%GOBP%GO:0010565		81	-0.2796225	-0.8431484	0.73860914	0.8018307	1.0	1946	tags=14%, list=11%, signal=15%	
CATECHOL-CONTAINING COMPOUND METABOLIC PROCESS%GOBP%GO:0009712	CATECHOL-CONTAINING COMPOUND METABOLIC PROCESS%GOBP%GO:0009712		15	-0.3712668	-0.8431349	0.699594	0.8016335	1.0	1155	tags=20%, list=7%, signal=21%	
EFFECT OF PROGERIN ON GENES INVOLVED IN PROGERIA%WIKIPATHWAYS_20250810%WP4320%HOMO SAPIENS	EFFECT OF PROGERIN ON GENES INVOLVED IN PROGERIA%WIKIPATHWAYS_20250810%WP4320%HOMO SAPIENS		17	-0.36023957	-0.8429214	0.6804408	0.80177706	1.0	5068	tags=41%, list=29%, signal=58%	
EPHA FORWARD SIGNALING%PATHWAY INTERACTION DATABASE NCI-NATURE CURATED DATA%EPHA FORWARD SIGNALING	EPHA FORWARD SIGNALING%PATHWAY INTERACTION DATABASE NCI-NATURE CURATED DATA%EPHA FORWARD SIGNALING		24	-0.33945537	-0.8427597	0.715847	0.8018237	1.0	4954	tags=46%, list=28%, signal=64%	
CELL GROWTH%GOBP%GO:0016049	CELL GROWTH%GOBP%GO:0016049		51	-0.2985007	-0.8425568	0.74714106	0.8019461	1.0	3779	tags=29%, list=22%, signal=37%	
PROTEIN SUMOYLATION%GOBP%GO:0016925	PROTEIN SUMOYLATION%GOBP%GO:0016925		41	-0.31245452	-0.8417809	0.7222914	0.8030094	1.0	3860	tags=20%, list=22%, signal=25%	
NEGATIVE REGULATION OF TUMOR NECROSIS FACTOR SUPERFAMILY CYTOKINE PRODUCTION%GOBP%GO:1903556	NEGATIVE REGULATION OF TUMOR NECROSIS FACTOR SUPERFAMILY CYTOKINE PRODUCTION%GOBP%GO:1903556		21	-0.3473824	-0.8417771	0.70646065	0.8027989	1.0	6520	tags=48%, list=37%, signal=76%	
LONG-TERM MEMORY%GOBP%GO:0007616	LONG-TERM MEMORY%GOBP%GO:0007616		17	-0.36306313	-0.84100693	0.7168508	0.8038184	1.0	3836	tags=53%, list=22%, signal=68%	
REGULATORY NCRNA PROCESSING%GOBP%GO:0070918	REGULATORY NCRNA PROCESSING%GOBP%GO:0070918		42	-0.30764204	-0.8409136	0.7197452	0.8037532	1.0	5338	tags=38%, list=31%, signal=55%	
SYMBIONT ENTRY INTO HOST CELL%GOBP%GO:0046718	SYMBIONT ENTRY INTO HOST CELL%GOBP%GO:0046718		27	-0.33159685	-0.84086984	0.7053206	0.8036099	1.0	3477	tags=30%, list=20%, signal=37%	
CONVERSION FROM APC C:CDC20 TO APC C:CDH1 IN LATE ANAPHASE%REACTOME DATABASE ID RELEASE 93%176407	CONVERSION FROM APC C:CDC20 TO APC C:CDH1 IN LATE ANAPHASE%REACTOME DATABASE ID RELEASE 93%176407		20	-0.35496095	-0.8404301	0.7302905	0.80411124	1.0	1505	tags=15%, list=9%, signal=16%	
DEFECTIVE HOMOLOGOUS RECOMBINATION REPAIR (HRR) DUE TO BRCA2 LOSS OF FUNCTION%REACTOME%R-HSA-9701190.3	DEFECTIVE HOMOLOGOUS RECOMBINATION REPAIR (HRR) DUE TO BRCA2 LOSS OF FUNCTION%REACTOME%R-HSA-9701190.3		38	-0.31863168	-0.8403507	0.7406452	0.80402064	1.0	5832	tags=39%, list=33%, signal=59%	
INITIATION OF NUCLEAR ENVELOPE (NE) REFORMATION%REACTOME DATABASE ID RELEASE 93%2995383	INITIATION OF NUCLEAR ENVELOPE (NE) REFORMATION%REACTOME DATABASE ID RELEASE 93%2995383		16	-0.3724541	-0.8398726	0.7104895	0.8045982	1.0	4426	tags=31%, list=25%, signal=42%	
TRAFFICKING OF AMPA RECEPTORS%REACTOME DATABASE ID RELEASE 93%399719	TRAFFICKING OF AMPA RECEPTORS%REACTOME DATABASE ID RELEASE 93%399719		22	-0.34224552	-0.8396699	0.6923077	0.80471534	1.0	4298	tags=45%, list=25%, signal=60%	
REGULATION OF EPIDERMIS DEVELOPMENT%GOBP%GO:0045682	REGULATION OF EPIDERMIS DEVELOPMENT%GOBP%GO:0045682		26	-0.3358098	-0.83929133	0.72207445	0.8051177	1.0	2559	tags=23%, list=15%, signal=27%	
G ALPHA (S) SIGNALLING EVENTS%REACTOME%R-HSA-418555.12	G ALPHA (S) SIGNALLING EVENTS%REACTOME%R-HSA-418555.12		82	-0.28160524	-0.83846754	0.7620164	0.80626327	1.0	3889	tags=26%, list=22%, signal=33%	
CIRCADIAN RHYTHM%GOBP%GO:0007623	CIRCADIAN RHYTHM%GOBP%GO:0007623		82	-0.2812958	-0.8380818	0.77817744	0.80669	1.0	4915	tags=37%, list=28%, signal=51%	
HISTAMINE H1 RECEPTOR MEDIATED SIGNALING PATHWAY%PANTHER PATHWAY%P04385	HISTAMINE H1 RECEPTOR MEDIATED SIGNALING PATHWAY%PANTHER PATHWAY%P04385		35	-0.3184911	-0.8377694	0.7124519	0.806987	1.0	782	tags=9%, list=4%, signal=9%	
DRAVET SYNDROME%WIKIPATHWAYS_20250810%WP5200%HOMO SAPIENS	DRAVET SYNDROME%WIKIPATHWAYS_20250810%WP5200%HOMO SAPIENS		23	-0.34469962	-0.83765525	0.75344354	0.8069569	1.0	4383	tags=43%, list=25%, signal=58%	
PID_BARD1_PATHWAY%MSIGDB_C2%PID_BARD1_PATHWAY	PID_BARD1_PATHWAY%MSIGDB_C2%PID_BARD1_PATHWAY		27	-0.3308702	-0.8368706	0.7375328	0.80801743	1.0	4200	tags=26%, list=24%, signal=34%	
EPHA2 FORWARD SIGNALING%PATHWAY INTERACTION DATABASE NCI-NATURE CURATED DATA%EPHA2 FORWARD SIGNALING	EPHA2 FORWARD SIGNALING%PATHWAY INTERACTION DATABASE NCI-NATURE CURATED DATA%EPHA2 FORWARD SIGNALING		19	-0.35151386	-0.8367496	0.69959944	0.8079707	1.0	4086	tags=42%, list=23%, signal=55%	
POSITIVE REGULATION OF STEROID BIOSYNTHETIC PROCESS%GOBP%GO:0010893	POSITIVE REGULATION OF STEROID BIOSYNTHETIC PROCESS%GOBP%GO:0010893		15	-0.37457094	-0.8364252	0.71366906	0.80828774	1.0	3823	tags=33%, list=22%, signal=43%	
REGULATION OF LIPID STORAGE%GOBP%GO:0010883	REGULATION OF LIPID STORAGE%GOBP%GO:0010883		30	-0.322402	-0.83594847	0.73424655	0.8088585	1.0	5856	tags=50%, list=34%, signal=75%	
IL19 SIGNALING%WIKIPATHWAYS_20250810%WP5422%HOMO SAPIENS	IL19 SIGNALING%WIKIPATHWAYS_20250810%WP5422%HOMO SAPIENS		17	-0.3633687	-0.8349752	0.713885	0.81025463	1.0	3966	tags=35%, list=23%, signal=46%	
REGULATION OF CYTOKINE PRODUCTION INVOLVED IN IMMUNE RESPONSE%GOBP%GO:0002718	REGULATION OF CYTOKINE PRODUCTION INVOLVED IN IMMUNE RESPONSE%GOBP%GO:0002718		39	-0.31087035	-0.83428955	0.72774196	0.8111497	1.0	3122	tags=28%, list=18%, signal=34%	
REGULATION OF ALPHA-BETA T CELL ACTIVATION%GOBP%GO:0046634	REGULATION OF ALPHA-BETA T CELL ACTIVATION%GOBP%GO:0046634		50	-0.29807556	-0.8341637	0.7509482	0.81113285	1.0	3218	tags=26%, list=18%, signal=32%	
SYMBIONT ENTRY INTO HOST%GOBP%GO:0044409	SYMBIONT ENTRY INTO HOST%GOBP%GO:0044409		27	-0.33159685	-0.83408284	0.72591585	0.81104577	1.0	3477	tags=30%, list=20%, signal=37%	
PKA ACTIVATION IN GLUCAGON SIGNALLING%REACTOME%R-HSA-164378.5	PKA ACTIVATION IN GLUCAGON SIGNALLING%REACTOME%R-HSA-164378.5		15	-0.36861554	-0.83387446	0.6963563	0.8111493	1.0	3889	tags=40%, list=22%, signal=51%	
CATECHOLAMINE METABOLIC PROCESS%GOBP%GO:0006584	CATECHOLAMINE METABOLIC PROCESS%GOBP%GO:0006584		15	-0.3712668	-0.8337771	0.6965035	0.8110919	1.0	1155	tags=20%, list=7%, signal=21%	
NEGATIVE REGULATION OF TUMOR NECROSIS FACTOR PRODUCTION%GOBP%GO:0032720	NEGATIVE REGULATION OF TUMOR NECROSIS FACTOR PRODUCTION%GOBP%GO:0032720		21	-0.34738243	-0.83340716	0.7296938	0.81145793	1.0	6520	tags=48%, list=37%, signal=76%	
COLLAGEN DEGRADATION%REACTOME DATABASE ID RELEASE 93%1442490	COLLAGEN DEGRADATION%REACTOME DATABASE ID RELEASE 93%1442490		25	-0.33682132	-0.8330031	0.7175989	0.81189597	1.0	1120	tags=16%, list=6%, signal=17%	
HEMATOPOIETIC STEM CELL DIFFERENTIATION%WIKIPATHWAYS_20250810%WP2849%HOMO SAPIENS	HEMATOPOIETIC STEM CELL DIFFERENTIATION%WIKIPATHWAYS_20250810%WP2849%HOMO SAPIENS		22	-0.34534168	-0.8329302	0.7229081	0.81179494	1.0	5009	tags=41%, list=29%, signal=57%	
SULFUR AMINO ACID METABOLIC PROCESS%GOBP%GO:0000096	SULFUR AMINO ACID METABOLIC PROCESS%GOBP%GO:0000096		25	-0.33653298	-0.83225965	0.70794076	0.81265706	1.0	4003	tags=32%, list=23%, signal=41%	
IL1%NETPATH%IL1	IL1%NETPATH%IL1		32	-0.31799263	-0.83117294	0.7358974	0.81421566	1.0	6102	tags=50%, list=35%, signal=77%	
HALLMARK_ANDROGEN_RESPONSE%MSIGDBHALLMARK%HALLMARK_ANDROGEN_RESPONSE	HALLMARK_ANDROGEN_RESPONSE%MSIGDBHALLMARK%HALLMARK_ANDROGEN_RESPONSE		60	-0.2931612	-0.8311552	0.78125	0.8140231	1.0	1489	tags=15%, list=9%, signal=16%	
AXONEME ASSEMBLY%GOBP%GO:0035082	AXONEME ASSEMBLY%GOBP%GO:0035082		39	-0.30929506	-0.83114946	0.709799	0.813815	1.0	5319	tags=33%, list=30%, signal=48%	
ESTABLISHMENT OF PROTEIN LOCALIZATION TO PLASMA MEMBRANE%GOBP%GO:0061951	ESTABLISHMENT OF PROTEIN LOCALIZATION TO PLASMA MEMBRANE%GOBP%GO:0061951		41	-0.30438265	-0.83080685	0.73935485	0.8141394	1.0	2017	tags=20%, list=12%, signal=22%	
OSTEOPONTIN-MEDIATED EVENTS%PATHWAY INTERACTION DATABASE NCI-NATURE CURATED DATA%OSTEOPONTIN-MEDIATED EVENTS	OSTEOPONTIN-MEDIATED EVENTS%PATHWAY INTERACTION DATABASE NCI-NATURE CURATED DATA%OSTEOPONTIN-MEDIATED EVENTS		29	-0.32389683	-0.8302518	0.7304582	0.81482774	1.0	4020	tags=34%, list=23%, signal=45%	
BIOCARTA_WNT_PATHWAY%MSIGDB_C2%BIOCARTA_WNT_PATHWAY	BIOCARTA_WNT_PATHWAY%MSIGDB_C2%BIOCARTA_WNT_PATHWAY		17	-0.36209688	-0.82974845	0.72496474	0.81539106	1.0	1520	tags=18%, list=9%, signal=19%	
POSITIVE REGULATION OF ERBB SIGNALING PATHWAY%GOBP%GO:1901186	POSITIVE REGULATION OF ERBB SIGNALING PATHWAY%GOBP%GO:1901186		23	-0.34279114	-0.8293189	0.7445355	0.8158567	1.0	2209	tags=26%, list=13%, signal=30%	
TGF-BETA RECEPTOR SIGNALING IN EMT (EPITHELIAL TO MESENCHYMAL TRANSITION)%REACTOME%R-HSA-2173791.3	TGF-BETA RECEPTOR SIGNALING IN EMT (EPITHELIAL TO MESENCHYMAL TRANSITION)%REACTOME%R-HSA-2173791.3		15	-0.37604856	-0.82928383	0.7002688	0.81569785	1.0	5733	tags=67%, list=33%, signal=99%	
CANONICAL AND NON CANONICAL NOTCH SIGNALING%WIKIPATHWAYS_20250810%WP3845%HOMO SAPIENS	CANONICAL AND NON CANONICAL NOTCH SIGNALING%WIKIPATHWAYS_20250810%WP3845%HOMO SAPIENS		21	-0.34351176	-0.82928157	0.7122905	0.81548196	1.0	613	tags=10%, list=4%, signal=10%	
RNA POL II CTD PHOSPHORYLATION AND INTERACTION WITH CE%REACTOME%R-HSA-77075.4	RNA POL II CTD PHOSPHORYLATION AND INTERACTION WITH CE%REACTOME%R-HSA-77075.4		25	-0.33275446	-0.828899	0.7173333	0.81584734	1.0	729	tags=8%, list=4%, signal=8%	
PROTEASOME DEGRADATION%WIKIPATHWAYS_20250810%WP183%HOMO SAPIENS	PROTEASOME DEGRADATION%WIKIPATHWAYS_20250810%WP183%HOMO SAPIENS		37	-0.31261137	-0.82763016	0.7407895	0.8176478	1.0	6074	tags=43%, list=35%, signal=66%	
ARACHIDONATE METABOLISM%REACTOME DATABASE ID RELEASE 93%2142753	ARACHIDONATE METABOLISM%REACTOME DATABASE ID RELEASE 93%2142753		28	-0.3226826	-0.82724965	0.73306775	0.8180333	1.0	3090	tags=36%, list=18%, signal=43%	
GLUCOSAMINE-CONTAINING COMPOUND METABOLIC PROCESS%GOBP%GO:1901071	GLUCOSAMINE-CONTAINING COMPOUND METABOLIC PROCESS%GOBP%GO:1901071		17	-0.3594724	-0.8271894	0.7031464	0.81791717	1.0	2092	tags=24%, list=12%, signal=27%	
HISTAMINE H2 RECEPTOR MEDIATED SIGNALING PATHWAY%PANTHER PATHWAY%P04386	HISTAMINE H2 RECEPTOR MEDIATED SIGNALING PATHWAY%PANTHER PATHWAY%P04386		20	-0.3427674	-0.8261466	0.73140496	0.8193742	1.0	2554	tags=20%, list=15%, signal=23%	
TURBULENT (OSCILLATORY, DISTURBED) FLOW SHEAR STRESS ACTIVATES SIGNALING BY PIEZO1 AND INTEGRINS IN ENDOTHELIAL CELLS%REACTOME%R-HSA-9860927.2	TURBULENT (OSCILLATORY, DISTURBED) FLOW SHEAR STRESS ACTIVATES SIGNALING BY PIEZO1 AND INTEGRINS IN ENDOTHELIAL CELLS%REACTOME%R-HSA-9860927.2		26	-0.3286235	-0.82609564	0.736911	0.8192305	1.0	4101	tags=38%, list=23%, signal=50%	
POSITIVE REGULATION OF AXON EXTENSION%GOBP%GO:0045773	POSITIVE REGULATION OF AXON EXTENSION%GOBP%GO:0045773		19	-0.34707007	-0.82577723	0.7365517	0.81953335	1.0	2487	tags=26%, list=14%, signal=31%	
PROTEIN LOCALIZATION TO MICROTUBULE CYTOSKELETON%GOBP%GO:0072698	PROTEIN LOCALIZATION TO MICROTUBULE CYTOSKELETON%GOBP%GO:0072698		35	-0.30996782	-0.82550275	0.74968237	0.8197478	1.0	4711	tags=31%, list=27%, signal=43%	
REGULATION OF EPIDERMAL CELL DIFFERENTIATION%GOBP%GO:0045604	REGULATION OF EPIDERMAL CELL DIFFERENTIATION%GOBP%GO:0045604		24	-0.3411861	-0.82526314	0.7299169	0.8199109	1.0	2559	tags=25%, list=15%, signal=29%	
IL12-MEDIATED SIGNALING EVENTS%PATHWAY INTERACTION DATABASE NCI-NATURE CURATED DATA%IL12-MEDIATED SIGNALING EVENTS	IL12-MEDIATED SIGNALING EVENTS%PATHWAY INTERACTION DATABASE NCI-NATURE CURATED DATA%IL12-MEDIATED SIGNALING EVENTS		31	-0.321769	-0.8252047	0.73411155	0.81978667	1.0	1517	tags=13%, list=9%, signal=14%	
ANTERIOR/POSTERIOR AXIS SPECIFICATION%GOBP%GO:0009948	ANTERIOR/POSTERIOR AXIS SPECIFICATION%GOBP%GO:0009948		18	-0.35547045	-0.8251729	0.73278236	0.8196236	1.0	1341	tags=22%, list=8%, signal=24%	
GLUTAMATE BINDING, ACTIVATION OF AMPA RECEPTORS AND SYNAPTIC PLASTICITY%REACTOME%R-HSA-399721.5	GLUTAMATE BINDING, ACTIVATION OF AMPA RECEPTORS AND SYNAPTIC PLASTICITY%REACTOME%R-HSA-399721.5		22	-0.34224552	-0.8248732	0.7342282	0.81987864	1.0	4298	tags=45%, list=25%, signal=60%	
SCF-DEPENDENT PROTEASOMAL UBIQUITIN-DEPENDENT PROTEIN CATABOLIC PROCESS%GOBP%GO:0031146	SCF-DEPENDENT PROTEASOMAL UBIQUITIN-DEPENDENT PROTEIN CATABOLIC PROCESS%GOBP%GO:0031146		40	-0.30588996	-0.8240979	0.75549805	0.82089645	1.0	6021	tags=43%, list=34%, signal=65%	
SEGMENTATION%GOBP%GO:0035282	SEGMENTATION%GOBP%GO:0035282		20	-0.34425148	-0.823781	0.7239513	0.8211823	1.0	1341	tags=20%, list=8%, signal=22%	
SINGLE FERTILIZATION%GOBP%GO:0007338	SINGLE FERTILIZATION%GOBP%GO:0007338		42	-0.3003521	-0.82343507	0.75349426	0.82150567	1.0	4575	tags=33%, list=26%, signal=45%	
SYNTHESIS OF IP3 AND IP4 IN THE CYTOSOL%REACTOME%R-HSA-1855204.5	SYNTHESIS OF IP3 AND IP4 IN THE CYTOSOL%REACTOME%R-HSA-1855204.5		23	-0.33830395	-0.82342905	0.72885907	0.8212935	1.0	3305	tags=35%, list=19%, signal=43%	
RNA POL II CTD PHOSPHORYLATION AND INTERACTION WITH CE DURING HIV INFECTION%REACTOME%R-HSA-167160.4	RNA POL II CTD PHOSPHORYLATION AND INTERACTION WITH CE DURING HIV INFECTION%REACTOME%R-HSA-167160.4		25	-0.33275446	-0.82272995	0.71956223	0.82215244	1.0	729	tags=8%, list=4%, signal=8%	
LEUKOCYTE HOMEOSTASIS%GOBP%GO:0001776	LEUKOCYTE HOMEOSTASIS%GOBP%GO:0001776		23	-0.3358174	-0.82231086	0.7275281	0.8226084	1.0	3855	tags=22%, list=22%, signal=28%	
POSITIVE REGULATION OF CELL-MATRIX ADHESION%GOBP%GO:0001954	POSITIVE REGULATION OF CELL-MATRIX ADHESION%GOBP%GO:0001954		29	-0.3259354	-0.8217665	0.75235534	0.82325596	1.0	4604	tags=31%, list=26%, signal=42%	
SUBSTRATE ADHESION-DEPENDENT CELL SPREADING%GOBP%GO:0034446	SUBSTRATE ADHESION-DEPENDENT CELL SPREADING%GOBP%GO:0034446		30	-0.31685427	-0.82133454	0.7687166	0.8237281	1.0	693	tags=13%, list=4%, signal=14%	
HALLMARK_PANCREAS_BETA_CELLS%MSIGDBHALLMARK%HALLMARK_PANCREAS_BETA_CELLS	HALLMARK_PANCREAS_BETA_CELLS%MSIGDBHALLMARK%HALLMARK_PANCREAS_BETA_CELLS		23	-0.33822456	-0.82110846	0.75398934	0.8238729	1.0	1583	tags=17%, list=9%, signal=19%	
OLIGODENDROCYTE DEVELOPMENT%GOBP%GO:0014003	OLIGODENDROCYTE DEVELOPMENT%GOBP%GO:0014003		21	-0.34477952	-0.8207448	0.7309237	0.82420045	1.0	4956	tags=52%, list=28%, signal=73%	
MULTIVESICULAR BODY SORTING PATHWAY%GOBP%GO:0071985	MULTIVESICULAR BODY SORTING PATHWAY%GOBP%GO:0071985		44	-0.29625884	-0.82063144	0.767141	0.82416356	1.0	4321	tags=32%, list=25%, signal=42%	
KERATAN SULFATE BIOSYNTHESIS%REACTOME DATABASE ID RELEASE 93%2022854	KERATAN SULFATE BIOSYNTHESIS%REACTOME DATABASE ID RELEASE 93%2022854		20	-0.34752515	-0.8204344	0.73108107	0.82426006	1.0	3483	tags=40%, list=20%, signal=50%	
PID_ARF6_PATHWAY%MSIGDB_C2%PID_ARF6_PATHWAY	PID_ARF6_PATHWAY%MSIGDB_C2%PID_ARF6_PATHWAY		19	-0.35288483	-0.82023114	0.7161017	0.8243719	1.0	3815	tags=42%, list=22%, signal=54%	
N GLYCAN BIOSYNTHESIS%WIKIPATHWAYS_20250810%WP5153%HOMO SAPIENS	N GLYCAN BIOSYNTHESIS%WIKIPATHWAYS_20250810%WP5153%HOMO SAPIENS		47	-0.2960892	-0.8198891	0.7743142	0.82470036	1.0	3879	tags=23%, list=22%, signal=30%	
TRNA METHYLATION%GOBP%GO:0030488	TRNA METHYLATION%GOBP%GO:0030488		36	-0.3049485	-0.81984526	0.75710595	0.8245537	1.0	5187	tags=33%, list=30%, signal=47%	
POSITIVE REGULATION OF CELL MORPHOGENESIS%GOBP%GO:0010770	POSITIVE REGULATION OF CELL MORPHOGENESIS%GOBP%GO:0010770		17	-0.36295596	-0.8190704	0.74	0.82557696	1.0	498	tags=12%, list=3%, signal=12%	
NEURON PROJECTION EXTENSION%GOBP%GO:1990138	NEURON PROJECTION EXTENSION%GOBP%GO:1990138		39	-0.30177933	-0.8188097	0.73962265	0.8257452	1.0	4089	tags=33%, list=23%, signal=43%	
PEPTIDE HORMONE PROCESSING%GOBP%GO:0016486	PEPTIDE HORMONE PROCESSING%GOBP%GO:0016486		19	-0.34637555	-0.8175651	0.739071	0.8275016	1.0	2611	tags=21%, list=15%, signal=25%	
LYMPHOCYTE DIFFERENTIATION%GOBP%GO:0030098	LYMPHOCYTE DIFFERENTIATION%GOBP%GO:0030098		97	-0.2669444	-0.8174975	0.8146853	0.8273861	1.0	3386	tags=22%, list=19%, signal=27%	
RESPIRATORY SYNCYTIAL VIRUS (RSV) GENOME REPLICATION, TRANSCRIPTION AND TRANSLATION%REACTOME%R-HSA-9820965.1	RESPIRATORY SYNCYTIAL VIRUS (RSV) GENOME REPLICATION, TRANSCRIPTION AND TRANSLATION%REACTOME%R-HSA-9820965.1		17	-0.35785043	-0.8172059	0.7338936	0.82764643	1.0	4820	tags=47%, list=28%, signal=65%	
STIMULI-SENSING CHANNELS%REACTOME%R-HSA-2672351.7	STIMULI-SENSING CHANNELS%REACTOME%R-HSA-2672351.7		66	-0.2773023	-0.81583697	0.77951807	0.82954377	1.0	4428	tags=32%, list=25%, signal=42%	
PROTEIN O-LINKED GLYCOSYLATION VIA XYLOSE%GOBP%GO:0180064	PROTEIN O-LINKED GLYCOSYLATION VIA XYLOSE%GOBP%GO:0180064		39	-0.30235925	-0.81545514	0.75510204	0.8299206	1.0	2687	tags=23%, list=15%, signal=27%	
ERYTHROCYTE HOMEOSTASIS%GOBP%GO:0034101	ERYTHROCYTE HOMEOSTASIS%GOBP%GO:0034101		47	-0.29410353	-0.815196	0.77106917	0.8301198	1.0	5197	tags=49%, list=30%, signal=69%	
HS-GAG BIOSYNTHESIS%REACTOME DATABASE ID RELEASE 93%2022928	HS-GAG BIOSYNTHESIS%REACTOME DATABASE ID RELEASE 93%2022928		26	-0.3262881	-0.81498533	0.73777175	0.83023214	1.0	3647	tags=27%, list=21%, signal=34%	
PID_AR_NONGENOMIC_PATHWAY%MSIGDB_C2%PID_AR_NONGENOMIC_PATHWAY	PID_AR_NONGENOMIC_PATHWAY%MSIGDB_C2%PID_AR_NONGENOMIC_PATHWAY		26	-0.32108903	-0.8147013	0.73913044	0.8304514	1.0	3265	tags=35%, list=19%, signal=43%	
NEGATIVE REGULATION OF HORMONE SECRETION%GOBP%GO:0046888	NEGATIVE REGULATION OF HORMONE SECRETION%GOBP%GO:0046888		21	-0.33851323	-0.8138336	0.75136614	0.8315783	1.0	2472	tags=29%, list=14%, signal=33%	
TGFBR3 EXPRESSION%REACTOME DATABASE ID RELEASE 93%9839394	TGFBR3 EXPRESSION%REACTOME DATABASE ID RELEASE 93%9839394		23	-0.33125284	-0.8135848	0.7580645	0.83173084	1.0	3959	tags=30%, list=23%, signal=39%	
PKA-MEDIATED PHOSPHORYLATION OF CREB%REACTOME%R-HSA-111931.3	PKA-MEDIATED PHOSPHORYLATION OF CREB%REACTOME%R-HSA-111931.3		17	-0.35115582	-0.8127463	0.7339833	0.8327974	1.0	3889	tags=41%, list=22%, signal=53%	
DOXORUBICIN METABOLISM PATHWAY%SMPDB%SMP0000650	DOXORUBICIN METABOLISM PATHWAY%SMPDB%SMP0000650		15	-0.3671349	-0.81259143	0.74898785	0.83281565	1.0	5203	tags=60%, list=30%, signal=85%	
MICROTUBULE BUNDLE FORMATION%GOBP%GO:0001578	MICROTUBULE BUNDLE FORMATION%GOBP%GO:0001578		64	-0.27794752	-0.8122071	0.79227054	0.83319604	1.0	2931	tags=20%, list=17%, signal=24%	
BETA2 ADRENERGIC RECEPTOR SIGNALING PATHWAY%PANTHER PATHWAY%P04378	BETA2 ADRENERGIC RECEPTOR SIGNALING PATHWAY%PANTHER PATHWAY%P04378		21	-0.33452296	-0.81191397	0.74755925	0.8334055	1.0	2554	tags=19%, list=15%, signal=22%	
FILOPODIUM ASSEMBLY%GOBP%GO:0046847	FILOPODIUM ASSEMBLY%GOBP%GO:0046847		16	-0.3578058	-0.81132156	0.7384393	0.83409065	1.0	693	tags=13%, list=4%, signal=13%	
PID_AVB3_INTEGRIN_PATHWAY%MSIGDB_C2%PID_AVB3_INTEGRIN_PATHWAY	PID_AVB3_INTEGRIN_PATHWAY%MSIGDB_C2%PID_AVB3_INTEGRIN_PATHWAY		49	-0.29251873	-0.8112196	0.78625	0.8340305	1.0	929	tags=8%, list=5%, signal=9%	
NRIF SIGNALS CELL DEATH FROM THE NUCLEUS%REACTOME DATABASE ID RELEASE 93%205043	NRIF SIGNALS CELL DEATH FROM THE NUCLEUS%REACTOME DATABASE ID RELEASE 93%205043		16	-0.35432076	-0.81037766	0.7486111	0.8351043	1.0	4825	tags=44%, list=28%, signal=60%	
POSITIVE REGULATION OF EXTRACELLULAR MATRIX ORGANIZATION%GOBP%GO:1903055	POSITIVE REGULATION OF EXTRACELLULAR MATRIX ORGANIZATION%GOBP%GO:1903055		18	-0.34751272	-0.81022453	0.730226	0.8351078	1.0	3122	tags=22%, list=18%, signal=27%	
OVARIAN INFERTILITY%WIKIPATHWAYS_20250810%WP34%HOMO SAPIENS	OVARIAN INFERTILITY%WIKIPATHWAYS_20250810%WP34%HOMO SAPIENS		19	-0.34250823	-0.80991626	0.7704011	0.8353545	1.0	2889	tags=16%, list=17%, signal=19%	
MEMORY%GOBP%GO:0007613	MEMORY%GOBP%GO:0007613		43	-0.29637673	-0.80936193	0.78688526	0.8359735	1.0	3207	tags=30%, list=18%, signal=37%	
SIGNAL TRANSDUCTION BY L1%REACTOME%R-HSA-445144.3	SIGNAL TRANSDUCTION BY L1%REACTOME%R-HSA-445144.3		19	-0.34322545	-0.8090606	0.73961216	0.8361897	1.0	4236	tags=47%, list=24%, signal=62%	
LATE ENDOSOMAL MICROAUTOPHAGY%REACTOME DATABASE ID RELEASE 93%9615710	LATE ENDOSOMAL MICROAUTOPHAGY%REACTOME DATABASE ID RELEASE 93%9615710		28	-0.31911483	-0.80752724	0.7526738	0.83832455	1.0	5635	tags=46%, list=32%, signal=68%	
REGULATION OF INTRACELLULAR PH%GOBP%GO:0051453	REGULATION OF INTRACELLULAR PH%GOBP%GO:0051453		65	-0.2793762	-0.80700207	0.8094089	0.8389086	1.0	5335	tags=35%, list=31%, signal=51%	
UBIQUINONE METABOLIC PROCESS%GOBP%GO:0006743	UBIQUINONE METABOLIC PROCESS%GOBP%GO:0006743		16	-0.35481936	-0.8059864	0.74265736	0.8402381	1.0	6963	tags=63%, list=40%, signal=104%	
FANCONI ANEMIA PATHWAY%PATHWAY INTERACTION DATABASE NCI-NATURE CURATED DATA%FANCONI ANEMIA PATHWAY	FANCONI ANEMIA PATHWAY%PATHWAY INTERACTION DATABASE NCI-NATURE CURATED DATA%FANCONI ANEMIA PATHWAY		44	-0.29421464	-0.8056723	0.79075736	0.84049124	1.0	5832	tags=43%, list=33%, signal=65%	
HETEROTYPIC CELL-CELL ADHESION%GOBP%GO:0034113	HETEROTYPIC CELL-CELL ADHESION%GOBP%GO:0034113		17	-0.3512647	-0.8055925	0.7635605	0.8403876	1.0	313	tags=12%, list=2%, signal=12%	
PROTEIN K48-LINKED DEUBIQUITINATION%GOBP%GO:0071108	PROTEIN K48-LINKED DEUBIQUITINATION%GOBP%GO:0071108		20	-0.34296477	-0.80531096	0.74695534	0.84058887	1.0	2547	tags=20%, list=15%, signal=23%	
REGULATION OF LEUKOCYTE APOPTOTIC PROCESS%GOBP%GO:2000106	REGULATION OF LEUKOCYTE APOPTOTIC PROCESS%GOBP%GO:2000106		33	-0.3122473	-0.80496126	0.78318	0.8408987	1.0	3709	tags=27%, list=21%, signal=35%	
INTERFERON GAMMA SIGNALING%REACTOME DATABASE ID RELEASE 93%877300	INTERFERON GAMMA SIGNALING%REACTOME DATABASE ID RELEASE 93%877300		61	-0.27759436	-0.8043161	0.81064355	0.84164906	1.0	4214	tags=31%, list=24%, signal=41%	
NEGATIVE REGULATION OF CELLULAR SENESCENCE%GOBP%GO:2000773	NEGATIVE REGULATION OF CELLULAR SENESCENCE%GOBP%GO:2000773		15	-0.35811186	-0.8042531	0.73647714	0.84151834	1.0	4700	tags=40%, list=27%, signal=55%	
REGULATION OF REGULATORY T CELL DIFFERENTIATION%GOBP%GO:0045589	REGULATION OF REGULATORY T CELL DIFFERENTIATION%GOBP%GO:0045589		17	-0.34100375	-0.8035448	0.75453275	0.84236944	1.0	4200	tags=41%, list=24%, signal=54%	
EXERCISE INDUCED CIRCADIAN REGULATION%WIKIPATHWAYS_20250810%WP410%HOMO SAPIENS	EXERCISE INDUCED CIRCADIAN REGULATION%WIKIPATHWAYS_20250810%WP410%HOMO SAPIENS		26	-0.32337663	-0.80345136	0.76860625	0.84229374	1.0	3278	tags=23%, list=19%, signal=28%	
LIVER DEVELOPMENT%GOBP%GO:0001889	LIVER DEVELOPMENT%GOBP%GO:0001889		25	-0.32343018	-0.80287987	0.7649456	0.84295744	1.0	5518	tags=40%, list=32%, signal=58%	
POSITIVE REGULATION OF INFLAMMASOME-MEDIATED SIGNALING PATHWAY%GOBP%GO:0141087	POSITIVE REGULATION OF INFLAMMASOME-MEDIATED SIGNALING PATHWAY%GOBP%GO:0141087		17	-0.3462164	-0.8026041	0.7478873	0.84314543	1.0	4807	tags=35%, list=28%, signal=49%	
MYOGENESIS%REACTOME%R-HSA-525793.4	MYOGENESIS%REACTOME%R-HSA-525793.4		25	-0.32189554	-0.80250365	0.7649456	0.84307176	1.0	2162	tags=20%, list=12%, signal=23%	
ABERRANT REGULATION OF MITOTIC EXIT IN CANCER DUE TO RB1 DEFECTS%REACTOME DATABASE ID RELEASE 93%9687136	ABERRANT REGULATION OF MITOTIC EXIT IN CANCER DUE TO RB1 DEFECTS%REACTOME DATABASE ID RELEASE 93%9687136		20	-0.33840472	-0.80248463	0.75409836	0.84287554	1.0	6898	tags=55%, list=40%, signal=91%	
BIOCARTA_HDAC_PATHWAY%MSIGDB_C2%BIOCARTA_HDAC_PATHWAY	BIOCARTA_HDAC_PATHWAY%MSIGDB_C2%BIOCARTA_HDAC_PATHWAY		17	-0.3471124	-0.8015512	0.7393162	0.84403116	1.0	6102	tags=59%, list=35%, signal=90%	
REGULATION OF REPRODUCTIVE PROCESS%GOBP%GO:2000241	REGULATION OF REPRODUCTIVE PROCESS%GOBP%GO:2000241		73	-0.2698711	-0.8014176	0.81642514	0.844014	1.0	2047	tags=14%, list=12%, signal=15%	
OLEFINIC COMPOUND METABOLIC PROCESS%GOBP%GO:0120254	OLEFINIC COMPOUND METABOLIC PROCESS%GOBP%GO:0120254		61	-0.2763353	-0.8012035	0.8108449	0.84411496	1.0	2879	tags=21%, list=16%, signal=25%	
UNTITLED%PANTHER PATHWAY%P05916	UNTITLED%PANTHER PATHWAY%P05916		19	-0.34976995	-0.80116206	0.7588076	0.843952	1.0	5675	tags=32%, list=32%, signal=47%	
EPIDERMAL CELL DIFFERENTIATION%GOBP%GO:0009913	EPIDERMAL CELL DIFFERENTIATION%GOBP%GO:0009913		43	-0.2925384	-0.80083203	0.77590674	0.84422255	1.0	4298	tags=30%, list=25%, signal=40%	
PID_PS1_PATHWAY%MSIGDB_C2%PID_PS1_PATHWAY	PID_PS1_PATHWAY%MSIGDB_C2%PID_PS1_PATHWAY		31	-0.30733123	-0.7993779	0.75552666	0.8461687	1.0	2818	tags=19%, list=16%, signal=23%	
NUTRIENT STORAGE%GOBP%GO:0170062	NUTRIENT STORAGE%GOBP%GO:0170062		26	-0.3115695	-0.7992292	0.76086956	0.8461696	1.0	4247	tags=35%, list=24%, signal=46%	
EPIGENETIC REGULATION OF GENE EXPRESSION BY MLL3 AND MLL4 COMPLEXES%REACTOME%R-HSA-9818564.1	EPIGENETIC REGULATION OF GENE EXPRESSION BY MLL3 AND MLL4 COMPLEXES%REACTOME%R-HSA-9818564.1		69	-0.27113393	-0.79786974	0.83231336	0.84800464	1.0	3787	tags=20%, list=22%, signal=26%	
WNT SIGNALING PATHWAY, PLANAR CELL POLARITY PATHWAY%GOBP%GO:0060071	WNT SIGNALING PATHWAY, PLANAR CELL POLARITY PATHWAY%GOBP%GO:0060071		26	-0.3199601	-0.79769444	0.7782258	0.84803855	1.0	3304	tags=27%, list=19%, signal=33%	
MEIOTIC CHROMOSOME SEGREGATION%GOBP%GO:0045132	MEIOTIC CHROMOSOME SEGREGATION%GOBP%GO:0045132		34	-0.30488095	-0.79768777	0.7761589	0.84782296	1.0	2417	tags=21%, list=14%, signal=24%	
CREB1 PHOSPHORYLATION THROUGH NMDA RECEPTOR-MEDIATED ACTIVATION OF RAS SIGNALING%REACTOME DATABASE ID RELEASE 93%442742	CREB1 PHOSPHORYLATION THROUGH NMDA RECEPTOR-MEDIATED ACTIVATION OF RAS SIGNALING%REACTOME DATABASE ID RELEASE 93%442742		25	-0.3204796	-0.79671526	0.7801325	0.84908724	1.0	4214	tags=48%, list=24%, signal=63%	
NUCLEAR RECEPTOR TRANSCRIPTION PATHWAY%REACTOME DATABASE ID RELEASE 93%383280	NUCLEAR RECEPTOR TRANSCRIPTION PATHWAY%REACTOME DATABASE ID RELEASE 93%383280		32	-0.30806887	-0.79638016	0.80078125	0.84934205	1.0	1521	tags=13%, list=9%, signal=14%	
DICARBOXYLIC ACID TRANSPORT%GOBP%GO:0006835	DICARBOXYLIC ACID TRANSPORT%GOBP%GO:0006835		39	-0.2927929	-0.7959961	0.80856425	0.8497075	1.0	2631	tags=21%, list=15%, signal=24%	
EPIGENETIC REGULATION OF ADIPOGENESIS GENES BY MLL3 AND MLL4 COMPLEXES%REACTOME DATABASE ID RELEASE 93%9851695	EPIGENETIC REGULATION OF ADIPOGENESIS GENES BY MLL3 AND MLL4 COMPLEXES%REACTOME DATABASE ID RELEASE 93%9851695		69	-0.27113393	-0.795425	0.82661784	0.8503379	1.0	3787	tags=20%, list=22%, signal=26%	
EXTRACELLULAR MATRIX ASSEMBLY%GOBP%GO:0085029	EXTRACELLULAR MATRIX ASSEMBLY%GOBP%GO:0085029		19	-0.3376947	-0.79527056	0.78171897	0.85035443	1.0	3451	tags=32%, list=20%, signal=39%	
NEGATIVE REGULATION OF PEPTIDYL-TYROSINE PHOSPHORYLATION%GOBP%GO:0050732	NEGATIVE REGULATION OF PEPTIDYL-TYROSINE PHOSPHORYLATION%GOBP%GO:0050732		17	-0.34714714	-0.79477465	0.7900553	0.8508498	1.0	1154	tags=18%, list=7%, signal=19%	
VXPX CARGO-TARGETING TO CILIUM%REACTOME%R-HSA-5620916.4	VXPX CARGO-TARGETING TO CILIUM%REACTOME%R-HSA-5620916.4		18	-0.3402264	-0.7938207	0.770692	0.85200566	1.0	5098	tags=33%, list=29%, signal=47%	
POSITIVE REGULATION OF NLRP3 INFLAMMASOME COMPLEX ASSEMBLY%GOBP%GO:1900227	POSITIVE REGULATION OF NLRP3 INFLAMMASOME COMPLEX ASSEMBLY%GOBP%GO:1900227		16	-0.35190636	-0.792973	0.75895315	0.85306084	1.0	4807	tags=38%, list=28%, signal=52%	
APC C:CDC20 MEDIATED DEGRADATION OF CYCLIN B%REACTOME DATABASE ID RELEASE 93%174048	APC C:CDC20 MEDIATED DEGRADATION OF CYCLIN B%REACTOME DATABASE ID RELEASE 93%174048		24	-0.32029495	-0.79215115	0.7838542	0.85402447	1.0	6524	tags=54%, list=37%, signal=86%	
MLL4 AND MLL3 COMPLEXES REGULATE EXPRESSION OF PPARG TARGET GENES IN ADIPOGENESIS AND HEPATIC STEATOSIS%REACTOME DATABASE ID RELEASE 93%9841922	MLL4 AND MLL3 COMPLEXES REGULATE EXPRESSION OF PPARG TARGET GENES IN ADIPOGENESIS AND HEPATIC STEATOSIS%REACTOME DATABASE ID RELEASE 93%9841922		69	-0.27113393	-0.7910822	0.8382878	0.8553539	1.0	3787	tags=20%, list=22%, signal=26%	
INSULIN PROCESSING%REACTOME%R-HSA-264876.7	INSULIN PROCESSING%REACTOME%R-HSA-264876.7		21	-0.32905135	-0.7909665	0.78078485	0.85529625	1.0	981	tags=10%, list=6%, signal=10%	
REGULATION OF NON-CANONICAL NF-KAPPAB SIGNAL TRANSDUCTION%GOBP%GO:1901222	REGULATION OF NON-CANONICAL NF-KAPPAB SIGNAL TRANSDUCTION%GOBP%GO:1901222		41	-0.29138097	-0.79069567	0.8098859	0.8554569	1.0	2685	tags=20%, list=15%, signal=23%	
CELL MIGRATION INVOLVED IN SPROUTING ANGIOGENESIS%GOBP%GO:0002042	CELL MIGRATION INVOLVED IN SPROUTING ANGIOGENESIS%GOBP%GO:0002042		15	-0.34917304	-0.7891409	0.75284094	0.8574866	1.0	422	tags=13%, list=2%, signal=14%	
NEGATIVE REGULATION OF CHEMOTAXIS%GOBP%GO:0050922	NEGATIVE REGULATION OF CHEMOTAXIS%GOBP%GO:0050922		21	-0.3292871	-0.78896147	0.7629428	0.85752285	1.0	969	tags=10%, list=6%, signal=10%	
REGULATION OF CELL ADHESION MEDIATED BY INTEGRIN%GOBP%GO:0033628	REGULATION OF CELL ADHESION MEDIATED BY INTEGRIN%GOBP%GO:0033628		27	-0.31598675	-0.7882566	0.78255033	0.85832816	1.0	3112	tags=22%, list=18%, signal=27%	
ACETAMINOPHEN METABOLISM PATHWAY%PATHWHIZ%PW000616	ACETAMINOPHEN METABOLISM PATHWAY%PATHWHIZ%PW000616		18	-0.34416085	-0.7878849	0.7793494	0.8586531	1.0	47	tags=6%, list=0%, signal=6%	
INFLUENCE OF LAMINOPATHIES ON WNT SIGNALING%WIKIPATHWAYS_20250810%WP4844%HOMO SAPIENS	INFLUENCE OF LAMINOPATHIES ON WNT SIGNALING%WIKIPATHWAYS_20250810%WP4844%HOMO SAPIENS		28	-0.3107999	-0.7878114	0.7896175	0.85853213	1.0	1557	tags=14%, list=9%, signal=16%	
REGULATION OF NON-CANONICAL WNT SIGNALING PATHWAY%GOBP%GO:2000050	REGULATION OF NON-CANONICAL WNT SIGNALING PATHWAY%GOBP%GO:2000050		16	-0.34439793	-0.7873362	0.77446806	0.858971	1.0	2655	tags=25%, list=15%, signal=29%	
MYELOID CELL HOMEOSTASIS%GOBP%GO:0002262	MYELOID CELL HOMEOSTASIS%GOBP%GO:0002262		52	-0.2807965	-0.7873284	0.82587063	0.8587576	1.0	4980	tags=44%, list=29%, signal=62%	
REGULATION OF MITF-M-DEPENDENT GENES INVOLVED IN APOPTOSIS%REACTOME DATABASE ID RELEASE 93%9824594	REGULATION OF MITF-M-DEPENDENT GENES INVOLVED IN APOPTOSIS%REACTOME DATABASE ID RELEASE 93%9824594		15	-0.34929135	-0.7869253	0.7593361	0.8591374	1.0	5309	tags=47%, list=30%, signal=67%	
BMAL1:CLOCK,NPAS2 ACTIVATES CIRCADIAN EXPRESSION%REACTOME%R-HSA-1368108.8	BMAL1:CLOCK,NPAS2 ACTIVATES CIRCADIAN EXPRESSION%REACTOME%R-HSA-1368108.8		19	-0.3352651	-0.78651875	0.7707182	0.8595066	1.0	6486	tags=58%, list=37%, signal=92%	
ALPHA-SYNUCLEIN SIGNALING%PATHWAY INTERACTION DATABASE NCI-NATURE CURATED DATA%ALPHA-SYNUCLEIN SIGNALING	ALPHA-SYNUCLEIN SIGNALING%PATHWAY INTERACTION DATABASE NCI-NATURE CURATED DATA%ALPHA-SYNUCLEIN SIGNALING		24	-0.3166931	-0.7861106	0.78629035	0.8598653	1.0	4306	tags=42%, list=25%, signal=55%	
SMAD2 SMAD3:SMAD4 HETEROTRIMER REGULATES TRANSCRIPTION%REACTOME%R-HSA-2173796.6	SMAD2 SMAD3:SMAD4 HETEROTRIMER REGULATES TRANSCRIPTION%REACTOME%R-HSA-2173796.6		35	-0.29532176	-0.7857747	0.8124191	0.86011636	1.0	4104	tags=37%, list=24%, signal=48%	
MICRORNAS IN CARDIOMYOCYTE HYPERTROPHY%WIKIPATHWAYS_20250810%WP1544%HOMO SAPIENS	MICRORNAS IN CARDIOMYOCYTE HYPERTROPHY%WIKIPATHWAYS_20250810%WP1544%HOMO SAPIENS		64	-0.26892173	-0.78540605	0.8320988	0.86040884	1.0	3149	tags=27%, list=18%, signal=32%	
ROLE OF PHOSPHOLIPIDS IN PHAGOCYTOSIS%REACTOME%R-HSA-2029485.3	ROLE OF PHOSPHOLIPIDS IN PHAGOCYTOSIS%REACTOME%R-HSA-2029485.3		17	-0.33989686	-0.7851175	0.76150626	0.86059886	1.0	4062	tags=35%, list=23%, signal=46%	
FATTY-ACYL-COA METABOLIC PROCESS%GOBP%GO:0035337	FATTY-ACYL-COA METABOLIC PROCESS%GOBP%GO:0035337		38	-0.29038662	-0.78494877	0.83355004	0.86061877	1.0	3022	tags=26%, list=17%, signal=32%	
GLIAL CELL DIFFERENTIATION%GOBP%GO:0010001	GLIAL CELL DIFFERENTIATION%GOBP%GO:0010001		67	-0.26710296	-0.78455883	0.8484487	0.86096066	1.0	4089	tags=30%, list=23%, signal=39%	
PID_RAC1_REG_PATHWAY%MSIGDB_C2%PID_RAC1_REG_PATHWAY	PID_RAC1_REG_PATHWAY%MSIGDB_C2%PID_RAC1_REG_PATHWAY		23	-0.319997	-0.78438824	0.793007	0.8609853	1.0	3798	tags=35%, list=22%, signal=44%	
TRANSLESION SYNTHESIS BY POLK%REACTOME%R-HSA-5655862.2	TRANSLESION SYNTHESIS BY POLK%REACTOME%R-HSA-5655862.2		17	-0.34063014	-0.78437173	0.78359264	0.8607824	1.0	4825	tags=41%, list=28%, signal=57%	
IRON ION TRANSPORT%GOBP%GO:0006826	IRON ION TRANSPORT%GOBP%GO:0006826		28	-0.30780035	-0.78367084	0.7992074	0.861551	1.0	6063	tags=50%, list=35%, signal=76%	
GLYCEROPHOSPHOLIPID CATABOLIC PROCESS%GOBP%GO:0046475	GLYCEROPHOSPHOLIPID CATABOLIC PROCESS%GOBP%GO:0046475		17	-0.34345526	-0.7836578	0.79231864	0.86134315	1.0	3393	tags=24%, list=19%, signal=29%	
POSITIVE REGULATION OF VESICLE FUSION%GOBP%GO:0031340	POSITIVE REGULATION OF VESICLE FUSION%GOBP%GO:0031340		17	-0.33936226	-0.7830408	0.79079497	0.8619974	1.0	1585	tags=18%, list=9%, signal=19%	
FERTILIZATION%GOBP%GO:0009566	FERTILIZATION%GOBP%GO:0009566		50	-0.27826616	-0.7829748	0.84255844	0.8618673	1.0	4575	tags=30%, list=26%, signal=41%	
OXIDATION BY CYTOCHROME P450%WIKIPATHWAYS_20250810%WP43%HOMO SAPIENS	OXIDATION BY CYTOCHROME P450%WIKIPATHWAYS_20250810%WP43%HOMO SAPIENS		21	-0.32695988	-0.7828622	0.77959186	0.8617906	1.0	1224	tags=14%, list=7%, signal=15%	
PEPTIDYL-TYROSINE DEPHOSPHORYLATION%GOBP%GO:0035335	PEPTIDYL-TYROSINE DEPHOSPHORYLATION%GOBP%GO:0035335		16	-0.34712878	-0.78259856	0.77684796	0.8619574	1.0	6551	tags=75%, list=38%, signal=120%	
REGULATION OF NATURAL KILLER CELL MEDIATED IMMUNITY%GOBP%GO:0002715	REGULATION OF NATURAL KILLER CELL MEDIATED IMMUNITY%GOBP%GO:0002715		17	-0.33815077	-0.78258324	0.7866109	0.86175734	1.0	4171	tags=29%, list=24%, signal=39%	
REGULATION OF INFLAMMASOME-MEDIATED SIGNALING PATHWAY%GOBP%GO:0141085	REGULATION OF INFLAMMASOME-MEDIATED SIGNALING PATHWAY%GOBP%GO:0141085		31	-0.29915014	-0.78255165	0.80784845	0.8615769	1.0	4807	tags=32%, list=28%, signal=44%	
3'-UTR-MEDIATED MRNA DESTABILIZATION%GOBP%GO:0061158	3'-UTR-MEDIATED MRNA DESTABILIZATION%GOBP%GO:0061158		16	-0.3421261	-0.78240407	0.7819972	0.86156464	1.0	4821	tags=44%, list=28%, signal=60%	
PHOTODYNAMIC THERAPY INDUCED UNFOLDED PROTEIN RESPONSE%WIKIPATHWAYS_20250810%WP3613%HOMO SAPIENS	PHOTODYNAMIC THERAPY INDUCED UNFOLDED PROTEIN RESPONSE%WIKIPATHWAYS_20250810%WP3613%HOMO SAPIENS		17	-0.34278053	-0.7813747	0.7582418	0.8627641	1.0	1374	tags=12%, list=8%, signal=13%	
ANTIVIRAL INNATE IMMUNE RESPONSE%GOBP%GO:0140374	ANTIVIRAL INNATE IMMUNE RESPONSE%GOBP%GO:0140374		47	-0.28504968	-0.78118575	0.8255814	0.8628052	1.0	1960	tags=17%, list=11%, signal=19%	
HDMS DEMETHYLATE HISTONES%REACTOME DATABASE ID RELEASE 93%3214842	HDMS DEMETHYLATE HISTONES%REACTOME DATABASE ID RELEASE 93%3214842		22	-0.32070082	-0.7808245	0.7997275	0.86307806	1.0	6298	tags=68%, list=36%, signal=107%	
RUNX1 REGULATES GENES INVOLVED IN MEGAKARYOCYTE DIFFERENTIATION AND PLATELET FUNCTION%REACTOME DATABASE ID RELEASE 93%8936459	RUNX1 REGULATES GENES INVOLVED IN MEGAKARYOCYTE DIFFERENTIATION AND PLATELET FUNCTION%REACTOME DATABASE ID RELEASE 93%8936459		30	-0.3058638	-0.78047895	0.81648934	0.8633289	1.0	6751	tags=50%, list=39%, signal=81%	
ASYMMETRIC LOCALIZATION OF PCP PROTEINS%REACTOME%R-HSA-4608870.3	ASYMMETRIC LOCALIZATION OF PCP PROTEINS%REACTOME%R-HSA-4608870.3		50	-0.2787149	-0.77997494	0.8375451	0.8638135	1.0	4825	tags=36%, list=28%, signal=50%	
TRANSLESION SYNTHESIS BY REV1%REACTOME%R-HSA-110312.3	TRANSLESION SYNTHESIS BY REV1%REACTOME%R-HSA-110312.3		16	-0.34518138	-0.77946454	0.77640605	0.8642812	1.0	4825	tags=44%, list=28%, signal=60%	
DOWNSTREAM SIGNAL TRANSDUCTION%REACTOME DATABASE ID RELEASE 93%186763	DOWNSTREAM SIGNAL TRANSDUCTION%REACTOME DATABASE ID RELEASE 93%186763		23	-0.31334347	-0.779424	0.8034301	0.8641087	1.0	3809	tags=35%, list=22%, signal=44%	
BIOGENIC AMINE BIOSYNTHETIC PROCESS%GOBP%GO:0042401	BIOGENIC AMINE BIOSYNTHETIC PROCESS%GOBP%GO:0042401		19	-0.32712594	-0.7791314	0.7749648	0.8642921	1.0	1155	tags=16%, list=7%, signal=17%	
FATTY ACID DERIVATIVE METABOLIC PROCESS%GOBP%GO:1901568	FATTY ACID DERIVATIVE METABOLIC PROCESS%GOBP%GO:1901568		55	-0.27480963	-0.77909565	0.8561151	0.8641145	1.0	3022	tags=24%, list=17%, signal=28%	
BIOCARTA_RAC1_PATHWAY%MSIGDB_C2%BIOCARTA_RAC1_PATHWAY	BIOCARTA_RAC1_PATHWAY%MSIGDB_C2%BIOCARTA_RAC1_PATHWAY		15	-0.35138217	-0.7789603	0.8047753	0.8640747	1.0	1819	tags=27%, list=10%, signal=30%	
VEGFR3 SIGNALING IN LYMPHATIC ENDOTHELIUM%PATHWAY INTERACTION DATABASE NCI-NATURE CURATED DATA%VEGFR3 SIGNALING IN LYMPHATIC ENDOTHELIUM	VEGFR3 SIGNALING IN LYMPHATIC ENDOTHELIUM%PATHWAY INTERACTION DATABASE NCI-NATURE CURATED DATA%VEGFR3 SIGNALING IN LYMPHATIC ENDOTHELIUM		22	-0.3191473	-0.77831364	0.79577464	0.8647647	1.0	3687	tags=23%, list=21%, signal=29%	
CELL-CELL ADHESION MEDIATED BY CADHERIN%GOBP%GO:0044331	CELL-CELL ADHESION MEDIATED BY CADHERIN%GOBP%GO:0044331		29	-0.30387655	-0.7781334	0.815508	0.8648077	1.0	4892	tags=38%, list=28%, signal=53%	
BIOCARTA_CARM_ER_PATHWAY%MSIGDB_C2%BIOCARTA_CARM_ER_PATHWAY	BIOCARTA_CARM_ER_PATHWAY%MSIGDB_C2%BIOCARTA_CARM_ER_PATHWAY		20	-0.32778293	-0.77681917	0.78459346	0.866409	1.0	2416	tags=25%, list=14%, signal=29%	
CENTRIOLE REPLICATION%GOBP%GO:0007099	CENTRIOLE REPLICATION%GOBP%GO:0007099		22	-0.3157682	-0.7757508	0.79773694	0.86767787	1.0	4174	tags=27%, list=24%, signal=36%	
POSITIVE REGULATION OF LEUKOCYTE MIGRATION%GOBP%GO:0002687	POSITIVE REGULATION OF LEUKOCYTE MIGRATION%GOBP%GO:0002687		66	-0.26824757	-0.775665	0.85269463	0.86756116	1.0	3754	tags=24%, list=21%, signal=31%	
G PROTEIN-COUPLED RECEPTOR SIGNALING PATHWAY, COUPLED TO CYCLIC NUCLEOTIDE SECOND MESSENGER%GOBP%GO:0007187	G PROTEIN-COUPLED RECEPTOR SIGNALING PATHWAY, COUPLED TO CYCLIC NUCLEOTIDE SECOND MESSENGER%GOBP%GO:0007187		18	-0.3350399	-0.7755493	0.7876712	0.8674952	1.0	3389	tags=22%, list=19%, signal=28%	
AMINE BIOSYNTHETIC PROCESS%GOBP%GO:0009309	AMINE BIOSYNTHETIC PROCESS%GOBP%GO:0009309		19	-0.32712594	-0.77551585	0.80622345	0.8673186	1.0	1155	tags=16%, list=7%, signal=17%	
REGULATION OF CELLULAR PH%GOBP%GO:0030641	REGULATION OF CELLULAR PH%GOBP%GO:0030641		66	-0.26740536	-0.7753746	0.85131896	0.8672846	1.0	5335	tags=35%, list=31%, signal=50%	
REGULATION OF TYPE II INTERFERON PRODUCTION%GOBP%GO:0032649	REGULATION OF TYPE II INTERFERON PRODUCTION%GOBP%GO:0032649		39	-0.28716314	-0.77509165	0.836129	0.8674463	1.0	3206	tags=21%, list=18%, signal=25%	
LIPID STORAGE%GOBP%GO:0019915	LIPID STORAGE%GOBP%GO:0019915		25	-0.31184453	-0.77507704	0.78968257	0.867245	1.0	4247	tags=36%, list=24%, signal=48%	
INOSITOL PHOSPHATE METABOLIC PROCESS%GOBP%GO:0043647	INOSITOL PHOSPHATE METABOLIC PROCESS%GOBP%GO:0043647		21	-0.32500058	-0.77417415	0.8023873	0.8682574	1.0	4942	tags=43%, list=28%, signal=60%	
MIRNA-MEDIATED POST-TRANSCRIPTIONAL GENE SILENCING%GOBP%GO:0035195	MIRNA-MEDIATED POST-TRANSCRIPTIONAL GENE SILENCING%GOBP%GO:0035195		28	-0.30472487	-0.77394456	0.8167116	0.86833423	1.0	5309	tags=32%, list=30%, signal=46%	
CELLULAR RESPONSE TO MISFOLDED PROTEIN%GOBP%GO:0071218	CELLULAR RESPONSE TO MISFOLDED PROTEIN%GOBP%GO:0071218		15	-0.34255636	-0.7738621	0.78977275	0.8682241	1.0	1133	tags=13%, list=6%, signal=14%	
REGULATION OF KERATINOCYTE DIFFERENTIATION%GOBP%GO:0045616	REGULATION OF KERATINOCYTE DIFFERENTIATION%GOBP%GO:0045616		18	-0.33022347	-0.7738218	0.79324895	0.8680563	1.0	409	tags=11%, list=2%, signal=11%	
REGULATION OF PH%GOBP%GO:0006885	REGULATION OF PH%GOBP%GO:0006885		69	-0.26721978	-0.77331555	0.86248493	0.8685078	1.0	5335	tags=35%, list=31%, signal=50%	
APOPTOTIC CLEAVAGE OF CELLULAR PROTEINS%REACTOME DATABASE ID RELEASE 93%111465	APOPTOTIC CLEAVAGE OF CELLULAR PROTEINS%REACTOME DATABASE ID RELEASE 93%111465		31	-0.29955018	-0.77322495	0.81291175	0.8684097	1.0	4984	tags=39%, list=29%, signal=54%	
PROTEIN HETEROOLIGOMERIZATION%GOBP%GO:0051291	PROTEIN HETEROOLIGOMERIZATION%GOBP%GO:0051291		18	-0.33143967	-0.7727471	0.7689133	0.8688392	1.0	5947	tags=56%, list=34%, signal=84%	
NEGATIVE REGULATION OF MITOTIC NUCLEAR DIVISION%GOBP%GO:0045839	NEGATIVE REGULATION OF MITOTIC NUCLEAR DIVISION%GOBP%GO:0045839		34	-0.29640734	-0.77246356	0.82175624	0.8689997	1.0	1960	tags=15%, list=11%, signal=17%	
INTERFERON ALPHA BETA SIGNALING%REACTOME%R-HSA-909733.9	INTERFERON ALPHA BETA SIGNALING%REACTOME%R-HSA-909733.9		47	-0.28003377	-0.7722041	0.8489848	0.86913836	1.0	5508	tags=30%, list=32%, signal=43%	
FGFR2 ALTERNATIVE SPLICING%REACTOME%R-HSA-6803529.3	FGFR2 ALTERNATIVE SPLICING%REACTOME%R-HSA-6803529.3		24	-0.30630293	-0.77218264	0.83641535	0.86894697	1.0	5446	tags=42%, list=31%, signal=60%	
VASOPRESSIN REGULATES RENAL WATER HOMEOSTASIS VIA AQUAPORINS%REACTOME DATABASE ID RELEASE 93%432040	VASOPRESSIN REGULATES RENAL WATER HOMEOSTASIS VIA AQUAPORINS%REACTOME DATABASE ID RELEASE 93%432040		35	-0.29036686	-0.7711403	0.81640625	0.8701756	1.0	782	tags=11%, list=4%, signal=12%	
CIRCADIAN REGULATION OF GENE EXPRESSION%GOBP%GO:0032922	CIRCADIAN REGULATION OF GENE EXPRESSION%GOBP%GO:0032922		55	-0.27173325	-0.7706684	0.84150946	0.8706164	1.0	5435	tags=45%, list=31%, signal=66%	
EPIDERMIS DEVELOPMENT%GOBP%GO:0008544	EPIDERMIS DEVELOPMENT%GOBP%GO:0008544		80	-0.25655258	-0.7699579	0.8761792	0.8713302	1.0	4298	tags=28%, list=25%, signal=36%	
BETA1 ADRENERGIC RECEPTOR SIGNALING PATHWAY%PANTHER PATHWAY%P04377	BETA1 ADRENERGIC RECEPTOR SIGNALING PATHWAY%PANTHER PATHWAY%P04377		21	-0.32150376	-0.7699263	0.80544215	0.8711523	1.0	2554	tags=19%, list=15%, signal=22%	
TP53 REGULATES TRANSCRIPTION OF CELL DEATH GENES%REACTOME%R-HSA-5633008.4	TP53 REGULATES TRANSCRIPTION OF CELL DEATH GENES%REACTOME%R-HSA-5633008.4		33	-0.29855987	-0.7698077	0.82360744	0.87109727	1.0	4703	tags=27%, list=27%, signal=37%	
REGULATION OF NATURAL KILLER CELL MEDIATED CYTOTOXICITY%GOBP%GO:0042269	REGULATION OF NATURAL KILLER CELL MEDIATED CYTOTOXICITY%GOBP%GO:0042269		17	-0.33815077	-0.7692076	0.8055556	0.87167966	1.0	4171	tags=29%, list=24%, signal=39%	
CENTROSOME DUPLICATION%GOBP%GO:0051298	CENTROSOME DUPLICATION%GOBP%GO:0051298		35	-0.29023317	-0.76884866	0.8211488	0.8719501	1.0	4474	tags=29%, list=26%, signal=38%	
DNA MISMATCH REPAIR%WIKIPATHWAYS_20250810%WP531%HOMO SAPIENS	DNA MISMATCH REPAIR%WIKIPATHWAYS_20250810%WP531%HOMO SAPIENS		18	-0.32911602	-0.7679496	0.78236914	0.8729604	1.0	4979	tags=39%, list=29%, signal=54%	
HIPPO SIGNALING%GOBP%GO:0035329	HIPPO SIGNALING%GOBP%GO:0035329		22	-0.31612098	-0.7673393	0.8292683	0.8735549	1.0	1611	tags=18%, list=9%, signal=20%	
EPHRIN B REVERSE SIGNALING%PATHWAY INTERACTION DATABASE NCI-NATURE CURATED DATA%EPHRIN B REVERSE SIGNALING	EPHRIN B REVERSE SIGNALING%PATHWAY INTERACTION DATABASE NCI-NATURE CURATED DATA%EPHRIN B REVERSE SIGNALING		22	-0.31783313	-0.7665064	0.8018494	0.8744395	1.0	3060	tags=32%, list=18%, signal=39%	
RESPONSE TO OSMOTIC STRESS%GOBP%GO:0006970	RESPONSE TO OSMOTIC STRESS%GOBP%GO:0006970		38	-0.2862278	-0.7659984	0.8378033	0.8749067	1.0	5028	tags=39%, list=29%, signal=55%	
DEFENSE RESPONSE TO BACTERIUM%GOBP%GO:0042742	DEFENSE RESPONSE TO BACTERIUM%GOBP%GO:0042742		65	-0.26354405	-0.7659727	0.8730351	0.87471634	1.0	5230	tags=31%, list=30%, signal=44%	
FATTY ACID AND LIPOPROTEIN TRANSPORT IN HEPATOCYTES%WIKIPATHWAYS_20250810%WP5323%HOMO SAPIENS	FATTY ACID AND LIPOPROTEIN TRANSPORT IN HEPATOCYTES%WIKIPATHWAYS_20250810%WP5323%HOMO SAPIENS		21	-0.32183698	-0.7657385	0.8119891	0.87481236	1.0	3090	tags=24%, list=18%, signal=29%	
MOTILE CILIUM ASSEMBLY%GOBP%GO:0044458	MOTILE CILIUM ASSEMBLY%GOBP%GO:0044458		35	-0.28532225	-0.7648892	0.84272605	0.87571716	1.0	5319	tags=34%, list=30%, signal=49%	
RESPONSE TO GLUCAGON%GOBP%GO:0033762	RESPONSE TO GLUCAGON%GOBP%GO:0033762		15	-0.34309873	-0.7623375	0.7994506	0.87889624	1.0	3889	tags=47%, list=22%, signal=60%	
REGULATION OF MACROPHAGE CHEMOTAXIS%GOBP%GO:0010758	REGULATION OF MACROPHAGE CHEMOTAXIS%GOBP%GO:0010758		16	-0.33718607	-0.76093864	0.80972224	0.88054115	1.0	4219	tags=31%, list=24%, signal=41%	
REGULATION OF CENTRIOLE REPLICATION%GOBP%GO:0046599	REGULATION OF CENTRIOLE REPLICATION%GOBP%GO:0046599		22	-0.31247935	-0.760173	0.82377046	0.8813095	1.0	4456	tags=23%, list=26%, signal=30%	
NEGATIVE REGULATION OF REPRODUCTIVE PROCESS%GOBP%GO:2000242	NEGATIVE REGULATION OF REPRODUCTIVE PROCESS%GOBP%GO:2000242		23	-0.30995107	-0.7599531	0.82132965	0.88138086	1.0	1808	tags=17%, list=10%, signal=19%	
NUCLEOSOME ASSEMBLY%GOBP%GO:0006334	NUCLEOSOME ASSEMBLY%GOBP%GO:0006334		37	-0.28611207	-0.75941205	0.844	0.88185835	1.0	5842	tags=41%, list=33%, signal=61%	
INTERACTOME OF POLYCOMB REPRESSIVE COMPLEX 2 PRC2 %WIKIPATHWAYS_20250810%WP2916%HOMO SAPIENS	INTERACTOME OF POLYCOMB REPRESSIVE COMPLEX 2 PRC2 %WIKIPATHWAYS_20250810%WP2916%HOMO SAPIENS		15	-0.3320714	-0.75873405	0.8011283	0.88251776	1.0	5859	tags=47%, list=34%, signal=70%	
NEGATIVE REGULATION OF LIPID BIOSYNTHETIC PROCESS%GOBP%GO:0051055	NEGATIVE REGULATION OF LIPID BIOSYNTHETIC PROCESS%GOBP%GO:0051055		38	-0.2831134	-0.7582438	0.85237485	0.88292605	1.0	2360	tags=18%, list=14%, signal=21%	
CELL SURFACE RECEPTOR SIGNALING PATHWAY VIA STAT%GOBP%GO:0097696	CELL SURFACE RECEPTOR SIGNALING PATHWAY VIA STAT%GOBP%GO:0097696		33	-0.28922155	-0.7579024	0.8205805	0.88315016	1.0	2465	tags=18%, list=14%, signal=21%	
APC-CDC20 MEDIATED DEGRADATION OF NEK2A%REACTOME%R-HSA-179409.5	APC-CDC20 MEDIATED DEGRADATION OF NEK2A%REACTOME%R-HSA-179409.5		26	-0.2991276	-0.7577264	0.80906594	0.88313645	1.0	6898	tags=54%, list=40%, signal=89%	
TLR4 SIGNALING AND TOLERANCE%WIKIPATHWAYS_20250810%WP3851%HOMO SAPIENS	TLR4 SIGNALING AND TOLERANCE%WIKIPATHWAYS_20250810%WP3851%HOMO SAPIENS		21	-0.32114184	-0.7573983	0.82556593	0.8833485	1.0	4822	tags=43%, list=28%, signal=59%	
PID_IL12_2PATHWAY%MSIGDB_C2%PID_IL12_2PATHWAY	PID_IL12_2PATHWAY%MSIGDB_C2%PID_IL12_2PATHWAY		28	-0.29687765	-0.7563248	0.82444733	0.88450676	1.0	1261	tags=11%, list=7%, signal=12%	
FOXO-MEDIATED TRANSCRIPTION OF CELL DEATH GENES%REACTOME DATABASE ID RELEASE 93%9614657	FOXO-MEDIATED TRANSCRIPTION OF CELL DEATH GENES%REACTOME DATABASE ID RELEASE 93%9614657		15	-0.33310536	-0.7560792	0.8020086	0.8845987	1.0	5059	tags=40%, list=29%, signal=56%	
RESISTIN AS A REGULATOR OF INFLAMMATION%WIKIPATHWAYS_20250810%WP4481%HOMO SAPIENS	RESISTIN AS A REGULATOR OF INFLAMMATION%WIKIPATHWAYS_20250810%WP4481%HOMO SAPIENS		22	-0.3195613	-0.7554096	0.8295302	0.88519675	1.0	3265	tags=32%, list=19%, signal=39%	
NEGATIVE REGULATION OF INTRINSIC APOPTOTIC SIGNALING PATHWAY IN RESPONSE TO DNA DAMAGE%GOBP%GO:1902230	NEGATIVE REGULATION OF INTRINSIC APOPTOTIC SIGNALING PATHWAY IN RESPONSE TO DNA DAMAGE%GOBP%GO:1902230		23	-0.30561706	-0.7529926	0.8333333	0.88799644	1.0	2360	tags=17%, list=14%, signal=20%	
PIGMENT CELL DIFFERENTIATION%GOBP%GO:0050931	PIGMENT CELL DIFFERENTIATION%GOBP%GO:0050931		16	-0.33120298	-0.7528225	0.810271	0.88798565	1.0	2870	tags=25%, list=16%, signal=30%	
DETOXIFICATION OF REACTIVE OXYGEN SPECIES%REACTOME%R-HSA-3299685.7	DETOXIFICATION OF REACTIVE OXYGEN SPECIES%REACTOME%R-HSA-3299685.7		23	-0.30908617	-0.75125974	0.8331053	0.88974077	1.0	2301	tags=17%, list=13%, signal=20%	
PKA ACTIVATION%REACTOME%R-HSA-163615.6	PKA ACTIVATION%REACTOME%R-HSA-163615.6		16	-0.32115784	-0.7511962	0.82054794	0.88960266	1.0	3889	tags=38%, list=22%, signal=48%	
MICROTUBULE NUCLEATION%GOBP%GO:0007020	MICROTUBULE NUCLEATION%GOBP%GO:0007020		28	-0.29871863	-0.7511521	0.8355615	0.88943124	1.0	4332	tags=32%, list=25%, signal=43%	
POSITIVE REGULATION OF TELOMERE MAINTENANCE VIA TELOMERE LENGTHENING%GOBP%GO:1904358	POSITIVE REGULATION OF TELOMERE MAINTENANCE VIA TELOMERE LENGTHENING%GOBP%GO:1904358		26	-0.30251712	-0.7509489	0.82818794	0.8894443	1.0	6041	tags=38%, list=35%, signal=59%	
REGULATION OF HIPPO SIGNALING%GOBP%GO:0035330	REGULATION OF HIPPO SIGNALING%GOBP%GO:0035330		40	-0.27762976	-0.74828506	0.8619355	0.89261776	1.0	5278	tags=28%, list=30%, signal=39%	
EXECUTION PHASE OF APOPTOSIS%GOBP%GO:0097194	EXECUTION PHASE OF APOPTOSIS%GOBP%GO:0097194		36	-0.2845269	-0.7482169	0.86917096	0.8924693	1.0	6175	tags=50%, list=35%, signal=77%	
SULFUR COMPOUND CATABOLIC PROCESS%GOBP%GO:0044273	SULFUR COMPOUND CATABOLIC PROCESS%GOBP%GO:0044273		26	-0.30339012	-0.7478662	0.83621836	0.89267266	1.0	3894	tags=27%, list=22%, signal=35%	
ANTIGEN PROCESSING AND PRESENTATION OF EXOGENOUS ANTIGEN%GOBP%GO:0019884	ANTIGEN PROCESSING AND PRESENTATION OF EXOGENOUS ANTIGEN%GOBP%GO:0019884		19	-0.31681997	-0.7477453	0.82377625	0.8925898	1.0	2471	tags=21%, list=14%, signal=24%	
PID_IFNG_PATHWAY%MSIGDB_C2%PID_IFNG_PATHWAY	PID_IFNG_PATHWAY%MSIGDB_C2%PID_IFNG_PATHWAY		27	-0.29534018	-0.74739796	0.8304636	0.8927972	1.0	4954	tags=41%, list=28%, signal=57%	
REGULATION OF VASCULAR ENDOTHELIAL CELL PROLIFERATION%GOBP%GO:1905562	REGULATION OF VASCULAR ENDOTHELIAL CELL PROLIFERATION%GOBP%GO:1905562		17	-0.3250707	-0.7469716	0.8438762	0.8931048	1.0	3415	tags=29%, list=20%, signal=37%	
NEGATIVE REGULATION OF MONONUCLEAR CELL MIGRATION%GOBP%GO:0071676	NEGATIVE REGULATION OF MONONUCLEAR CELL MIGRATION%GOBP%GO:0071676		17	-0.3223636	-0.7452935	0.8434548	0.89495516	1.0	969	tags=12%, list=6%, signal=12%	
RECOGNITION OF DNA DAMAGE BY PCNA-CONTAINING REPLICATION COMPLEX%REACTOME%R-HSA-110314.5	RECOGNITION OF DNA DAMAGE BY PCNA-CONTAINING REPLICATION COMPLEX%REACTOME%R-HSA-110314.5		30	-0.29021895	-0.74465513	0.86648864	0.895517	1.0	5017	tags=47%, list=29%, signal=65%	
SPHINGOID METABOLIC PROCESS%GOBP%GO:0046519	SPHINGOID METABOLIC PROCESS%GOBP%GO:0046519		17	-0.32039118	-0.74443614	0.8277311	0.8955617	1.0	96	tags=6%, list=1%, signal=6%	
REGULATION OF RELEASE OF SEQUESTERED CALCIUM ION INTO CYTOSOL%GOBP%GO:0051279	REGULATION OF RELEASE OF SEQUESTERED CALCIUM ION INTO CYTOSOL%GOBP%GO:0051279		44	-0.2683657	-0.7442068	0.8666667	0.8956061	1.0	1145	tags=11%, list=7%, signal=12%	
PROGERIA ASSOCIATED LIPODYSTROPHY%WIKIPATHWAYS_20250810%WP5103%HOMO SAPIENS	PROGERIA ASSOCIATED LIPODYSTROPHY%WIKIPATHWAYS_20250810%WP5103%HOMO SAPIENS		16	-0.32596797	-0.74415606	0.8135838	0.8954418	1.0	3133	tags=25%, list=18%, signal=30%	
REGULATION OF NLRP3 INFLAMMASOME COMPLEX ASSEMBLY%GOBP%GO:1900225	REGULATION OF NLRP3 INFLAMMASOME COMPLEX ASSEMBLY%GOBP%GO:1900225		28	-0.28733402	-0.7440064	0.84063745	0.8953978	1.0	4807	tags=32%, list=28%, signal=44%	
NEGATIVE REGULATION OF NF-KAPPAB TRANSCRIPTION FACTOR ACTIVITY%GOBP%GO:0032088	NEGATIVE REGULATION OF NF-KAPPAB TRANSCRIPTION FACTOR ACTIVITY%GOBP%GO:0032088		34	-0.28163537	-0.7433011	0.87092566	0.89604324	1.0	4394	tags=35%, list=25%, signal=47%	
PID_RHOA_PATHWAY%MSIGDB_C2%PID_RHOA_PATHWAY	PID_RHOA_PATHWAY%MSIGDB_C2%PID_RHOA_PATHWAY		33	-0.2854627	-0.7427102	0.8404826	0.8965572	1.0	5179	tags=42%, list=30%, signal=60%	
CELL-CELL RECOGNITION%GOBP%GO:0009988	CELL-CELL RECOGNITION%GOBP%GO:0009988		17	-0.31903362	-0.7418755	0.83505154	0.89735466	1.0	3630	tags=29%, list=21%, signal=37%	
REPLICATION FORK PROCESSING%GOBP%GO:0031297	REPLICATION FORK PROCESSING%GOBP%GO:0031297		44	-0.27143353	-0.7417745	0.86043537	0.8972523	1.0	4773	tags=25%, list=27%, signal=34%	
PHASE II - CONJUGATION OF COMPOUNDS%REACTOME%R-HSA-156580.4	PHASE II - CONJUGATION OF COMPOUNDS%REACTOME%R-HSA-156580.4		53	-0.2623096	-0.7412906	0.87882656	0.8976399	1.0	3693	tags=19%, list=21%, signal=24%	
PURINERGIC SIGNALING%WIKIPATHWAYS_20250810%WP4900%HOMO SAPIENS	PURINERGIC SIGNALING%WIKIPATHWAYS_20250810%WP4900%HOMO SAPIENS		17	-0.3187938	-0.74069047	0.82360923	0.8981254	1.0	4213	tags=29%, list=24%, signal=39%	
REGULATION OF ADAPTIVE IMMUNE RESPONSE BASED ON SOMATIC RECOMBINATION OF IMMUNE RECEPTORS BUILT FROM IMMUNOGLOBULIN SUPERFAMILY DOMAINS%GOBP%GO:0002822	REGULATION OF ADAPTIVE IMMUNE RESPONSE BASED ON SOMATIC RECOMBINATION OF IMMUNE RECEPTORS BUILT FROM IMMUNOGLOBULIN SUPERFAMILY DOMAINS%GOBP%GO:0002822		79	-0.24957891	-0.7398511	0.9116608	0.89892036	1.0	3128	tags=23%, list=18%, signal=28%	
HALLMARK_ALLOGRAFT_REJECTION%MSIGDBHALLMARK%HALLMARK_ALLOGRAFT_REJECTION	HALLMARK_ALLOGRAFT_REJECTION%MSIGDBHALLMARK%HALLMARK_ALLOGRAFT_REJECTION		77	-0.24874316	-0.73859596	0.90833336	0.9001814	1.0	2738	tags=16%, list=16%, signal=18%	
POSITIVE REGULATION OF ADAPTIVE IMMUNE RESPONSE BASED ON SOMATIC RECOMBINATION OF IMMUNE RECEPTORS BUILT FROM IMMUNOGLOBULIN SUPERFAMILY DOMAINS%GOBP%GO:0002824	POSITIVE REGULATION OF ADAPTIVE IMMUNE RESPONSE BASED ON SOMATIC RECOMBINATION OF IMMUNE RECEPTORS BUILT FROM IMMUNOGLOBULIN SUPERFAMILY DOMAINS%GOBP%GO:0002824		51	-0.26118127	-0.7380978	0.89514065	0.90055233	1.0	5112	tags=35%, list=29%, signal=50%	
NEGATIVE REGULATION OF LIPID LOCALIZATION%GOBP%GO:1905953	NEGATIVE REGULATION OF LIPID LOCALIZATION%GOBP%GO:1905953		23	-0.30046597	-0.7377052	0.8355978	0.90079355	1.0	2156	tags=17%, list=12%, signal=20%	
ANCHORING OF THE BASAL BODY TO THE PLASMA MEMBRANE%REACTOME%R-HSA-5620912.4	ANCHORING OF THE BASAL BODY TO THE PLASMA MEMBRANE%REACTOME%R-HSA-5620912.4		93	-0.24100591	-0.7364412	0.9254587	0.90207624	1.0	5929	tags=38%, list=34%, signal=57%	
PID_EPHA2_FWD_PATHWAY%MSIGDB_C2%PID_EPHA2_FWD_PATHWAY	PID_EPHA2_FWD_PATHWAY%MSIGDB_C2%PID_EPHA2_FWD_PATHWAY		15	-0.3281105	-0.73614746	0.8274895	0.90218866	1.0	4086	tags=47%, list=23%, signal=61%	
UNSATURATED FATTY ACID METABOLIC PROCESS%GOBP%GO:0033559	UNSATURATED FATTY ACID METABOLIC PROCESS%GOBP%GO:0033559		57	-0.25859958	-0.7349638	0.8947368	0.90332294	1.0	3570	tags=26%, list=20%, signal=33%	
DOLICHOL-LINKED OLIGOSACCHARIDE BIOSYNTHETIC PROCESS%GOBP%GO:0006488	DOLICHOL-LINKED OLIGOSACCHARIDE BIOSYNTHETIC PROCESS%GOBP%GO:0006488		19	-0.3117701	-0.73452055	0.83676267	0.9036234	1.0	4870	tags=26%, list=28%, signal=36%	
HETEROPHILIC CELL-CELL ADHESION VIA PLASMA MEMBRANE CELL ADHESION MOLECULES%GOBP%GO:0007157	HETEROPHILIC CELL-CELL ADHESION VIA PLASMA MEMBRANE CELL ADHESION MOLECULES%GOBP%GO:0007157		16	-0.32772502	-0.73424834	0.8509749	0.90373486	1.0	4521	tags=38%, list=26%, signal=51%	
REGULATION OF TELOMERE MAINTENANCE IN RESPONSE TO DNA DAMAGE%GOBP%GO:1904505	REGULATION OF TELOMERE MAINTENANCE IN RESPONSE TO DNA DAMAGE%GOBP%GO:1904505		18	-0.31446812	-0.734243	0.8508287	0.90351117	1.0	5253	tags=39%, list=30%, signal=56%	
POSITIVE REGULATION OF ADAPTIVE IMMUNE RESPONSE%GOBP%GO:0002821	POSITIVE REGULATION OF ADAPTIVE IMMUNE RESPONSE%GOBP%GO:0002821		55	-0.25661206	-0.73308045	0.90186334	0.9046425	1.0	5112	tags=35%, list=29%, signal=49%	
SIGNALING BY NOTCH4%REACTOME DATABASE ID RELEASE 93%9013694	SIGNALING BY NOTCH4%REACTOME DATABASE ID RELEASE 93%9013694		68	-0.24996568	-0.732966	0.9227941	0.9045505	1.0	2420	tags=16%, list=14%, signal=19%	
RNA POLYMERASE I TRANSCRIPTION TERMINATION%REACTOME DATABASE ID RELEASE 93%73863	RNA POLYMERASE I TRANSCRIPTION TERMINATION%REACTOME DATABASE ID RELEASE 93%73863		25	-0.29335913	-0.7326727	0.8513158	0.90466505	1.0	5569	tags=40%, list=32%, signal=59%	
AMYLOID FIBER FORMATION%REACTOME%R-HSA-977225.8	AMYLOID FIBER FORMATION%REACTOME%R-HSA-977225.8		36	-0.2789078	-0.7325437	0.88657105	0.90458447	1.0	2516	tags=22%, list=14%, signal=26%	
SPHINGOSINE METABOLIC PROCESS%GOBP%GO:0006670	SPHINGOSINE METABOLIC PROCESS%GOBP%GO:0006670		15	-0.33280054	-0.7322558	0.8512397	0.9046945	1.0	96	tags=7%, list=1%, signal=7%	
REGULATION OF SYNAPTIC VESICLE EXOCYTOSIS%GOBP%GO:2000300	REGULATION OF SYNAPTIC VESICLE EXOCYTOSIS%GOBP%GO:2000300		23	-0.2961261	-0.7319359	0.824	0.90484065	1.0	2934	tags=22%, list=17%, signal=26%	
REGULATION OF STEROID BIOSYNTHETIC PROCESS%GOBP%GO:0050810	REGULATION OF STEROID BIOSYNTHETIC PROCESS%GOBP%GO:0050810		40	-0.27207273	-0.7309044	0.88431877	0.9057944	1.0	3966	tags=30%, list=23%, signal=39%	
CELLULAR RESPONSE TO EXTERNAL STIMULUS%GOBP%GO:0071496	CELLULAR RESPONSE TO EXTERNAL STIMULUS%GOBP%GO:0071496		38	-0.2722932	-0.73060316	0.875	0.90592176	1.0	1581	tags=13%, list=9%, signal=14%	
NEGATIVE REGULATION OF LEUKOCYTE APOPTOTIC PROCESS%GOBP%GO:2000107	NEGATIVE REGULATION OF LEUKOCYTE APOPTOTIC PROCESS%GOBP%GO:2000107		16	-0.31846887	-0.7298883	0.8361111	0.90651685	1.0	3709	tags=25%, list=21%, signal=32%	
ANTIGEN PROCESSING AND PRESENTATION OF EXOGENOUS PEPTIDE ANTIGEN%GOBP%GO:0002478	ANTIGEN PROCESSING AND PRESENTATION OF EXOGENOUS PEPTIDE ANTIGEN%GOBP%GO:0002478		19	-0.31681997	-0.72945744	0.8388889	0.9067874	1.0	2471	tags=21%, list=14%, signal=24%	
RESPONSE TO EPIDERMAL GROWTH FACTOR%GOBP%GO:0070849	RESPONSE TO EPIDERMAL GROWTH FACTOR%GOBP%GO:0070849		28	-0.2854182	-0.7289302	0.8611482	0.9071419	1.0	2818	tags=25%, list=16%, signal=30%	
S1P RECEPTOR SIGNAL TRANSDUCTION%WIKIPATHWAYS_20250810%WP26%HOMO SAPIENS	S1P RECEPTOR SIGNAL TRANSDUCTION%WIKIPATHWAYS_20250810%WP26%HOMO SAPIENS		20	-0.30943394	-0.7289282	0.8565401	0.9069137	1.0	4173	tags=40%, list=24%, signal=53%	
CELLULAR RESPONSE TO MECHANICAL STIMULUS%GOBP%GO:0071260	CELLULAR RESPONSE TO MECHANICAL STIMULUS%GOBP%GO:0071260		38	-0.2722932	-0.7264455	0.88350785	0.9095134	1.0	1581	tags=13%, list=9%, signal=14%	
MEIOSIS I CELL CYCLE PROCESS%GOBP%GO:0061982	MEIOSIS I CELL CYCLE PROCESS%GOBP%GO:0061982		63	-0.24925712	-0.72487336	0.92137593	0.911076	1.0	4988	tags=30%, list=29%, signal=42%	
NONCANONICAL WNT SIGNALING PATHWAY%PATHWAY INTERACTION DATABASE NCI-NATURE CURATED DATA%NONCANONICAL WNT SIGNALING PATHWAY	NONCANONICAL WNT SIGNALING PATHWAY%PATHWAY INTERACTION DATABASE NCI-NATURE CURATED DATA%NONCANONICAL WNT SIGNALING PATHWAY		31	-0.27849028	-0.72413206	0.86631715	0.9117	1.0	3368	tags=29%, list=19%, signal=36%	
SNRNA TRANSCRIPTION%GOBP%GO:0009301	SNRNA TRANSCRIPTION%GOBP%GO:0009301		15	-0.3178582	-0.722597	0.8471429	0.9131768	1.0	6259	tags=53%, list=36%, signal=83%	
RNA POLYMERASE I PROMOTER ESCAPE%REACTOME DATABASE ID RELEASE 93%73772	RNA POLYMERASE I PROMOTER ESCAPE%REACTOME DATABASE ID RELEASE 93%73772		26	-0.28482124	-0.7212651	0.8663912	0.9144028	1.0	5569	tags=38%, list=32%, signal=56%	
POSITIVE REGULATION OF NEUTROPHIL MIGRATION%GOBP%GO:1902624	POSITIVE REGULATION OF NEUTROPHIL MIGRATION%GOBP%GO:1902624		15	-0.32625613	-0.7208971	0.8567493	0.914572	1.0	4655	tags=53%, list=27%, signal=73%	
FATTY-ACYL-COA BIOSYNTHETIC PROCESS%GOBP%GO:0046949	FATTY-ACYL-COA BIOSYNTHETIC PROCESS%GOBP%GO:0046949		24	-0.29269662	-0.71875775	0.8582677	0.91671646	1.0	5022	tags=42%, list=29%, signal=58%	
REGULATION OF ENDOGENOUS RETROELEMENTS BY KRAB-ZFP PROTEINS%REACTOME%R-HSA-9843940.1	REGULATION OF ENDOGENOUS RETROELEMENTS BY KRAB-ZFP PROTEINS%REACTOME%R-HSA-9843940.1		47	-0.25836992	-0.71874267	0.8943396	0.91650265	1.0	2194	tags=15%, list=13%, signal=17%	
POSITIVE REGULATION OF CALCIUM ION TRANSMEMBRANE TRANSPORT%GOBP%GO:1904427	POSITIVE REGULATION OF CALCIUM ION TRANSMEMBRANE TRANSPORT%GOBP%GO:1904427		31	-0.28049955	-0.7186274	0.87434554	0.91639835	1.0	2893	tags=19%, list=17%, signal=23%	
STRESS GRANULE ASSEMBLY%GOBP%GO:0034063	STRESS GRANULE ASSEMBLY%GOBP%GO:0034063		24	-0.29032934	-0.7176834	0.8610354	0.91720647	1.0	6333	tags=42%, list=36%, signal=65%	
HAIR CELL DIFFERENTIATION%GOBP%GO:0035315	HAIR CELL DIFFERENTIATION%GOBP%GO:0035315		16	-0.31839752	-0.71753395	0.8450899	0.91713136	1.0	4774	tags=38%, list=27%, signal=52%	
PROTEIN ACETYLATION%GOBP%GO:0006473	PROTEIN ACETYLATION%GOBP%GO:0006473		25	-0.28848952	-0.7166201	0.87019867	0.9178921	1.0	5248	tags=32%, list=30%, signal=46%	
REGULATION OF ALPHA-BETA T CELL PROLIFERATION%GOBP%GO:0046640	REGULATION OF ALPHA-BETA T CELL PROLIFERATION%GOBP%GO:0046640		16	-0.31712338	-0.71401185	0.84985834	0.92045385	1.0	4580	tags=44%, list=26%, signal=59%	
REGULATION OF SIGNALING RECEPTOR ACTIVITY%GOBP%GO:0010469	REGULATION OF SIGNALING RECEPTOR ACTIVITY%GOBP%GO:0010469		21	-0.30285755	-0.7125815	0.8722826	0.92175287	1.0	2020	tags=14%, list=12%, signal=16%	
DEFECTIVE CFTR CAUSES CYSTIC FIBROSIS%REACTOME DATABASE ID RELEASE 93%5678895	DEFECTIVE CFTR CAUSES CYSTIC FIBROSIS%REACTOME DATABASE ID RELEASE 93%5678895		46	-0.25628495	-0.7118995	0.91232526	0.92224014	1.0	5355	tags=35%, list=31%, signal=50%	
CELLULAR RESPONSE TO EPIDERMAL GROWTH FACTOR STIMULUS%GOBP%GO:0071364	CELLULAR RESPONSE TO EPIDERMAL GROWTH FACTOR STIMULUS%GOBP%GO:0071364		25	-0.28356886	-0.7117712	0.869146	0.92214614	1.0	2580	tags=24%, list=15%, signal=28%	
TRANSCRIPTIONAL REGULATION OF BROWN AND BEIGE ADIPOCYTE DIFFERENTIATION%REACTOME%R-HSA-9843743.1	TRANSCRIPTIONAL REGULATION OF BROWN AND BEIGE ADIPOCYTE DIFFERENTIATION%REACTOME%R-HSA-9843743.1		27	-0.2786151	-0.7116482	0.87733334	0.9220485	1.0	3787	tags=30%, list=22%, signal=38%	
CELL VOLUME HOMEOSTASIS%GOBP%GO:0006884	CELL VOLUME HOMEOSTASIS%GOBP%GO:0006884		27	-0.28193074	-0.7112805	0.85945946	0.9221986	1.0	5028	tags=41%, list=29%, signal=57%	
NUCLEAR-TRANSCRIBED MRNA CATABOLIC PROCESS, DEADENYLATION-DEPENDENT DECAY%GOBP%GO:0000288	NUCLEAR-TRANSCRIBED MRNA CATABOLIC PROCESS, DEADENYLATION-DEPENDENT DECAY%GOBP%GO:0000288		30	-0.27581063	-0.71024966	0.8736702	0.9230193	1.0	6584	tags=43%, list=38%, signal=69%	
PROTEIN REFOLDING%GOBP%GO:0042026	PROTEIN REFOLDING%GOBP%GO:0042026		20	-0.29587743	-0.709796	0.8793343	0.9232566	1.0	5021	tags=40%, list=29%, signal=56%	
RESOLUTION OF D-LOOP STRUCTURES THROUGH SYNTHESIS-DEPENDENT STRAND ANNEALING (SDSA)%REACTOME%R-HSA-5693554.3	RESOLUTION OF D-LOOP STRUCTURES THROUGH SYNTHESIS-DEPENDENT STRAND ANNEALING (SDSA)%REACTOME%R-HSA-5693554.3		25	-0.28510505	-0.7089623	0.87598944	0.9238817	1.0	5651	tags=36%, list=32%, signal=53%	
PID_AVB3_OPN_PATHWAY%MSIGDB_C2%PID_AVB3_OPN_PATHWAY	PID_AVB3_OPN_PATHWAY%MSIGDB_C2%PID_AVB3_OPN_PATHWAY		24	-0.28714794	-0.70892066	0.8699187	0.9236892	1.0	4020	tags=33%, list=23%, signal=43%	
POSITIVE REGULATION OF TRANSLATIONAL INITIATION%GOBP%GO:0045948	POSITIVE REGULATION OF TRANSLATIONAL INITIATION%GOBP%GO:0045948		22	-0.2947959	-0.707906	0.8708791	0.9244965	1.0	4701	tags=41%, list=27%, signal=56%	
REGULATION OF INTRINSIC APOPTOTIC SIGNALING PATHWAY IN RESPONSE TO DNA DAMAGE%GOBP%GO:1902229	REGULATION OF INTRINSIC APOPTOTIC SIGNALING PATHWAY IN RESPONSE TO DNA DAMAGE%GOBP%GO:1902229		26	-0.28279248	-0.70704335	0.8834688	0.92514884	1.0	2360	tags=15%, list=14%, signal=18%	
HOMOLOGOUS RECOMBINATION%GOBP%GO:0035825	HOMOLOGOUS RECOMBINATION%GOBP%GO:0035825		46	-0.25140804	-0.70499754	0.9135959	0.92695254	1.0	4204	tags=26%, list=24%, signal=34%	
RESPONSE TO GAMMA RADIATION%GOBP%GO:0010332	RESPONSE TO GAMMA RADIATION%GOBP%GO:0010332		21	-0.2950475	-0.70130986	0.88858324	0.9304037	1.0	1573	tags=14%, list=9%, signal=16%	
PROTEIN TARGETING TO ER%GOBP%GO:0045047	PROTEIN TARGETING TO ER%GOBP%GO:0045047		28	-0.27585715	-0.7012987	0.88859415	0.9301795	1.0	1129	tags=11%, list=6%, signal=11%	
BEMPEDOIC ACID THERAPY IN ATHEROSCLEROSIS AND METABOLIC SYNDROME%WIKIPATHWAYS_20250810%WP5500%HOMO SAPIENS	BEMPEDOIC ACID THERAPY IN ATHEROSCLEROSIS AND METABOLIC SYNDROME%WIKIPATHWAYS_20250810%WP5500%HOMO SAPIENS		22	-0.2917153	-0.70113397	0.8682065	0.9301079	1.0	4406	tags=27%, list=25%, signal=36%	
HEPATICOBILIARY SYSTEM DEVELOPMENT%GOBP%GO:0061008	HEPATICOBILIARY SYSTEM DEVELOPMENT%GOBP%GO:0061008		26	-0.28359574	-0.7005461	0.8956885	0.93044436	1.0	5518	tags=38%, list=32%, signal=56%	
TRANSCRIPTIONAL REGULATION OF BROWN AND BEIGE ADIPOCYTE DIFFERENTIATION BY EBF2%REACTOME%R-HSA-9844594.1	TRANSCRIPTIONAL REGULATION OF BROWN AND BEIGE ADIPOCYTE DIFFERENTIATION BY EBF2%REACTOME%R-HSA-9844594.1		27	-0.2786151	-0.70009893	0.8943089	0.9306389	1.0	3787	tags=30%, list=22%, signal=38%	
ANTIGEN PROCESSING AND PRESENTATION%GOBP%GO:0019882	ANTIGEN PROCESSING AND PRESENTATION%GOBP%GO:0019882		50	-0.25122687	-0.6999006	0.9161372	0.9305906	1.0	3398	tags=20%, list=19%, signal=25%	
PID_LYMPH_ANGIOGENESIS_PATHWAY%MSIGDB_C2%PID_LYMPH_ANGIOGENESIS_PATHWAY	PID_LYMPH_ANGIOGENESIS_PATHWAY%MSIGDB_C2%PID_LYMPH_ANGIOGENESIS_PATHWAY		19	-0.2984726	-0.6984765	0.8957476	0.931722	1.0	6102	tags=37%, list=35%, signal=57%	
PIGMENT GRANULE TRANSPORT%GOBP%GO:0051904	PIGMENT GRANULE TRANSPORT%GOBP%GO:0051904		15	-0.30540222	-0.69834447	0.8587413	0.9316093	1.0	2064	tags=13%, list=12%, signal=15%	
PID_RETINOIC_ACID_PATHWAY%MSIGDB_C2%PID_RETINOIC_ACID_PATHWAY	PID_RETINOIC_ACID_PATHWAY%MSIGDB_C2%PID_RETINOIC_ACID_PATHWAY		21	-0.2884381	-0.697118	0.8908046	0.9325575	1.0	661	tags=10%, list=4%, signal=10%	
ENDOPLASMIC RETICULUM UNFOLDED PROTEIN RESPONSE%GOBP%GO:0030968	ENDOPLASMIC RETICULUM UNFOLDED PROTEIN RESPONSE%GOBP%GO:0030968		47	-0.2486406	-0.6960342	0.92777085	0.93337977	1.0	3034	tags=15%, list=17%, signal=18%	
PROTEIN N-LINKED GLYCOSYLATION%GOBP%GO:0006487	PROTEIN N-LINKED GLYCOSYLATION%GOBP%GO:0006487		79	-0.23368973	-0.6960141	0.9515571	0.93316185	1.0	1351	tags=9%, list=8%, signal=10%	
RHOBTB GTPASE CYCLE%REACTOME%R-HSA-9706574.4	RHOBTB GTPASE CYCLE%REACTOME%R-HSA-9706574.4		35	-0.2649018	-0.6958367	0.8980392	0.93308353	1.0	2504	tags=20%, list=14%, signal=23%	
REGULATION OF NEUROTRANSMITTER TRANSPORT%GOBP%GO:0051588	REGULATION OF NEUROTRANSMITTER TRANSPORT%GOBP%GO:0051588		54	-0.24743718	-0.6957843	0.93672454	0.9329043	1.0	3409	tags=20%, list=20%, signal=25%	
LEUKOCYTE MEDIATED IMMUNITY%GOBP%GO:0002443	LEUKOCYTE MEDIATED IMMUNITY%GOBP%GO:0002443		60	-0.24445617	-0.6939157	0.9432367	0.93443334	1.0	4493	tags=35%, list=26%, signal=47%	
NEGATIVE REGULATION OF NUCLEAR DIVISION%GOBP%GO:0051784	NEGATIVE REGULATION OF NUCLEAR DIVISION%GOBP%GO:0051784		37	-0.26162165	-0.6931408	0.9145408	0.93489665	1.0	1960	tags=14%, list=11%, signal=15%	
NEGATIVE REGULATION OF LEUKOCYTE MIGRATION%GOBP%GO:0002686	NEGATIVE REGULATION OF LEUKOCYTE MIGRATION%GOBP%GO:0002686		21	-0.2854256	-0.6925726	0.88567495	0.93517965	1.0	969	tags=10%, list=6%, signal=10%	
ESTABLISHMENT OF PROTEIN LOCALIZATION TO ENDOPLASMIC RETICULUM%GOBP%GO:0072599	ESTABLISHMENT OF PROTEIN LOCALIZATION TO ENDOPLASMIC RETICULUM%GOBP%GO:0072599		32	-0.26464793	-0.6919137	0.89819586	0.9355626	1.0	1129	tags=9%, list=6%, signal=10%	
GLYCOSYLPHOSPHATIDYL INOSITOL ANCHOR PATHWAY%WIKIPATHWAYS_20250810%WP5505%HOMO SAPIENS	GLYCOSYLPHOSPHATIDYL INOSITOL ANCHOR PATHWAY%WIKIPATHWAYS_20250810%WP5505%HOMO SAPIENS		23	-0.28120378	-0.69164777	0.880597	0.93557465	1.0	5810	tags=43%, list=33%, signal=65%	
MAP3K8 (TPL2)-DEPENDENT MAPK1 3 ACTIVATION%REACTOME DATABASE ID RELEASE 93%5684264	MAP3K8 (TPL2)-DEPENDENT MAPK1 3 ACTIVATION%REACTOME DATABASE ID RELEASE 93%5684264		16	-0.30426604	-0.69063514	0.8794326	0.936265	1.0	6021	tags=69%, list=34%, signal=105%	
ADRENALINE,NORADRENALINE INHIBITS INSULIN SECRETION%REACTOME%R-HSA-400042.6	ADRENALINE,NORADRENALINE INHIBITS INSULIN SECRETION%REACTOME%R-HSA-400042.6		25	-0.27979437	-0.6905872	0.9031812	0.93607247	1.0	2554	tags=20%, list=15%, signal=23%	
SPHINGOLIPID METABOLISM INTEGRATED PATHWAY%WIKIPATHWAYS_20250810%WP4726%HOMO SAPIENS	SPHINGOLIPID METABOLISM INTEGRATED PATHWAY%WIKIPATHWAYS_20250810%WP4726%HOMO SAPIENS		20	-0.29707038	-0.68980557	0.8820144	0.93656343	1.0	96	tags=5%, list=1%, signal=5%	
PROSTANOID METABOLIC PROCESS%GOBP%GO:0006692	PROSTANOID METABOLIC PROCESS%GOBP%GO:0006692		23	-0.28449205	-0.6891064	0.907483	0.9369819	1.0	4219	tags=35%, list=24%, signal=46%	
REGULATION OF FATTY ACID OXIDATION%GOBP%GO:0046320	REGULATION OF FATTY ACID OXIDATION%GOBP%GO:0046320		21	-0.28797865	-0.68841136	0.89127326	0.937377	1.0	4699	tags=33%, list=27%, signal=46%	
DEADENYLATION OF MRNA%REACTOME DATABASE ID RELEASE 93%429947	DEADENYLATION OF MRNA%REACTOME DATABASE ID RELEASE 93%429947		22	-0.28460783	-0.6880683	0.89830506	0.93744713	1.0	6584	tags=41%, list=38%, signal=66%	
REGULATION OF AMINE TRANSPORT%GOBP%GO:0051952	REGULATION OF AMINE TRANSPORT%GOBP%GO:0051952		27	-0.2733226	-0.6872519	0.8993289	0.93793184	1.0	3326	tags=22%, list=19%, signal=27%	
NUCLEOSOME ASSEMBLY%REACTOME DATABASE ID RELEASE 93%774815	NUCLEOSOME ASSEMBLY%REACTOME DATABASE ID RELEASE 93%774815		25	-0.27415395	-0.68643564	0.91553134	0.9384333	1.0	2228	tags=16%, list=13%, signal=18%	
POSITIVE REGULATION OF CALCIUM ION TRANSPORT%GOBP%GO:0051928	POSITIVE REGULATION OF CALCIUM ION TRANSPORT%GOBP%GO:0051928		47	-0.2457057	-0.681791	0.9473008	0.9423303	1.0	3368	tags=17%, list=19%, signal=21%	
REGULATION OF T CELL MEDIATED CYTOTOXICITY%GOBP%GO:0001914	REGULATION OF T CELL MEDIATED CYTOTOXICITY%GOBP%GO:0001914		15	-0.30065453	-0.6806882	0.8862691	0.9430716	1.0	494	tags=7%, list=3%, signal=7%	
REGULATION OF HEMATOPOIETIC PROGENITOR CELL DIFFERENTIATION%GOBP%GO:1901532	REGULATION OF HEMATOPOIETIC PROGENITOR CELL DIFFERENTIATION%GOBP%GO:1901532		28	-0.271573	-0.68019164	0.9156785	0.94326323	1.0	5029	tags=36%, list=29%, signal=50%	
MELANOSOME TRANSPORT%GOBP%GO:0032402	MELANOSOME TRANSPORT%GOBP%GO:0032402		15	-0.30540222	-0.6801036	0.894356	0.94310725	1.0	2064	tags=13%, list=12%, signal=15%	
GPI ANCHOR BIOSYNTHETIC PROCESS%GOBP%GO:0006506	GPI ANCHOR BIOSYNTHETIC PROCESS%GOBP%GO:0006506		23	-0.2744788	-0.6796964	0.90384614	0.9432167	1.0	5810	tags=39%, list=33%, signal=59%	
POSITIVE REGULATION OF NON-CANONICAL NF-KAPPAB SIGNAL TRANSDUCTION%GOBP%GO:1901224	POSITIVE REGULATION OF NON-CANONICAL NF-KAPPAB SIGNAL TRANSDUCTION%GOBP%GO:1901224		25	-0.27349687	-0.6790658	0.9049531	0.94352424	1.0	2685	tags=16%, list=15%, signal=19%	
DEPOSITION OF NEW CENPA-CONTAINING NUCLEOSOMES AT THE CENTROMERE%REACTOME DATABASE ID RELEASE 93%606279	DEPOSITION OF NEW CENPA-CONTAINING NUCLEOSOMES AT THE CENTROMERE%REACTOME DATABASE ID RELEASE 93%606279		25	-0.27415395	-0.6785803	0.9125326	0.9437032	1.0	2228	tags=16%, list=13%, signal=18%	
PROTEIN LOCALIZATION TO CENTROSOME%GOBP%GO:0071539	PROTEIN LOCALIZATION TO CENTROSOME%GOBP%GO:0071539		22	-0.27650106	-0.67822313	0.91644204	0.94377035	1.0	4313	tags=23%, list=25%, signal=30%	
ENDOPLASMIC RETICULUM MEMBRANE ORGANIZATION%GOBP%GO:0090158	ENDOPLASMIC RETICULUM MEMBRANE ORGANIZATION%GOBP%GO:0090158		15	-0.29866788	-0.6755119	0.8816739	0.94581383	1.0	4661	tags=27%, list=27%, signal=36%	
NUCLEAR-TRANSCRIBED MRNA POLY(A) TAIL SHORTENING%GOBP%GO:0000289	NUCLEAR-TRANSCRIBED MRNA POLY(A) TAIL SHORTENING%GOBP%GO:0000289		17	-0.29165795	-0.6755079	0.8842857	0.94557947	1.0	6584	tags=47%, list=38%, signal=75%	
RECIPROCAL HOMOLOGOUS RECOMBINATION%GOBP%GO:0140527	RECIPROCAL HOMOLOGOUS RECOMBINATION%GOBP%GO:0140527		38	-0.24970242	-0.6745618	0.94274807	0.9461217	1.0	4204	tags=26%, list=24%, signal=35%	
SYNTHESIS OF GLYCOSYLPHOSPHATIDYLINOSITOL (GPI)%REACTOME DATABASE ID RELEASE 93%162710	SYNTHESIS OF GLYCOSYLPHOSPHATIDYLINOSITOL (GPI)%REACTOME DATABASE ID RELEASE 93%162710		16	-0.2994455	-0.67380637	0.89300996	0.9465147	1.0	4870	tags=31%, list=28%, signal=43%	
RECIPROCAL MEIOTIC RECOMBINATION%GOBP%GO:0007131	RECIPROCAL MEIOTIC RECOMBINATION%GOBP%GO:0007131		38	-0.24970242	-0.6735184	0.93350065	0.946512	1.0	4204	tags=26%, list=24%, signal=35%	
METALLOPROTEASE DUBS%REACTOME DATABASE ID RELEASE 93%5689901	METALLOPROTEASE DUBS%REACTOME DATABASE ID RELEASE 93%5689901		16	-0.29408363	-0.6734859	0.8856346	0.94630796	1.0	4922	tags=31%, list=28%, signal=43%	
TRANSLESION SYNTHESIS BY POLI%REACTOME DATABASE ID RELEASE 93%5656121	TRANSLESION SYNTHESIS BY POLI%REACTOME DATABASE ID RELEASE 93%5656121		17	-0.2912119	-0.6726086	0.8970793	0.9467875	1.0	4825	tags=41%, list=28%, signal=57%	
TUMOR SUPPRESSOR ACTIVITY OF SMARCB1%WIKIPATHWAYS_20250810%WP4204%HOMO SAPIENS	TUMOR SUPPRESSOR ACTIVITY OF SMARCB1%WIKIPATHWAYS_20250810%WP4204%HOMO SAPIENS		27	-0.2678654	-0.6721786	0.9205298	0.94691026	1.0	3950	tags=33%, list=23%, signal=43%	
HDACS DEACETYLATE HISTONES%REACTOME%R-HSA-3214815.5	HDACS DEACETYLATE HISTONES%REACTOME%R-HSA-3214815.5		32	-0.2558751	-0.6705235	0.92942744	0.94801044	1.0	4886	tags=31%, list=28%, signal=43%	
POSITIVE REGULATION OF TELOMERE MAINTENANCE IN RESPONSE TO DNA DAMAGE%GOBP%GO:1904507	POSITIVE REGULATION OF TELOMERE MAINTENANCE IN RESPONSE TO DNA DAMAGE%GOBP%GO:1904507		15	-0.29598507	-0.6697564	0.89640886	0.94835967	1.0	5253	tags=40%, list=30%, signal=57%	
MEIOSIS I%GOBP%GO:0007127	MEIOSIS I%GOBP%GO:0007127		61	-0.23394527	-0.66842926	0.9593095	0.9491738	1.0	4988	tags=30%, list=29%, signal=41%	
MITOTIC SISTER CHROMATID COHESION%GOBP%GO:0007064	MITOTIC SISTER CHROMATID COHESION%GOBP%GO:0007064		19	-0.28431675	-0.66790336	0.9060773	0.94934857	1.0	2951	tags=21%, list=17%, signal=25%	
TISSUE REMODELING%GOBP%GO:0048771	TISSUE REMODELING%GOBP%GO:0048771		27	-0.26348504	-0.6677346	0.9303882	0.94925314	1.0	2285	tags=19%, list=13%, signal=21%	
MIRNA PROCESSING%GOBP%GO:0035196	MIRNA PROCESSING%GOBP%GO:0035196		29	-0.26110795	-0.6660886	0.9199475	0.95029	1.0	6811	tags=52%, list=39%, signal=85%	
AMINO SUGAR METABOLISM%PATHWHIZ%PW000008	AMINO SUGAR METABOLISM%PATHWHIZ%PW000008		17	-0.28609812	-0.66507906	0.90629184	0.9508226	1.0	2232	tags=18%, list=13%, signal=20%	
SIALURIA OR FRENCH TYPE SIALURIA%SMPDB%SMP0000216	SIALURIA OR FRENCH TYPE SIALURIA%SMPDB%SMP0000216		17	-0.28609812	-0.66449624	0.90220386	0.95105654	1.0	2232	tags=18%, list=13%, signal=20%	
PROTEIN LOCALIZATION TO CILIUM%GOBP%GO:0061512	PROTEIN LOCALIZATION TO CILIUM%GOBP%GO:0061512		44	-0.24371938	-0.6644283	0.9571248	0.9508692	1.0	2823	tags=16%, list=16%, signal=19%	
NEGATIVE REGULATION OF ENDOTHELIAL CELL APOPTOTIC PROCESS%GOBP%GO:2000352	NEGATIVE REGULATION OF ENDOTHELIAL CELL APOPTOTIC PROCESS%GOBP%GO:2000352		19	-0.28210106	-0.6640343	0.9089655	0.95092565	1.0	3400	tags=26%, list=19%, signal=33%	
OVERLAP BETWEEN SIGNAL TRANSDUCTION PATHWAYS CONTRIBUTING TO LMNA LAMINOPATHIES%WIKIPATHWAYS_20250810%WP4879%HOMO SAPIENS	OVERLAP BETWEEN SIGNAL TRANSDUCTION PATHWAYS CONTRIBUTING TO LMNA LAMINOPATHIES%WIKIPATHWAYS_20250810%WP4879%HOMO SAPIENS		40	-0.24437481	-0.664027	0.9455253	0.95069313	1.0	3215	tags=18%, list=18%, signal=21%	
RENIN ANGIOTENSIN ALDOSTERONE SYSTEM RAAS %WIKIPATHWAYS_20250810%WP4756%HOMO SAPIENS	RENIN ANGIOTENSIN ALDOSTERONE SYSTEM RAAS %WIKIPATHWAYS_20250810%WP4756%HOMO SAPIENS		20	-0.27656093	-0.6632279	0.9116466	0.9510438	1.0	5977	tags=55%, list=34%, signal=84%	
SYNAPTIC VESICLE LOCALIZATION%GOBP%GO:0097479	SYNAPTIC VESICLE LOCALIZATION%GOBP%GO:0097479		41	-0.24421176	-0.66295415	0.93869734	0.95102584	1.0	4377	tags=34%, list=25%, signal=45%	
PROTEIN LOCALIZATION TO MICROTUBULE ORGANIZING CENTER%GOBP%GO:1905508	PROTEIN LOCALIZATION TO MICROTUBULE ORGANIZING CENTER%GOBP%GO:1905508		22	-0.27650106	-0.66281354	0.9286713	0.95089996	1.0	4313	tags=23%, list=25%, signal=30%	
GPI ANCHOR METABOLIC PROCESS%GOBP%GO:0006505	GPI ANCHOR METABOLIC PROCESS%GOBP%GO:0006505		23	-0.2744788	-0.66255754	0.9194631	0.95085526	1.0	5810	tags=39%, list=33%, signal=59%	
MIRNA-MEDIATED GENE SILENCING BY INHIBITION OF TRANSLATION%GOBP%GO:0035278	MIRNA-MEDIATED GENE SILENCING BY INHIBITION OF TRANSLATION%GOBP%GO:0035278		18	-0.28440174	-0.6619543	0.9043127	0.9510986	1.0	2847	tags=17%, list=16%, signal=20%	
TH17 CELL DIFFERENTIATION PATHWAY%WIKIPATHWAYS_20250810%WP5130%HOMO SAPIENS	TH17 CELL DIFFERENTIATION PATHWAY%WIKIPATHWAYS_20250810%WP5130%HOMO SAPIENS		36	-0.24941161	-0.66178906	0.945083	0.95099473	1.0	3966	tags=28%, list=23%, signal=36%	
UNFOLDED PROTEIN RESPONSE%WIKIPATHWAYS_20250810%WP4925%HOMO SAPIENS	UNFOLDED PROTEIN RESPONSE%WIKIPATHWAYS_20250810%WP4925%HOMO SAPIENS		17	-0.28997844	-0.66174495	0.89807165	0.95079637	1.0	6919	tags=53%, list=40%, signal=88%	
SALLA DISEASE INFANTILE SIALIC ACID STORAGE DISEASE%SMPDB%SMP0000240	SALLA DISEASE INFANTILE SIALIC ACID STORAGE DISEASE%SMPDB%SMP0000240		17	-0.28609812	-0.66050905	0.8980447	0.9514919	1.0	2232	tags=18%, list=13%, signal=20%	
DISORDERS OF DEVELOPMENTAL BIOLOGY%REACTOME DATABASE ID RELEASE 93%9675151	DISORDERS OF DEVELOPMENTAL BIOLOGY%REACTOME DATABASE ID RELEASE 93%9675151		16	-0.28883353	-0.6603681	0.9359332	0.9513556	1.0	7685	tags=69%, list=44%, signal=123%	
DEFECTIVE HOMOLOGOUS RECOMBINATION REPAIR (HRR) DUE TO BRCA1 LOSS OF FUNCTION%REACTOME%R-HSA-9701192.4	DEFECTIVE HOMOLOGOUS RECOMBINATION REPAIR (HRR) DUE TO BRCA1 LOSS OF FUNCTION%REACTOME%R-HSA-9701192.4		23	-0.26739272	-0.6600967	0.9081081	0.95132715	1.0	5651	tags=35%, list=32%, signal=51%	
G(M2)-GANGLIOSIDOSIS: VARIANT B, TAY-SACHS DISEASE%SMPDB%SMP0000534	G(M2)-GANGLIOSIDOSIS: VARIANT B, TAY-SACHS DISEASE%SMPDB%SMP0000534		17	-0.28609812	-0.657974	0.9156977	0.9526137	1.0	2232	tags=18%, list=13%, signal=20%	
INTERLEUKIN-6 FAMILY SIGNALING%REACTOME DATABASE ID RELEASE 93%6783589	INTERLEUKIN-6 FAMILY SIGNALING%REACTOME DATABASE ID RELEASE 93%6783589		15	-0.29139152	-0.6576895	0.8945946	0.9525872	1.0	235	tags=7%, list=1%, signal=7%	
REGULATION OF CALCINEURIN-MEDIATED SIGNALING%GOBP%GO:0106056	REGULATION OF CALCINEURIN-MEDIATED SIGNALING%GOBP%GO:0106056		28	-0.25822318	-0.6566504	0.92627347	0.9530837	1.0	6216	tags=46%, list=36%, signal=72%	
NEGATIVE REGULATION OF CELL CYCLE G1/S PHASE TRANSITION%GOBP%GO:1902807	NEGATIVE REGULATION OF CELL CYCLE G1/S PHASE TRANSITION%GOBP%GO:1902807		42	-0.24306244	-0.6565075	0.95079786	0.95295125	1.0	3289	tags=21%, list=19%, signal=26%	
ADAPTIVE IMMUNE RESPONSE BASED ON SOMATIC RECOMBINATION OF IMMUNE RECEPTORS BUILT FROM IMMUNOGLOBULIN SUPERFAMILY DOMAINS%GOBP%GO:0002460	ADAPTIVE IMMUNE RESPONSE BASED ON SOMATIC RECOMBINATION OF IMMUNE RECEPTORS BUILT FROM IMMUNOGLOBULIN SUPERFAMILY DOMAINS%GOBP%GO:0002460		46	-0.23538949	-0.6540615	0.96754056	0.9544752	1.0	3753	tags=24%, list=21%, signal=30%	
IMPAIRED BRCA2 BINDING TO PALB2%REACTOME%R-HSA-9709603.2	IMPAIRED BRCA2 BINDING TO PALB2%REACTOME%R-HSA-9709603.2		23	-0.26739275	-0.6533823	0.9438356	0.9547124	1.0	5651	tags=35%, list=32%, signal=51%	
MIRNA ROLE IN IMMUNE RESPONSE IN SEPSIS%WIKIPATHWAYS_20250810%WP4329%HOMO SAPIENS	MIRNA ROLE IN IMMUNE RESPONSE IN SEPSIS%WIKIPATHWAYS_20250810%WP4329%HOMO SAPIENS		19	-0.27411753	-0.6530244	0.91363025	0.95472836	1.0	1665	tags=16%, list=10%, signal=17%	
PID_FANCONI_PATHWAY%MSIGDB_C2%PID_FANCONI_PATHWAY	PID_FANCONI_PATHWAY%MSIGDB_C2%PID_FANCONI_PATHWAY		40	-0.24001683	-0.6527072	0.94949496	0.9546993	1.0	5637	tags=35%, list=32%, signal=52%	
DEFECTIVE HDR THROUGH HOMOLOGOUS RECOMBINATION REPAIR (HRR) DUE TO PALB2 LOSS OF BRCA1 BINDING FUNCTION%REACTOME%R-HSA-9704331.4	DEFECTIVE HDR THROUGH HOMOLOGOUS RECOMBINATION REPAIR (HRR) DUE TO PALB2 LOSS OF BRCA1 BINDING FUNCTION%REACTOME%R-HSA-9704331.4		23	-0.26739272	-0.6522415	0.931694	0.9547831	1.0	5651	tags=35%, list=32%, signal=51%	
POSITIVE REGULATION OF CARDIAC MUSCLE HYPERTROPHY%GOBP%GO:0010613	POSITIVE REGULATION OF CARDIAC MUSCLE HYPERTROPHY%GOBP%GO:0010613		18	-0.2792447	-0.6513724	0.92286503	0.95515347	1.0	3701	tags=28%, list=21%, signal=35%	
DEFECTIVE HDR THROUGH HOMOLOGOUS RECOMBINATION REPAIR (HRR) DUE TO PALB2 LOSS OF BRCA2 RAD51 RAD51C BINDING FUNCTION%REACTOME DATABASE ID RELEASE 93%9704646	DEFECTIVE HDR THROUGH HOMOLOGOUS RECOMBINATION REPAIR (HRR) DUE TO PALB2 LOSS OF BRCA2 RAD51 RAD51C BINDING FUNCTION%REACTOME DATABASE ID RELEASE 93%9704646		23	-0.26739272	-0.6510026	0.9185083	0.9551614	1.0	5651	tags=35%, list=32%, signal=51%	
TSLP%NETPATH%TSLP	TSLP%NETPATH%TSLP		15	-0.29091674	-0.6504863	0.9132867	0.9552742	1.0	2818	tags=27%, list=16%, signal=32%	
TAY-SACHS DISEASE%PATHWHIZ%PW000215	TAY-SACHS DISEASE%PATHWHIZ%PW000215		17	-0.28609812	-0.6499859	0.9050802	0.95537615	1.0	2232	tags=18%, list=13%, signal=20%	
PARKINSON 39 S DISEASE PATHWAY%WIKIPATHWAYS_20250810%WP2371%HOMO SAPIENS	PARKINSON 39 S DISEASE PATHWAY%WIKIPATHWAYS_20250810%WP2371%HOMO SAPIENS		32	-0.2515017	-0.6498162	0.94675326	0.95525205	1.0	6102	tags=47%, list=35%, signal=72%	
POLYOL BIOSYNTHETIC PROCESS%GOBP%GO:0046173	POLYOL BIOSYNTHETIC PROCESS%GOBP%GO:0046173		33	-0.24679519	-0.64980006	0.9589404	0.95502347	1.0	6131	tags=45%, list=35%, signal=70%	
REGULATION OF NEUROTRANSMITTER SECRETION%GOBP%GO:0046928	REGULATION OF NEUROTRANSMITTER SECRETION%GOBP%GO:0046928		41	-0.24179323	-0.6488408	0.96379524	0.9554299	1.0	3368	tags=20%, list=19%, signal=24%	
DEFECTIVE HOMOLOGOUS RECOMBINATION REPAIR (HRR) DUE TO PALB2 LOSS OF FUNCTION%REACTOME DATABASE ID RELEASE 93%9701193	DEFECTIVE HOMOLOGOUS RECOMBINATION REPAIR (HRR) DUE TO PALB2 LOSS OF FUNCTION%REACTOME DATABASE ID RELEASE 93%9701193		23	-0.26739272	-0.64735895	0.92925173	0.9561762	1.0	5651	tags=35%, list=32%, signal=51%	
POSITIVE REGULATION OF MUSCLE HYPERTROPHY%GOBP%GO:0014742	POSITIVE REGULATION OF MUSCLE HYPERTROPHY%GOBP%GO:0014742		18	-0.2792447	-0.6467319	0.9219178	0.9563474	1.0	3701	tags=28%, list=21%, signal=35%	
REGULATION OF SMOOTH MUSCLE CELL APOPTOTIC PROCESS%GOBP%GO:0034391	REGULATION OF SMOOTH MUSCLE CELL APOPTOTIC PROCESS%GOBP%GO:0034391		17	-0.28136826	-0.64619195	0.90701	0.9564612	1.0	3086	tags=24%, list=18%, signal=29%	
VERY LONG-CHAIN FATTY ACID METABOLIC PROCESS%GOBP%GO:0000038	VERY LONG-CHAIN FATTY ACID METABOLIC PROCESS%GOBP%GO:0000038		25	-0.25529298	-0.64478654	0.9238985	0.9571385	1.0	5340	tags=48%, list=31%, signal=69%	
REGULATION OF VIRAL TRANSCRIPTION%GOBP%GO:0046782	REGULATION OF VIRAL TRANSCRIPTION%GOBP%GO:0046782		17	-0.2827458	-0.6399964	0.9375	0.9599014	1.0	5056	tags=29%, list=29%, signal=41%	
ABC TRANSPORTER DISORDERS%REACTOME DATABASE ID RELEASE 93%5619084	ABC TRANSPORTER DISORDERS%REACTOME DATABASE ID RELEASE 93%5619084		57	-0.22442582	-0.63916516	0.97416973	0.9601586	1.0	5355	tags=37%, list=31%, signal=53%	
REGULATION OF CALCINEURIN-NFAT SIGNALING CASCADE%GOBP%GO:0070884	REGULATION OF CALCINEURIN-NFAT SIGNALING CASCADE%GOBP%GO:0070884		27	-0.25520518	-0.63892573	0.94140625	0.9600675	1.0	4190	tags=26%, list=24%, signal=34%	
SERINE FAMILY AMINO ACID METABOLIC PROCESS%GOBP%GO:0009069	SERINE FAMILY AMINO ACID METABOLIC PROCESS%GOBP%GO:0009069		20	-0.27100626	-0.63864714	0.9323741	0.9599938	1.0	6058	tags=45%, list=35%, signal=69%	
GLUTAMATE NEUROTRANSMITTER RELEASE CYCLE%REACTOME DATABASE ID RELEASE 93%210500	GLUTAMATE NEUROTRANSMITTER RELEASE CYCLE%REACTOME DATABASE ID RELEASE 93%210500		20	-0.264535	-0.63193214	0.93442625	0.9637076	1.0	2708	tags=20%, list=16%, signal=24%	
JNK (C-JUN KINASES) PHOSPHORYLATION AND ACTIVATION MEDIATED BY ACTIVATED HUMAN TAK1%REACTOME DATABASE ID RELEASE 93%450321	JNK (C-JUN KINASES) PHOSPHORYLATION AND ACTIVATION MEDIATED BY ACTIVATED HUMAN TAK1%REACTOME DATABASE ID RELEASE 93%450321		17	-0.27086604	-0.63090944	0.9220056	0.96407	1.0	5266	tags=35%, list=30%, signal=50%	
TRIGLYCERIDE CATABOLISM%REACTOME%R-HSA-163560.5	TRIGLYCERIDE CATABOLISM%REACTOME%R-HSA-163560.5		16	-0.27858007	-0.6291646	0.9345404	0.96482664	1.0	3621	tags=25%, list=21%, signal=32%	
PHAGOCYTOSIS, ENGULFMENT%GOBP%GO:0006911	PHAGOCYTOSIS, ENGULFMENT%GOBP%GO:0006911		20	-0.26566967	-0.6267504	0.9328767	0.9659224	1.0	6770	tags=50%, list=39%, signal=82%	
PARKINSON DISEASE%PANTHER PATHWAY%P00049	PARKINSON DISEASE%PANTHER PATHWAY%P00049		37	-0.23579904	-0.6255575	0.96168584	0.9663487	1.0	4192	tags=22%, list=24%, signal=28%	
E3 UBIQUITIN LIGASES UBIQUITINATE TARGET PROTEINS%REACTOME%R-HSA-8866654.5	E3 UBIQUITIN LIGASES UBIQUITINATE TARGET PROTEINS%REACTOME%R-HSA-8866654.5		42	-0.2287042	-0.62531507	0.9709229	0.96623176	1.0	5017	tags=31%, list=29%, signal=43%	
CLASS I PEROXISOMAL MEMBRANE PROTEIN IMPORT%REACTOME DATABASE ID RELEASE 93%9603798	CLASS I PEROXISOMAL MEMBRANE PROTEIN IMPORT%REACTOME DATABASE ID RELEASE 93%9603798		19	-0.26532128	-0.62405246	0.95244753	0.96665967	1.0	3374	tags=21%, list=19%, signal=26%	
POSITIVE REGULATION OF RELEASE OF SEQUESTERED CALCIUM ION INTO CYTOSOL%GOBP%GO:0051281	POSITIVE REGULATION OF RELEASE OF SEQUESTERED CALCIUM ION INTO CYTOSOL%GOBP%GO:0051281		18	-0.2692776	-0.62292004	0.94550407	0.967038	1.0	2491	tags=17%, list=14%, signal=19%	
AMINE LIGAND-BINDING RECEPTORS%REACTOME DATABASE ID RELEASE 93%375280	AMINE LIGAND-BINDING RECEPTORS%REACTOME DATABASE ID RELEASE 93%375280		15	-0.27505776	-0.62107605	0.943662	0.96777195	1.0	3389	tags=20%, list=19%, signal=25%	
ACYLGLYCEROL BIOSYNTHETIC PROCESS%GOBP%GO:0046463	ACYLGLYCEROL BIOSYNTHETIC PROCESS%GOBP%GO:0046463		15	-0.27747837	-0.62034047	0.94460225	0.96791345	1.0	6153	tags=60%, list=35%, signal=93%	
NEUTRAL LIPID BIOSYNTHETIC PROCESS%GOBP%GO:0046460	NEUTRAL LIPID BIOSYNTHETIC PROCESS%GOBP%GO:0046460		15	-0.27747837	-0.6201472	0.9279661	0.9677781	1.0	6153	tags=60%, list=35%, signal=93%	
NEGATIVE REGULATION OF STEM CELL POPULATION MAINTENANCE%GOBP%GO:1902455	NEGATIVE REGULATION OF STEM CELL POPULATION MAINTENANCE%GOBP%GO:1902455		19	-0.2662158	-0.62000704	0.9366197	0.9676167	1.0	4671	tags=32%, list=27%, signal=43%	
INTERFERON-MEDIATED SIGNALING PATHWAY%GOBP%GO:0140888	INTERFERON-MEDIATED SIGNALING PATHWAY%GOBP%GO:0140888		30	-0.24423522	-0.61990315	0.9597315	0.9674244	1.0	6765	tags=47%, list=39%, signal=76%	
POSITIVE REGULATION OF CILIUM ASSEMBLY%GOBP%GO:0045724	POSITIVE REGULATION OF CILIUM ASSEMBLY%GOBP%GO:0045724		22	-0.25366324	-0.6103087	0.95623344	0.9718601	1.0	4978	tags=36%, list=29%, signal=51%	
G BETA:GAMMA SIGNALLING THROUGH PLC BETA%REACTOME%R-HSA-418217.5	G BETA:GAMMA SIGNALLING THROUGH PLC BETA%REACTOME%R-HSA-418217.5		17	-0.26206312	-0.6080647	0.9420904	0.9726652	1.0	3265	tags=18%, list=19%, signal=22%	
EARLY SARS-COV-2 INFECTION EVENTS%REACTOME%R-HSA-9772572.3	EARLY SARS-COV-2 INFECTION EVENTS%REACTOME%R-HSA-9772572.3		32	-0.23494574	-0.607606	0.975641	0.9726342	1.0	3115	tags=19%, list=18%, signal=23%	
REGULATION OF PROTEIN IMPORT INTO NUCLEUS%GOBP%GO:0042306	REGULATION OF PROTEIN IMPORT INTO NUCLEUS%GOBP%GO:0042306		35	-0.22638643	-0.6051177	0.97139144	0.97351	1.0	5250	tags=37%, list=30%, signal=53%	
PHYSIOLOGICAL AND PATHOLOGICAL HYPERTROPHY OF THE HEART%WIKIPATHWAYS_20250810%WP1528%HOMO SAPIENS	PHYSIOLOGICAL AND PATHOLOGICAL HYPERTROPHY OF THE HEART%WIKIPATHWAYS_20250810%WP1528%HOMO SAPIENS		18	-0.26229858	-0.6027659	0.9567039	0.9742606	1.0	6102	tags=39%, list=35%, signal=60%	
GLUTATHIONE CONJUGATION%REACTOME%R-HSA-156590.4	GLUTATHIONE CONJUGATION%REACTOME%R-HSA-156590.4		28	-0.23748106	-0.60165393	0.95605856	0.97448146	1.0	4696	tags=25%, list=27%, signal=34%	
1Q21 1 COPY NUMBER VARIATION SYNDROME%WIKIPATHWAYS_20250810%WP4905%HOMO SAPIENS	1Q21 1 COPY NUMBER VARIATION SYNDROME%WIKIPATHWAYS_20250810%WP4905%HOMO SAPIENS		16	-0.26362106	-0.59652567	0.9478873	0.97636586	1.0	3652	tags=19%, list=21%, signal=24%	
REGULATION OF LYSOSOMAL LUMEN PH%GOBP%GO:0035751	REGULATION OF LYSOSOMAL LUMEN PH%GOBP%GO:0035751		27	-0.23817398	-0.59544855	0.9773031	0.9765467	1.0	5335	tags=26%, list=31%, signal=37%	
POSITIVE REGULATION OF ALPHA-BETA T CELL ACTIVATION%GOBP%GO:0046635	POSITIVE REGULATION OF ALPHA-BETA T CELL ACTIVATION%GOBP%GO:0046635		30	-0.22835305	-0.595052	0.97849464	0.976451	1.0	6515	tags=50%, list=37%, signal=80%	
NOTCH-HLH TRANSCRIPTION PATHWAY%REACTOME DATABASE ID RELEASE 93%350054	NOTCH-HLH TRANSCRIPTION PATHWAY%REACTOME DATABASE ID RELEASE 93%350054		27	-0.23843244	-0.594673	0.9756757	0.9763602	1.0	5009	tags=33%, list=29%, signal=47%	
FORMATION OF INCISION COMPLEX IN GG-NER%REACTOME%R-HSA-5696395.2	FORMATION OF INCISION COMPLEX IN GG-NER%REACTOME%R-HSA-5696395.2		42	-0.21732245	-0.5908243	0.97982347	0.97760546	1.0	4825	tags=29%, list=28%, signal=39%	
PID_RXR_VDR_PATHWAY%MSIGDB_C2%PID_RXR_VDR_PATHWAY	PID_RXR_VDR_PATHWAY%MSIGDB_C2%PID_RXR_VDR_PATHWAY		17	-0.25265908	-0.583898	0.95961004	0.9798475	1.0	5788	tags=47%, list=33%, signal=70%	
IL27-MEDIATED SIGNALING EVENTS%PATHWAY INTERACTION DATABASE NCI-NATURE CURATED DATA%IL27-MEDIATED SIGNALING EVENTS	IL27-MEDIATED SIGNALING EVENTS%PATHWAY INTERACTION DATABASE NCI-NATURE CURATED DATA%IL27-MEDIATED SIGNALING EVENTS		15	-0.25652677	-0.573556	0.9586115	0.9829962	1.0	3122	tags=20%, list=18%, signal=24%	
REGULATION OF CHROMATIN ORGANIZATION%GOBP%GO:1902275	REGULATION OF CHROMATIN ORGANIZATION%GOBP%GO:1902275		21	-0.23859961	-0.56900704	0.9713506	0.9840893	1.0	6298	tags=48%, list=36%, signal=74%	
REGULATION OF DNA STRAND ELONGATION%GOBP%GO:0060382	REGULATION OF DNA STRAND ELONGATION%GOBP%GO:0060382		17	-0.24138856	-0.5661732	0.9735376	0.98465234	1.0	5253	tags=35%, list=30%, signal=50%	
DNA DOUBLE-STRAND BREAK PROCESSING%GOBP%GO:0000729	DNA DOUBLE-STRAND BREAK PROCESSING%GOBP%GO:0000729		15	-0.24639402	-0.5528048	0.97671235	0.9878321	1.0	7939	tags=53%, list=45%, signal=98%	
M-DECAY: DEGRADATION OF MATERNAL MRNAS BY MATERNALLY STORED FACTORS%REACTOME%R-HSA-9820841.1	M-DECAY: DEGRADATION OF MATERNAL MRNAS BY MATERNALLY STORED FACTORS%REACTOME%R-HSA-9820841.1		23	-0.22056773	-0.54146594	0.9833565	0.99008167	1.0	6584	tags=30%, list=38%, signal=49%	
AGGREPHAGY%REACTOME%R-HSA-9646399.4	AGGREPHAGY%REACTOME%R-HSA-9646399.4		21	-0.22088063	-0.5326831	0.9749009	0.9914864	1.0	5311	tags=38%, list=30%, signal=55%	
DIOL BIOSYNTHETIC PROCESS%GOBP%GO:0034312	DIOL BIOSYNTHETIC PROCESS%GOBP%GO:0034312		17	-0.22427726	-0.5150768	0.99296767	0.99400705	1.0	6131	tags=41%, list=35%, signal=63%	
REGULATION OF PROTEIN POLYUBIQUITINATION%GOBP%GO:1902914	REGULATION OF PROTEIN POLYUBIQUITINATION%GOBP%GO:1902914		20	-0.21747997	-0.5106899	0.9887798	0.9943345	1.0	5291	tags=30%, list=30%, signal=43%	
HEMATOPOIETIC STEM CELL GENE REGULATION BY GABP ALPHA BETA COMPLEX%WIKIPATHWAYS_20250810%WP3657%HOMO SAPIENS	HEMATOPOIETIC STEM CELL GENE REGULATION BY GABP ALPHA BETA COMPLEX%WIKIPATHWAYS_20250810%WP3657%HOMO SAPIENS		15	-0.22836596	-0.5075729	0.98866856	0.9944745	1.0	3042	tags=13%, list=17%, signal=16%	
MEIOTIC RECOMBINATION%REACTOME%R-HSA-912446.7	MEIOTIC RECOMBINATION%REACTOME%R-HSA-912446.7		23	-0.19987112	-0.49191594	0.99202126	0.99593174	1.0	7500	tags=48%, list=43%, signal=84%	
NEGATIVE REGULATION OF HIPPO SIGNALING%GOBP%GO:0035331	NEGATIVE REGULATION OF HIPPO SIGNALING%GOBP%GO:0035331		24	-0.18626368	-0.4554714	0.9972184	0.99822444	1.0	579	tags=4%, list=3%, signal=4%	
VESICLE TETHERING%GOBP%GO:0099022	VESICLE TETHERING%GOBP%GO:0099022		31	-0.17415267	-0.45245326	1.0	0.9981173	1.0	5784	tags=32%, list=33%, signal=48%	
