NAME	GS<br> follow link to MSigDB	GS DETAILS	SIZE	ES	NES	NOM p-val	FDR q-val	FWER p-val	RANK AT MAX	LEADING EDGE	
REGULATION OF OSTEOBLAST DIFFERENTIATION%GOBP%GO:0045667	REGULATION OF OSTEOBLAST DIFFERENTIATION%GOBP%GO:0045667	Details ...	73	0.7092711	2.537958	0.0	0.0	0.0	1441	tags=32%, list=8%, signal=34%	
HALLMARK_TGF_BETA_SIGNALING%MSIGDBHALLMARK%HALLMARK_TGF_BETA_SIGNALING	HALLMARK_TGF_BETA_SIGNALING%MSIGDBHALLMARK%HALLMARK_TGF_BETA_SIGNALING	Details ...	43	0.7353841	2.4947865	0.0	0.0	0.0	715	tags=28%, list=4%, signal=29%	
CARDIAC SEPTUM DEVELOPMENT%GOBP%GO:0003279	CARDIAC SEPTUM DEVELOPMENT%GOBP%GO:0003279	Details ...	56	0.6770482	2.3095999	0.0	2.4971657E-4	0.001	715	tags=29%, list=4%, signal=30%	
CARDIAC SEPTUM MORPHOGENESIS%GOBP%GO:0060411	CARDIAC SEPTUM MORPHOGENESIS%GOBP%GO:0060411	Details ...	44	0.71440375	2.2960317	0.0	1.8728741E-4	0.001	715	tags=34%, list=4%, signal=35%	
ARTERY MORPHOGENESIS%GOBP%GO:0048844	ARTERY MORPHOGENESIS%GOBP%GO:0048844	Details ...	32	0.7495458	2.273361	0.0	2.9839654E-4	0.002	715	tags=41%, list=4%, signal=42%	
ATRIOVENTRICULAR VALVE DEVELOPMENT%GOBP%GO:0003171	ATRIOVENTRICULAR VALVE DEVELOPMENT%GOBP%GO:0003171	Details ...	21	0.818933	2.2476635	0.0	3.6823488E-4	0.003	669	tags=29%, list=4%, signal=30%	
NEGATIVE REGULATION OF BMP SIGNALING PATHWAY%GOBP%GO:0030514	NEGATIVE REGULATION OF BMP SIGNALING PATHWAY%GOBP%GO:0030514	Details ...	30	0.7406409	2.2414136	0.0	4.2042354E-4	0.004	440	tags=27%, list=3%, signal=27%	
BMP RECEPTOR SIGNALING%PATHWAY INTERACTION DATABASE NCI-NATURE CURATED DATA%BMP RECEPTOR SIGNALING	BMP RECEPTOR SIGNALING%PATHWAY INTERACTION DATABASE NCI-NATURE CURATED DATA%BMP RECEPTOR SIGNALING	Details ...	36	0.7037023	2.2139041	0.0	6.5232837E-4	0.007	163	tags=19%, list=1%, signal=20%	
TRANSFORMING GROWTH FACTOR BETA RECEPTOR SUPERFAMILY SIGNALING PATHWAY%GOBP%GO:0141091	TRANSFORMING GROWTH FACTOR BETA RECEPTOR SUPERFAMILY SIGNALING PATHWAY%GOBP%GO:0141091	Details ...	97	0.5765136	2.1990387	0.0	6.6322816E-4	0.008	979	tags=20%, list=6%, signal=21%	
ATRIOVENTRICULAR VALVE MORPHOGENESIS%GOBP%GO:0003181	ATRIOVENTRICULAR VALVE MORPHOGENESIS%GOBP%GO:0003181	Details ...	20	0.81999534	2.1919472	0.0	6.745265E-4	0.009	669	tags=30%, list=4%, signal=31%	
POSITIVE REGULATION OF OSTEOBLAST DIFFERENTIATION%GOBP%GO:0045669	POSITIVE REGULATION OF OSTEOBLAST DIFFERENTIATION%GOBP%GO:0045669	Details ...	38	0.6883462	2.1791167	0.0	6.806793E-4	0.01	1441	tags=34%, list=8%, signal=37%	
NEGATIVE REGULATION OF OSTEOBLAST DIFFERENTIATION%GOBP%GO:0045668	NEGATIVE REGULATION OF OSTEOBLAST DIFFERENTIATION%GOBP%GO:0045668	Details ...	28	0.74177814	2.1681938	0.0	9.3728537E-4	0.015	399	tags=21%, list=2%, signal=22%	
CARDIAC CONDUCTION SYSTEM DEVELOPMENT%GOBP%GO:0003161	CARDIAC CONDUCTION SYSTEM DEVELOPMENT%GOBP%GO:0003161	Details ...	27	0.72706544	2.1616795	0.0	9.775453E-4	0.017	669	tags=26%, list=4%, signal=27%	
ARTERY DEVELOPMENT%GOBP%GO:0060840	ARTERY DEVELOPMENT%GOBP%GO:0060840	Details ...	38	0.67669713	2.1416702	0.0	0.001495737	0.028	715	tags=37%, list=4%, signal=38%	
DIGESTIVE SYSTEM DEVELOPMENT%GOBP%GO:0055123	DIGESTIVE SYSTEM DEVELOPMENT%GOBP%GO:0055123	Details ...	39	0.64584625	2.1070495	0.0	0.0031849043	0.063	1146	tags=28%, list=7%, signal=30%	
EYE PHOTORECEPTOR CELL DIFFERENTIATION%GOBP%GO:0001754	EYE PHOTORECEPTOR CELL DIFFERENTIATION%GOBP%GO:0001754	Details ...	22	0.752197	2.1059139	0.0	0.0029858476	0.063	1645	tags=41%, list=9%, signal=45%	
ALK1 SIGNALING EVENTS%PATHWAY INTERACTION DATABASE NCI-NATURE CURATED DATA%ALK1 SIGNALING EVENTS	ALK1 SIGNALING EVENTS%PATHWAY INTERACTION DATABASE NCI-NATURE CURATED DATA%ALK1 SIGNALING EVENTS	Details ...	23	0.71763873	2.0915449	0.0	0.0039641396	0.088	715	tags=30%, list=4%, signal=32%	
TGF BETA RECEPTOR SIGNALING%WIKIPATHWAYS_20250810%WP560%HOMO SAPIENS	TGF BETA RECEPTOR SIGNALING%WIKIPATHWAYS_20250810%WP560%HOMO SAPIENS	Details ...	38	0.6648208	2.084479	0.0	0.0041543613	0.096	107	tags=18%, list=1%, signal=18%	
VENTRICULAR SEPTUM MORPHOGENESIS%GOBP%GO:0060412	VENTRICULAR SEPTUM MORPHOGENESIS%GOBP%GO:0060412	Details ...	26	0.7115683	2.0742354	0.0	0.0046070083	0.111	715	tags=35%, list=4%, signal=36%	
TGF BETA RECEPTOR SIGNALING IN SKELETAL DYSPLASIAS%WIKIPATHWAYS_20250810%WP4816%HOMO SAPIENS	TGF BETA RECEPTOR SIGNALING IN SKELETAL DYSPLASIAS%WIKIPATHWAYS_20250810%WP4816%HOMO SAPIENS	Details ...	40	0.6467067	2.0609446	0.0	0.005199881	0.13	239	tags=20%, list=1%, signal=20%	
DIGESTIVE TRACT MORPHOGENESIS%GOBP%GO:0048546	DIGESTIVE TRACT MORPHOGENESIS%GOBP%GO:0048546		15	0.81802106	2.0425103	0.0	0.0067662993	0.17	1040	tags=40%, list=6%, signal=42%	
REGULATION OF MORPHOGENESIS OF A BRANCHING STRUCTURE%GOBP%GO:0060688	REGULATION OF MORPHOGENESIS OF A BRANCHING STRUCTURE%GOBP%GO:0060688		22	0.7392653	2.0354664	0.0	0.007690041	0.198	745	tags=41%, list=4%, signal=43%	
NEGATIVE REGULATION OF CELLULAR RESPONSE TO GROWTH FACTOR STIMULUS%GOBP%GO:0090288	NEGATIVE REGULATION OF CELLULAR RESPONSE TO GROWTH FACTOR STIMULUS%GOBP%GO:0090288		61	0.58883584	2.028459	0.0	0.007942932	0.213	965	tags=21%, list=6%, signal=22%	
VENTRICULAR SEPTUM DEVELOPMENT%GOBP%GO:0003281	VENTRICULAR SEPTUM DEVELOPMENT%GOBP%GO:0003281		35	0.6672603	2.0273075	0.0	0.0077365036	0.216	715	tags=29%, list=4%, signal=30%	
DEVELOPMENT OF URETERIC DERIVED COLLECTING SYSTEM%WIKIPATHWAYS_20250810%WP5053%HOMO SAPIENS	DEVELOPMENT OF URETERIC DERIVED COLLECTING SYSTEM%WIKIPATHWAYS_20250810%WP5053%HOMO SAPIENS		31	0.67046136	2.0218153	0.0	0.008117153	0.233	1397	tags=35%, list=8%, signal=39%	
DIGESTIVE TRACT DEVELOPMENT%GOBP%GO:0048565	DIGESTIVE TRACT DEVELOPMENT%GOBP%GO:0048565		38	0.64626426	2.0108633	0.0	0.00931135	0.275	1146	tags=29%, list=7%, signal=31%	
ENDOCARDIAL CUSHION DEVELOPMENT%GOBP%GO:0003197	ENDOCARDIAL CUSHION DEVELOPMENT%GOBP%GO:0003197		36	0.6424807	2.0047302	0.0	0.01001907	0.301	669	tags=28%, list=4%, signal=29%	
SIGNALING BY BMP%REACTOME%R-HSA-201451.6	SIGNALING BY BMP%REACTOME%R-HSA-201451.6		26	0.70100844	2.0031383	0.0	0.009847186	0.304	907	tags=27%, list=5%, signal=28%	
CARDIAC MUSCLE TISSUE DEVELOPMENT%GOBP%GO:0048738	CARDIAC MUSCLE TISSUE DEVELOPMENT%GOBP%GO:0048738		95	0.53142446	1.998523	0.0	0.010286469	0.322	715	tags=23%, list=4%, signal=24%	
OUTFLOW TRACT MORPHOGENESIS%GOBP%GO:0003151	OUTFLOW TRACT MORPHOGENESIS%GOBP%GO:0003151		46	0.60285896	1.9979463	0.0	0.009943587	0.322	1129	tags=33%, list=6%, signal=35%	
PID_BMP_PATHWAY%MSIGDB_C2%PID_BMP_PATHWAY	PID_BMP_PATHWAY%MSIGDB_C2%PID_BMP_PATHWAY		28	0.6549522	1.9958599	0.0	0.01000816	0.332	907	tags=25%, list=5%, signal=26%	
ENDOCARDIAL CUSHION MORPHOGENESIS%GOBP%GO:0003203	ENDOCARDIAL CUSHION MORPHOGENESIS%GOBP%GO:0003203		30	0.6542234	1.9823031	0.0	0.011781272	0.389	669	tags=30%, list=4%, signal=31%	
EMBRYONIC STEM CELL PLURIPOTENCY PATHWAYS%WIKIPATHWAYS_20250810%WP3931%HOMO SAPIENS	EMBRYONIC STEM CELL PLURIPOTENCY PATHWAYS%WIKIPATHWAYS_20250810%WP3931%HOMO SAPIENS		74	0.5582869	1.9793549	0.0	0.0119249625	0.405	745	tags=20%, list=4%, signal=21%	
NEGATIVE REGULATION OF NEURON DIFFERENTIATION%GOBP%GO:0045665	NEGATIVE REGULATION OF NEURON DIFFERENTIATION%GOBP%GO:0045665		21	0.7045621	1.9780862	0.0	0.011750484	0.409	1319	tags=52%, list=8%, signal=57%	
HEART VALVE DEVELOPMENT%GOBP%GO:0003170	HEART VALVE DEVELOPMENT%GOBP%GO:0003170		57	0.5653731	1.9732596	0.0	0.012126261	0.425	1129	tags=23%, list=6%, signal=24%	
REGULATION OF BMP SIGNALING PATHWAY%GOBP%GO:0030510	REGULATION OF BMP SIGNALING PATHWAY%GOBP%GO:0030510		57	0.57294095	1.972231	0.0	0.011955197	0.43	583	tags=23%, list=3%, signal=24%	
CARDIAC CHAMBER DEVELOPMENT%GOBP%GO:0003205	CARDIAC CHAMBER DEVELOPMENT%GOBP%GO:0003205		81	0.53929555	1.9720954	0.0	0.011652915	0.431	1034	tags=25%, list=6%, signal=26%	
RESPONSE TO BMP%GOBP%GO:0071772	RESPONSE TO BMP%GOBP%GO:0071772		44	0.589861	1.963863	0.0	0.012700984	0.466	965	tags=25%, list=6%, signal=26%	
SMAD PROTEIN SIGNAL TRANSDUCTION%GOBP%GO:0060395	SMAD PROTEIN SIGNAL TRANSDUCTION%GOBP%GO:0060395		17	0.75382096	1.9611882	0.0	0.012777027	0.478	1659	tags=47%, list=10%, signal=52%	
BIOCARTA_ALK_PATHWAY%MSIGDB_C2%BIOCARTA_ALK_PATHWAY	BIOCARTA_ALK_PATHWAY%MSIGDB_C2%BIOCARTA_ALK_PATHWAY		24	0.691849	1.9595704	0.0	0.012663369	0.484	1397	tags=33%, list=8%, signal=36%	
MESENCHYME MORPHOGENESIS%GOBP%GO:0072132	MESENCHYME MORPHOGENESIS%GOBP%GO:0072132		33	0.63042957	1.9573354	0.0	0.01273755	0.496	669	tags=30%, list=4%, signal=31%	
IN UTERO EMBRYONIC DEVELOPMENT%GOBP%GO:0001701	IN UTERO EMBRYONIC DEVELOPMENT%GOBP%GO:0001701		40	0.6223828	1.9555769	0.0	0.0128080305	0.502	715	tags=23%, list=4%, signal=23%	
CARDIAC CHAMBER MORPHOGENESIS%GOBP%GO:0003206	CARDIAC CHAMBER MORPHOGENESIS%GOBP%GO:0003206		69	0.556867	1.9553322	0.0	0.012510169	0.502	1034	tags=28%, list=6%, signal=29%	
PROTEIN SYNTHESIS: LYSINE%SMPDB%SMP0111874	PROTEIN SYNTHESIS: LYSINE%SMPDB%SMP0111874		76	0.5162491	1.9444919	0.0	0.014139635	0.554	4046	tags=54%, list=23%, signal=70%	
REGULATION OF ANIMAL ORGAN MORPHOGENESIS%GOBP%GO:2000027	REGULATION OF ANIMAL ORGAN MORPHOGENESIS%GOBP%GO:2000027		26	0.6733771	1.942392	0.0039525693	0.014272677	0.564	653	tags=35%, list=4%, signal=36%	
MUSCLE TISSUE MORPHOGENESIS%GOBP%GO:0060415	MUSCLE TISSUE MORPHOGENESIS%GOBP%GO:0060415		40	0.598886	1.9411769	0.0	0.01417436	0.569	715	tags=30%, list=4%, signal=31%	
MUSCLE ORGAN MORPHOGENESIS%GOBP%GO:0048644	MUSCLE ORGAN MORPHOGENESIS%GOBP%GO:0048644		40	0.598886	1.9408103	0.0	0.013920368	0.57	715	tags=30%, list=4%, signal=31%	
VIRAL MRNA TRANSLATION%REACTOME DATABASE ID RELEASE 93%192823	VIRAL MRNA TRANSLATION%REACTOME DATABASE ID RELEASE 93%192823		86	0.5300482	1.9388964	0.0	0.013989143	0.58	4046	tags=53%, list=23%, signal=69%	
REGULATION OF SMAD PROTEIN SIGNAL TRANSDUCTION%GOBP%GO:0060390	REGULATION OF SMAD PROTEIN SIGNAL TRANSDUCTION%GOBP%GO:0060390		45	0.5846323	1.9374759	0.0	0.013933107	0.585	748	tags=22%, list=4%, signal=23%	
SEMI-LUNAR VALVE DEVELOPMENT%GOBP%GO:1905314	SEMI-LUNAR VALVE DEVELOPMENT%GOBP%GO:1905314		41	0.60955125	1.9344677	0.0	0.01411799	0.593	669	tags=24%, list=4%, signal=25%	
CARDIAC VENTRICLE MORPHOGENESIS%GOBP%GO:0003208	CARDIAC VENTRICLE MORPHOGENESIS%GOBP%GO:0003208		43	0.5855933	1.9273322	0.0	0.015030742	0.627	978	tags=30%, list=6%, signal=32%	
TRABECULA MORPHOGENESIS%GOBP%GO:0061383	TRABECULA MORPHOGENESIS%GOBP%GO:0061383		19	0.7001093	1.9270526	0.0	0.01481347	0.628	715	tags=42%, list=4%, signal=44%	
PID_ALK1_PATHWAY%MSIGDB_C2%PID_ALK1_PATHWAY	PID_ALK1_PATHWAY%MSIGDB_C2%PID_ALK1_PATHWAY		18	0.73000735	1.9240876	0.0	0.015100687	0.645	715	tags=33%, list=4%, signal=35%	
VENTRICULAR CARDIAC MUSCLE TISSUE DEVELOPMENT%GOBP%GO:0003229	VENTRICULAR CARDIAC MUSCLE TISSUE DEVELOPMENT%GOBP%GO:0003229		35	0.6044876	1.9159908	0.0	0.016101755	0.673	715	tags=34%, list=4%, signal=36%	
SKELETAL SYSTEM MORPHOGENESIS%GOBP%GO:0048705	SKELETAL SYSTEM MORPHOGENESIS%GOBP%GO:0048705		59	0.56246	1.9151288	0.0	0.015959261	0.678	1364	tags=34%, list=8%, signal=37%	
BONE MORPHOGENESIS%GOBP%GO:0060349	BONE MORPHOGENESIS%GOBP%GO:0060349		29	0.64443463	1.913537	0.0	0.016049603	0.688	978	tags=38%, list=6%, signal=40%	
HEART VALVE MORPHOGENESIS%GOBP%GO:0003179	HEART VALVE MORPHOGENESIS%GOBP%GO:0003179		49	0.5645062	1.9133731	0.0	0.01579411	0.688	1129	tags=24%, list=6%, signal=26%	
CELLULAR RESPONSE TO BMP STIMULUS%GOBP%GO:0071773	CELLULAR RESPONSE TO BMP STIMULUS%GOBP%GO:0071773		44	0.589861	1.908115	0.0	0.016533935	0.718	965	tags=25%, list=6%, signal=26%	
PROTEIN SYNTHESIS: GLUTAMINE%SMPDB%SMP0111862	PROTEIN SYNTHESIS: GLUTAMINE%SMPDB%SMP0111862		76	0.5162491	1.9059402	0.0	0.016697703	0.726	4046	tags=54%, list=23%, signal=70%	
TRANSFORMING GROWTH FACTOR BETA RECEPTOR SIGNALING PATHWAY%GOBP%GO:0007179	TRANSFORMING GROWTH FACTOR BETA RECEPTOR SIGNALING PATHWAY%GOBP%GO:0007179		65	0.54520464	1.9005947	0.0	0.017354324	0.741	1457	tags=22%, list=8%, signal=23%	
CARDIAC MUSCLE TISSUE MORPHOGENESIS%GOBP%GO:0055008	CARDIAC MUSCLE TISSUE MORPHOGENESIS%GOBP%GO:0055008		36	0.59744775	1.9003506	0.0	0.01710674	0.742	715	tags=31%, list=4%, signal=32%	
OSTEOBLAST DIFFERENTIATION AND RELATED DISEASES%WIKIPATHWAYS_20250810%WP4787%HOMO SAPIENS	OSTEOBLAST DIFFERENTIATION AND RELATED DISEASES%WIKIPATHWAYS_20250810%WP4787%HOMO SAPIENS		77	0.5216507	1.8974575	0.0	0.017314281	0.752	946	tags=26%, list=5%, signal=27%	
PROTEIN SYNTHESIS: ISOLEUCINE%SMPDB%SMP0111872	PROTEIN SYNTHESIS: ISOLEUCINE%SMPDB%SMP0111872		76	0.5162491	1.8955938	0.0	0.017396122	0.76	4046	tags=54%, list=23%, signal=70%	
BMP SIGNALING PATHWAY%GOBP%GO:0030509	BMP SIGNALING PATHWAY%GOBP%GO:0030509		39	0.5968106	1.892899	0.0	0.01757885	0.769	852	tags=23%, list=5%, signal=24%	
PROTEIN SYNTHESIS: LEUCINE%SMPDB%SMP0111873	PROTEIN SYNTHESIS: LEUCINE%SMPDB%SMP0111873		76	0.5162491	1.8927183	0.0	0.017354228	0.77	4046	tags=54%, list=23%, signal=70%	
PROTEIN SYNTHESIS: ASPARTIC ACID%SMPDB%SMP0111858	PROTEIN SYNTHESIS: ASPARTIC ACID%SMPDB%SMP0111858		76	0.5162491	1.8892847	0.0	0.01772983	0.782	4046	tags=54%, list=23%, signal=70%	
RUNX2 REGULATES BONE DEVELOPMENT%REACTOME%R-HSA-8941326.2	RUNX2 REGULATES BONE DEVELOPMENT%REACTOME%R-HSA-8941326.2		25	0.65923876	1.888772	0.0	0.017511137	0.782	1441	tags=32%, list=8%, signal=35%	
SELENOCYSTEINE SYNTHESIS%REACTOME DATABASE ID RELEASE 93%2408557	SELENOCYSTEINE SYNTHESIS%REACTOME DATABASE ID RELEASE 93%2408557		89	0.50737065	1.8841577	0.0	0.018279823	0.797	4046	tags=51%, list=23%, signal=65%	
PEPTIDE CHAIN ELONGATION%REACTOME%R-HSA-156902.4	PEPTIDE CHAIN ELONGATION%REACTOME%R-HSA-156902.4		86	0.5095162	1.883829	0.0	0.0181342	0.8	4046	tags=52%, list=23%, signal=68%	
PROTEIN SYNTHESIS: ASPARAGINE%SMPDB%SMP0111854	PROTEIN SYNTHESIS: ASPARAGINE%SMPDB%SMP0111854		76	0.5162491	1.8815949	0.0066225166	0.018401476	0.81	4046	tags=54%, list=23%, signal=70%	
PROTEIN SYNTHESIS: ARGININE%SMPDB%SMP0111853	PROTEIN SYNTHESIS: ARGININE%SMPDB%SMP0111853		76	0.5162491	1.8812612	0.0	0.018258275	0.812	4046	tags=54%, list=23%, signal=70%	
REGULATION OF MORPHOGENESIS OF AN EPITHELIUM%GOBP%GO:1905330	REGULATION OF MORPHOGENESIS OF AN EPITHELIUM%GOBP%GO:1905330		28	0.6269484	1.8773175	0.0	0.018929513	0.825	745	tags=32%, list=4%, signal=34%	
PROTEIN SYNTHESIS: GLUTAMIC ACID%PATHWHIZ%PW112922	PROTEIN SYNTHESIS: GLUTAMIC ACID%PATHWHIZ%PW112922		76	0.5162491	1.8761693	0.0	0.018968187	0.829	4046	tags=54%, list=23%, signal=70%	
PROTEIN SYNTHESIS: TYROSINE%PATHWHIZ%PW120527	PROTEIN SYNTHESIS: TYROSINE%PATHWHIZ%PW120527		76	0.5162491	1.8742019	0.0	0.019188285	0.838	4046	tags=54%, list=23%, signal=70%	
PROTEIN SYNTHESIS: METHIONINE%PATHWHIZ%PW112933	PROTEIN SYNTHESIS: METHIONINE%PATHWHIZ%PW112933		76	0.5162491	1.8705957	0.0	0.019790722	0.853	4046	tags=54%, list=23%, signal=70%	
PROTEIN SYNTHESIS: ALANINE%PATHWHIZ%PW101384	PROTEIN SYNTHESIS: ALANINE%PATHWHIZ%PW101384		76	0.5162491	1.8660294	0.0	0.020488007	0.864	4046	tags=54%, list=23%, signal=70%	
CARDIAC VENTRICLE DEVELOPMENT%GOBP%GO:0003231	CARDIAC VENTRICLE DEVELOPMENT%GOBP%GO:0003231		62	0.5369922	1.8648617	0.0	0.020446343	0.865	715	tags=24%, list=4%, signal=25%	
ID%IOB%ID	ID%IOB%ID		16	0.7159397	1.8643184	0.0038022813	0.020260602	0.869	549	tags=44%, list=3%, signal=45%	
PROTEIN SYNTHESIS: GLYCINE%PATHWHIZ%PW112928	PROTEIN SYNTHESIS: GLYCINE%PATHWHIZ%PW112928		76	0.5162491	1.8566021	0.0	0.02171575	0.895	4046	tags=54%, list=23%, signal=70%	
PROTEIN SYNTHESIS: THREONINE%PATHWHIZ%PW120525	PROTEIN SYNTHESIS: THREONINE%PATHWHIZ%PW120525		76	0.5162491	1.8546464	0.0	0.02196956	0.899	4046	tags=54%, list=23%, signal=70%	
PROTEIN SYNTHESIS: HISTIDINE%PATHWHIZ%PW112929	PROTEIN SYNTHESIS: HISTIDINE%PATHWHIZ%PW112929		76	0.5162491	1.8503287	0.0	0.022835791	0.913	4046	tags=54%, list=23%, signal=70%	
AORTIC VALVE DEVELOPMENT%GOBP%GO:0003176	AORTIC VALVE DEVELOPMENT%GOBP%GO:0003176		38	0.5952266	1.850112	0.0	0.022639483	0.913	669	tags=24%, list=4%, signal=25%	
PROTEIN SYNTHESIS: CYSTEINE%PATHWHIZ%PW112918	PROTEIN SYNTHESIS: CYSTEINE%PATHWHIZ%PW112918		76	0.5162491	1.8474957	0.0	0.023126442	0.923	4046	tags=54%, list=23%, signal=70%	
PROTEIN SYNTHESIS: TRYPTOPHAN%PATHWHIZ%PW120526	PROTEIN SYNTHESIS: TRYPTOPHAN%PATHWHIZ%PW120526		76	0.5162491	1.8470949	0.0	0.022895103	0.924	4046	tags=54%, list=23%, signal=70%	
PROTEIN SYNTHESIS: SERINE%PATHWHIZ%PW120517	PROTEIN SYNTHESIS: SERINE%PATHWHIZ%PW120517		76	0.5162491	1.8460433	0.0	0.022882678	0.925	4046	tags=54%, list=23%, signal=70%	
HEDGEHOG%IOB%HEDGEHOG	HEDGEHOG%IOB%HEDGEHOG		21	0.667228	1.8401796	0.0037037036	0.024041455	0.935	763	tags=29%, list=4%, signal=30%	
NEGATIVE REGULATION OF OSSIFICATION%GOBP%GO:0030279	NEGATIVE REGULATION OF OSSIFICATION%GOBP%GO:0030279		23	0.6514935	1.8388796	0.0	0.024108374	0.937	979	tags=30%, list=6%, signal=32%	
PROTEIN SYNTHESIS: VALINE%PATHWHIZ%PW120528	PROTEIN SYNTHESIS: VALINE%PATHWHIZ%PW120528		76	0.5162491	1.8377972	0.0	0.024130844	0.937	4046	tags=54%, list=23%, signal=70%	
NOTCH3 INTRACELLULAR DOMAIN REGULATES TRANSCRIPTION%REACTOME%R-HSA-9013508.2	NOTCH3 INTRACELLULAR DOMAIN REGULATES TRANSCRIPTION%REACTOME%R-HSA-9013508.2		22	0.64871824	1.8372649	0.0	0.02399378	0.938	2097	tags=36%, list=12%, signal=41%	
HYPOTHESIZED PATHWAYS IN PATHOGENESIS OF CARDIOVASCULAR DISEASE%WIKIPATHWAYS_20250810%WP3668%HOMO SAPIENS	HYPOTHESIZED PATHWAYS IN PATHOGENESIS OF CARDIOVASCULAR DISEASE%WIKIPATHWAYS_20250810%WP3668%HOMO SAPIENS		19	0.68040204	1.8372521	0.0036764706	0.023735326	0.938	1359	tags=42%, list=8%, signal=46%	
REGULATION OF HEART RATE BY CARDIAC CONDUCTION%GOBP%GO:0086091	REGULATION OF HEART RATE BY CARDIAC CONDUCTION%GOBP%GO:0086091		31	0.61087036	1.8347895	0.0041841003	0.02410896	0.942	878	tags=26%, list=5%, signal=27%	
PID_WNT_SIGNALING_PATHWAY%MSIGDB_C2%PID_WNT_SIGNALING_PATHWAY	PID_WNT_SIGNALING_PATHWAY%MSIGDB_C2%PID_WNT_SIGNALING_PATHWAY		18	0.69215894	1.8290346	0.0035587188	0.02540614	0.955	1098	tags=33%, list=6%, signal=36%	
EYE PHOTORECEPTOR CELL DEVELOPMENT%GOBP%GO:0042462	EYE PHOTORECEPTOR CELL DEVELOPMENT%GOBP%GO:0042462		15	0.7234246	1.8281254	0.010989011	0.025328431	0.956	1461	tags=40%, list=8%, signal=44%	
EMBRYONIC ORGAN MORPHOGENESIS%GOBP%GO:0048562	EMBRYONIC ORGAN MORPHOGENESIS%GOBP%GO:0048562		95	0.50463194	1.8260647	0.0	0.02560162	0.96	1044	tags=22%, list=6%, signal=23%	
CRANIAL SKELETAL SYSTEM DEVELOPMENT%GOBP%GO:1904888	CRANIAL SKELETAL SYSTEM DEVELOPMENT%GOBP%GO:1904888		20	0.6671775	1.8219687	0.0078125	0.026398253	0.963	1040	tags=40%, list=6%, signal=42%	
REGULATION OF NEURON DIFFERENTIATION%GOBP%GO:0045664	REGULATION OF NEURON DIFFERENTIATION%GOBP%GO:0045664		72	0.5116703	1.8200033	0.0	0.026685657	0.965	549	tags=22%, list=3%, signal=23%	
PROTEIN SYNTHESIS: PROLINE%PATHWHIZ%PW113695	PROTEIN SYNTHESIS: PROLINE%PATHWHIZ%PW113695		76	0.5162491	1.8184454	0.0	0.026866319	0.966	4046	tags=54%, list=23%, signal=70%	
TGF-BETA SIGNALING PATHWAY%PANTHER PATHWAY%P00052	TGF-BETA SIGNALING PATHWAY%PANTHER PATHWAY%P00052		67	0.5116995	1.8168449	0.0	0.026973633	0.967	1790	tags=27%, list=10%, signal=30%	
EUKARYOTIC TRANSLATION ELONGATION%REACTOME%R-HSA-156842.4	EUKARYOTIC TRANSLATION ELONGATION%REACTOME%R-HSA-156842.4		90	0.48348925	1.810545	0.0	0.028576653	0.976	4046	tags=51%, list=23%, signal=66%	
VENTRICULAR CARDIAC MUSCLE TISSUE MORPHOGENESIS%GOBP%GO:0055010	VENTRICULAR CARDIAC MUSCLE TISSUE MORPHOGENESIS%GOBP%GO:0055010		29	0.6093777	1.8004639	0.0	0.031155474	0.98	715	tags=34%, list=4%, signal=36%	
EAR DEVELOPMENT%GOBP%GO:0043583	EAR DEVELOPMENT%GOBP%GO:0043583		52	0.53422856	1.7955109	0.0	0.032300882	0.982	1040	tags=25%, list=6%, signal=27%	
REGULATION OF CARDIAC MUSCLE CELL PROLIFERATION%GOBP%GO:0060043	REGULATION OF CARDIAC MUSCLE CELL PROLIFERATION%GOBP%GO:0060043		19	0.6627868	1.7951066	0.0	0.032132898	0.982	978	tags=37%, list=6%, signal=39%	
NEGATIVE REGULATION OF BIOMINERAL TISSUE DEVELOPMENT%GOBP%GO:0070168	NEGATIVE REGULATION OF BIOMINERAL TISSUE DEVELOPMENT%GOBP%GO:0070168		16	0.6676949	1.7938174	0.011111111	0.03215506	0.982	669	tags=31%, list=4%, signal=32%	
SENSORY PERCEPTION OF TASTE%REACTOME%R-HSA-9717189.3	SENSORY PERCEPTION OF TASTE%REACTOME%R-HSA-9717189.3		23	0.6308487	1.7924818	0.0038022813	0.03226576	0.983	2905	tags=61%, list=17%, signal=73%	
CARDIAC EPITHELIAL TO MESENCHYMAL TRANSITION%GOBP%GO:0060317	CARDIAC EPITHELIAL TO MESENCHYMAL TRANSITION%GOBP%GO:0060317		19	0.66907465	1.7838966	0.003533569	0.035036344	0.988	715	tags=32%, list=4%, signal=33%	
NEGATIVE REGULATION OF TRANSFORMING GROWTH FACTOR BETA RECEPTOR SIGNALING PATHWAY%GOBP%GO:0030512	NEGATIVE REGULATION OF TRANSFORMING GROWTH FACTOR BETA RECEPTOR SIGNALING PATHWAY%GOBP%GO:0030512		70	0.49356174	1.7811241	0.0	0.035554737	0.99	298	tags=11%, list=2%, signal=12%	
EMBRYONIC DIGESTIVE TRACT DEVELOPMENT%GOBP%GO:0048566	EMBRYONIC DIGESTIVE TRACT DEVELOPMENT%GOBP%GO:0048566		15	0.7130931	1.7808945	0.009966778	0.035278827	0.99	1060	tags=40%, list=6%, signal=43%	
EAR MORPHOGENESIS%GOBP%GO:0042471	EAR MORPHOGENESIS%GOBP%GO:0042471		29	0.60072255	1.7758844	0.012552301	0.036583357	0.992	1040	tags=28%, list=6%, signal=29%	
NEGATIVE REGULATION OF SMAD PROTEIN SIGNAL TRANSDUCTION%GOBP%GO:0060392	NEGATIVE REGULATION OF SMAD PROTEIN SIGNAL TRANSDUCTION%GOBP%GO:0060392		17	0.66590023	1.7750864	0.0100334445	0.03659171	0.992	748	tags=29%, list=4%, signal=31%	
ENDOCARDIAL CUSHION FORMATION%GOBP%GO:0003272	ENDOCARDIAL CUSHION FORMATION%GOBP%GO:0003272		19	0.6629257	1.7692358	0.010638298	0.038237724	0.993	669	tags=32%, list=4%, signal=33%	
CARDIAC ATRIUM MORPHOGENESIS%GOBP%GO:0003209	CARDIAC ATRIUM MORPHOGENESIS%GOBP%GO:0003209		19	0.64519614	1.7689787	0.007246377	0.03795351	0.993	669	tags=21%, list=4%, signal=22%	
EUKARYOTIC TRANSLATION TERMINATION%REACTOME%R-HSA-72764.6	EUKARYOTIC TRANSLATION TERMINATION%REACTOME%R-HSA-72764.6		89	0.47350076	1.768359	0.0	0.03785665	0.993	4046	tags=51%, list=23%, signal=65%	
HEART TRABECULA MORPHOGENESIS%GOBP%GO:0061384	HEART TRABECULA MORPHOGENESIS%GOBP%GO:0061384		16	0.6720921	1.768018	0.01369863	0.037629202	0.993	715	tags=44%, list=4%, signal=46%	
PHOTORECEPTOR CELL DIFFERENTIATION%GOBP%GO:0046530	PHOTORECEPTOR CELL DIFFERENTIATION%GOBP%GO:0046530		30	0.56840056	1.7678698	0.003984064	0.037344657	0.993	1645	tags=30%, list=9%, signal=33%	
NOTCH4 INTRACELLULAR DOMAIN REGULATES TRANSCRIPTION%REACTOME DATABASE ID RELEASE 93%9013695	NOTCH4 INTRACELLULAR DOMAIN REGULATES TRANSCRIPTION%REACTOME DATABASE ID RELEASE 93%9013695		18	0.6728797	1.7659713	0.006849315	0.037778012	0.994	1659	tags=39%, list=10%, signal=43%	
NEGATIVE REGULATION OF TRANSMEMBRANE RECEPTOR PROTEIN SERINE/THREONINE KINASE SIGNALING PATHWAY%GOBP%GO:0090101	NEGATIVE REGULATION OF TRANSMEMBRANE RECEPTOR PROTEIN SERINE/THREONINE KINASE SIGNALING PATHWAY%GOBP%GO:0090101		98	0.46958354	1.7593691	0.0	0.03969305	0.995	1116	tags=16%, list=6%, signal=17%	
CARDIAC ATRIUM DEVELOPMENT%GOBP%GO:0003230	CARDIAC ATRIUM DEVELOPMENT%GOBP%GO:0003230		22	0.6220351	1.7588153	0.007633588	0.039539807	0.995	669	tags=18%, list=4%, signal=19%	
EMBRYONIC SKELETAL SYSTEM MORPHOGENESIS%GOBP%GO:0048704	EMBRYONIC SKELETAL SYSTEM MORPHOGENESIS%GOBP%GO:0048704		24	0.61998487	1.7561588	0.007633588	0.04012016	0.995	1040	tags=29%, list=6%, signal=31%	
AORTIC VALVE MORPHOGENESIS%GOBP%GO:0003180	AORTIC VALVE MORPHOGENESIS%GOBP%GO:0003180		34	0.57403	1.7541889	0.009049774	0.040464286	0.995	669	tags=21%, list=4%, signal=21%	
EMBRYONIC PATTERN SPECIFICATION%GOBP%GO:0009880	EMBRYONIC PATTERN SPECIFICATION%GOBP%GO:0009880		26	0.6108161	1.7507061	0.012448133	0.041340385	0.997	399	tags=15%, list=2%, signal=16%	
CELLULAR RESPONSE TO TRANSFORMING GROWTH FACTOR BETA STIMULUS%GOBP%GO:0071560	CELLULAR RESPONSE TO TRANSFORMING GROWTH FACTOR BETA STIMULUS%GOBP%GO:0071560		84	0.47279933	1.7488973	0.0	0.041594364	0.997	979	tags=18%, list=6%, signal=19%	
SENSORY ORGAN MORPHOGENESIS%GOBP%GO:0090596	SENSORY ORGAN MORPHOGENESIS%GOBP%GO:0090596		98	0.45987472	1.7449348	0.0	0.042685233	0.997	1715	tags=26%, list=10%, signal=28%	
ACTIVATION OF KAINATE RECEPTORS UPON GLUTAMATE BINDING%REACTOME DATABASE ID RELEASE 93%451326	ACTIVATION OF KAINATE RECEPTORS UPON GLUTAMATE BINDING%REACTOME DATABASE ID RELEASE 93%451326		27	0.58917946	1.7432975	0.003921569	0.04304048	0.998	439	tags=22%, list=3%, signal=23%	
WNT SIGNALING IN KIDNEY DISEASE%WIKIPATHWAYS_20250810%WP4150%HOMO SAPIENS	WNT SIGNALING IN KIDNEY DISEASE%WIKIPATHWAYS_20250810%WP4150%HOMO SAPIENS		23	0.6158787	1.7408836	0.010600707	0.04377753	0.998	1790	tags=35%, list=10%, signal=39%	
NEGATIVE REGULATION OF CD4-POSITIVE, ALPHA-BETA T CELL ACTIVATION%GOBP%GO:2000515	NEGATIVE REGULATION OF CD4-POSITIVE, ALPHA-BETA T CELL ACTIVATION%GOBP%GO:2000515		15	0.6714179	1.7379922	0.01831502	0.04461159	0.998	1085	tags=33%, list=6%, signal=36%	
CYTOPLASMIC RIBOSOMAL PROTEINS%WIKIPATHWAYS_20250810%WP477%HOMO SAPIENS	CYTOPLASMIC RIBOSOMAL PROTEINS%WIKIPATHWAYS_20250810%WP477%HOMO SAPIENS		85	0.47722474	1.7379526	0.0	0.044269286	0.998	4052	tags=52%, list=23%, signal=67%	
CARDIAC MUSCLE CELL ACTION POTENTIAL%GOBP%GO:0086001	CARDIAC MUSCLE CELL ACTION POTENTIAL%GOBP%GO:0086001		42	0.5471664	1.7367748	0.0	0.044442	0.998	1021	tags=29%, list=6%, signal=30%	
OUTFLOW TRACT SEPTUM MORPHOGENESIS%GOBP%GO:0003148	OUTFLOW TRACT SEPTUM MORPHOGENESIS%GOBP%GO:0003148		21	0.63945764	1.7349954	0.010600707	0.044800684	0.999	440	tags=29%, list=3%, signal=29%	
RESPONSE TO TRANSFORMING GROWTH FACTOR BETA%GOBP%GO:0071559	RESPONSE TO TRANSFORMING GROWTH FACTOR BETA%GOBP%GO:0071559		89	0.4705002	1.7317098	0.0	0.04586717	0.999	979	tags=18%, list=6%, signal=19%	
HAIR FOLLICLE DEVELOPMENT ORGANOGENESIS STAGE 2 OF 3%WIKIPATHWAYS_20250810%WP2839%HOMO SAPIENS	HAIR FOLLICLE DEVELOPMENT ORGANOGENESIS STAGE 2 OF 3%WIKIPATHWAYS_20250810%WP2839%HOMO SAPIENS		19	0.64536697	1.7316225	0.007246377	0.04556028	0.999	1284	tags=37%, list=7%, signal=40%	
EMBRYONIC AXIS SPECIFICATION%GOBP%GO:0000578	EMBRYONIC AXIS SPECIFICATION%GOBP%GO:0000578		17	0.65498054	1.7307115	0.0074074073	0.045493256	0.999	399	tags=18%, list=2%, signal=18%	
PROTEIN SYNTHESIS: PHENYLALANINE%PATHWHIZ%PW112934	PROTEIN SYNTHESIS: PHENYLALANINE%PATHWHIZ%PW112934		78	0.474872	1.7254579	0.0	0.04725164	0.999	3285	tags=44%, list=19%, signal=53%	
REGULATION OF CARDIAC MUSCLE TISSUE GROWTH%GOBP%GO:0055021	REGULATION OF CARDIAC MUSCLE TISSUE GROWTH%GOBP%GO:0055021		22	0.6123002	1.7215263	0.0036630037	0.048544653	0.999	978	tags=32%, list=6%, signal=34%	
SENSORY PERCEPTION OF SWEET, BITTER, AND UMAMI (GLUTAMATE) TASTE%REACTOME%R-HSA-9717207.2	SENSORY PERCEPTION OF SWEET, BITTER, AND UMAMI (GLUTAMATE) TASTE%REACTOME%R-HSA-9717207.2		21	0.6406014	1.7199336	0.0074074073	0.04884276	0.999	2905	tags=67%, list=17%, signal=80%	
INTRACILIARY TRANSPORT%GOBP%GO:0042073	INTRACILIARY TRANSPORT%GOBP%GO:0042073		36	0.55880535	1.718468	0.00456621	0.049076226	0.999	1562	tags=28%, list=9%, signal=30%	
RETINA DEVELOPMENT IN CAMERA-TYPE EYE%GOBP%GO:0060041	RETINA DEVELOPMENT IN CAMERA-TYPE EYE%GOBP%GO:0060041		58	0.49355096	1.7109714	0.0	0.05188365	1.0	1658	tags=29%, list=9%, signal=32%	
STEM CELL POPULATION MAINTENANCE%GOBP%GO:0019827	STEM CELL POPULATION MAINTENANCE%GOBP%GO:0019827		38	0.5426748	1.7094064	0.00913242	0.052250717	1.0	549	tags=13%, list=3%, signal=14%	
CELL COMMUNICATION INVOLVED IN CARDIAC CONDUCTION%GOBP%GO:0086065	CELL COMMUNICATION INVOLVED IN CARDIAC CONDUCTION%GOBP%GO:0086065		29	0.56627846	1.7092252	0.008333334	0.051943153	1.0	675	tags=21%, list=4%, signal=21%	
AORTA MORPHOGENESIS%GOBP%GO:0035909	AORTA MORPHOGENESIS%GOBP%GO:0035909		19	0.639072	1.707207	0.017482517	0.05244313	1.0	669	tags=37%, list=4%, signal=38%	
PULMONARY VALVE DEVELOPMENT%GOBP%GO:0003177	PULMONARY VALVE DEVELOPMENT%GOBP%GO:0003177		21	0.6277493	1.7025629	0.0042918455	0.054195084	1.0	669	tags=29%, list=4%, signal=30%	
NGF-STIMULATED TRANSCRIPTION%REACTOME DATABASE ID RELEASE 93%9031628	NGF-STIMULATED TRANSCRIPTION%REACTOME DATABASE ID RELEASE 93%9031628		31	0.5656547	1.6998032	0.014150944	0.054975092	1.0	543	tags=23%, list=3%, signal=23%	
REGULATION OF BIOMINERAL TISSUE DEVELOPMENT%GOBP%GO:0070167	REGULATION OF BIOMINERAL TISSUE DEVELOPMENT%GOBP%GO:0070167		59	0.49143878	1.6972584	0.0	0.05589662	1.0	978	tags=20%, list=6%, signal=21%	
METANEPHROS DEVELOPMENT%GOBP%GO:0001656	METANEPHROS DEVELOPMENT%GOBP%GO:0001656		26	0.57163143	1.6959255	0.008403362	0.05614566	1.0	1183	tags=38%, list=7%, signal=41%	
CS-GAG BIOSYNTHESIS%REACTOME DATABASE ID RELEASE 93%2022870	CS-GAG BIOSYNTHESIS%REACTOME DATABASE ID RELEASE 93%2022870		15	0.67669624	1.6837668	0.01910828	0.06139452	1.0	667	tags=27%, list=4%, signal=28%	
SMOOTH MUSCLE CONTRACTION%GOBP%GO:0006939	SMOOTH MUSCLE CONTRACTION%GOBP%GO:0006939		24	0.59273326	1.681387	0.014869888	0.062127918	1.0	511	tags=21%, list=3%, signal=21%	
CARDIAC MUSCLE CELL CONTRACTION%GOBP%GO:0086003	CARDIAC MUSCLE CELL CONTRACTION%GOBP%GO:0086003		35	0.5426985	1.679731	0.016260162	0.06252393	1.0	1021	tags=29%, list=6%, signal=30%	
MAINTENANCE OF CELL NUMBER%GOBP%GO:0098727	MAINTENANCE OF CELL NUMBER%GOBP%GO:0098727		39	0.5356227	1.6763991	0.004484305	0.06378331	1.0	549	tags=13%, list=3%, signal=13%	
CELL-CELL SIGNALING INVOLVED IN CARDIAC CONDUCTION%GOBP%GO:0086019	CELL-CELL SIGNALING INVOLVED IN CARDIAC CONDUCTION%GOBP%GO:0086019		15	0.65996385	1.6739914	0.014440433	0.06461276	1.0	119	tags=20%, list=1%, signal=20%	
POSITIVE REGULATION OF MORPHOGENESIS OF AN EPITHELIUM%GOBP%GO:1905332	POSITIVE REGULATION OF MORPHOGENESIS OF AN EPITHELIUM%GOBP%GO:1905332		21	0.62467086	1.6737715	0.014814815	0.06432574	1.0	745	tags=33%, list=4%, signal=35%	
MEMBRANE DEPOLARIZATION DURING ACTION POTENTIAL%GOBP%GO:0086010	MEMBRANE DEPOLARIZATION DURING ACTION POTENTIAL%GOBP%GO:0086010		19	0.60323423	1.6714153	0.014814815	0.06516142	1.0	1021	tags=26%, list=6%, signal=28%	
APPENDAGE MORPHOGENESIS%GOBP%GO:0035107	APPENDAGE MORPHOGENESIS%GOBP%GO:0035107		34	0.53853446	1.6555188	0.015444015	0.073121324	1.0	1318	tags=26%, list=8%, signal=29%	
EMBRYONIC SKELETAL SYSTEM DEVELOPMENT%GOBP%GO:0048706	EMBRYONIC SKELETAL SYSTEM DEVELOPMENT%GOBP%GO:0048706		41	0.50584596	1.6537691	0.008810572	0.07356924	1.0	1046	tags=32%, list=6%, signal=34%	
CARDIAC MUSCLE CELL ACTION POTENTIAL INVOLVED IN CONTRACTION%GOBP%GO:0086002	CARDIAC MUSCLE CELL ACTION POTENTIAL INVOLVED IN CONTRACTION%GOBP%GO:0086002		31	0.55269706	1.6527665	0.024193548	0.07365077	1.0	1021	tags=29%, list=6%, signal=31%	
SELENOAMINO ACID METABOLISM%REACTOME DATABASE ID RELEASE 93%2408522	SELENOAMINO ACID METABOLISM%REACTOME DATABASE ID RELEASE 93%2408522		100	0.43027788	1.6516625	0.0	0.07376125	1.0	3285	tags=40%, list=19%, signal=49%	
PLACENTA DEVELOPMENT%GOBP%GO:0001890	PLACENTA DEVELOPMENT%GOBP%GO:0001890		31	0.54742426	1.6513608	0.00754717	0.07345998	1.0	1183	tags=26%, list=7%, signal=28%	
FORMATION OF A POOL OF FREE 40S SUBUNITS%REACTOME%R-HSA-72689.3	FORMATION OF A POOL OF FREE 40S SUBUNITS%REACTOME%R-HSA-72689.3		98	0.43928677	1.6500967	0.0	0.07366099	1.0	4046	tags=49%, list=23%, signal=63%	
APPENDAGE DEVELOPMENT%GOBP%GO:0048736	APPENDAGE DEVELOPMENT%GOBP%GO:0048736		48	0.4928961	1.6454451	0.020304568	0.07580001	1.0	1328	tags=23%, list=8%, signal=25%	
NONSENSE MEDIATED DECAY (NMD) INDEPENDENT OF THE EXON JUNCTION COMPLEX (EJC)%REACTOME DATABASE ID RELEASE 93%975956	NONSENSE MEDIATED DECAY (NMD) INDEPENDENT OF THE EXON JUNCTION COMPLEX (EJC)%REACTOME DATABASE ID RELEASE 93%975956		92	0.4462043	1.6453375	0.0	0.07536356	1.0	4046	tags=49%, list=23%, signal=63%	
DISEASES ASSOCIATED WITH GLYCOSAMINOGLYCAN METABOLISM%REACTOME%R-HSA-3560782.5	DISEASES ASSOCIATED WITH GLYCOSAMINOGLYCAN METABOLISM%REACTOME%R-HSA-3560782.5		33	0.5423579	1.6430476	0.017316017	0.07610001	1.0	1927	tags=27%, list=11%, signal=31%	
REGULATION OF HEART GROWTH%GOBP%GO:0060420	REGULATION OF HEART GROWTH%GOBP%GO:0060420		26	0.57505506	1.6421691	0.020491803	0.07612712	1.0	978	tags=27%, list=6%, signal=28%	
IRINOTECAN ACTION PATHWAY%PATHWHIZ%PW000238	IRINOTECAN ACTION PATHWAY%PATHWHIZ%PW000238		18	0.6057556	1.6408484	0.014492754	0.07641291	1.0	2800	tags=44%, list=16%, signal=53%	
SARS-COV-1 MODULATES HOST TRANSLATION MACHINERY%REACTOME DATABASE ID RELEASE 93%9735869	SARS-COV-1 MODULATES HOST TRANSLATION MACHINERY%REACTOME DATABASE ID RELEASE 93%9735869		36	0.53407794	1.6394215	0.0044247787	0.07674361	1.0	3282	tags=50%, list=19%, signal=61%	
DIFFERENTIATION OF WHITE AND BROWN ADIPOCYTE%WIKIPATHWAYS_20250810%WP2895%HOMO SAPIENS	DIFFERENTIATION OF WHITE AND BROWN ADIPOCYTE%WIKIPATHWAYS_20250810%WP2895%HOMO SAPIENS		17	0.6267945	1.6374483	0.02877698	0.07737264	1.0	243	tags=18%, list=1%, signal=18%	
INCRETIN SYNTHESIS, SECRETION, AND INACTIVATION%REACTOME%R-HSA-400508.4	INCRETIN SYNTHESIS, SECRETION, AND INACTIVATION%REACTOME%R-HSA-400508.4		16	0.62677807	1.6370497	0.02208202	0.07711637	1.0	534	tags=25%, list=3%, signal=26%	
CARDIAC CONDUCTION%GOBP%GO:0061337	CARDIAC CONDUCTION%GOBP%GO:0061337		48	0.50351274	1.635882	0.0	0.07732689	1.0	878	tags=21%, list=5%, signal=22%	
DOWNREGULATION OF TGF-BETA RECEPTOR SIGNALING%REACTOME DATABASE ID RELEASE 93%2173788	DOWNREGULATION OF TGF-BETA RECEPTOR SIGNALING%REACTOME DATABASE ID RELEASE 93%2173788		24	0.5734093	1.6358312	0.02189781	0.07689661	1.0	954	tags=25%, list=5%, signal=26%	
REGULATION OF OSSIFICATION%GOBP%GO:0030278	REGULATION OF OSSIFICATION%GOBP%GO:0030278		65	0.4737232	1.6353825	0.005952381	0.07669248	1.0	979	tags=20%, list=6%, signal=21%	
BARDET BIEDL SYNDROME%WIKIPATHWAYS_20250810%WP5234%HOMO SAPIENS	BARDET BIEDL SYNDROME%WIKIPATHWAYS_20250810%WP5234%HOMO SAPIENS		67	0.46694458	1.6348808	0.0	0.07653459	1.0	2145	tags=31%, list=12%, signal=36%	
HEMATOPOIETIC OR LYMPHOID ORGAN DEVELOPMENT%GOBP%GO:0048534	HEMATOPOIETIC OR LYMPHOID ORGAN DEVELOPMENT%GOBP%GO:0048534		21	0.5939177	1.6344041	0.032846715	0.07641589	1.0	1169	tags=29%, list=7%, signal=31%	
ANTIGEN PROCESSING AND PRESENTATION OF ENDOGENOUS PEPTIDE ANTIGEN%GOBP%GO:0002483	ANTIGEN PROCESSING AND PRESENTATION OF ENDOGENOUS PEPTIDE ANTIGEN%GOBP%GO:0002483		15	0.6376702	1.6343879	0.029520296	0.07597086	1.0	2257	tags=33%, list=13%, signal=38%	
LIMB MORPHOGENESIS%GOBP%GO:0035108	LIMB MORPHOGENESIS%GOBP%GO:0035108		34	0.53853446	1.633854	0.004149378	0.07581616	1.0	1318	tags=26%, list=8%, signal=29%	
NEGATIVE REGULATION OF CELL ACTIVATION%GOBP%GO:0050866	NEGATIVE REGULATION OF CELL ACTIVATION%GOBP%GO:0050866		83	0.43584353	1.6296796	0.0	0.07773508	1.0	1297	tags=19%, list=7%, signal=21%	
CLASS B 2 (SECRETIN FAMILY RECEPTORS)%REACTOME%R-HSA-373080.4	CLASS B 2 (SECRETIN FAMILY RECEPTORS)%REACTOME%R-HSA-373080.4		54	0.47631142	1.6265944	0.0	0.07920041	1.0	752	tags=20%, list=4%, signal=21%	
HEDGEHOG%NETPATH%HEDGEHOG	HEDGEHOG%NETPATH%HEDGEHOG		19	0.60554177	1.6265537	0.0034965035	0.07876632	1.0	763	tags=26%, list=4%, signal=27%	
LIMB DEVELOPMENT%GOBP%GO:0060173	LIMB DEVELOPMENT%GOBP%GO:0060173		48	0.4928961	1.6245992	0.0	0.07948223	1.0	1328	tags=23%, list=8%, signal=25%	
ENDOCHONDRAL BONE MORPHOGENESIS%GOBP%GO:0060350	ENDOCHONDRAL BONE MORPHOGENESIS%GOBP%GO:0060350		16	0.6144026	1.6235849	0.04109589	0.07956767	1.0	978	tags=44%, list=6%, signal=46%	
REGULATION OF ORGAN GROWTH%GOBP%GO:0046620	REGULATION OF ORGAN GROWTH%GOBP%GO:0046620		33	0.53552175	1.6198834	0.012820513	0.08125481	1.0	978	tags=21%, list=6%, signal=22%	
RESPONSE OF EIF2AK4 (GCN2) TO AMINO ACID DEFICIENCY%REACTOME DATABASE ID RELEASE 93%9633012	RESPONSE OF EIF2AK4 (GCN2) TO AMINO ACID DEFICIENCY%REACTOME DATABASE ID RELEASE 93%9633012		97	0.4272412	1.6149081	0.0	0.08409424	1.0	4154	tags=51%, list=24%, signal=66%	
NEGATIVE REGULATION OF LYMPHOCYTE DIFFERENTIATION%GOBP%GO:0045620	NEGATIVE REGULATION OF LYMPHOCYTE DIFFERENTIATION%GOBP%GO:0045620		26	0.5617375	1.6128438	0.019455252	0.08489349	1.0	1141	tags=23%, list=7%, signal=25%	
POSITIVE REGULATION OF CARDIAC MUSCLE TISSUE GROWTH%GOBP%GO:0055023	POSITIVE REGULATION OF CARDIAC MUSCLE TISSUE GROWTH%GOBP%GO:0055023		15	0.6314888	1.6126376	0.043624163	0.08456421	1.0	978	tags=33%, list=6%, signal=35%	
STEM CELL DIFFERENTIATION%GOBP%GO:0048863	STEM CELL DIFFERENTIATION%GOBP%GO:0048863		83	0.43488854	1.6105345	0.0	0.08541462	1.0	1034	tags=20%, list=6%, signal=22%	
POSITIVE REGULATION OF GLIOGENESIS%GOBP%GO:0014015	POSITIVE REGULATION OF GLIOGENESIS%GOBP%GO:0014015		17	0.6041996	1.6097023	0.02166065	0.0854612	1.0	549	tags=24%, list=3%, signal=24%	
DORSAL/VENTRAL PATTERN FORMATION%GOBP%GO:0009953	DORSAL/VENTRAL PATTERN FORMATION%GOBP%GO:0009953		30	0.53390974	1.6093892	0.023904383	0.085204296	1.0	409	tags=23%, list=2%, signal=24%	
REGULATION OF ACTIVIN RECEPTOR SIGNALING PATHWAY%GOBP%GO:0032925	REGULATION OF ACTIVIN RECEPTOR SIGNALING PATHWAY%GOBP%GO:0032925		16	0.6278086	1.608069	0.04195804	0.085505605	1.0	34	tags=13%, list=0%, signal=13%	
NEURAL RETINA DEVELOPMENT%GOBP%GO:0003407	NEURAL RETINA DEVELOPMENT%GOBP%GO:0003407		30	0.55285835	1.6031481	0.025316456	0.08798043	1.0	1645	tags=30%, list=9%, signal=33%	
RUNX2 REGULATES OSTEOBLAST DIFFERENTIATION%REACTOME%R-HSA-8940973.2	RUNX2 REGULATES OSTEOBLAST DIFFERENTIATION%REACTOME%R-HSA-8940973.2		19	0.5915848	1.6014262	0.027237354	0.08862515	1.0	1913	tags=37%, list=11%, signal=41%	
REGULATION OF KIDNEY DEVELOPMENT%GOBP%GO:0090183	REGULATION OF KIDNEY DEVELOPMENT%GOBP%GO:0090183		18	0.5968867	1.5985696	0.021201413	0.08986281	1.0	455	tags=28%, list=3%, signal=28%	
MORPHOGENESIS OF A BRANCHING STRUCTURE%GOBP%GO:0001763	MORPHOGENESIS OF A BRANCHING STRUCTURE%GOBP%GO:0001763		41	0.4891482	1.5905707	0.016949153	0.09463467	1.0	1645	tags=29%, list=9%, signal=32%	
REGULATION OF GLIOGENESIS%GOBP%GO:0014013	REGULATION OF GLIOGENESIS%GOBP%GO:0014013		30	0.5319663	1.5867282	0.026819924	0.09679843	1.0	797	tags=20%, list=5%, signal=21%	
IONOTROPIC GLUTAMATE RECEPTOR PATHWAY%PANTHER PATHWAY%P00037	IONOTROPIC GLUTAMATE RECEPTOR PATHWAY%PANTHER PATHWAY%P00037		26	0.5478767	1.5820546	0.034615386	0.099715084	1.0	1392	tags=31%, list=8%, signal=33%	
TGF-BETA RECEPTOR SIGNALING ACTIVATES SMADS%REACTOME%R-HSA-2173789.6	TGF-BETA RECEPTOR SIGNALING ACTIVATES SMADS%REACTOME%R-HSA-2173789.6		42	0.491215	1.580015	0.0043668123	0.10057139	1.0	954	tags=19%, list=5%, signal=20%	
NEGATIVE REGULATION OF DNA-BINDING TRANSCRIPTION FACTOR ACTIVITY%GOBP%GO:0043433	NEGATIVE REGULATION OF DNA-BINDING TRANSCRIPTION FACTOR ACTIVITY%GOBP%GO:0043433		51	0.4757418	1.5788957	0.005	0.10083149	1.0	491	tags=10%, list=3%, signal=10%	
IRINOTECAN METABOLISM PATHWAY%SMPDB%SMP0000600	IRINOTECAN METABOLISM PATHWAY%SMPDB%SMP0000600		18	0.6057556	1.5736449	0.030821918	0.104149744	1.0	2800	tags=44%, list=16%, signal=53%	
HEDGEHOG SIGNALING%WIKIPATHWAYS_20250810%WP4249%HOMO SAPIENS	HEDGEHOG SIGNALING%WIKIPATHWAYS_20250810%WP4249%HOMO SAPIENS		28	0.5295673	1.5691193	0.025974026	0.10712279	1.0	1185	tags=29%, list=7%, signal=31%	
ANTIGEN PROCESSING AND PRESENTATION OF ENDOGENOUS ANTIGEN%GOBP%GO:0019883	ANTIGEN PROCESSING AND PRESENTATION OF ENDOGENOUS ANTIGEN%GOBP%GO:0019883		15	0.6376702	1.5639855	0.038732395	0.11045431	1.0	2257	tags=33%, list=13%, signal=38%	
REGULATION OF STEM CELL PROLIFERATION%GOBP%GO:0072091	REGULATION OF STEM CELL PROLIFERATION%GOBP%GO:0072091		23	0.54285866	1.5604675	0.03717472	0.11259975	1.0	715	tags=17%, list=4%, signal=18%	
PLURIPOTENT STEM CELL DIFFERENTIATION PATHWAY%WIKIPATHWAYS_20250810%WP2848%HOMO SAPIENS	PLURIPOTENT STEM CELL DIFFERENTIATION PATHWAY%WIKIPATHWAYS_20250810%WP2848%HOMO SAPIENS		17	0.58746403	1.5594314	0.026578072	0.11284374	1.0	745	tags=18%, list=4%, signal=18%	
SIGNALING EVENTS MEDIATED BY THE HEDGEHOG FAMILY%PATHWAY INTERACTION DATABASE NCI-NATURE CURATED DATA%SIGNALING EVENTS MEDIATED BY THE HEDGEHOG FAMILY	SIGNALING EVENTS MEDIATED BY THE HEDGEHOG FAMILY%PATHWAY INTERACTION DATABASE NCI-NATURE CURATED DATA%SIGNALING EVENTS MEDIATED BY THE HEDGEHOG FAMILY		18	0.5966944	1.5572759	0.025547445	0.11395145	1.0	1176	tags=39%, list=7%, signal=42%	
PULMONARY VALVE MORPHOGENESIS%GOBP%GO:0003184	PULMONARY VALVE MORPHOGENESIS%GOBP%GO:0003184		18	0.5927288	1.5559784	0.054151624	0.11438029	1.0	669	tags=22%, list=4%, signal=23%	
POSITIVE REGULATION OF SYNAPSE ASSEMBLY%GOBP%GO:0051965	POSITIVE REGULATION OF SYNAPSE ASSEMBLY%GOBP%GO:0051965		27	0.5309569	1.5550059	0.03533569	0.114579275	1.0	863	tags=22%, list=5%, signal=23%	
INNER EAR DEVELOPMENT%GOBP%GO:0048839	INNER EAR DEVELOPMENT%GOBP%GO:0048839		45	0.48460445	1.5542641	0.0	0.11458362	1.0	949	tags=22%, list=5%, signal=23%	
MORPHOGENESIS OF A BRANCHING EPITHELIUM%GOBP%GO:0061138	MORPHOGENESIS OF A BRANCHING EPITHELIUM%GOBP%GO:0061138		35	0.4952449	1.5481217	0.029411765	0.118855506	1.0	1645	tags=29%, list=9%, signal=31%	
NEURAL CREST DIFFERENTIATION%WIKIPATHWAYS_20250810%WP2064%HOMO SAPIENS	NEURAL CREST DIFFERENTIATION%WIKIPATHWAYS_20250810%WP2064%HOMO SAPIENS		73	0.43558255	1.5426116	0.0	0.12270873	1.0	745	tags=22%, list=4%, signal=23%	
POSITIVE REGULATION OF BONE MINERALIZATION%GOBP%GO:0030501	POSITIVE REGULATION OF BONE MINERALIZATION%GOBP%GO:0030501		29	0.5147064	1.5414371	0.01984127	0.12306541	1.0	978	tags=24%, list=6%, signal=26%	
VASCULAR ENDOTHELIAL GROWTH FACTOR SIGNALING PATHWAY%GOBP%GO:0038084	VASCULAR ENDOTHELIAL GROWTH FACTOR SIGNALING PATHWAY%GOBP%GO:0038084		15	0.58912534	1.5391829	0.046666667	0.12424183	1.0	105	tags=20%, list=1%, signal=20%	
POSITIVE REGULATION OF HEART GROWTH%GOBP%GO:0060421	POSITIVE REGULATION OF HEART GROWTH%GOBP%GO:0060421		18	0.5751445	1.5366774	0.02877698	0.12564717	1.0	978	tags=28%, list=6%, signal=29%	
PEPTIDE HORMONE METABOLISM%REACTOME%R-HSA-2980736.5	PEPTIDE HORMONE METABOLISM%REACTOME%R-HSA-2980736.5		47	0.46522176	1.5349187	0.02020202	0.12646668	1.0	534	tags=17%, list=3%, signal=18%	
POSITIVE REGULATION OF BIOMINERAL TISSUE DEVELOPMENT%GOBP%GO:0070169	POSITIVE REGULATION OF BIOMINERAL TISSUE DEVELOPMENT%GOBP%GO:0070169		33	0.48565632	1.5328768	0.026431719	0.12760237	1.0	978	tags=21%, list=6%, signal=22%	
EMBRYONIC HEART TUBE MORPHOGENESIS%GOBP%GO:0003143	EMBRYONIC HEART TUBE MORPHOGENESIS%GOBP%GO:0003143		31	0.50341606	1.527713	0.029661017	0.13128595	1.0	1596	tags=26%, list=9%, signal=28%	
REGULATION OF GLIAL CELL DIFFERENTIATION%GOBP%GO:0045685	REGULATION OF GLIAL CELL DIFFERENTIATION%GOBP%GO:0045685		25	0.5303685	1.5236685	0.032846715	0.1341361	1.0	1186	tags=24%, list=7%, signal=26%	
AXIS SPECIFICATION%GOBP%GO:0009798	AXIS SPECIFICATION%GOBP%GO:0009798		35	0.5074354	1.5227418	0.025423728	0.13426886	1.0	409	tags=14%, list=2%, signal=15%	
SARS-COV-2 MODULATES HOST TRANSLATION MACHINERY%REACTOME%R-HSA-9754678.3	SARS-COV-2 MODULATES HOST TRANSLATION MACHINERY%REACTOME%R-HSA-9754678.3		49	0.46025047	1.519541	0.020725388	0.13636787	1.0	3282	tags=43%, list=19%, signal=53%	
MYELOID LEUKOCYTE MEDIATED IMMUNITY%GOBP%GO:0002444	MYELOID LEUKOCYTE MEDIATED IMMUNITY%GOBP%GO:0002444		17	0.5794539	1.5194986	0.040590405	0.13575962	1.0	355	tags=18%, list=2%, signal=18%	
POSITIVE REGULATION OF ORGAN GROWTH%GOBP%GO:0046622	POSITIVE REGULATION OF ORGAN GROWTH%GOBP%GO:0046622		18	0.5751445	1.5189637	0.02877698	0.13556793	1.0	978	tags=28%, list=6%, signal=29%	
IBUPROFEN ACTION PATHWAY%SMPDB%SMP0000086	IBUPROFEN ACTION PATHWAY%SMPDB%SMP0000086		26	0.52356267	1.5182772	0.05928854	0.13548745	1.0	2533	tags=38%, list=15%, signal=45%	
REGULATION OF SMOOTH MUSCLE CELL DIFFERENTIATION%GOBP%GO:0051150	REGULATION OF SMOOTH MUSCLE CELL DIFFERENTIATION%GOBP%GO:0051150		20	0.5589646	1.5178964	0.038869258	0.13515885	1.0	669	tags=20%, list=4%, signal=21%	
INNER EAR MORPHOGENESIS%GOBP%GO:0042472	INNER EAR MORPHOGENESIS%GOBP%GO:0042472		26	0.52168554	1.5166135	0.054054055	0.13559897	1.0	949	tags=23%, list=5%, signal=24%	
EMBRYONIC HEART TUBE DEVELOPMENT%GOBP%GO:0035050	EMBRYONIC HEART TUBE DEVELOPMENT%GOBP%GO:0035050		35	0.48047948	1.5144562	0.018604651	0.13696794	1.0	1183	tags=20%, list=7%, signal=21%	
INTERMEDIATE FILAMENT-BASED PROCESS%GOBP%GO:0045103	INTERMEDIATE FILAMENT-BASED PROCESS%GOBP%GO:0045103		33	0.49282327	1.495728	0.02586207	0.15385218	1.0	241	tags=12%, list=1%, signal=12%	
WNT SIGNALING NETWORK%PATHWAY INTERACTION DATABASE NCI-NATURE CURATED DATA%WNT SIGNALING NETWORK	WNT SIGNALING NETWORK%PATHWAY INTERACTION DATABASE NCI-NATURE CURATED DATA%WNT SIGNALING NETWORK		21	0.52936506	1.4939038	0.05283019	0.15496342	1.0	1098	tags=29%, list=6%, signal=30%	
ANTERIOR/POSTERIOR PATTERN SPECIFICATION%GOBP%GO:0009952	ANTERIOR/POSTERIOR PATTERN SPECIFICATION%GOBP%GO:0009952		53	0.44327497	1.4933753	0.030456852	0.154819	1.0	1186	tags=23%, list=7%, signal=24%	
RETINA MORPHOGENESIS IN CAMERA-TYPE EYE%GOBP%GO:0060042	RETINA MORPHOGENESIS IN CAMERA-TYPE EYE%GOBP%GO:0060042		26	0.5129345	1.4913713	0.048148148	0.15605983	1.0	202	tags=15%, list=1%, signal=16%	
INTERMEDIATE FILAMENT CYTOSKELETON ORGANIZATION%GOBP%GO:0045104	INTERMEDIATE FILAMENT CYTOSKELETON ORGANIZATION%GOBP%GO:0045104		32	0.4957894	1.4903816	0.038135592	0.15634708	1.0	241	tags=13%, list=1%, signal=13%	
NEGATIVE REGULATION OF LEUKOCYTE DIFFERENTIATION%GOBP%GO:1902106	NEGATIVE REGULATION OF LEUKOCYTE DIFFERENTIATION%GOBP%GO:1902106		42	0.45850313	1.4893949	0.027149322	0.15665713	1.0	1141	tags=19%, list=7%, signal=20%	
REGULATION OF RESPONSE TO NUTRIENT LEVELS%GOBP%GO:0032107	REGULATION OF RESPONSE TO NUTRIENT LEVELS%GOBP%GO:0032107		17	0.57162726	1.4876667	0.06692913	0.15776822	1.0	832	tags=29%, list=5%, signal=31%	
RESPONSE TO CHOLESTEROL%GOBP%GO:0070723	RESPONSE TO CHOLESTEROL%GOBP%GO:0070723		15	0.59164053	1.478042	0.052117262	0.16678113	1.0	715	tags=33%, list=4%, signal=35%	
RESPONSE TO FATTY ACID%GOBP%GO:0070542	RESPONSE TO FATTY ACID%GOBP%GO:0070542		18	0.5495821	1.4714127	0.05498282	0.17306721	1.0	202	tags=17%, list=1%, signal=17%	
REGULATION OF BONE MINERALIZATION%GOBP%GO:0030500	REGULATION OF BONE MINERALIZATION%GOBP%GO:0030500		45	0.4475493	1.4689684	0.01	0.17495485	1.0	1494	tags=22%, list=9%, signal=24%	
EPITHELIAL TO MESENCHYMAL TRANSITION%GOBP%GO:0001837	EPITHELIAL TO MESENCHYMAL TRANSITION%GOBP%GO:0001837		58	0.42909682	1.4685086	0.026595745	0.17473294	1.0	715	tags=16%, list=4%, signal=16%	
GENES RELATED TO PRIMARY CILIUM DEVELOPMENT BASED ON CRISPR %WIKIPATHWAYS_20250810%WP4536%HOMO SAPIENS	GENES RELATED TO PRIMARY CILIUM DEVELOPMENT BASED ON CRISPR %WIKIPATHWAYS_20250810%WP4536%HOMO SAPIENS		76	0.40897396	1.4666845	0.033898305	0.17580831	1.0	2145	tags=32%, list=12%, signal=36%	
INTERMEDIATE FILAMENT ORGANIZATION%GOBP%GO:0045109	INTERMEDIATE FILAMENT ORGANIZATION%GOBP%GO:0045109		21	0.5220267	1.4665465	0.044982698	0.17517689	1.0	149	tags=14%, list=1%, signal=14%	
MAMMARY GLAND DEVELOPMENT%GOBP%GO:0030879	MAMMARY GLAND DEVELOPMENT%GOBP%GO:0030879		24	0.49845716	1.4632659	0.044280443	0.17794679	1.0	19	tags=8%, list=0%, signal=8%	
NEGATIVE REGULATION OF COAGULATION%GOBP%GO:0050819	NEGATIVE REGULATION OF COAGULATION%GOBP%GO:0050819		19	0.5520041	1.4624163	0.054421768	0.17815866	1.0	332	tags=26%, list=2%, signal=27%	
BONE DEVELOPMENT%GOBP%GO:0060348	BONE DEVELOPMENT%GOBP%GO:0060348		69	0.4102029	1.4565101	0.024844721	0.18411872	1.0	1035	tags=22%, list=6%, signal=23%	
ETOPOSIDE ACTION PATHWAY%SMPDB%SMP0000442	ETOPOSIDE ACTION PATHWAY%SMPDB%SMP0000442		15	0.5626527	1.4560424	0.06462585	0.18378751	1.0	3622	tags=53%, list=21%, signal=67%	
PROCAINAMIDE (ANTIARRHYTHMIC) ACTION PATHWAY%PATHWHIZ%PW000377	PROCAINAMIDE (ANTIARRHYTHMIC) ACTION PATHWAY%PATHWHIZ%PW000377		37	0.4493789	1.4558488	0.05	0.18324791	1.0	884	tags=22%, list=5%, signal=23%	
SKIN EPIDERMIS DEVELOPMENT%GOBP%GO:0098773	SKIN EPIDERMIS DEVELOPMENT%GOBP%GO:0098773		19	0.54272026	1.4554164	0.05263158	0.18296838	1.0	937	tags=16%, list=5%, signal=17%	
MESODERM DEVELOPMENT%GOBP%GO:0007498	MESODERM DEVELOPMENT%GOBP%GO:0007498		36	0.45566675	1.4536662	0.03902439	0.18421985	1.0	767	tags=14%, list=4%, signal=14%	
FLECAINIDE ACTION PATHWAY%SMPDB%SMP0000331	FLECAINIDE ACTION PATHWAY%SMPDB%SMP0000331		37	0.4493789	1.4506549	0.030973451	0.18692027	1.0	884	tags=22%, list=5%, signal=23%	
MACROPHAGE STIMULATING PROTEIN MSP SIGNALING%WIKIPATHWAYS_20250810%WP5353%HOMO SAPIENS	MACROPHAGE STIMULATING PROTEIN MSP SIGNALING%WIKIPATHWAYS_20250810%WP5353%HOMO SAPIENS		66	0.41102824	1.449711	0.02020202	0.18722858	1.0	446	tags=9%, list=3%, signal=9%	
PID_HES_HEY_PATHWAY%MSIGDB_C2%PID_HES_HEY_PATHWAY	PID_HES_HEY_PATHWAY%MSIGDB_C2%PID_HES_HEY_PATHWAY		35	0.46051627	1.4494277	0.053497944	0.18679696	1.0	1144	tags=23%, list=7%, signal=24%	
DOBUTAMINE ACTION PATHWAY%PATHWHIZ%PW000639	DOBUTAMINE ACTION PATHWAY%PATHWHIZ%PW000639		37	0.4493789	1.4486388	0.039130434	0.18683247	1.0	884	tags=22%, list=5%, signal=23%	
PHASE 0 - RAPID DEPOLARISATION%REACTOME%R-HSA-5576892.4	PHASE 0 - RAPID DEPOLARISATION%REACTOME%R-HSA-5576892.4		24	0.5109048	1.4464684	0.060150377	0.18852457	1.0	1021	tags=33%, list=6%, signal=35%	
HEART LOOPING%GOBP%GO:0001947	HEART LOOPING%GOBP%GO:0001947		27	0.4881151	1.4459496	0.052401748	0.18829237	1.0	1596	tags=26%, list=9%, signal=28%	
PRACTOLOL ACTION PATHWAY%PATHWHIZ%PW000646	PRACTOLOL ACTION PATHWAY%PATHWHIZ%PW000646		37	0.4493789	1.4459214	0.03153153	0.18756312	1.0	884	tags=22%, list=5%, signal=23%	
DETERMINATION OF HEART LEFT/RIGHT ASYMMETRY%GOBP%GO:0061371	DETERMINATION OF HEART LEFT/RIGHT ASYMMETRY%GOBP%GO:0061371		28	0.4851267	1.4458851	0.049586777	0.18685867	1.0	1596	tags=25%, list=9%, signal=27%	
NUCLEAR EVENTS (KINASE AND TRANSCRIPTION FACTOR ACTIVATION)%REACTOME DATABASE ID RELEASE 93%198725	NUCLEAR EVENTS (KINASE AND TRANSCRIPTION FACTOR ACTIVATION)%REACTOME DATABASE ID RELEASE 93%198725		53	0.4324962	1.445764	0.010204081	0.18624245	1.0	543	tags=13%, list=3%, signal=14%	
ALSTROM SYNDROME%WIKIPATHWAYS_20250810%WP5202%HOMO SAPIENS	ALSTROM SYNDROME%WIKIPATHWAYS_20250810%WP5202%HOMO SAPIENS		28	0.48838997	1.44361	0.048245613	0.18804525	1.0	865	tags=21%, list=5%, signal=23%	
RESPONSE TO STEROL%GOBP%GO:0036314	RESPONSE TO STEROL%GOBP%GO:0036314		18	0.53886896	1.4433038	0.086330935	0.18758494	1.0	1368	tags=33%, list=8%, signal=36%	
NEGATIVE REGULATION OF MUSCLE CELL DIFFERENTIATION%GOBP%GO:0051148	NEGATIVE REGULATION OF MUSCLE CELL DIFFERENTIATION%GOBP%GO:0051148		24	0.51169455	1.4428856	0.06115108	0.187285	1.0	833	tags=21%, list=5%, signal=22%	
STRIATED MUSCLE CONTRACTION%PATHWHIZ%PW000564	STRIATED MUSCLE CONTRACTION%PATHWHIZ%PW000564		37	0.4493789	1.4412711	0.02183406	0.18838218	1.0	884	tags=22%, list=5%, signal=23%	
OXPRENOLOL ACTION PATHWAY%PATHWHIZ%PW000372	OXPRENOLOL ACTION PATHWAY%PATHWHIZ%PW000372		37	0.4493789	1.4408976	0.044843048	0.18808281	1.0	884	tags=22%, list=5%, signal=23%	
REGULATION OF HORMONE METABOLIC PROCESS%GOBP%GO:0032350	REGULATION OF HORMONE METABOLIC PROCESS%GOBP%GO:0032350		18	0.5223121	1.4398118	0.07220217	0.1885146	1.0	534	tags=17%, list=3%, signal=17%	
BRANCHING MORPHOGENESIS OF AN EPITHELIAL TUBE%GOBP%GO:0048754	BRANCHING MORPHOGENESIS OF AN EPITHELIAL TUBE%GOBP%GO:0048754		33	0.47049856	1.4397852	0.069565214	0.18779004	1.0	1449	tags=24%, list=8%, signal=26%	
LEVOBUNOLOL ACTION PATHWAY%SMPDB%SMP0000666	LEVOBUNOLOL ACTION PATHWAY%SMPDB%SMP0000666		37	0.4493789	1.437483	0.04405286	0.18976215	1.0	884	tags=22%, list=5%, signal=23%	
REPRODUCTIVE SYSTEM DEVELOPMENT%GOBP%GO:0061458	REPRODUCTIVE SYSTEM DEVELOPMENT%GOBP%GO:0061458		65	0.4099012	1.4350697	0.023529412	0.19169372	1.0	455	tags=14%, list=3%, signal=14%	
BOPINDOLOL ACTION PATHWAY%SMPDB%SMP0000657	BOPINDOLOL ACTION PATHWAY%SMPDB%SMP0000657		37	0.4493789	1.43385	0.05172414	0.19247141	1.0	884	tags=22%, list=5%, signal=23%	
DILTIAZEM ACTION PATHWAY%SMPDB%SMP0000359	DILTIAZEM ACTION PATHWAY%SMPDB%SMP0000359		37	0.4493789	1.4326875	0.03982301	0.19305836	1.0	884	tags=22%, list=5%, signal=23%	
MEXILETINE ACTION PATHWAY%PATHWHIZ%PW000382	MEXILETINE ACTION PATHWAY%PATHWHIZ%PW000382		37	0.4493789	1.4322057	0.048034936	0.19290155	1.0	884	tags=22%, list=5%, signal=23%	
NEGATIVE REGULATION OF HEMOPOIESIS%GOBP%GO:1903707	NEGATIVE REGULATION OF HEMOPOIESIS%GOBP%GO:1903707		44	0.44893417	1.4309989	0.047210302	0.19343571	1.0	1141	tags=18%, list=7%, signal=19%	
REGULATION OF KERATINOCYTE PROLIFERATION%GOBP%GO:0010837	REGULATION OF KERATINOCYTE PROLIFERATION%GOBP%GO:0010837		18	0.53082	1.4301215	0.06374502	0.19366492	1.0	337	tags=17%, list=2%, signal=17%	
ETOPOSIDE METABOLISM PATHWAY%PATHWHIZ%PW000577	ETOPOSIDE METABOLISM PATHWAY%PATHWHIZ%PW000577		15	0.5626527	1.4295017	0.08974359	0.19361001	1.0	3622	tags=53%, list=21%, signal=67%	
BETAXOLOL ACTION PATHWAY%SMPDB%SMP0000299	BETAXOLOL ACTION PATHWAY%SMPDB%SMP0000299		37	0.4493789	1.429306	0.03508772	0.19309878	1.0	884	tags=22%, list=5%, signal=23%	
10Q11 21Q11 23 COPY NUMBER VARIATION SYNDROME%WIKIPATHWAYS_20250810%WP5352%HOMO SAPIENS	10Q11 21Q11 23 COPY NUMBER VARIATION SYNDROME%WIKIPATHWAYS_20250810%WP5352%HOMO SAPIENS		37	0.45391273	1.428609	0.056277055	0.19319426	1.0	163	tags=8%, list=1%, signal=8%	
METIPRANOLOL ACTION PATHWAY%PATHWHIZ%PW000644	METIPRANOLOL ACTION PATHWAY%PATHWHIZ%PW000644		37	0.4493789	1.4283264	0.053497944	0.19281064	1.0	884	tags=22%, list=5%, signal=23%	
SPECIFICATION OF SYMMETRY%GOBP%GO:0009799	SPECIFICATION OF SYMMETRY%GOBP%GO:0009799		49	0.42069444	1.4257847	0.010526316	0.19483835	1.0	1240	tags=16%, list=7%, signal=18%	
PLATELET-DERIVED GROWTH FACTOR RECEPTOR SIGNALING PATHWAY%GOBP%GO:0048008	PLATELET-DERIVED GROWTH FACTOR RECEPTOR SIGNALING PATHWAY%GOBP%GO:0048008		16	0.53967464	1.4252658	0.072916664	0.19459291	1.0	1379	tags=31%, list=8%, signal=34%	
AORTA DEVELOPMENT%GOBP%GO:0035904	AORTA DEVELOPMENT%GOBP%GO:0035904		24	0.5051958	1.4249872	0.06374502	0.19420129	1.0	1183	tags=33%, list=7%, signal=36%	
MAMMALIAN DISORDER OF SEXUAL DEVELOPMENT%WIKIPATHWAYS_20250810%WP4842%HOMO SAPIENS	MAMMALIAN DISORDER OF SEXUAL DEVELOPMENT%WIKIPATHWAYS_20250810%WP4842%HOMO SAPIENS		16	0.54352385	1.4238911	0.08480565	0.19476737	1.0	202	tags=19%, list=1%, signal=19%	
NEGATIVE REGULATION OF ALPHA-BETA T CELL DIFFERENTIATION%GOBP%GO:0046639	NEGATIVE REGULATION OF ALPHA-BETA T CELL DIFFERENTIATION%GOBP%GO:0046639		17	0.5344519	1.4229114	0.07608695	0.1951423	1.0	942	tags=24%, list=5%, signal=25%	
ISOPRENALINE ACTION PATHWAY%SMPDB%SMP0000663	ISOPRENALINE ACTION PATHWAY%SMPDB%SMP0000663		37	0.4493789	1.4223573	0.034782607	0.19505566	1.0	884	tags=22%, list=5%, signal=23%	
QUINIDINE ACTION PATHWAY%SMPDB%SMP0000323	QUINIDINE ACTION PATHWAY%SMPDB%SMP0000323		37	0.4493789	1.4223242	0.04	0.19437739	1.0	884	tags=22%, list=5%, signal=23%	
CARTEOLOL ACTION PATHWAY%PATHWHIZ%PW000634	CARTEOLOL ACTION PATHWAY%PATHWHIZ%PW000634		37	0.4493789	1.421723	0.06278027	0.19443306	1.0	884	tags=22%, list=5%, signal=23%	
NISOLDIPINE ACTION PATHWAY%PATHWHIZ%PW000396	NISOLDIPINE ACTION PATHWAY%PATHWHIZ%PW000396		37	0.4493789	1.4213908	0.04608295	0.19409806	1.0	884	tags=22%, list=5%, signal=23%	
REPRODUCTIVE STRUCTURE DEVELOPMENT%GOBP%GO:0048608	REPRODUCTIVE STRUCTURE DEVELOPMENT%GOBP%GO:0048608		65	0.4099012	1.419605	0.028901733	0.19547582	1.0	455	tags=14%, list=3%, signal=14%	
SOTALOL ACTION PATHWAY%SMPDB%SMP0000660	SOTALOL ACTION PATHWAY%SMPDB%SMP0000660		37	0.4493789	1.4195907	0.023166023	0.19478694	1.0	884	tags=22%, list=5%, signal=23%	
AMLODIPINE ACTION PATHWAY%PATHWHIZ%PW000391	AMLODIPINE ACTION PATHWAY%PATHWHIZ%PW000391		37	0.4493789	1.4194623	0.033980582	0.19421647	1.0	884	tags=22%, list=5%, signal=23%	
ALPRENOLOL ACTION PATHWAY%SMPDB%SMP0000297	ALPRENOLOL ACTION PATHWAY%SMPDB%SMP0000297		37	0.4493789	1.4193397	0.041860465	0.1936716	1.0	884	tags=22%, list=5%, signal=23%	
ACEBUTOLOL ACTION PATHWAY%SMPDB%SMP0000296	ACEBUTOLOL ACTION PATHWAY%SMPDB%SMP0000296		37	0.4493789	1.4192512	0.05531915	0.19308212	1.0	884	tags=22%, list=5%, signal=23%	
ATENOLOL ACTION PATHWAY%SMPDB%SMP0000298	ATENOLOL ACTION PATHWAY%SMPDB%SMP0000298		37	0.4493789	1.4189909	0.03196347	0.19269009	1.0	884	tags=22%, list=5%, signal=23%	
PHENYTOIN (ANTIARRHYTHMIC) ACTION PATHWAY%PATHWHIZ%PW000380	PHENYTOIN (ANTIARRHYTHMIC) ACTION PATHWAY%PATHWHIZ%PW000380		51	0.4259968	1.4175179	0.033816423	0.19361623	1.0	884	tags=20%, list=5%, signal=21%	
POSITIVE REGULATION OF FAT CELL DIFFERENTIATION%GOBP%GO:0045600	POSITIVE REGULATION OF FAT CELL DIFFERENTIATION%GOBP%GO:0045600		40	0.4451936	1.414386	0.06140351	0.196607	1.0	102	tags=10%, list=1%, signal=10%	
BEVANTOLOL ACTION PATHWAY%PATHWHIZ%PW000645	BEVANTOLOL ACTION PATHWAY%PATHWHIZ%PW000645		37	0.4493789	1.4140315	0.04680851	0.19631462	1.0	884	tags=22%, list=5%, signal=23%	
DISOPYRAMIDE ACTION PATHWAY%SMPDB%SMP0000325	DISOPYRAMIDE ACTION PATHWAY%SMPDB%SMP0000325		37	0.4493789	1.4135836	0.047169812	0.19615257	1.0	884	tags=22%, list=5%, signal=23%	
EMBRYONIC LIMB MORPHOGENESIS%GOBP%GO:0030326	EMBRYONIC LIMB MORPHOGENESIS%GOBP%GO:0030326		29	0.4758421	1.4126377	0.062730625	0.19652992	1.0	1318	tags=24%, list=8%, signal=26%	
EMBRYONIC APPENDAGE MORPHOGENESIS%GOBP%GO:0035113	EMBRYONIC APPENDAGE MORPHOGENESIS%GOBP%GO:0035113		29	0.4758421	1.4124906	0.053061225	0.1960096	1.0	1318	tags=24%, list=8%, signal=26%	
TOCAINIDE ACTION PATHWAY%SMPDB%SMP0000330	TOCAINIDE ACTION PATHWAY%SMPDB%SMP0000330		37	0.4493789	1.4124719	0.04090909	0.19533709	1.0	884	tags=22%, list=5%, signal=23%	
ISRADIPINE ACTION PATHWAY%PATHWHIZ%PW000393	ISRADIPINE ACTION PATHWAY%PATHWHIZ%PW000393		37	0.4493789	1.411584	0.05668016	0.19571392	1.0	884	tags=22%, list=5%, signal=23%	
FOSPHENYTOIN (ANTIARRHYTHMIC) ACTION PATHWAY%PATHWHIZ%PW000379	FOSPHENYTOIN (ANTIARRHYTHMIC) ACTION PATHWAY%PATHWHIZ%PW000379		37	0.4493789	1.411582	0.05479452	0.19503672	1.0	884	tags=22%, list=5%, signal=23%	
CARVEDILOL ACTION PATHWAY%SMPDB%SMP0000367	CARVEDILOL ACTION PATHWAY%SMPDB%SMP0000367		38	0.44784492	1.4112222	0.07317073	0.19477804	1.0	884	tags=21%, list=5%, signal=22%	
NIFEDIPINE ACTION PATHWAY%PATHWHIZ%PW000394	NIFEDIPINE ACTION PATHWAY%PATHWHIZ%PW000394		37	0.4493789	1.4112043	0.036585364	0.19412677	1.0	884	tags=22%, list=5%, signal=23%	
VITAMIN A DEFICIENCY%SMPDB%SMP0000336	VITAMIN A DEFICIENCY%SMPDB%SMP0000336		21	0.5004365	1.4099784	0.105882354	0.19489186	1.0	3608	tags=43%, list=21%, signal=54%	
COLLAGEN CHAIN TRIMERIZATION%REACTOME DATABASE ID RELEASE 93%8948216	COLLAGEN CHAIN TRIMERIZATION%REACTOME DATABASE ID RELEASE 93%8948216		29	0.46979055	1.4074458	0.084337346	0.19705415	1.0	428	tags=21%, list=2%, signal=21%	
LABETALOL ACTION PATHWAY%PATHWHIZ%PW000389	LABETALOL ACTION PATHWAY%PATHWHIZ%PW000389		38	0.44784492	1.4073688	0.07725322	0.19645555	1.0	884	tags=21%, list=5%, signal=22%	
NIMODIPINE ACTION PATHWAY%PATHWHIZ%PW000395	NIMODIPINE ACTION PATHWAY%PATHWHIZ%PW000395		37	0.4493789	1.4068286	0.03181818	0.19639722	1.0	884	tags=22%, list=5%, signal=23%	
TIMOLOL ACTION PATHWAY%PATHWHIZ%PW000636	TIMOLOL ACTION PATHWAY%PATHWHIZ%PW000636		37	0.4493789	1.4068046	0.050458714	0.19575918	1.0	884	tags=22%, list=5%, signal=23%	
EPITHELIAL CELL PROLIFERATION%GOBP%GO:0050673	EPITHELIAL CELL PROLIFERATION%GOBP%GO:0050673		31	0.4747302	1.4064397	0.074074075	0.19549704	1.0	978	tags=23%, list=6%, signal=24%	
OSTEOBLAST DIFFERENTIATION%GOBP%GO:0001649	OSTEOBLAST DIFFERENTIATION%GOBP%GO:0001649		69	0.39779708	1.4064311	0.016393442	0.19484358	1.0	978	tags=16%, list=6%, signal=17%	
AMIODARONE ACTION PATHWAY%PATHWHIZ%PW000642	AMIODARONE ACTION PATHWAY%PATHWHIZ%PW000642		45	0.4268387	1.4047989	0.043902438	0.19613716	1.0	1006	tags=22%, list=6%, signal=24%	
NITRENDIPINE ACTION PATHWAY%SMPDB%SMP0000382	NITRENDIPINE ACTION PATHWAY%SMPDB%SMP0000382		37	0.4493789	1.4046807	0.029787235	0.19558172	1.0	884	tags=22%, list=5%, signal=23%	
VERAPAMIL ACTION PATHWAY%SMPDB%SMP0000375	VERAPAMIL ACTION PATHWAY%SMPDB%SMP0000375		37	0.4493789	1.4023745	0.037914693	0.1975355	1.0	884	tags=22%, list=5%, signal=23%	
NEGATIVE REGULATION OF LYMPHOCYTE ACTIVATION%GOBP%GO:0051250	NEGATIVE REGULATION OF LYMPHOCYTE ACTIVATION%GOBP%GO:0051250		60	0.39815545	1.401835	0.02764977	0.19749126	1.0	1297	tags=20%, list=7%, signal=22%	
PINDOLOL ACTION PATHWAY%PATHWHIZ%PW000374	PINDOLOL ACTION PATHWAY%PATHWHIZ%PW000374		37	0.4493789	1.4016317	0.07630522	0.19703065	1.0	884	tags=22%, list=5%, signal=23%	
LIDOCAINE (ANTIARRHYTHMIC) ACTION PATHWAY%PATHWHIZ%PW000381	LIDOCAINE (ANTIARRHYTHMIC) ACTION PATHWAY%PATHWHIZ%PW000381		37	0.44937885	1.4005853	0.048672568	0.19749774	1.0	884	tags=22%, list=5%, signal=23%	
BISOPROLOL ACTION PATHWAY%SMPDB%SMP0000300	BISOPROLOL ACTION PATHWAY%SMPDB%SMP0000300		37	0.4493789	1.399323	0.052380953	0.19826412	1.0	884	tags=22%, list=5%, signal=23%	
ESMOLOL ACTION PATHWAY%SMPDB%SMP0000301	ESMOLOL ACTION PATHWAY%SMPDB%SMP0000301		37	0.4493789	1.3963526	0.07239819	0.20087379	1.0	884	tags=22%, list=5%, signal=23%	
PENBUTOLOL ACTION PATHWAY%SMPDB%SMP0000305	PENBUTOLOL ACTION PATHWAY%SMPDB%SMP0000305		37	0.4493789	1.3955967	0.053061225	0.20107682	1.0	884	tags=22%, list=5%, signal=23%	
NADOLOL ACTION PATHWAY%PATHWHIZ%PW000371	NADOLOL ACTION PATHWAY%PATHWHIZ%PW000371		37	0.4493789	1.3953325	0.05022831	0.20076132	1.0	884	tags=22%, list=5%, signal=23%	
PROPRANOLOL ACTION PATHWAY%SMPDB%SMP0000307	PROPRANOLOL ACTION PATHWAY%SMPDB%SMP0000307		37	0.4493789	1.3947197	0.057142857	0.20082171	1.0	884	tags=22%, list=5%, signal=23%	
POSITIVE REGULATION OF MYELOID LEUKOCYTE DIFFERENTIATION%GOBP%GO:0002763	POSITIVE REGULATION OF MYELOID LEUKOCYTE DIFFERENTIATION%GOBP%GO:0002763		27	0.48663136	1.3938547	0.06923077	0.20110412	1.0	61	tags=11%, list=0%, signal=11%	
EPINEPHRINE ACTION PATHWAY%PATHWHIZ%PW000638	EPINEPHRINE ACTION PATHWAY%PATHWHIZ%PW000638		37	0.4493789	1.3931288	0.05	0.20122886	1.0	884	tags=22%, list=5%, signal=23%	
EYE MORPHOGENESIS%GOBP%GO:0048592	EYE MORPHOGENESIS%GOBP%GO:0048592		68	0.39577922	1.3923929	0.034883723	0.20139612	1.0	1715	tags=24%, list=10%, signal=26%	
MESENCHYMAL CELL MIGRATION%GOBP%GO:0090497	MESENCHYMAL CELL MIGRATION%GOBP%GO:0090497		31	0.45365646	1.3908072	0.05172414	0.20242034	1.0	1034	tags=19%, list=6%, signal=21%	
NEGATIVE REGULATION OF ALPHA-BETA T CELL ACTIVATION%GOBP%GO:0046636	NEGATIVE REGULATION OF ALPHA-BETA T CELL ACTIVATION%GOBP%GO:0046636		21	0.48743188	1.3901044	0.0952381	0.20260079	1.0	1085	tags=29%, list=6%, signal=30%	
REGULATION OF T CELL CYTOKINE PRODUCTION%GOBP%GO:0002724	REGULATION OF T CELL CYTOKINE PRODUCTION%GOBP%GO:0002724		17	0.53315645	1.3901008	0.114285715	0.20196243	1.0	880	tags=24%, list=5%, signal=25%	
REGULATION OF HEART RATE%GOBP%GO:0002027	REGULATION OF HEART RATE%GOBP%GO:0002027		63	0.38824266	1.3898323	0.028089888	0.20161855	1.0	936	tags=17%, list=5%, signal=18%	
FELODIPINE ACTION PATHWAY%PATHWHIZ%PW000392	FELODIPINE ACTION PATHWAY%PATHWHIZ%PW000392		37	0.4493789	1.3883355	0.069767445	0.20260306	1.0	884	tags=22%, list=5%, signal=23%	
INTRAFLAGELLAR TRANSPORT%REACTOME%R-HSA-5620924.5	INTRAFLAGELLAR TRANSPORT%REACTOME%R-HSA-5620924.5		31	0.45480072	1.3867618	0.041666668	0.20386137	1.0	1552	tags=26%, list=9%, signal=28%	
DETERMINATION OF BILATERAL SYMMETRY%GOBP%GO:0009855	DETERMINATION OF BILATERAL SYMMETRY%GOBP%GO:0009855		49	0.42069444	1.3861903	0.04568528	0.203888	1.0	1240	tags=16%, list=7%, signal=18%	
NEBIVOLOL ACTION PATHWAY%SMPDB%SMP0000366	NEBIVOLOL ACTION PATHWAY%SMPDB%SMP0000366		37	0.4493789	1.3858993	0.079831935	0.20354487	1.0	884	tags=22%, list=5%, signal=23%	
LIMBIC SYSTEM DEVELOPMENT%GOBP%GO:0021761	LIMBIC SYSTEM DEVELOPMENT%GOBP%GO:0021761		26	0.47728023	1.3853296	0.069767445	0.20361532	1.0	38	tags=8%, list=0%, signal=8%	
PROTEIN-CONTAINING COMPLEX LOCALIZATION%GOBP%GO:0031503	PROTEIN-CONTAINING COMPLEX LOCALIZATION%GOBP%GO:0031503		33	0.45521772	1.3847404	0.06603774	0.20366983	1.0	351	tags=15%, list=2%, signal=15%	
CHONDROITIN SULFATE DERMATAN SULFATE METABOLISM%REACTOME DATABASE ID RELEASE 93%1793185	CHONDROITIN SULFATE DERMATAN SULFATE METABOLISM%REACTOME DATABASE ID RELEASE 93%1793185		29	0.46113318	1.3821564	0.08984375	0.20595858	1.0	1103	tags=17%, list=6%, signal=18%	
ARBUTAMINE ACTION PATHWAY%SMPDB%SMP0000664	ARBUTAMINE ACTION PATHWAY%SMPDB%SMP0000664		37	0.4493789	1.3817743	0.06113537	0.20571364	1.0	884	tags=22%, list=5%, signal=23%	
METOPROLOL ACTION PATHWAY%PATHWHIZ%PW000370	METOPROLOL ACTION PATHWAY%PATHWHIZ%PW000370		37	0.4493789	1.3805162	0.076271184	0.20647173	1.0	884	tags=22%, list=5%, signal=23%	
ELASTIC FIBRE FORMATION%REACTOME%R-HSA-1566948.4	ELASTIC FIBRE FORMATION%REACTOME%R-HSA-1566948.4		34	0.46037337	1.3779768	0.07053942	0.20861201	1.0	1129	tags=21%, list=6%, signal=22%	
INWARDLY RECTIFYING K+ CHANNELS%REACTOME DATABASE ID RELEASE 93%1296065	INWARDLY RECTIFYING K+ CHANNELS%REACTOME DATABASE ID RELEASE 93%1296065		26	0.4643066	1.3772548	0.08260869	0.2087792	1.0	626	tags=8%, list=4%, signal=8%	
PID_DELTA_NP63_PATHWAY%MSIGDB_C2%PID_DELTA_NP63_PATHWAY	PID_DELTA_NP63_PATHWAY%MSIGDB_C2%PID_DELTA_NP63_PATHWAY		31	0.4533618	1.3767011	0.08444444	0.20872425	1.0	1046	tags=19%, list=6%, signal=21%	
ANGIOGENESIS%WIKIPATHWAYS_20250810%WP1539%HOMO SAPIENS	ANGIOGENESIS%WIKIPATHWAYS_20250810%WP1539%HOMO SAPIENS		17	0.5363121	1.376148	0.10576923	0.20869273	1.0	1913	tags=29%, list=11%, signal=33%	
DOWNREGULATION OF SMAD2 3:SMAD4 TRANSCRIPTIONAL ACTIVITY%REACTOME DATABASE ID RELEASE 93%2173795	DOWNREGULATION OF SMAD2 3:SMAD4 TRANSCRIPTIONAL ACTIVITY%REACTOME DATABASE ID RELEASE 93%2173795		28	0.4600458	1.3759032	0.07749078	0.20839326	1.0	1659	tags=18%, list=10%, signal=20%	
RETROGRADE PROTEIN TRANSPORT, ER TO CYTOSOL%GOBP%GO:0030970	RETROGRADE PROTEIN TRANSPORT, ER TO CYTOSOL%GOBP%GO:0030970		16	0.5274373	1.3751036	0.120300755	0.2086967	1.0	3298	tags=44%, list=19%, signal=54%	
NEGATIVE REGULATION OF LEUKOCYTE ACTIVATION%GOBP%GO:0002695	NEGATIVE REGULATION OF LEUKOCYTE ACTIVATION%GOBP%GO:0002695		72	0.38398287	1.3736799	0.04137931	0.20980157	1.0	1297	tags=18%, list=7%, signal=19%	
CANONICAL WNT SIGNALING PATHWAY%GOBP%GO:0060070	CANONICAL WNT SIGNALING PATHWAY%GOBP%GO:0060070		51	0.40683255	1.3728374	0.04385965	0.21020131	1.0	568	tags=14%, list=3%, signal=14%	
RETINOL METABOLISM%SMPDB%SMP0000074	RETINOL METABOLISM%SMPDB%SMP0000074		21	0.5004365	1.3717264	0.120300755	0.21087158	1.0	3608	tags=43%, list=21%, signal=54%	
NEGATIVE REGULATION OF ADAPTIVE IMMUNE RESPONSE%GOBP%GO:0002820	NEGATIVE REGULATION OF ADAPTIVE IMMUNE RESPONSE%GOBP%GO:0002820		21	0.48542464	1.3712801	0.08745247	0.21069054	1.0	1654	tags=24%, list=9%, signal=26%	
CARDIAC MUSCLE CELL DEVELOPMENT%GOBP%GO:0055013	CARDIAC MUSCLE CELL DEVELOPMENT%GOBP%GO:0055013		29	0.46121413	1.3710533	0.08396947	0.21032125	1.0	675	tags=21%, list=4%, signal=21%	
RESPONSE TO LAMINAR FLUID SHEAR STRESS%GOBP%GO:0034616	RESPONSE TO LAMINAR FLUID SHEAR STRESS%GOBP%GO:0034616		28	0.46602753	1.3701655	0.08050848	0.21066424	1.0	1006	tags=21%, list=6%, signal=23%	
IBUTILIDE ACTION PATHWAY%SMPDB%SMP0000332	IBUTILIDE ACTION PATHWAY%SMPDB%SMP0000332		37	0.4493789	1.3699137	0.076271184	0.21032728	1.0	884	tags=22%, list=5%, signal=23%	
SEMAPHORIN-PLEXIN SIGNALING PATHWAY%GOBP%GO:0071526	SEMAPHORIN-PLEXIN SIGNALING PATHWAY%GOBP%GO:0071526		38	0.43284088	1.3695579	0.0746888	0.210086	1.0	269	tags=16%, list=2%, signal=16%	
NEGATIVE REGULATION OF GLIOGENESIS%GOBP%GO:0014014	NEGATIVE REGULATION OF GLIOGENESIS%GOBP%GO:0014014		15	0.5445894	1.3689183	0.125	0.21018386	1.0	1186	tags=27%, list=7%, signal=29%	
ENDOPLASMIC RETICULUM TO CYTOSOL TRANSPORT%GOBP%GO:1903513	ENDOPLASMIC RETICULUM TO CYTOSOL TRANSPORT%GOBP%GO:1903513		16	0.5274373	1.3682237	0.11191336	0.21044789	1.0	3298	tags=44%, list=19%, signal=54%	
PHOTORECEPTOR CELL DEVELOPMENT%GOBP%GO:0042461	PHOTORECEPTOR CELL DEVELOPMENT%GOBP%GO:0042461		23	0.49065232	1.3680837	0.09638554	0.20998369	1.0	1461	tags=26%, list=8%, signal=28%	
LEARNING OR MEMORY%GOBP%GO:0007611	LEARNING OR MEMORY%GOBP%GO:0007611		84	0.3758364	1.3677993	0.017857144	0.20967789	1.0	593	tags=17%, list=3%, signal=17%	
NEGATIVE REGULATION OF BLOOD COAGULATION%GOBP%GO:0030195	NEGATIVE REGULATION OF BLOOD COAGULATION%GOBP%GO:0030195		17	0.51303124	1.3619044	0.10566038	0.21612172	1.0	332	tags=24%, list=2%, signal=24%	
NEGATIVE REGULATION OF ADAPTIVE IMMUNE RESPONSE BASED ON SOMATIC RECOMBINATION OF IMMUNE RECEPTORS BUILT FROM IMMUNOGLOBULIN SUPERFAMILY DOMAINS%GOBP%GO:0002823	NEGATIVE REGULATION OF ADAPTIVE IMMUNE RESPONSE BASED ON SOMATIC RECOMBINATION OF IMMUNE RECEPTORS BUILT FROM IMMUNOGLOBULIN SUPERFAMILY DOMAINS%GOBP%GO:0002823		20	0.49391532	1.3580047	0.10702341	0.22021191	1.0	1654	tags=25%, list=9%, signal=28%	
NEURAL CREST CELL MIGRATION%GOBP%GO:0001755	NEURAL CREST CELL MIGRATION%GOBP%GO:0001755		31	0.45365646	1.3579469	0.10887097	0.21962784	1.0	1034	tags=19%, list=6%, signal=21%	
BUPRANOLOL ACTION PATHWAY%SMPDB%SMP0000670	BUPRANOLOL ACTION PATHWAY%SMPDB%SMP0000670		37	0.4493789	1.356979	0.07692308	0.22013243	1.0	884	tags=22%, list=5%, signal=23%	
NEGATIVE REGULATION OF HEMOSTASIS%GOBP%GO:1900047	NEGATIVE REGULATION OF HEMOSTASIS%GOBP%GO:1900047		17	0.51303124	1.3557864	0.10638298	0.22094797	1.0	332	tags=24%, list=2%, signal=24%	
INORGANIC ION IMPORT ACROSS PLASMA MEMBRANE%GOBP%GO:0099587	INORGANIC ION IMPORT ACROSS PLASMA MEMBRANE%GOBP%GO:0099587		64	0.38454902	1.3531452	0.045454547	0.22337241	1.0	164	tags=8%, list=1%, signal=8%	
SIGNALING BY PDGFR IN DISEASE%REACTOME DATABASE ID RELEASE 93%9671555	SIGNALING BY PDGFR IN DISEASE%REACTOME DATABASE ID RELEASE 93%9671555		16	0.52485305	1.3518565	0.14869888	0.22431092	1.0	946	tags=13%, list=5%, signal=13%	
VITAMIN D SENSITIVE CALCIUM SIGNALING IN DEPRESSION%WIKIPATHWAYS_20250810%WP4698%HOMO SAPIENS	VITAMIN D SENSITIVE CALCIUM SIGNALING IN DEPRESSION%WIKIPATHWAYS_20250810%WP4698%HOMO SAPIENS		23	0.47635233	1.3514024	0.12062257	0.22423922	1.0	508	tags=26%, list=3%, signal=27%	
PROTEIN DEGLYCOSYLATION%GOBP%GO:0006517	PROTEIN DEGLYCOSYLATION%GOBP%GO:0006517		17	0.51823324	1.3455164	0.13915858	0.2306447	1.0	1820	tags=29%, list=10%, signal=33%	
NEGATIVE REGULATION OF CALCIUM-MEDIATED SIGNALING%GOBP%GO:0050849	NEGATIVE REGULATION OF CALCIUM-MEDIATED SIGNALING%GOBP%GO:0050849		15	0.5210733	1.3399355	0.12837838	0.2369063	1.0	2402	tags=40%, list=14%, signal=46%	
INORGANIC CATION IMPORT ACROSS PLASMA MEMBRANE%GOBP%GO:0098659	INORGANIC CATION IMPORT ACROSS PLASMA MEMBRANE%GOBP%GO:0098659		64	0.38454902	1.3396026	0.04812834	0.23663388	1.0	164	tags=8%, list=1%, signal=8%	
ENDOCHONDRAL OSSIFICATION WITH SKELETAL DYSPLASIAS%WIKIPATHWAYS_20250810%WP4808%HOMO SAPIENS	ENDOCHONDRAL OSSIFICATION WITH SKELETAL DYSPLASIAS%WIKIPATHWAYS_20250810%WP4808%HOMO SAPIENS		38	0.4266324	1.3379881	0.0921659	0.23804781	1.0	978	tags=26%, list=6%, signal=28%	
CARDIAC PROGENITOR DIFFERENTIATION%WIKIPATHWAYS_20250810%WP2406%HOMO SAPIENS	CARDIAC PROGENITOR DIFFERENTIATION%WIKIPATHWAYS_20250810%WP2406%HOMO SAPIENS		30	0.44598216	1.3377889	0.08300395	0.23762456	1.0	1146	tags=17%, list=7%, signal=18%	
ENDOCHONDRAL OSSIFICATION%WIKIPATHWAYS_20250810%WP474%HOMO SAPIENS	ENDOCHONDRAL OSSIFICATION%WIKIPATHWAYS_20250810%WP474%HOMO SAPIENS		38	0.4266324	1.3338093	0.07488987	0.2419758	1.0	978	tags=26%, list=6%, signal=28%	
MEFENAMIC ACID ACTION PATHWAY%PATHWHIZ%PW000261	MEFENAMIC ACID ACTION PATHWAY%PATHWHIZ%PW000261		15	0.508075	1.3317264	0.13523132	0.24397439	1.0	864	tags=27%, list=5%, signal=28%	
VALDECOXIB ACTION PATHWAY%SMPDB%SMP0000116	VALDECOXIB ACTION PATHWAY%SMPDB%SMP0000116		15	0.508075	1.3309284	0.125	0.24428442	1.0	864	tags=27%, list=5%, signal=28%	
ACTIVATION OF G PROTEIN GATED POTASSIUM CHANNELS%REACTOME%R-HSA-1296041.4	ACTIVATION OF G PROTEIN GATED POTASSIUM CHANNELS%REACTOME%R-HSA-1296041.4		21	0.4827199	1.3308917	0.10108303	0.24365164	1.0	1	tags=5%, list=0%, signal=5%	
NABUMETONE ACTION PATHWAY%SMPDB%SMP0000114	NABUMETONE ACTION PATHWAY%SMPDB%SMP0000114		15	0.508075	1.3302718	0.14238411	0.24375887	1.0	864	tags=27%, list=5%, signal=28%	
INDOMETHACIN ACTION PATHWAY%PATHWHIZ%PW000260	INDOMETHACIN ACTION PATHWAY%PATHWHIZ%PW000260		15	0.508075	1.3292738	0.1220339	0.24433286	1.0	864	tags=27%, list=5%, signal=28%	
REGULATION OF EPITHELIAL TO MESENCHYMAL TRANSITION%GOBP%GO:0010717	REGULATION OF EPITHELIAL TO MESENCHYMAL TRANSITION%GOBP%GO:0010717		79	0.36375508	1.3261856	0.031446543	0.24759088	1.0	715	tags=9%, list=4%, signal=9%	
POSITIVE REGULATION OF CELL JUNCTION ASSEMBLY%GOBP%GO:1901890	POSITIVE REGULATION OF CELL JUNCTION ASSEMBLY%GOBP%GO:1901890		52	0.39533564	1.3239087	0.08583691	0.24981202	1.0	410	tags=13%, list=2%, signal=14%	
HINDBRAIN DEVELOPMENT%GOBP%GO:0030902	HINDBRAIN DEVELOPMENT%GOBP%GO:0030902		32	0.43323877	1.3211321	0.092369474	0.25263634	1.0	326	tags=13%, list=2%, signal=13%	
NAPROXEN ACTION PATHWAY%SMPDB%SMP0000120	NAPROXEN ACTION PATHWAY%SMPDB%SMP0000120		15	0.508075	1.3203144	0.136	0.25307944	1.0	864	tags=27%, list=5%, signal=28%	
POSITIVE REGULATION OF OSSIFICATION%GOBP%GO:0045778	POSITIVE REGULATION OF OSSIFICATION%GOBP%GO:0045778		33	0.4357026	1.3191496	0.09821428	0.25391778	1.0	978	tags=21%, list=6%, signal=22%	
INHIBITION OF VOLTAGE GATED CA2+ CHANNELS VIA GBETA GAMMA SUBUNITS%REACTOME DATABASE ID RELEASE 93%997272	INHIBITION OF VOLTAGE GATED CA2+ CHANNELS VIA GBETA GAMMA SUBUNITS%REACTOME DATABASE ID RELEASE 93%997272		21	0.4827199	1.318991	0.12982456	0.25344986	1.0	1	tags=5%, list=0%, signal=5%	
G PROTEIN GATED POTASSIUM CHANNELS%REACTOME%R-HSA-1296059.4	G PROTEIN GATED POTASSIUM CHANNELS%REACTOME%R-HSA-1296059.4		21	0.4827199	1.31837	0.10638298	0.2535873	1.0	1	tags=5%, list=0%, signal=5%	
ACTION POTENTIAL%GOBP%GO:0001508	ACTION POTENTIAL%GOBP%GO:0001508		72	0.37122893	1.3178034	0.03649635	0.25364158	1.0	1119	tags=21%, list=6%, signal=22%	
MELOXICAM ACTION PATHWAY%SMPDB%SMP0000106	MELOXICAM ACTION PATHWAY%SMPDB%SMP0000106		15	0.508075	1.3172072	0.15755627	0.2537563	1.0	864	tags=27%, list=5%, signal=28%	
REGULATION OF MYELOID LEUKOCYTE DIFFERENTIATION%GOBP%GO:0002761	REGULATION OF MYELOID LEUKOCYTE DIFFERENTIATION%GOBP%GO:0002761		49	0.39852896	1.3154898	0.09326425	0.25519785	1.0	239	tags=10%, list=1%, signal=10%	
CILIUM MOVEMENT INVOLVED IN CELL MOTILITY%GOBP%GO:0060294	CILIUM MOVEMENT INVOLVED IN CELL MOTILITY%GOBP%GO:0060294		70	0.3615256	1.3143474	0.05263158	0.25596452	1.0	1829	tags=23%, list=10%, signal=25%	
PIROXICAM ACTION PATHWAY%SMPDB%SMP0000077	PIROXICAM ACTION PATHWAY%SMPDB%SMP0000077		15	0.508075	1.3140445	0.14084508	0.25572622	1.0	864	tags=27%, list=5%, signal=28%	
DICLOFENAC ACTION PATHWAY%PATHWHIZ%PW000135	DICLOFENAC ACTION PATHWAY%PATHWHIZ%PW000135		15	0.508075	1.3130586	0.17869416	0.2563402	1.0	864	tags=27%, list=5%, signal=28%	
NCAM1 INTERACTIONS%REACTOME DATABASE ID RELEASE 93%419037	NCAM1 INTERACTIONS%REACTOME DATABASE ID RELEASE 93%419037		27	0.4496312	1.3120794	0.11570248	0.2568918	1.0	2215	tags=30%, list=13%, signal=34%	
SPERM MOTILITY%GOBP%GO:0097722	SPERM MOTILITY%GOBP%GO:0097722		60	0.37099427	1.31183	0.06806283	0.25657174	1.0	3574	tags=42%, list=20%, signal=52%	
CELLULAR RESPONSE TO VASCULAR ENDOTHELIAL GROWTH FACTOR STIMULUS%GOBP%GO:0035924	CELLULAR RESPONSE TO VASCULAR ENDOTHELIAL GROWTH FACTOR STIMULUS%GOBP%GO:0035924		33	0.43695742	1.3106997	0.10084034	0.25740904	1.0	763	tags=21%, list=4%, signal=22%	
NEGATIVE REGULATION OF T CELL DIFFERENTIATION%GOBP%GO:0045581	NEGATIVE REGULATION OF T CELL DIFFERENTIATION%GOBP%GO:0045581		24	0.45965478	1.3092152	0.116935484	0.25862223	1.0	1141	tags=21%, list=7%, signal=22%	
CILIUM MOVEMENT%GOBP%GO:0003341	CILIUM MOVEMENT%GOBP%GO:0003341		84	0.36216182	1.3081065	0.052287582	0.25948426	1.0	3702	tags=43%, list=21%, signal=54%	
FLURBIPROFEN ACTION PATHWAY%SMPDB%SMP0000697	FLURBIPROFEN ACTION PATHWAY%SMPDB%SMP0000697		15	0.508075	1.3075662	0.15384616	0.25952685	1.0	864	tags=27%, list=5%, signal=28%	
ETORICOXIB ACTION PATHWAY%SMPDB%SMP0000695	ETORICOXIB ACTION PATHWAY%SMPDB%SMP0000695		15	0.508075	1.3050196	0.15845071	0.26233393	1.0	864	tags=27%, list=5%, signal=28%	
SIGNALING BY TGF-BETA RECEPTOR COMPLEX%REACTOME DATABASE ID RELEASE 93%170834	SIGNALING BY TGF-BETA RECEPTOR COMPLEX%REACTOME DATABASE ID RELEASE 93%170834		86	0.35561478	1.3048702	0.06395349	0.26182944	1.0	1019	tags=13%, list=6%, signal=14%	
MAGNESIUM SALICYLATE ACTION PATHWAY%PATHWHIZ%PW000675	MAGNESIUM SALICYLATE ACTION PATHWAY%PATHWHIZ%PW000675		15	0.508075	1.3018857	0.14634146	0.26511905	1.0	864	tags=27%, list=5%, signal=28%	
DEFECTIVE B4GALT7 CAUSES EDS, PROGEROID TYPE%REACTOME%R-HSA-3560783.4	DEFECTIVE B4GALT7 CAUSES EDS, PROGEROID TYPE%REACTOME%R-HSA-3560783.4		17	0.49945527	1.3002088	0.13461539	0.26684472	1.0	847	tags=18%, list=5%, signal=19%	
TIAPROFENIC ACID ACTION PATHWAY%PATHWHIZ%PW000682	TIAPROFENIC ACID ACTION PATHWAY%PATHWHIZ%PW000682		15	0.508075	1.2999828	0.17153284	0.2664484	1.0	864	tags=27%, list=5%, signal=28%	
DIFLUNISAL ACTION PATHWAY%SMPDB%SMP0000289	DIFLUNISAL ACTION PATHWAY%SMPDB%SMP0000289		15	0.508075	1.2997603	0.16875	0.26606485	1.0	864	tags=27%, list=5%, signal=28%	
SULINDAC ACTION PATHWAY%PATHWHIZ%PW000136	SULINDAC ACTION PATHWAY%PATHWHIZ%PW000136		15	0.508075	1.2976654	0.14285715	0.2681598	1.0	864	tags=27%, list=5%, signal=28%	
CARDIAC CONDUCTION%REACTOME%R-HSA-5576891.4	CARDIAC CONDUCTION%REACTOME%R-HSA-5576891.4		98	0.35013232	1.2973226	0.094017096	0.26795295	1.0	1687	tags=24%, list=10%, signal=27%	
CELL FATE COMMITMENT%GOBP%GO:0045165	CELL FATE COMMITMENT%GOBP%GO:0045165		98	0.34688735	1.2967868	0.07964602	0.26799744	1.0	978	tags=13%, list=6%, signal=14%	
BROMFENAC ACTION PATHWAY%SMPDB%SMP0000102	BROMFENAC ACTION PATHWAY%SMPDB%SMP0000102		15	0.508075	1.2967736	0.15862069	0.2673331	1.0	864	tags=27%, list=5%, signal=28%	
SUPROFEN ACTION PATHWAY%SMPDB%SMP0000101	SUPROFEN ACTION PATHWAY%SMPDB%SMP0000101		15	0.508075	1.2962154	0.15081967	0.2674793	1.0	864	tags=27%, list=5%, signal=28%	
ARACHIDONIC ACID METABOLISM%SMPDB%SMP0000075	ARACHIDONIC ACID METABOLISM%SMPDB%SMP0000075		15	0.508075	1.2955012	0.1734694	0.26779556	1.0	864	tags=27%, list=5%, signal=28%	
FAT CELL DIFFERENTIATION%GOBP%GO:0045444	FAT CELL DIFFERENTIATION%GOBP%GO:0045444		57	0.37662593	1.2950163	0.06043956	0.26778907	1.0	1069	tags=12%, list=6%, signal=13%	
SALICYLIC ACID ACTION PATHWAY%SMPDB%SMP0000709	SALICYLIC ACID ACTION PATHWAY%SMPDB%SMP0000709		15	0.508075	1.2938402	0.17966102	0.268718	1.0	864	tags=27%, list=5%, signal=28%	
NON-CANONICAL WNT SIGNALING PATHWAY%GOBP%GO:0035567	NON-CANONICAL WNT SIGNALING PATHWAY%GOBP%GO:0035567		37	0.4123582	1.2932988	0.114893615	0.26885998	1.0	706	tags=19%, list=4%, signal=20%	
LEUKOTRIENE C4 SYNTHESIS DEFICIENCY%PATHWHIZ%PW000118	LEUKOTRIENE C4 SYNTHESIS DEFICIENCY%PATHWHIZ%PW000118		15	0.508075	1.2930301	0.1511254	0.26854506	1.0	864	tags=27%, list=5%, signal=28%	
CAMERA-TYPE EYE MORPHOGENESIS%GOBP%GO:0048593	CAMERA-TYPE EYE MORPHOGENESIS%GOBP%GO:0048593		50	0.38065663	1.2912768	0.09268293	0.27027154	1.0	1715	tags=22%, list=10%, signal=24%	
CILIUM-DEPENDENT CELL MOTILITY%GOBP%GO:0060285	CILIUM-DEPENDENT CELL MOTILITY%GOBP%GO:0060285		72	0.35930112	1.290743	0.09589041	0.27032036	1.0	3574	tags=40%, list=20%, signal=50%	
FORMATION OF THE TERNARY COMPLEX, AND SUBSEQUENTLY, THE 43S COMPLEX%REACTOME%R-HSA-72695.4	FORMATION OF THE TERNARY COMPLEX, AND SUBSEQUENTLY, THE 43S COMPLEX%REACTOME%R-HSA-72695.4		51	0.39098895	1.2893841	0.07860262	0.27146778	1.0	3282	tags=39%, list=19%, signal=48%	
SALICYLATE-SODIUM ACTION PATHWAY%SMPDB%SMP0000708	SALICYLATE-SODIUM ACTION PATHWAY%SMPDB%SMP0000708		15	0.508075	1.288303	0.17263843	0.27231583	1.0	864	tags=27%, list=5%, signal=28%	
ACETYLSALICYLIC ACID ACTION PATHWAY%PATHWHIZ%PW000128	ACETYLSALICYLIC ACID ACTION PATHWAY%PATHWHIZ%PW000128		15	0.508075	1.2865496	0.13993174	0.27417332	1.0	864	tags=27%, list=5%, signal=28%	
RESPONSE TO FLUID SHEAR STRESS%GOBP%GO:0034405	RESPONSE TO FLUID SHEAR STRESS%GOBP%GO:0034405		40	0.40567484	1.2852432	0.11934157	0.2753487	1.0	1183	tags=20%, list=7%, signal=21%	
KETOROLAC ACTION PATHWAY%SMPDB%SMP0000098	KETOROLAC ACTION PATHWAY%SMPDB%SMP0000098		15	0.508075	1.2846501	0.19243987	0.27547568	1.0	864	tags=27%, list=5%, signal=28%	
POSITIVE REGULATION OF EPITHELIAL TO MESENCHYMAL TRANSITION%GOBP%GO:0010718	POSITIVE REGULATION OF EPITHELIAL TO MESENCHYMAL TRANSITION%GOBP%GO:0010718		44	0.38901833	1.2840191	0.10747664	0.275665	1.0	715	tags=9%, list=4%, signal=9%	
LUMIRACOXIB ACTION PATHWAY%SMPDB%SMP0000699	LUMIRACOXIB ACTION PATHWAY%SMPDB%SMP0000699		15	0.508075	1.2839429	0.19322033	0.2751078	1.0	864	tags=27%, list=5%, signal=28%	
ACTIN-MEDIATED CELL CONTRACTION%GOBP%GO:0070252	ACTIN-MEDIATED CELL CONTRACTION%GOBP%GO:0070252		56	0.37981424	1.2830814	0.09090909	0.27566537	1.0	1021	tags=21%, list=6%, signal=23%	
REGULATION OF SMOOTHENED SIGNALING PATHWAY%GOBP%GO:0008589	REGULATION OF SMOOTHENED SIGNALING PATHWAY%GOBP%GO:0008589		46	0.3994006	1.2830038	0.06896552	0.2751018	1.0	876	tags=17%, list=5%, signal=18%	
FENOPROFEN ACTION PATHWAY%SMPDB%SMP0000696	FENOPROFEN ACTION PATHWAY%SMPDB%SMP0000696		15	0.508075	1.2816519	0.17406143	0.27627295	1.0	864	tags=27%, list=5%, signal=28%	
SYNAPTIC TRANSMISSION, GLUTAMATERGIC%GOBP%GO:0035249	SYNAPTIC TRANSMISSION, GLUTAMATERGIC%GOBP%GO:0035249		21	0.46054316	1.2807735	0.17307693	0.27677768	1.0	349	tags=24%, list=2%, signal=24%	
ORGAN GROWTH%GOBP%GO:0035265	ORGAN GROWTH%GOBP%GO:0035265		25	0.4481335	1.2805728	0.124497995	0.27640986	1.0	426	tags=20%, list=2%, signal=20%	
SALSALATE ACTION PATHWAY%SMPDB%SMP0000707	SALSALATE ACTION PATHWAY%SMPDB%SMP0000707		15	0.508075	1.2798327	0.17037037	0.27685964	1.0	864	tags=27%, list=5%, signal=28%	
FLAGELLATED SPERM MOTILITY%GOBP%GO:0030317	FLAGELLATED SPERM MOTILITY%GOBP%GO:0030317		60	0.37099427	1.2794417	0.06818182	0.2767341	1.0	3574	tags=42%, list=20%, signal=52%	
HAIR FOLLICLE DEVELOPMENT CYTODIFFERENTIATION STAGE 3 OF 3%WIKIPATHWAYS_20250810%WP2840%HOMO SAPIENS	HAIR FOLLICLE DEVELOPMENT CYTODIFFERENTIATION STAGE 3 OF 3%WIKIPATHWAYS_20250810%WP2840%HOMO SAPIENS		45	0.3965954	1.2791462	0.11111111	0.27647722	1.0	763	tags=20%, list=4%, signal=21%	
POSITIVE REGULATION OF BMP SIGNALING PATHWAY%GOBP%GO:0030513	POSITIVE REGULATION OF BMP SIGNALING PATHWAY%GOBP%GO:0030513		20	0.4635538	1.2786028	0.16044776	0.27651462	1.0	1362	tags=30%, list=8%, signal=33%	
COLLAGEN BIOSYNTHESIS AND MODIFYING ENZYMES%REACTOME%R-HSA-1650814.6	COLLAGEN BIOSYNTHESIS AND MODIFYING ENZYMES%REACTOME%R-HSA-1650814.6		50	0.3753006	1.2770712	0.0952381	0.27788553	1.0	605	tags=18%, list=3%, signal=19%	
ANTIPYRINE ACTION PATHWAY%SMPDB%SMP0000692	ANTIPYRINE ACTION PATHWAY%SMPDB%SMP0000692		15	0.508075	1.2770618	0.17037037	0.27723917	1.0	864	tags=27%, list=5%, signal=28%	
NEPAFENAC ACTION PATHWAY%PATHWHIZ%PW000679	NEPAFENAC ACTION PATHWAY%PATHWHIZ%PW000679		15	0.508075	1.2770064	0.15824915	0.27665198	1.0	864	tags=27%, list=5%, signal=28%	
CELECOXIB ACTION PATHWAY%SMPDB%SMP0000096	CELECOXIB ACTION PATHWAY%SMPDB%SMP0000096		16	0.4995108	1.2763361	0.17891374	0.2769692	1.0	864	tags=25%, list=5%, signal=26%	
ETODOLAC ACTION PATHWAY%PATHWHIZ%PW000129	ETODOLAC ACTION PATHWAY%PATHWHIZ%PW000129		15	0.508075	1.2759743	0.16666667	0.27685088	1.0	864	tags=27%, list=5%, signal=28%	
TRANSCRIPTIONAL REGULATION BY RUNX2%REACTOME%R-HSA-8878166.4	TRANSCRIPTIONAL REGULATION BY RUNX2%REACTOME%R-HSA-8878166.4		92	0.3483873	1.2742374	0.0625	0.278538	1.0	1441	tags=18%, list=8%, signal=20%	
TRISALICYLATE-CHOLINE ACTION PATHWAY%PATHWHIZ%PW000680	TRISALICYLATE-CHOLINE ACTION PATHWAY%PATHWHIZ%PW000680		15	0.508075	1.2741966	0.1943463	0.2779154	1.0	864	tags=27%, list=5%, signal=28%	
CILIUM OR FLAGELLUM-DEPENDENT CELL MOTILITY%GOBP%GO:0001539	CILIUM OR FLAGELLUM-DEPENDENT CELL MOTILITY%GOBP%GO:0001539		72	0.35930112	1.2726742	0.083798885	0.27936515	1.0	3574	tags=40%, list=20%, signal=50%	
OREXIN RECEPTOR PATHWAY%WIKIPATHWAYS_20250810%WP5094%HOMO SAPIENS	OREXIN RECEPTOR PATHWAY%WIKIPATHWAYS_20250810%WP5094%HOMO SAPIENS		50	0.38423023	1.2721004	0.114754096	0.27953917	1.0	1397	tags=20%, list=8%, signal=22%	
BLOOD VESSEL ENDOTHELIAL CELL MIGRATION%GOBP%GO:0043534	BLOOD VESSEL ENDOTHELIAL CELL MIGRATION%GOBP%GO:0043534		19	0.47106153	1.2717263	0.1634981	0.27942157	1.0	745	tags=16%, list=4%, signal=16%	
DEFECTIVE B3GAT3 CAUSES JDSSDHD%REACTOME%R-HSA-3560801.4	DEFECTIVE B3GAT3 CAUSES JDSSDHD%REACTOME%R-HSA-3560801.4		17	0.48990735	1.2711319	0.17741935	0.2795482	1.0	847	tags=18%, list=5%, signal=19%	
KETOPROFEN ACTION PATHWAY%SMPDB%SMP0000085	KETOPROFEN ACTION PATHWAY%SMPDB%SMP0000085		15	0.508075	1.2708719	0.16197184	0.27926	1.0	864	tags=27%, list=5%, signal=28%	
NEURAL PRECURSOR CELL PROLIFERATION%GOBP%GO:0061351	NEURAL PRECURSOR CELL PROLIFERATION%GOBP%GO:0061351		31	0.42122915	1.2700704	0.16535433	0.27968276	1.0	113	tags=13%, list=1%, signal=13%	
VASCULAR ENDOTHELIAL GROWTH FACTOR RECEPTOR SIGNALING PATHWAY%GOBP%GO:0048010	VASCULAR ENDOTHELIAL GROWTH FACTOR RECEPTOR SIGNALING PATHWAY%GOBP%GO:0048010		25	0.44319892	1.2694496	0.14068441	0.27989164	1.0	681	tags=20%, list=4%, signal=21%	
ROFECOXIB ACTION PATHWAY%SMPDB%SMP0000087	ROFECOXIB ACTION PATHWAY%SMPDB%SMP0000087		15	0.508075	1.2689989	0.16558442	0.27988467	1.0	864	tags=27%, list=5%, signal=28%	
DEFECTIVE B3GALT6 CAUSES EDSP2 AND SEMDJL1%REACTOME%R-HSA-4420332.4	DEFECTIVE B3GALT6 CAUSES EDSP2 AND SEMDJL1%REACTOME%R-HSA-4420332.4		17	0.48431456	1.2689053	0.17437722	0.27935672	1.0	847	tags=18%, list=5%, signal=19%	
NEGATIVE REGULATION OF WOUND HEALING%GOBP%GO:0061045	NEGATIVE REGULATION OF WOUND HEALING%GOBP%GO:0061045		29	0.42807323	1.2680761	0.13654618	0.27985886	1.0	745	tags=17%, list=4%, signal=18%	
TOLMETIN ACTION PATHWAY%PATHWHIZ%PW000681	TOLMETIN ACTION PATHWAY%PATHWHIZ%PW000681		15	0.508075	1.2662028	0.18045112	0.28180528	1.0	864	tags=27%, list=5%, signal=28%	
CARDIAC CELL DEVELOPMENT%GOBP%GO:0055006	CARDIAC CELL DEVELOPMENT%GOBP%GO:0055006		34	0.42108327	1.2653033	0.11666667	0.2824782	1.0	675	tags=18%, list=4%, signal=18%	
SYNAPSE ASSEMBLY%GOBP%GO:0007416	SYNAPSE ASSEMBLY%GOBP%GO:0007416		78	0.35221073	1.2648633	0.08176101	0.28250065	1.0	2047	tags=26%, list=12%, signal=29%	
ANTRAFENINE ACTION PATHWAY%SMPDB%SMP0000693	ANTRAFENINE ACTION PATHWAY%SMPDB%SMP0000693		15	0.508075	1.2643404	0.16153847	0.28254315	1.0	864	tags=27%, list=5%, signal=28%	
NETRIN-1 SIGNALING%REACTOME DATABASE ID RELEASE 93%373752	NETRIN-1 SIGNALING%REACTOME DATABASE ID RELEASE 93%373752		36	0.39593178	1.2609333	0.104	0.2865515	1.0	1913	tags=31%, list=11%, signal=34%	
REGULATION OF CELL FATE SPECIFICATION%GOBP%GO:0042659	REGULATION OF CELL FATE SPECIFICATION%GOBP%GO:0042659		16	0.48552635	1.2607254	0.16917293	0.28618136	1.0	937	tags=25%, list=5%, signal=26%	
VALIDATED TRANSCRIPTIONAL TARGETS OF DELTANP63 ISOFORMS%PATHWAY INTERACTION DATABASE NCI-NATURE CURATED DATA%VALIDATED TRANSCRIPTIONAL TARGETS OF DELTANP63 ISOFORMS	VALIDATED TRANSCRIPTIONAL TARGETS OF DELTANP63 ISOFORMS%PATHWAY INTERACTION DATABASE NCI-NATURE CURATED DATA%VALIDATED TRANSCRIPTIONAL TARGETS OF DELTANP63 ISOFORMS		35	0.4001172	1.258806	0.12970711	0.28822976	1.0	1046	tags=17%, list=6%, signal=18%	
REGULATION OF T-HELPER CELL DIFFERENTIATION%GOBP%GO:0045622	REGULATION OF T-HELPER CELL DIFFERENTIATION%GOBP%GO:0045622		23	0.44568723	1.258298	0.13688213	0.28829518	1.0	2026	tags=26%, list=12%, signal=29%	
MOLECULES ASSOCIATED WITH ELASTIC FIBRES%REACTOME DATABASE ID RELEASE 93%2129379	MOLECULES ASSOCIATED WITH ELASTIC FIBRES%REACTOME DATABASE ID RELEASE 93%2129379		23	0.4443934	1.2581967	0.18088737	0.2877624	1.0	132	tags=13%, list=1%, signal=13%	
PHENYLBUTAZONE ACTION PATHWAY%PATHWHIZ%PW000678	PHENYLBUTAZONE ACTION PATHWAY%PATHWHIZ%PW000678		15	0.508075	1.2575643	0.1971831	0.28796718	1.0	864	tags=27%, list=5%, signal=28%	
DETERMINATION OF LEFT/RIGHT SYMMETRY%GOBP%GO:0007368	DETERMINATION OF LEFT/RIGHT SYMMETRY%GOBP%GO:0007368		46	0.38469076	1.2575253	0.13725491	0.28736433	1.0	1240	tags=15%, list=7%, signal=16%	
TENOXICAM ACTION PATHWAY%SMPDB%SMP0000706	TENOXICAM ACTION PATHWAY%SMPDB%SMP0000706		15	0.508075	1.2574087	0.21942446	0.2868721	1.0	864	tags=27%, list=5%, signal=28%	
LORNOXICAM ACTION PATHWAY%PATHWHIZ%PW000677	LORNOXICAM ACTION PATHWAY%PATHWHIZ%PW000677		15	0.508075	1.2571168	0.1754386	0.2866057	1.0	864	tags=27%, list=5%, signal=28%	
MAINTENANCE OF PROTEIN LOCATION%GOBP%GO:0045185	MAINTENANCE OF PROTEIN LOCATION%GOBP%GO:0045185		46	0.39201874	1.2557507	0.08928572	0.28791878	1.0	621	tags=13%, list=4%, signal=13%	
GLAND DEVELOPMENT%GOBP%GO:0048732	GLAND DEVELOPMENT%GOBP%GO:0048732		83	0.3359885	1.254385	0.11764706	0.28912058	1.0	863	tags=11%, list=5%, signal=11%	
NEGATIVE REGULATION OF CELL DEVELOPMENT%GOBP%GO:0010721	NEGATIVE REGULATION OF CELL DEVELOPMENT%GOBP%GO:0010721		99	0.3395479	1.2538278	0.046875	0.2892841	1.0	1186	tags=14%, list=7%, signal=15%	
CARDIOGENESIS%REACTOME%R-HSA-9733709.1	CARDIOGENESIS%REACTOME%R-HSA-9733709.1		23	0.44191998	1.2531204	0.18461539	0.28968957	1.0	1397	tags=22%, list=8%, signal=24%	
PID_BETA_CATENIN_NUC_PATHWAY%MSIGDB_C2%PID_BETA_CATENIN_NUC_PATHWAY	PID_BETA_CATENIN_NUC_PATHWAY%MSIGDB_C2%PID_BETA_CATENIN_NUC_PATHWAY		53	0.3756023	1.2525599	0.14975846	0.2898459	1.0	952	tags=13%, list=5%, signal=14%	
OXAPROZIN ACTION PATHWAY%PATHWHIZ%PW000262	OXAPROZIN ACTION PATHWAY%PATHWHIZ%PW000262		15	0.508075	1.2525009	0.21710527	0.28928798	1.0	864	tags=27%, list=5%, signal=28%	
PEPTIDYL-TYROSINE MODIFICATION%GOBP%GO:0018212	PEPTIDYL-TYROSINE MODIFICATION%GOBP%GO:0018212		36	0.40716282	1.2522205	0.14225942	0.2890442	1.0	270	tags=14%, list=2%, signal=14%	
CARPROFEN ACTION PATHWAY%SMPDB%SMP0000694	CARPROFEN ACTION PATHWAY%SMPDB%SMP0000694		15	0.508075	1.2498648	0.19795223	0.2918799	1.0	864	tags=27%, list=5%, signal=28%	
CRANIAL NERVE DEVELOPMENT%GOBP%GO:0021545	CRANIAL NERVE DEVELOPMENT%GOBP%GO:0021545		22	0.44801894	1.2491803	0.17175573	0.29217443	1.0	455	tags=23%, list=3%, signal=23%	
REGULATION OF FIBROBLAST GROWTH FACTOR RECEPTOR SIGNALING PATHWAY%GOBP%GO:0040036	REGULATION OF FIBROBLAST GROWTH FACTOR RECEPTOR SIGNALING PATHWAY%GOBP%GO:0040036		20	0.46088627	1.2470454	0.17586207	0.294606	1.0	2614	tags=40%, list=15%, signal=47%	
HEDGEHOG 'OFF' STATE%REACTOME%R-HSA-5610787.3	HEDGEHOG 'OFF' STATE%REACTOME%R-HSA-5610787.3		83	0.3322567	1.2430825	0.061349694	0.2996789	1.0	1552	tags=18%, list=9%, signal=20%	
PEPTIDYL-TYROSINE PHOSPHORYLATION%GOBP%GO:0018108	PEPTIDYL-TYROSINE PHOSPHORYLATION%GOBP%GO:0018108		35	0.4073934	1.2424908	0.14107884	0.299854	1.0	270	tags=14%, list=2%, signal=14%	
POSITIVE REGULATION OF SMAD PROTEIN SIGNAL TRANSDUCTION%GOBP%GO:0060391	POSITIVE REGULATION OF SMAD PROTEIN SIGNAL TRANSDUCTION%GOBP%GO:0060391		29	0.43308926	1.2416999	0.1302682	0.30033007	1.0	1659	tags=24%, list=10%, signal=27%	
NEURAL CREST CELL DIFFERENTIATION%GOBP%GO:0014033	NEURAL CREST CELL DIFFERENTIATION%GOBP%GO:0014033		48	0.37312293	1.240134	0.11737089	0.30184188	1.0	1034	tags=19%, list=6%, signal=20%	
REGULATION OF CARDIAC MUSCLE CELL ACTION POTENTIAL%GOBP%GO:0098901	REGULATION OF CARDIAC MUSCLE CELL ACTION POTENTIAL%GOBP%GO:0098901		27	0.42746642	1.2392646	0.17977528	0.302376	1.0	844	tags=19%, list=5%, signal=19%	
REGULATION OF CD4-POSITIVE, ALPHA-BETA T CELL DIFFERENTIATION%GOBP%GO:0043370	REGULATION OF CD4-POSITIVE, ALPHA-BETA T CELL DIFFERENTIATION%GOBP%GO:0043370		30	0.4111751	1.2391748	0.12987013	0.30185887	1.0	1524	tags=20%, list=9%, signal=22%	
REGULATION OF NUCLEAR-TRANSCRIBED MRNA CATABOLIC PROCESS, DEADENYLATION-DEPENDENT DECAY%GOBP%GO:1900151	REGULATION OF NUCLEAR-TRANSCRIBED MRNA CATABOLIC PROCESS, DEADENYLATION-DEPENDENT DECAY%GOBP%GO:1900151		22	0.4366089	1.2388855	0.15441176	0.30157787	1.0	808	tags=9%, list=5%, signal=10%	
LEFT/RIGHT PATTERN FORMATION%GOBP%GO:0060972	LEFT/RIGHT PATTERN FORMATION%GOBP%GO:0060972		47	0.37871927	1.238599	0.119170986	0.30132657	1.0	1240	tags=15%, list=7%, signal=16%	
HIPPO SIGNALING REGULATION%WIKIPATHWAYS_20250810%WP4540%HOMO SAPIENS	HIPPO SIGNALING REGULATION%WIKIPATHWAYS_20250810%WP4540%HOMO SAPIENS		64	0.34178746	1.237807	0.10059172	0.3018042	1.0	814	tags=11%, list=5%, signal=11%	
ACETAMINOPHEN ACTION PATHWAY%SMPDB%SMP0000710	ACETAMINOPHEN ACTION PATHWAY%SMPDB%SMP0000710		15	0.508075	1.2375357	0.20229007	0.30155763	1.0	864	tags=27%, list=5%, signal=28%	
PROTEIN DEMANNOSYLATION%GOBP%GO:0036507	PROTEIN DEMANNOSYLATION%GOBP%GO:0036507		16	0.47621122	1.2364112	0.2053872	0.30258784	1.0	3410	tags=38%, list=20%, signal=47%	
EPITHELIAL TUBE FORMATION%GOBP%GO:0072175	EPITHELIAL TUBE FORMATION%GOBP%GO:0072175		39	0.37916222	1.23624	0.12601626	0.30220023	1.0	440	tags=13%, list=3%, signal=13%	
SEX DIFFERENTIATION%GOBP%GO:0007548	SEX DIFFERENTIATION%GOBP%GO:0007548		69	0.34403095	1.2338465	0.09090909	0.30517757	1.0	727	tags=13%, list=4%, signal=14%	
POTASSIUM ION IMPORT ACROSS PLASMA MEMBRANE%GOBP%GO:1990573	POTASSIUM ION IMPORT ACROSS PLASMA MEMBRANE%GOBP%GO:1990573		29	0.42127952	1.2328036	0.1659919	0.3060664	1.0	1382	tags=14%, list=8%, signal=15%	
MUSCARINIC ACETYLCHOLINE RECEPTOR 2 AND 4 SIGNALING PATHWAY%PANTHER PATHWAY%P00043	MUSCARINIC ACETYLCHOLINE RECEPTOR 2 AND 4 SIGNALING PATHWAY%PANTHER PATHWAY%P00043		27	0.42490047	1.2306635	0.16015625	0.30854547	1.0	1006	tags=15%, list=6%, signal=16%	
ENDOTHELIAL CELL DIFFERENTIATION%GOBP%GO:0045446	ENDOTHELIAL CELL DIFFERENTIATION%GOBP%GO:0045446		50	0.36234188	1.2303913	0.15075377	0.3082606	1.0	991	tags=20%, list=6%, signal=21%	
OTHER SEMAPHORIN INTERACTIONS%REACTOME DATABASE ID RELEASE 93%416700	OTHER SEMAPHORIN INTERACTIONS%REACTOME DATABASE ID RELEASE 93%416700		15	0.49138942	1.229508	0.20761245	0.3089542	1.0	122	tags=13%, list=1%, signal=13%	
PID_IL3_PATHWAY%MSIGDB_C2%PID_IL3_PATHWAY	PID_IL3_PATHWAY%MSIGDB_C2%PID_IL3_PATHWAY		17	0.4664366	1.2287967	0.19188192	0.3093594	1.0	946	tags=18%, list=5%, signal=19%	
REGULATION OF CARDIOCYTE DIFFERENTIATION%GOBP%GO:1905207	REGULATION OF CARDIOCYTE DIFFERENTIATION%GOBP%GO:1905207		16	0.48129764	1.2258736	0.23188406	0.313209	1.0	978	tags=19%, list=6%, signal=20%	
CARDIOCYTE DIFFERENTIATION%GOBP%GO:0035051	CARDIOCYTE DIFFERENTIATION%GOBP%GO:0035051		56	0.36097428	1.225279	0.11518325	0.31344715	1.0	978	tags=16%, list=6%, signal=17%	
REGULATION OF CARDIAC MUSCLE CONTRACTION BY REGULATION OF THE RELEASE OF SEQUESTERED CALCIUM ION%GOBP%GO:0010881	REGULATION OF CARDIAC MUSCLE CONTRACTION BY REGULATION OF THE RELEASE OF SEQUESTERED CALCIUM ION%GOBP%GO:0010881		19	0.4567495	1.2237196	0.21454546	0.31509104	1.0	1624	tags=26%, list=9%, signal=29%	
NEGATIVE REGULATION OF EPITHELIAL TO MESENCHYMAL TRANSITION%GOBP%GO:0010719	NEGATIVE REGULATION OF EPITHELIAL TO MESENCHYMAL TRANSITION%GOBP%GO:0010719		32	0.3955455	1.2235892	0.17355372	0.3146302	1.0	160	tags=9%, list=1%, signal=9%	
BBSOME-MEDIATED CARGO-TARGETING TO CILIUM%REACTOME%R-HSA-5620922.4	BBSOME-MEDIATED CARGO-TARGETING TO CILIUM%REACTOME%R-HSA-5620922.4		23	0.4359702	1.222362	0.18333334	0.31574774	1.0	2145	tags=30%, list=12%, signal=35%	
RIBOSOMAL SCANNING AND START CODON RECOGNITION%REACTOME%R-HSA-72702.5	RIBOSOMAL SCANNING AND START CODON RECOGNITION%REACTOME%R-HSA-72702.5		58	0.3582483	1.2197115	0.13265306	0.318985	1.0	3282	tags=36%, list=19%, signal=44%	
PID_TGFBR_PATHWAY%MSIGDB_C2%PID_TGFBR_PATHWAY	PID_TGFBR_PATHWAY%MSIGDB_C2%PID_TGFBR_PATHWAY		34	0.40154997	1.2188902	0.17372881	0.31965363	1.0	907	tags=15%, list=5%, signal=15%	
ANTIGEN PROCESSING AND PRESENTATION OF PEPTIDE ANTIGEN VIA MHC CLASS I%GOBP%GO:0002474	ANTIGEN PROCESSING AND PRESENTATION OF PEPTIDE ANTIGEN VIA MHC CLASS I%GOBP%GO:0002474		24	0.4296114	1.2181526	0.17898832	0.32010937	1.0	2257	tags=25%, list=13%, signal=29%	
LUNG FIBROSIS%WIKIPATHWAYS_20250810%WP3624%HOMO SAPIENS	LUNG FIBROSIS%WIKIPATHWAYS_20250810%WP3624%HOMO SAPIENS		23	0.43688688	1.2173105	0.19285715	0.32077828	1.0	903	tags=17%, list=5%, signal=18%	
POSITIVE REGULATION OF EXCITATORY POSTSYNAPTIC POTENTIAL%GOBP%GO:2000463	POSITIVE REGULATION OF EXCITATORY POSTSYNAPTIC POTENTIAL%GOBP%GO:2000463		19	0.44550192	1.2171612	0.20224719	0.32035375	1.0	2040	tags=37%, list=12%, signal=42%	
REGULATION OF NERVOUS SYSTEM PROCESS%GOBP%GO:0031644	REGULATION OF NERVOUS SYSTEM PROCESS%GOBP%GO:0031644		49	0.3672006	1.2144386	0.16842106	0.32373348	1.0	1587	tags=22%, list=9%, signal=25%	
IL3-MEDIATED SIGNALING EVENTS%PATHWAY INTERACTION DATABASE NCI-NATURE CURATED DATA%IL3-MEDIATED SIGNALING EVENTS	IL3-MEDIATED SIGNALING EVENTS%PATHWAY INTERACTION DATABASE NCI-NATURE CURATED DATA%IL3-MEDIATED SIGNALING EVENTS		22	0.43640116	1.2119943	0.19503546	0.32678437	1.0	1006	tags=18%, list=6%, signal=19%	
PROTEIN ALPHA-1,2-DEMANNOSYLATION%GOBP%GO:0036508	PROTEIN ALPHA-1,2-DEMANNOSYLATION%GOBP%GO:0036508		16	0.47621122	1.2119555	0.2249135	0.32617697	1.0	3410	tags=38%, list=20%, signal=47%	
REGULATION OF MUSCLE CELL DIFFERENTIATION%GOBP%GO:0051147	REGULATION OF MUSCLE CELL DIFFERENTIATION%GOBP%GO:0051147		73	0.3418991	1.2115655	0.097402595	0.32608587	1.0	978	tags=12%, list=6%, signal=13%	
FEMALE SEX DIFFERENTIATION%GOBP%GO:0046660	FEMALE SEX DIFFERENTIATION%GOBP%GO:0046660		28	0.41596717	1.2115214	0.18577075	0.32546395	1.0	440	tags=14%, list=3%, signal=15%	
NON-MOTILE CILIUM ASSEMBLY%GOBP%GO:1905515	NON-MOTILE CILIUM ASSEMBLY%GOBP%GO:1905515		30	0.40895453	1.2073961	0.21825397	0.33107716	1.0	2594	tags=40%, list=15%, signal=47%	
NEGATIVE REGULATION OF SIGNAL TRANSDUCTION IN ABSENCE OF LIGAND%GOBP%GO:1901099	NEGATIVE REGULATION OF SIGNAL TRANSDUCTION IN ABSENCE OF LIGAND%GOBP%GO:1901099		18	0.45124304	1.2059059	0.20979021	0.33274826	1.0	1002	tags=28%, list=6%, signal=29%	
REGULATION OF VASOCONSTRICTION%GOBP%GO:0019229	REGULATION OF VASOCONSTRICTION%GOBP%GO:0019229		21	0.44480678	1.2037543	0.19259259	0.3354726	1.0	663	tags=19%, list=4%, signal=20%	
TRANSLATION INITIATION COMPLEX FORMATION%REACTOME%R-HSA-72649.4	TRANSLATION INITIATION COMPLEX FORMATION%REACTOME%R-HSA-72649.4		58	0.3546045	1.2019331	0.14673913	0.33752188	1.0	3282	tags=36%, list=19%, signal=44%	
REGULATION OF OSTEOCLAST DIFFERENTIATION%GOBP%GO:0045670	REGULATION OF OSTEOCLAST DIFFERENTIATION%GOBP%GO:0045670		25	0.42942798	1.1987756	0.22619048	0.3417817	1.0	1907	tags=28%, list=11%, signal=31%	
POSITIVE REGULATION OF MYELOID CELL DIFFERENTIATION%GOBP%GO:0045639	POSITIVE REGULATION OF MYELOID CELL DIFFERENTIATION%GOBP%GO:0045639		53	0.35456485	1.1976646	0.12755102	0.34283957	1.0	170	tags=8%, list=1%, signal=8%	
ALZHEIMER DISEASE-PRESENILIN PATHWAY%PANTHER PATHWAY%P00004	ALZHEIMER DISEASE-PRESENILIN PATHWAY%PANTHER PATHWAY%P00004		65	0.33414152	1.1973447	0.103896104	0.34267795	1.0	784	tags=15%, list=4%, signal=16%	
CALCIUM ION IMPORT INTO CYTOSOL%GOBP%GO:1902656	CALCIUM ION IMPORT INTO CYTOSOL%GOBP%GO:1902656		19	0.43626082	1.1944109	0.24907063	0.34663504	1.0	164	tags=16%, list=1%, signal=16%	
CALCIUM ION IMPORT ACROSS PLASMA MEMBRANE%GOBP%GO:0098703	CALCIUM ION IMPORT ACROSS PLASMA MEMBRANE%GOBP%GO:0098703		19	0.43626082	1.1942619	0.22535211	0.34618354	1.0	164	tags=16%, list=1%, signal=16%	
PHOTOPERIODISM%GOBP%GO:0009648	PHOTOPERIODISM%GOBP%GO:0009648		22	0.42714006	1.1912585	0.21771218	0.35038152	1.0	421	tags=14%, list=2%, signal=14%	
REGULATION OF T CELL MEDIATED IMMUNITY%GOBP%GO:0002709	REGULATION OF T CELL MEDIATED IMMUNITY%GOBP%GO:0002709		44	0.36931983	1.1909895	0.18421052	0.35013562	1.0	2589	tags=27%, list=15%, signal=32%	
MEMBRANE REPOLARIZATION%GOBP%GO:0086009	MEMBRANE REPOLARIZATION%GOBP%GO:0086009		18	0.44606557	1.189102	0.24621212	0.35261798	1.0	1181	tags=28%, list=7%, signal=30%	
HEDGEHOG 'ON' STATE%REACTOME%R-HSA-5632684.2	HEDGEHOG 'ON' STATE%REACTOME%R-HSA-5632684.2		66	0.33752337	1.1856855	0.116564415	0.35755074	1.0	1402	tags=18%, list=8%, signal=20%	
CALCIUM-DEPENDENT CELL-CELL ADHESION VIA PLASMA MEMBRANE CELL ADHESION MOLECULES%GOBP%GO:0016339	CALCIUM-DEPENDENT CELL-CELL ADHESION VIA PLASMA MEMBRANE CELL ADHESION MOLECULES%GOBP%GO:0016339		32	0.38955688	1.1842026	0.18623482	0.35927734	1.0	1473	tags=22%, list=8%, signal=24%	
ECTODERM DIFFERENTIATION%WIKIPATHWAYS_20250810%WP2858%HOMO SAPIENS	ECTODERM DIFFERENTIATION%WIKIPATHWAYS_20250810%WP2858%HOMO SAPIENS		99	0.31273556	1.1837263	0.09154929	0.35939875	1.0	522	tags=12%, list=3%, signal=12%	
RETINAL METABOLIC PROCESS%GOBP%GO:0042574	RETINAL METABOLIC PROCESS%GOBP%GO:0042574		15	0.45609868	1.1834615	0.2597865	0.3591222	1.0	1491	tags=27%, list=9%, signal=29%	
FEMALE GONAD DEVELOPMENT%GOBP%GO:0008585	FEMALE GONAD DEVELOPMENT%GOBP%GO:0008585		22	0.41990075	1.1822805	0.23904383	0.36036104	1.0	58	tags=9%, list=0%, signal=9%	
PHOTOTRANSDUCTION%GOBP%GO:0007602	PHOTOTRANSDUCTION%GOBP%GO:0007602		19	0.44593266	1.1817449	0.228	0.3605214	1.0	1491	tags=32%, list=9%, signal=34%	
REGULATION OF CDH11 EXPRESSION AND FUNCTION%REACTOME DATABASE ID RELEASE 93%9759475	REGULATION OF CDH11 EXPRESSION AND FUNCTION%REACTOME DATABASE ID RELEASE 93%9759475		25	0.39785707	1.1803976	0.19391635	0.36201784	1.0	563	tags=12%, list=3%, signal=12%	
CONNECTIVE TISSUE DEVELOPMENT%GOBP%GO:0061448	CONNECTIVE TISSUE DEVELOPMENT%GOBP%GO:0061448		64	0.34470472	1.1786617	0.14619882	0.36421484	1.0	1715	tags=28%, list=10%, signal=31%	
IMMUNE SYSTEM DEVELOPMENT%GOBP%GO:0002520	IMMUNE SYSTEM DEVELOPMENT%GOBP%GO:0002520		56	0.34194306	1.1781261	0.17098446	0.36433953	1.0	1169	tags=16%, list=7%, signal=17%	
HALLMARK_NOTCH_SIGNALING%MSIGDBHALLMARK%HALLMARK_NOTCH_SIGNALING	HALLMARK_NOTCH_SIGNALING%MSIGDBHALLMARK%HALLMARK_NOTCH_SIGNALING		22	0.41303387	1.177079	0.25964913	0.36528957	1.0	549	tags=18%, list=3%, signal=19%	
REGULATION OF SYNAPSE ASSEMBLY%GOBP%GO:0051963	REGULATION OF SYNAPSE ASSEMBLY%GOBP%GO:0051963		64	0.33790296	1.1765993	0.17010309	0.36539626	1.0	1039	tags=20%, list=6%, signal=22%	
HALLMARK OF CANCER METASTASIS AND EPITHELIAL TO MESENCHYMAL TRANSITION%WIKIPATHWAYS_20250810%WP5469%HOMO SAPIENS	HALLMARK OF CANCER METASTASIS AND EPITHELIAL TO MESENCHYMAL TRANSITION%WIKIPATHWAYS_20250810%WP5469%HOMO SAPIENS		15	0.44972408	1.1736858	0.24632353	0.36964592	1.0	937	tags=20%, list=5%, signal=21%	
CHONDROCYTE DIFFERENTIATION%GOBP%GO:0002062	CHONDROCYTE DIFFERENTIATION%GOBP%GO:0002062		29	0.3966592	1.1725597	0.18560606	0.37081558	1.0	1715	tags=31%, list=10%, signal=34%	
ENTRAINMENT OF CIRCADIAN CLOCK BY PHOTOPERIOD%GOBP%GO:0043153	ENTRAINMENT OF CIRCADIAN CLOCK BY PHOTOPERIOD%GOBP%GO:0043153		21	0.43016186	1.1725117	0.22556391	0.3701636	1.0	421	tags=14%, list=2%, signal=15%	
NEGATIVE REGULATION OF EXTRINSIC APOPTOTIC SIGNALING PATHWAY IN ABSENCE OF LIGAND%GOBP%GO:2001240	NEGATIVE REGULATION OF EXTRINSIC APOPTOTIC SIGNALING PATHWAY IN ABSENCE OF LIGAND%GOBP%GO:2001240		18	0.45124304	1.1706926	0.25	0.37244868	1.0	1002	tags=28%, list=6%, signal=29%	
PID_HIF2PATHWAY%MSIGDB_C2%PID_HIF2PATHWAY	PID_HIF2PATHWAY%MSIGDB_C2%PID_HIF2PATHWAY		19	0.4319107	1.1681869	0.22789116	0.37603492	1.0	338	tags=11%, list=2%, signal=11%	
ENTRAINMENT OF CIRCADIAN CLOCK%GOBP%GO:0009649	ENTRAINMENT OF CIRCADIAN CLOCK%GOBP%GO:0009649		23	0.41335636	1.1668574	0.21875	0.377599	1.0	421	tags=13%, list=2%, signal=13%	
RESPONSE TO MECHANICAL STIMULUS%GOBP%GO:0009612	RESPONSE TO MECHANICAL STIMULUS%GOBP%GO:0009612		81	0.32099596	1.1661323	0.17613636	0.37807864	1.0	1494	tags=19%, list=9%, signal=20%	
SIGNALING BY FGFR2 IIIA TM%REACTOME%R-HSA-8851708.2	SIGNALING BY FGFR2 IIIA TM%REACTOME%R-HSA-8851708.2		17	0.44247723	1.1652716	0.2508834	0.3788449	1.0	745	tags=12%, list=4%, signal=12%	
PEPTIDE METABOLIC PROCESS%GOBP%GO:0006518	PEPTIDE METABOLIC PROCESS%GOBP%GO:0006518		33	0.37512442	1.1610614	0.21912351	0.38541082	1.0	1038	tags=21%, list=6%, signal=23%	
DEVELOPMENTAL GROWTH INVOLVED IN MORPHOGENESIS%GOBP%GO:0060560	DEVELOPMENTAL GROWTH INVOLVED IN MORPHOGENESIS%GOBP%GO:0060560		52	0.34173024	1.1561145	0.20833333	0.3933465	1.0	266	tags=10%, list=2%, signal=10%	
HIF-2-ALPHA TRANSCRIPTION FACTOR NETWORK%PATHWAY INTERACTION DATABASE NCI-NATURE CURATED DATA%HIF-2-ALPHA TRANSCRIPTION FACTOR NETWORK	HIF-2-ALPHA TRANSCRIPTION FACTOR NETWORK%PATHWAY INTERACTION DATABASE NCI-NATURE CURATED DATA%HIF-2-ALPHA TRANSCRIPTION FACTOR NETWORK		26	0.40347555	1.1537378	0.23076923	0.39679822	1.0	338	tags=12%, list=2%, signal=12%	
REGULATION OF TRANSFORMING GROWTH FACTOR BETA PRODUCTION%GOBP%GO:0071634	REGULATION OF TRANSFORMING GROWTH FACTOR BETA PRODUCTION%GOBP%GO:0071634		16	0.44187623	1.1533134	0.24609375	0.39678165	1.0	1659	tags=25%, list=10%, signal=28%	
RESPONSE TO PURINE-CONTAINING COMPOUND%GOBP%GO:0014074	RESPONSE TO PURINE-CONTAINING COMPOUND%GOBP%GO:0014074		54	0.33995652	1.1508462	0.18994413	0.40035725	1.0	626	tags=11%, list=4%, signal=11%	
TRANSCRIPTIONAL AND POST-TRANSLATIONAL REGULATION OF MITF-M EXPRESSION AND ACTIVITY%REACTOME%R-HSA-9856649.3	TRANSCRIPTIONAL AND POST-TRANSLATIONAL REGULATION OF MITF-M EXPRESSION AND ACTIVITY%REACTOME%R-HSA-9856649.3		40	0.35330352	1.1505896	0.21491228	0.40004888	1.0	472	tags=8%, list=3%, signal=8%	
ONCOGENE INDUCED SENESCENCE%REACTOME DATABASE ID RELEASE 93%2559585	ONCOGENE INDUCED SENESCENCE%REACTOME DATABASE ID RELEASE 93%2559585		33	0.37485403	1.1505549	0.24107143	0.39933094	1.0	954	tags=12%, list=5%, signal=13%	
REGULATION OF CD4-POSITIVE, ALPHA-BETA T CELL ACTIVATION%GOBP%GO:2000514	REGULATION OF CD4-POSITIVE, ALPHA-BETA T CELL ACTIVATION%GOBP%GO:2000514		34	0.36403152	1.1497437	0.22307692	0.39996833	1.0	1524	tags=18%, list=9%, signal=19%	
ACTIVATION OF THE MRNA UPON BINDING OF THE CAP-BINDING COMPLEX AND EIFS, AND SUBSEQUENT BINDING TO 43S%REACTOME%R-HSA-72662.5	ACTIVATION OF THE MRNA UPON BINDING OF THE CAP-BINDING COMPLEX AND EIFS, AND SUBSEQUENT BINDING TO 43S%REACTOME%R-HSA-72662.5		59	0.3348042	1.1494693	0.20231214	0.399669	1.0	3282	tags=36%, list=19%, signal=44%	
DEVELOPMENT OF PRIMARY FEMALE SEXUAL CHARACTERISTICS%GOBP%GO:0046545	DEVELOPMENT OF PRIMARY FEMALE SEXUAL CHARACTERISTICS%GOBP%GO:0046545		23	0.41987568	1.1490142	0.26415095	0.39972225	1.0	58	tags=9%, list=0%, signal=9%	
KERATINIZATION%REACTOME%R-HSA-6805567.5	KERATINIZATION%REACTOME%R-HSA-6805567.5		22	0.41204357	1.1488311	0.25724638	0.39927834	1.0	849	tags=18%, list=5%, signal=19%	
NEGATIVE CHEMOTAXIS%GOBP%GO:0050919	NEGATIVE CHEMOTAXIS%GOBP%GO:0050919		25	0.40941426	1.1487645	0.24110672	0.3986487	1.0	1034	tags=28%, list=6%, signal=30%	
CLASS A 1 (RHODOPSIN-LIKE RECEPTORS)%REACTOME%R-HSA-373076.10	CLASS A 1 (RHODOPSIN-LIKE RECEPTORS)%REACTOME%R-HSA-373076.10		96	0.29843876	1.143489	0.1438849	0.40719017	1.0	1586	tags=17%, list=9%, signal=18%	
CARDIAC MUSCLE CELL DIFFERENTIATION%GOBP%GO:0055007	CARDIAC MUSCLE CELL DIFFERENTIATION%GOBP%GO:0055007		42	0.35975152	1.1432434	0.20975609	0.40685475	1.0	978	tags=17%, list=6%, signal=18%	
NEPHRON MORPHOGENESIS%GOBP%GO:0072028	NEPHRON MORPHOGENESIS%GOBP%GO:0072028		23	0.40068877	1.143109	0.28076923	0.40631038	1.0	1645	tags=26%, list=9%, signal=29%	
REGULATION OF EXTRINSIC APOPTOTIC SIGNALING PATHWAY IN ABSENCE OF LIGAND%GOBP%GO:2001239	REGULATION OF EXTRINSIC APOPTOTIC SIGNALING PATHWAY IN ABSENCE OF LIGAND%GOBP%GO:2001239		20	0.4234251	1.1427851	0.26164874	0.4061519	1.0	1282	tags=30%, list=7%, signal=32%	
LONG-CHAIN FATTY ACID TRANSPORT%GOBP%GO:0015909	LONG-CHAIN FATTY ACID TRANSPORT%GOBP%GO:0015909		26	0.39479747	1.1425114	0.26229507	0.4059072	1.0	355	tags=12%, list=2%, signal=12%	
MALE GONAD DEVELOPMENT%GOBP%GO:0008584	MALE GONAD DEVELOPMENT%GOBP%GO:0008584		27	0.3870397	1.1421162	0.26022306	0.405833	1.0	2324	tags=33%, list=13%, signal=38%	
BMP SIGNALING IN EYELID DEVELOPMENT%WIKIPATHWAYS_20250810%WP3927%HOMO SAPIENS	BMP SIGNALING IN EYELID DEVELOPMENT%WIKIPATHWAYS_20250810%WP3927%HOMO SAPIENS		15	0.44533953	1.1419642	0.28434506	0.40537173	1.0	1782	tags=33%, list=10%, signal=37%	
ERK1 AND ERK2 CASCADE%GOBP%GO:0070371	ERK1 AND ERK2 CASCADE%GOBP%GO:0070371		20	0.4143559	1.1412481	0.2659176	0.40595716	1.0	1085	tags=25%, list=6%, signal=27%	
REGULATION OF NUCLEAR BETA CATENIN SIGNALING AND TARGET GENE TRANSCRIPTION%PATHWAY INTERACTION DATABASE NCI-NATURE CURATED DATA%REGULATION OF NUCLEAR BETA CATENIN SIGNALING AND TARGET GENE TRANSCRIPTION	REGULATION OF NUCLEAR BETA CATENIN SIGNALING AND TARGET GENE TRANSCRIPTION%PATHWAY INTERACTION DATABASE NCI-NATURE CURATED DATA%REGULATION OF NUCLEAR BETA CATENIN SIGNALING AND TARGET GENE TRANSCRIPTION		66	0.32332125	1.1406245	0.18181819	0.4063495	1.0	952	tags=11%, list=5%, signal=11%	
ER QUALITY CONTROL COMPARTMENT (ERQC)%REACTOME%R-HSA-901032.7	ER QUALITY CONTROL COMPARTMENT (ERQC)%REACTOME%R-HSA-901032.7		20	0.42461556	1.1381317	0.24913494	0.41015613	1.0	1820	tags=30%, list=10%, signal=33%	
MODIFIED AMINO ACID CATABOLIC PROCESS%GOBP%GO:0042219	MODIFIED AMINO ACID CATABOLIC PROCESS%GOBP%GO:0042219		17	0.43344823	1.1378578	0.2769784	0.409888	1.0	558	tags=18%, list=3%, signal=18%	
PRADER WILLI AND ANGELMAN SYNDROME%WIKIPATHWAYS_20250810%WP3998%HOMO SAPIENS	PRADER WILLI AND ANGELMAN SYNDROME%WIKIPATHWAYS_20250810%WP3998%HOMO SAPIENS		69	0.3228147	1.1377125	0.18390805	0.4093795	1.0	661	tags=10%, list=4%, signal=11%	
FORMATION OF THE CORNIFIED ENVELOPE%REACTOME DATABASE ID RELEASE 93%6809371	FORMATION OF THE CORNIFIED ENVELOPE%REACTOME DATABASE ID RELEASE 93%6809371		16	0.43750715	1.1359056	0.26573426	0.411959	1.0	278	tags=19%, list=2%, signal=19%	
REGULATION OF FZD BY UBIQUITINATION%REACTOME%R-HSA-4641263.4	REGULATION OF FZD BY UBIQUITINATION%REACTOME%R-HSA-4641263.4		19	0.42853907	1.1347759	0.3065134	0.4133354	1.0	954	tags=21%, list=5%, signal=22%	
CELLULAR RESPONSE TO CAMP%GOBP%GO:0071320	CELLULAR RESPONSE TO CAMP%GOBP%GO:0071320		25	0.39085686	1.1343709	0.21649484	0.41338715	1.0	1487	tags=16%, list=9%, signal=17%	
TUBE FORMATION%GOBP%GO:0035148	TUBE FORMATION%GOBP%GO:0035148		45	0.34827924	1.1343545	0.23039216	0.41266724	1.0	440	tags=11%, list=3%, signal=11%	
CYTOKINE CYTOKINE RECEPTOR INTERACTION%WIKIPATHWAYS_20250810%WP5473%HOMO SAPIENS	CYTOKINE CYTOKINE RECEPTOR INTERACTION%WIKIPATHWAYS_20250810%WP5473%HOMO SAPIENS		77	0.31730652	1.1342623	0.21428572	0.41209465	1.0	1169	tags=17%, list=7%, signal=18%	
REGULATION OF CELL FATE COMMITMENT%GOBP%GO:0010453	REGULATION OF CELL FATE COMMITMENT%GOBP%GO:0010453		27	0.39124	1.1307188	0.22779922	0.4177719	1.0	937	tags=19%, list=5%, signal=20%	
ADENYLATE CYCLASE-ACTIVATING G PROTEIN-COUPLED RECEPTOR SIGNALING PATHWAY%GOBP%GO:0007189	ADENYLATE CYCLASE-ACTIVATING G PROTEIN-COUPLED RECEPTOR SIGNALING PATHWAY%GOBP%GO:0007189		80	0.31254518	1.1304795	0.2356688	0.41742408	1.0	1311	tags=19%, list=8%, signal=20%	
DEVELOPMENT OF PRIMARY MALE SEXUAL CHARACTERISTICS%GOBP%GO:0046546	DEVELOPMENT OF PRIMARY MALE SEXUAL CHARACTERISTICS%GOBP%GO:0046546		28	0.38700396	1.1296524	0.2788104	0.4182361	1.0	2324	tags=32%, list=13%, signal=37%	
RESPONSE TO CAMP%GOBP%GO:0051591	RESPONSE TO CAMP%GOBP%GO:0051591		28	0.3794106	1.1292099	0.25833333	0.4182322	1.0	1627	tags=18%, list=9%, signal=20%	
ADULT BEHAVIOR%GOBP%GO:0030534	ADULT BEHAVIOR%GOBP%GO:0030534		23	0.40766484	1.1285281	0.27272728	0.41862828	1.0	410	tags=13%, list=2%, signal=13%	
MECP2 AND ASSOCIATED RETT SYNDROME%WIKIPATHWAYS_20250810%WP3584%HOMO SAPIENS	MECP2 AND ASSOCIATED RETT SYNDROME%WIKIPATHWAYS_20250810%WP3584%HOMO SAPIENS		53	0.3393563	1.1273359	0.2122905	0.42001998	1.0	1046	tags=15%, list=6%, signal=16%	
AXON EXTENSION%GOBP%GO:0048675	AXON EXTENSION%GOBP%GO:0048675		23	0.400113	1.1270704	0.33576643	0.4197909	1.0	266	tags=13%, list=2%, signal=13%	
MAINTENANCE OF LOCATION%GOBP%GO:0051235	MAINTENANCE OF LOCATION%GOBP%GO:0051235		59	0.32814664	1.1263143	0.22624435	0.4203203	1.0	621	tags=12%, list=4%, signal=12%	
KIDNEY MORPHOGENESIS%GOBP%GO:0060993	KIDNEY MORPHOGENESIS%GOBP%GO:0060993		29	0.37378576	1.1261525	0.29457363	0.41983077	1.0	1674	tags=24%, list=10%, signal=27%	
NEGATIVE REGULATION OF COLD-INDUCED THERMOGENESIS%GOBP%GO:0120163	NEGATIVE REGULATION OF COLD-INDUCED THERMOGENESIS%GOBP%GO:0120163		38	0.3615153	1.1252469	0.26600984	0.42078105	1.0	1174	tags=16%, list=7%, signal=17%	
GONAD DEVELOPMENT%GOBP%GO:0008406	GONAD DEVELOPMENT%GOBP%GO:0008406		51	0.32965925	1.1248145	0.23589744	0.42082617	1.0	455	tags=12%, list=3%, signal=12%	
NOTCH1 INTRACELLULAR DOMAIN REGULATES TRANSCRIPTION%REACTOME DATABASE ID RELEASE 93%2122947	NOTCH1 INTRACELLULAR DOMAIN REGULATES TRANSCRIPTION%REACTOME DATABASE ID RELEASE 93%2122947		45	0.35015026	1.1219647	0.24752475	0.42530662	1.0	1186	tags=22%, list=7%, signal=24%	
NERVE DEVELOPMENT%GOBP%GO:0021675	NERVE DEVELOPMENT%GOBP%GO:0021675		32	0.37279013	1.1202201	0.26612905	0.42786273	1.0	511	tags=19%, list=3%, signal=19%	
RESPONSE TO ORGANOPHOSPHORUS%GOBP%GO:0046683	RESPONSE TO ORGANOPHOSPHORUS%GOBP%GO:0046683		44	0.34751385	1.1198857	0.21794872	0.42770335	1.0	1627	tags=18%, list=9%, signal=20%	
VASCULOGENESIS%GOBP%GO:0001570	VASCULOGENESIS%GOBP%GO:0001570		27	0.38364443	1.119193	0.2614108	0.42822376	1.0	1264	tags=19%, list=7%, signal=20%	
PLATELET CALCIUM HOMEOSTASIS%REACTOME DATABASE ID RELEASE 93%418360	PLATELET CALCIUM HOMEOSTASIS%REACTOME DATABASE ID RELEASE 93%418360		24	0.38934246	1.1181759	0.2897959	0.42933494	1.0	639	tags=17%, list=4%, signal=17%	
LOCOMOTORY BEHAVIOR%GOBP%GO:0007626	LOCOMOTORY BEHAVIOR%GOBP%GO:0007626		28	0.38689876	1.1171381	0.24814814	0.43049368	1.0	5	tags=4%, list=0%, signal=4%	
ENDOTHELIAL CELL MIGRATION%GOBP%GO:0043542	ENDOTHELIAL CELL MIGRATION%GOBP%GO:0043542		42	0.33837304	1.1159521	0.25120774	0.43192065	1.0	745	tags=10%, list=4%, signal=10%	
BONE MINERALIZATION%GOBP%GO:0030282	BONE MINERALIZATION%GOBP%GO:0030282		18	0.42401737	1.1158957	0.26848248	0.43127674	1.0	85	tags=11%, list=0%, signal=11%	
CARTILAGE DEVELOPMENT%GOBP%GO:0051216	CARTILAGE DEVELOPMENT%GOBP%GO:0051216		47	0.33297598	1.1141762	0.25247526	0.43381488	1.0	1715	tags=26%, list=10%, signal=28%	
MYELOID CELL ACTIVATION INVOLVED IN IMMUNE RESPONSE%GOBP%GO:0002275	MYELOID CELL ACTIVATION INVOLVED IN IMMUNE RESPONSE%GOBP%GO:0002275		18	0.42426166	1.1135587	0.30072463	0.43421203	1.0	187	tags=11%, list=1%, signal=11%	
REGULATION OF MEMBRANE DEPOLARIZATION%GOBP%GO:0003254	REGULATION OF MEMBRANE DEPOLARIZATION%GOBP%GO:0003254		26	0.3829963	1.1131867	0.2644628	0.43413344	1.0	1295	tags=19%, list=7%, signal=21%	
RET SIGNALING%REACTOME%R-HSA-8853659.7	RET SIGNALING%REACTOME%R-HSA-8853659.7		29	0.3678356	1.1131474	0.29032257	0.43343624	1.0	1110	tags=17%, list=6%, signal=18%	
CLOCK CONTROLLED AUTOPHAGY IN BONE METABOLISM%WIKIPATHWAYS_20250810%WP5205%HOMO SAPIENS	CLOCK CONTROLLED AUTOPHAGY IN BONE METABOLISM%WIKIPATHWAYS_20250810%WP5205%HOMO SAPIENS		48	0.3331152	1.1100441	0.2565445	0.43854517	1.0	1397	tags=19%, list=8%, signal=20%	
GPCRS OTHER%WIKIPATHWAYS_20250810%WP117%HOMO SAPIENS	GPCRS OTHER%WIKIPATHWAYS_20250810%WP117%HOMO SAPIENS		31	0.37675142	1.1096904	0.29130435	0.43841344	1.0	1569	tags=29%, list=9%, signal=32%	
WNT SIGNALING PATHWAY%GOBP%GO:0016055	WNT SIGNALING PATHWAY%GOBP%GO:0016055		87	0.3012035	1.1083457	0.19310345	0.44024232	1.0	941	tags=11%, list=5%, signal=12%	
APOPTOTIC NUCLEAR CHANGES%GOBP%GO:0030262	APOPTOTIC NUCLEAR CHANGES%GOBP%GO:0030262		15	0.4257753	1.1081887	0.31023103	0.43978077	1.0	181	tags=13%, list=1%, signal=13%	
AMYLOID-BETA METABOLIC PROCESS%GOBP%GO:0050435	AMYLOID-BETA METABOLIC PROCESS%GOBP%GO:0050435		17	0.41691583	1.1075306	0.3181818	0.44018847	1.0	555	tags=18%, list=3%, signal=18%	
POSITIVE REGULATION OF SMOOTH MUSCLE CELL PROLIFERATION%GOBP%GO:0048661	POSITIVE REGULATION OF SMOOTH MUSCLE CELL PROLIFERATION%GOBP%GO:0048661		30	0.37279657	1.104933	0.28346458	0.44426686	1.0	1186	tags=20%, list=7%, signal=21%	
NEPHRON EPITHELIUM MORPHOGENESIS%GOBP%GO:0072088	NEPHRON EPITHELIUM MORPHOGENESIS%GOBP%GO:0072088		23	0.40068877	1.1047847	0.31896552	0.44378173	1.0	1645	tags=26%, list=9%, signal=29%	
CELLULAR RESPONSE TO FIBROBLAST GROWTH FACTOR STIMULUS%GOBP%GO:0044344	CELLULAR RESPONSE TO FIBROBLAST GROWTH FACTOR STIMULUS%GOBP%GO:0044344		38	0.34816125	1.1035931	0.31004366	0.4452977	1.0	85	tags=8%, list=0%, signal=8%	
ACTIVATION OF GABAB RECEPTORS%REACTOME DATABASE ID RELEASE 93%991365	ACTIVATION OF GABAB RECEPTORS%REACTOME DATABASE ID RELEASE 93%991365		33	0.35892165	1.1031001	0.27125505	0.4454742	1.0	222	tags=6%, list=1%, signal=6%	
OLIGODENDROCYTE DIFFERENTIATION%GOBP%GO:0048709	OLIGODENDROCYTE DIFFERENTIATION%GOBP%GO:0048709		29	0.3698544	1.1004491	0.27631578	0.44976842	1.0	220	tags=14%, list=1%, signal=14%	
PID_SYNDECAN_1_PATHWAY%MSIGDB_C2%PID_SYNDECAN_1_PATHWAY	PID_SYNDECAN_1_PATHWAY%MSIGDB_C2%PID_SYNDECAN_1_PATHWAY		31	0.36673963	1.0996653	0.33079848	0.45053908	1.0	1899	tags=23%, list=11%, signal=25%	
CA2+ PATHWAY%REACTOME%R-HSA-4086398.5	CA2+ PATHWAY%REACTOME%R-HSA-4086398.5		55	0.31937	1.0980601	0.28070176	0.4527336	1.0	563	tags=13%, list=3%, signal=13%	
MORPHOGENESIS OF EMBRYONIC EPITHELIUM%GOBP%GO:0016331	MORPHOGENESIS OF EMBRYONIC EPITHELIUM%GOBP%GO:0016331		39	0.34845823	1.0977819	0.32286996	0.45249972	1.0	440	tags=13%, list=3%, signal=13%	
REGULATION OF B CELL ACTIVATION%GOBP%GO:0050864	REGULATION OF B CELL ACTIVATION%GOBP%GO:0050864		45	0.33949953	1.0977556	0.2857143	0.45178264	1.0	281	tags=7%, list=2%, signal=7%	
CORONARY VASCULATURE DEVELOPMENT%GOBP%GO:0060976	CORONARY VASCULATURE DEVELOPMENT%GOBP%GO:0060976		15	0.41759342	1.0939509	0.32413793	0.45817447	1.0	715	tags=20%, list=4%, signal=21%	
SOCIAL BEHAVIOR%GOBP%GO:0035176	SOCIAL BEHAVIOR%GOBP%GO:0035176		20	0.4010347	1.0932213	0.33207548	0.45881572	1.0	410	tags=15%, list=2%, signal=15%	
POSITIVE REGULATION OF RECEPTOR SIGNALING PATHWAY VIA JAK-STAT%GOBP%GO:0046427	POSITIVE REGULATION OF RECEPTOR SIGNALING PATHWAY VIA JAK-STAT%GOBP%GO:0046427		21	0.39296314	1.0928957	0.28169015	0.45866227	1.0	3550	tags=38%, list=20%, signal=48%	
NEGATIVE REGULATION OF CELL-CELL ADHESION%GOBP%GO:0022408	NEGATIVE REGULATION OF CELL-CELL ADHESION%GOBP%GO:0022408		91	0.29105407	1.0927904	0.24489796	0.45806903	1.0	1264	tags=14%, list=7%, signal=15%	
DEVELOPMENT OF PRIMARY SEXUAL CHARACTERISTICS%GOBP%GO:0045137	DEVELOPMENT OF PRIMARY SEXUAL CHARACTERISTICS%GOBP%GO:0045137		53	0.3288124	1.0903293	0.26288658	0.46216398	1.0	455	tags=11%, list=3%, signal=12%	
NEGATIVE REGULATION OF NERVOUS SYSTEM DEVELOPMENT%GOBP%GO:0051961	NEGATIVE REGULATION OF NERVOUS SYSTEM DEVELOPMENT%GOBP%GO:0051961		51	0.32315636	1.088079	0.25	0.4657097	1.0	797	tags=14%, list=5%, signal=14%	
N-GLYCAN TRIMMING IN THE ER AND CALNEXIN CALRETICULIN CYCLE%REACTOME DATABASE ID RELEASE 93%532668	N-GLYCAN TRIMMING IN THE ER AND CALNEXIN CALRETICULIN CYCLE%REACTOME DATABASE ID RELEASE 93%532668		34	0.3613743	1.086971	0.3	0.4670915	1.0	1820	tags=24%, list=10%, signal=26%	
PROTEIN LOCALIZATION TO EXTRACELLULAR REGION%GOBP%GO:0071692	PROTEIN LOCALIZATION TO EXTRACELLULAR REGION%GOBP%GO:0071692		53	0.31685382	1.0842144	0.30366492	0.471778	1.0	1689	tags=23%, list=10%, signal=25%	
NEGATIVE REGULATION OF SMOOTHENED SIGNALING PATHWAY%GOBP%GO:0045879	NEGATIVE REGULATION OF SMOOTHENED SIGNALING PATHWAY%GOBP%GO:0045879		22	0.3915673	1.0833586	0.33204633	0.4725812	1.0	865	tags=18%, list=5%, signal=19%	
BILE ACID AND BILE SALT METABOLISM%REACTOME%R-HSA-194068.3	BILE ACID AND BILE SALT METABOLISM%REACTOME%R-HSA-194068.3		27	0.3668479	1.082561	0.3083004	0.4734303	1.0	1774	tags=19%, list=10%, signal=21%	
CANONICAL AND NON CANONICAL TGF B SIGNALING%WIKIPATHWAYS_20250810%WP3874%HOMO SAPIENS	CANONICAL AND NON CANONICAL TGF B SIGNALING%WIKIPATHWAYS_20250810%WP3874%HOMO SAPIENS		15	0.42646846	1.0811803	0.34020618	0.47529608	1.0	1782	tags=33%, list=10%, signal=37%	
POSITIVE REGULATION OF TRANSMEMBRANE RECEPTOR PROTEIN SERINE/THREONINE KINASE SIGNALING PATHWAY%GOBP%GO:0090100	POSITIVE REGULATION OF TRANSMEMBRANE RECEPTOR PROTEIN SERINE/THREONINE KINASE SIGNALING PATHWAY%GOBP%GO:0090100		67	0.30720398	1.0809436	0.3081761	0.47496012	1.0	1362	tags=16%, list=8%, signal=18%	
MYELINATION%GOBP%GO:0042552	MYELINATION%GOBP%GO:0042552		50	0.31885594	1.0802653	0.28372094	0.47547916	1.0	1543	tags=20%, list=9%, signal=22%	
BIOLOGICAL PROCESS INVOLVED IN INTRASPECIES INTERACTION BETWEEN ORGANISMS%GOBP%GO:0051703	BIOLOGICAL PROCESS INVOLVED IN INTRASPECIES INTERACTION BETWEEN ORGANISMS%GOBP%GO:0051703		20	0.4010347	1.0799347	0.36398467	0.47531456	1.0	410	tags=15%, list=2%, signal=15%	
COLLAGEN FIBRIL ORGANIZATION%GOBP%GO:0030199	COLLAGEN FIBRIL ORGANIZATION%GOBP%GO:0030199		42	0.33056957	1.0797021	0.34343433	0.47498447	1.0	1457	tags=24%, list=8%, signal=26%	
HEAD MORPHOGENESIS%GOBP%GO:0060323	HEAD MORPHOGENESIS%GOBP%GO:0060323		15	0.4263985	1.079612	0.30496454	0.47438526	1.0	1040	tags=20%, list=6%, signal=21%	
POSITIVE REGULATION OF SYNAPTIC TRANSMISSION, GLUTAMATERGIC%GOBP%GO:0051968	POSITIVE REGULATION OF SYNAPTIC TRANSMISSION, GLUTAMATERGIC%GOBP%GO:0051968		18	0.39768454	1.0793587	0.35632184	0.47403586	1.0	1865	tags=28%, list=11%, signal=31%	
REGULATION OF EXPRESSION AND FUNCTION OF TYPE II CLASSICAL CADHERINS%REACTOME%R-HSA-9764260.2	REGULATION OF EXPRESSION AND FUNCTION OF TYPE II CLASSICAL CADHERINS%REACTOME%R-HSA-9764260.2		26	0.37269303	1.077158	0.33079848	0.4776185	1.0	563	tags=12%, list=3%, signal=12%	
NEURAL CREST CELL MIGRATION IN CANCER%WIKIPATHWAYS_20250810%WP4565%HOMO SAPIENS	NEURAL CREST CELL MIGRATION IN CANCER%WIKIPATHWAYS_20250810%WP4565%HOMO SAPIENS		28	0.36241716	1.0763403	0.348	0.47845042	1.0	863	tags=18%, list=5%, signal=19%	
HEART DEVELOPMENT%WIKIPATHWAYS_20250810%WP1591%HOMO SAPIENS	HEART DEVELOPMENT%WIKIPATHWAYS_20250810%WP1591%HOMO SAPIENS		32	0.3504648	1.0759462	0.36864406	0.47846383	1.0	1397	tags=19%, list=8%, signal=20%	
REGULATION OF MYELOID CELL DIFFERENTIATION%GOBP%GO:0045637	REGULATION OF MYELOID CELL DIFFERENTIATION%GOBP%GO:0045637		97	0.28816232	1.0748906	0.24427481	0.47974345	1.0	239	tags=6%, list=1%, signal=6%	
NEGATIVE REGULATION OF DEVELOPMENTAL GROWTH%GOBP%GO:0048640	NEGATIVE REGULATION OF DEVELOPMENTAL GROWTH%GOBP%GO:0048640		33	0.3522879	1.0732145	0.32618025	0.4822503	1.0	399	tags=9%, list=2%, signal=9%	
SYNTHESIS OF BILE ACIDS AND BILE SALTS%REACTOME%R-HSA-192105.4	SYNTHESIS OF BILE ACIDS AND BILE SALTS%REACTOME%R-HSA-192105.4		23	0.38300952	1.0723817	0.33864543	0.48310393	1.0	728	tags=13%, list=4%, signal=14%	
AMEBOIDAL-TYPE CELL MIGRATION%GOBP%GO:0001667	AMEBOIDAL-TYPE CELL MIGRATION%GOBP%GO:0001667		67	0.3010039	1.0711286	0.2804878	0.48482847	1.0	1659	tags=18%, list=10%, signal=20%	
NEGATIVE REGULATION OF LEUKOCYTE MEDIATED IMMUNITY%GOBP%GO:0002704	NEGATIVE REGULATION OF LEUKOCYTE MEDIATED IMMUNITY%GOBP%GO:0002704		23	0.3817264	1.070786	0.34732825	0.48474583	1.0	1654	tags=26%, list=9%, signal=29%	
FIBROBLAST GROWTH FACTOR RECEPTOR SIGNALING PATHWAY%GOBP%GO:0008543	FIBROBLAST GROWTH FACTOR RECEPTOR SIGNALING PATHWAY%GOBP%GO:0008543		25	0.36802712	1.0695038	0.32286996	0.4865491	1.0	745	tags=12%, list=4%, signal=13%	
ODONTOGENESIS%GOBP%GO:0042476	ODONTOGENESIS%GOBP%GO:0042476		38	0.34042355	1.0689694	0.32751092	0.48682296	1.0	1181	tags=16%, list=7%, signal=17%	
POSITIVE REGULATION OF REPRODUCTIVE PROCESS%GOBP%GO:2000243	POSITIVE REGULATION OF REPRODUCTIVE PROCESS%GOBP%GO:2000243		28	0.34903577	1.0669327	0.3540856	0.49001056	1.0	573	tags=11%, list=3%, signal=11%	
GABA B RECEPTOR ACTIVATION%REACTOME DATABASE ID RELEASE 93%977444	GABA B RECEPTOR ACTIVATION%REACTOME DATABASE ID RELEASE 93%977444		33	0.35892165	1.0666571	0.34322035	0.48974097	1.0	222	tags=6%, list=1%, signal=6%	
STEM CELL DEVELOPMENT%GOBP%GO:0048864	STEM CELL DEVELOPMENT%GOBP%GO:0048864		43	0.3262907	1.0658052	0.33480176	0.49061775	1.0	388	tags=12%, list=2%, signal=12%	
RESPONSE TO FIBROBLAST GROWTH FACTOR%GOBP%GO:0071774	RESPONSE TO FIBROBLAST GROWTH FACTOR%GOBP%GO:0071774		40	0.33855864	1.0656297	0.35080644	0.49016634	1.0	85	tags=8%, list=0%, signal=8%	
RESPIRATORY SYSTEM DEVELOPMENT%GOBP%GO:0060541	RESPIRATORY SYSTEM DEVELOPMENT%GOBP%GO:0060541		44	0.3245924	1.0641567	0.30697674	0.4922366	1.0	1038	tags=14%, list=6%, signal=14%	
COLUMNAR/CUBOIDAL EPITHELIAL CELL DIFFERENTIATION%GOBP%GO:0002065	COLUMNAR/CUBOIDAL EPITHELIAL CELL DIFFERENTIATION%GOBP%GO:0002065		29	0.36130413	1.061716	0.33472803	0.49635404	1.0	683	tags=10%, list=4%, signal=11%	
POSITIVE REGULATION OF CD4-POSITIVE, ALPHA-BETA T CELL DIFFERENTIATION%GOBP%GO:0043372	POSITIVE REGULATION OF CD4-POSITIVE, ALPHA-BETA T CELL DIFFERENTIATION%GOBP%GO:0043372		17	0.39632583	1.0597782	0.35211268	0.49947888	1.0	2026	tags=29%, list=12%, signal=33%	
REGULATION OF CARDIAC CONDUCTION%GOBP%GO:1903779	REGULATION OF CARDIAC CONDUCTION%GOBP%GO:1903779		18	0.399118	1.0594329	0.39051095	0.4994203	1.0	784	tags=17%, list=4%, signal=17%	
O-LINKED GLYCOSYLATION OF MUCINS%REACTOME%R-HSA-913709.5	O-LINKED GLYCOSYLATION OF MUCINS%REACTOME%R-HSA-913709.5		36	0.33946517	1.0575178	0.3271028	0.5025612	1.0	740	tags=19%, list=4%, signal=20%	
FEEDING BEHAVIOR%GOBP%GO:0007631	FEEDING BEHAVIOR%GOBP%GO:0007631		16	0.40522012	1.0557659	0.3393502	0.50536835	1.0	1181	tags=31%, list=7%, signal=33%	
REGULATION OF SMOOTH MUSCLE CONTRACTION%GOBP%GO:0006940	REGULATION OF SMOOTH MUSCLE CONTRACTION%GOBP%GO:0006940		21	0.38241276	1.0548395	0.37969926	0.50648993	1.0	476	tags=14%, list=3%, signal=15%	
PID_S1P_S1P1_PATHWAY%MSIGDB_C2%PID_S1P_S1P1_PATHWAY	PID_S1P_S1P1_PATHWAY%MSIGDB_C2%PID_S1P_S1P1_PATHWAY		15	0.41929153	1.0527959	0.3759124	0.5098803	1.0	1677	tags=27%, list=10%, signal=29%	
NEURAL CREST CELL DEVELOPMENT%GOBP%GO:0014032	NEURAL CREST CELL DEVELOPMENT%GOBP%GO:0014032		43	0.3262907	1.0518566	0.36651585	0.51098615	1.0	388	tags=12%, list=2%, signal=12%	
PROTEIN LOCALIZATION TO SYNAPSE%GOBP%GO:0035418	PROTEIN LOCALIZATION TO SYNAPSE%GOBP%GO:0035418		34	0.33906293	1.0516684	0.3531746	0.51056063	1.0	1189	tags=26%, list=7%, signal=28%	
NEURAL CREST CELL MIGRATION DURING DEVELOPMENT%WIKIPATHWAYS_20250810%WP4564%HOMO SAPIENS	NEURAL CREST CELL MIGRATION DURING DEVELOPMENT%WIKIPATHWAYS_20250810%WP4564%HOMO SAPIENS		25	0.38083446	1.0510284	0.36	0.5110754	1.0	863	tags=20%, list=5%, signal=21%	
MORPHOGENESIS OF AN EPITHELIAL SHEET%GOBP%GO:0002011	MORPHOGENESIS OF AN EPITHELIAL SHEET%GOBP%GO:0002011		29	0.3567524	1.0509386	0.373444	0.5104653	1.0	102	tags=7%, list=1%, signal=7%	
MALE SEX DIFFERENTIATION%GOBP%GO:0046661	MALE SEX DIFFERENTIATION%GOBP%GO:0046661		30	0.34835055	1.0505457	0.3715415	0.51047343	1.0	2324	tags=30%, list=13%, signal=35%	
NEUTROPHIL CHEMOTAXIS%GOBP%GO:0030593	NEUTROPHIL CHEMOTAXIS%GOBP%GO:0030593		18	0.38632163	1.0487837	0.37828946	0.51333904	1.0	675	tags=17%, list=4%, signal=17%	
PID_WNT_NONCANONICAL_PATHWAY%MSIGDB_C2%PID_WNT_NONCANONICAL_PATHWAY	PID_WNT_NONCANONICAL_PATHWAY%MSIGDB_C2%PID_WNT_NONCANONICAL_PATHWAY		25	0.3587234	1.047884	0.36554623	0.5143391	1.0	1790	tags=24%, list=10%, signal=27%	
REGULATION OF PROTEIN PROCESSING%GOBP%GO:0070613	REGULATION OF PROTEIN PROCESSING%GOBP%GO:0070613		27	0.36348438	1.0471907	0.3759124	0.514967	1.0	1729	tags=19%, list=10%, signal=21%	
MULTICELLULAR ORGANISMAL-LEVEL CHEMICAL HOMEOSTASIS%GOBP%GO:0140962	MULTICELLULAR ORGANISMAL-LEVEL CHEMICAL HOMEOSTASIS%GOBP%GO:0140962		40	0.33268055	1.0463905	0.35983264	0.51581675	1.0	1535	tags=23%, list=9%, signal=25%	
AUTONOMIC NERVOUS SYSTEM DEVELOPMENT%GOBP%GO:0048483	AUTONOMIC NERVOUS SYSTEM DEVELOPMENT%GOBP%GO:0048483		23	0.37018284	1.0453632	0.4090909	0.5170877	1.0	388	tags=17%, list=2%, signal=18%	
REGULATION OF T-HELPER 17 CELL DIFFERENTIATION%GOBP%GO:2000319	REGULATION OF T-HELPER 17 CELL DIFFERENTIATION%GOBP%GO:2000319		18	0.38214716	1.0421124	0.39033458	0.52298635	1.0	1524	tags=17%, list=9%, signal=18%	
PROTEIN EXIT FROM ENDOPLASMIC RETICULUM%GOBP%GO:0032527	PROTEIN EXIT FROM ENDOPLASMIC RETICULUM%GOBP%GO:0032527		20	0.37274194	1.0400012	0.42105263	0.5266069	1.0	1735	tags=20%, list=10%, signal=22%	
NEGATIVE REGULATION OF T CELL ACTIVATION%GOBP%GO:0050868	NEGATIVE REGULATION OF T CELL ACTIVATION%GOBP%GO:0050868		51	0.3107646	1.0392433	0.34554973	0.52729905	1.0	1264	tags=20%, list=7%, signal=21%	
RESPONSE TO ATP%GOBP%GO:0033198	RESPONSE TO ATP%GOBP%GO:0033198		15	0.3902165	1.0372553	0.37676057	0.5307655	1.0	626	tags=20%, list=4%, signal=21%	
KALLMANN SYNDROME%WIKIPATHWAYS_20250810%WP5074%HOMO SAPIENS	KALLMANN SYNDROME%WIKIPATHWAYS_20250810%WP5074%HOMO SAPIENS		17	0.39564952	1.0365978	0.38628158	0.53135353	1.0	30	tags=12%, list=0%, signal=12%	
MYOBLAST DIFFERENTIATION%GOBP%GO:0045445	MYOBLAST DIFFERENTIATION%GOBP%GO:0045445		19	0.3834288	1.0363923	0.39372823	0.5309505	1.0	534	tags=16%, list=3%, signal=16%	
APOPTOSIS MODULATION AND SIGNALING%WIKIPATHWAYS_20250810%WP1772%HOMO SAPIENS	APOPTOSIS MODULATION AND SIGNALING%WIKIPATHWAYS_20250810%WP1772%HOMO SAPIENS		58	0.30348814	1.0340381	0.37016574	0.5350364	1.0	1359	tags=17%, list=8%, signal=19%	
REGULATION OF INTERLEUKIN-17 PRODUCTION%GOBP%GO:0032660	REGULATION OF INTERLEUKIN-17 PRODUCTION%GOBP%GO:0032660		16	0.3962529	1.0314629	0.4222973	0.53965175	1.0	1524	tags=31%, list=9%, signal=34%	
ARRHYTHMOGENIC RIGHT VENTRICULAR CARDIOMYOPATHY%WIKIPATHWAYS_20250810%WP2118%HOMO SAPIENS	ARRHYTHMOGENIC RIGHT VENTRICULAR CARDIOMYOPATHY%WIKIPATHWAYS_20250810%WP2118%HOMO SAPIENS		48	0.31224397	1.0309857	0.3877551	0.53977174	1.0	1177	tags=15%, list=7%, signal=16%	
SENSORY PERCEPTION OF PAIN%GOBP%GO:0019233	SENSORY PERCEPTION OF PAIN%GOBP%GO:0019233		19	0.38299102	1.0297719	0.3875969	0.5414883	1.0	1021	tags=21%, list=6%, signal=22%	
HALLMARK_WNT_BETA_CATENIN_SIGNALING%MSIGDBHALLMARK%HALLMARK_WNT_BETA_CATENIN_SIGNALING	HALLMARK_WNT_BETA_CATENIN_SIGNALING%MSIGDBHALLMARK%HALLMARK_WNT_BETA_CATENIN_SIGNALING		29	0.34793642	1.0287147	0.41704035	0.54279476	1.0	937	tags=21%, list=5%, signal=22%	
RESPONSE TO NUTRIENT%GOBP%GO:0007584	RESPONSE TO NUTRIENT%GOBP%GO:0007584		32	0.33996862	1.0255579	0.4224138	0.54860336	1.0	1208	tags=19%, list=7%, signal=20%	
TGF-BETA RECEPTOR SIGNALING%PATHWAY INTERACTION DATABASE NCI-NATURE CURATED DATA%TGF-BETA RECEPTOR SIGNALING	TGF-BETA RECEPTOR SIGNALING%PATHWAY INTERACTION DATABASE NCI-NATURE CURATED DATA%TGF-BETA RECEPTOR SIGNALING		49	0.30855918	1.0249497	0.4079602	0.54912955	1.0	907	tags=10%, list=5%, signal=11%	
REGULATION OF SYNAPTIC TRANSMISSION, GLUTAMATERGIC%GOBP%GO:0051966	REGULATION OF SYNAPTIC TRANSMISSION, GLUTAMATERGIC%GOBP%GO:0051966		43	0.32035193	1.024853	0.40366971	0.548473	1.0	1392	tags=19%, list=8%, signal=20%	
POSITIVE REGULATION OF DEVELOPMENTAL GROWTH%GOBP%GO:0048639	POSITIVE REGULATION OF DEVELOPMENTAL GROWTH%GOBP%GO:0048639		60	0.29158288	1.021848	0.41414142	0.5542401	1.0	1087	tags=13%, list=6%, signal=14%	
DOPAMINERGIC NEUROGENESIS%WIKIPATHWAYS_20250810%WP2855%HOMO SAPIENS	DOPAMINERGIC NEUROGENESIS%WIKIPATHWAYS_20250810%WP2855%HOMO SAPIENS		15	0.4083729	1.021263	0.3905724	0.55461305	1.0	150	tags=13%, list=1%, signal=13%	
REGULATION OF CARDIAC MUSCLE CELL CONTRACTION%GOBP%GO:0086004	REGULATION OF CARDIAC MUSCLE CELL CONTRACTION%GOBP%GO:0086004		26	0.35509658	1.0210317	0.41666666	0.5542374	1.0	844	tags=19%, list=5%, signal=20%	
HALLMARK_ANGIOGENESIS%MSIGDBHALLMARK%HALLMARK_ANGIOGENESIS	HALLMARK_ANGIOGENESIS%MSIGDBHALLMARK%HALLMARK_ANGIOGENESIS		21	0.36896414	1.0190034	0.40151516	0.557686	1.0	150	tags=14%, list=1%, signal=14%	
RENAL TUBULE MORPHOGENESIS%GOBP%GO:0061333	RENAL TUBULE MORPHOGENESIS%GOBP%GO:0061333		23	0.36421087	1.018695	0.4331984	0.55749726	1.0	1645	tags=30%, list=9%, signal=34%	
ENSHEATHMENT OF NEURONS%GOBP%GO:0007272	ENSHEATHMENT OF NEURONS%GOBP%GO:0007272		52	0.3003603	1.0178349	0.3463687	0.5584665	1.0	1543	tags=19%, list=9%, signal=21%	
RAS ACTIVATION UPON CA2+ INFLUX THROUGH NMDA RECEPTOR%REACTOME DATABASE ID RELEASE 93%442982	RAS ACTIVATION UPON CA2+ INFLUX THROUGH NMDA RECEPTOR%REACTOME DATABASE ID RELEASE 93%442982		18	0.37832478	1.0172989	0.4126394	0.5588305	1.0	1189	tags=28%, list=7%, signal=30%	
REGULATION OF ACTIN FILAMENT-BASED MOVEMENT%GOBP%GO:1903115	REGULATION OF ACTIN FILAMENT-BASED MOVEMENT%GOBP%GO:1903115		28	0.33924085	1.0158873	0.41777778	0.56094986	1.0	844	tags=18%, list=5%, signal=19%	
TRANSCRIPTIONAL REGULATION OF MEMORY B CELL DIFFERENTIATION%WIKIPATHWAYS_20250810%WP5491%HOMO SAPIENS	TRANSCRIPTIONAL REGULATION OF MEMORY B CELL DIFFERENTIATION%WIKIPATHWAYS_20250810%WP5491%HOMO SAPIENS		23	0.36131912	1.0156562	0.42007434	0.56056833	1.0	978	tags=13%, list=6%, signal=14%	
NEGATIVE REGULATION OF MYELOID CELL DIFFERENTIATION%GOBP%GO:0045638	NEGATIVE REGULATION OF MYELOID CELL DIFFERENTIATION%GOBP%GO:0045638		31	0.33203495	1.01559	0.3992095	0.5598511	1.0	239	tags=10%, list=1%, signal=10%	
SYNDECAN-1-MEDIATED SIGNALING EVENTS%PATHWAY INTERACTION DATABASE NCI-NATURE CURATED DATA%SYNDECAN-1-MEDIATED SIGNALING EVENTS	SYNDECAN-1-MEDIATED SIGNALING EVENTS%PATHWAY INTERACTION DATABASE NCI-NATURE CURATED DATA%SYNDECAN-1-MEDIATED SIGNALING EVENTS		31	0.33889732	1.0117744	0.41897234	0.5673153	1.0	1457	tags=16%, list=8%, signal=18%	
CARDIAC HYPERTROPHIC RESPONSE%WIKIPATHWAYS_20250810%WP2795%HOMO SAPIENS	CARDIAC HYPERTROPHIC RESPONSE%WIKIPATHWAYS_20250810%WP2795%HOMO SAPIENS		46	0.30457368	1.0110309	0.4177215	0.5681491	1.0	844	tags=15%, list=5%, signal=16%	
ANGIOTENSIN II RECEPTOR TYPE 1 PATHWAY%WIKIPATHWAYS_20250810%WP5036%HOMO SAPIENS	ANGIOTENSIN II RECEPTOR TYPE 1 PATHWAY%WIKIPATHWAYS_20250810%WP5036%HOMO SAPIENS		19	0.37162188	1.0099272	0.4402985	0.56962377	1.0	2746	tags=37%, list=16%, signal=44%	
POSITIVE REGULATION OF SIGNAL TRANSDUCTION BY P53 CLASS MEDIATOR%GOBP%GO:1901798	POSITIVE REGULATION OF SIGNAL TRANSDUCTION BY P53 CLASS MEDIATOR%GOBP%GO:1901798		28	0.33391124	1.0098903	0.3908046	0.5688485	1.0	1510	tags=29%, list=9%, signal=31%	
NEGATIVE REGULATION OF NEUROGENESIS%GOBP%GO:0050768	NEGATIVE REGULATION OF NEUROGENESIS%GOBP%GO:0050768		47	0.3131179	1.0096077	0.44660193	0.5686061	1.0	797	tags=11%, list=5%, signal=11%	
BIOMINERAL TISSUE DEVELOPMENT%GOBP%GO:0031214	BIOMINERAL TISSUE DEVELOPMENT%GOBP%GO:0031214		27	0.35419074	1.0095403	0.4032258	0.5679005	1.0	85	tags=7%, list=0%, signal=7%	
POSTSYNAPTIC MEMBRANE ORGANIZATION%GOBP%GO:0001941	POSTSYNAPTIC MEMBRANE ORGANIZATION%GOBP%GO:0001941		15	0.39251128	1.0081592	0.43288592	0.5698986	1.0	410	tags=20%, list=2%, signal=20%	
NEPHRON TUBULE MORPHOGENESIS%GOBP%GO:0072078	NEPHRON TUBULE MORPHOGENESIS%GOBP%GO:0072078		20	0.3666885	1.0079526	0.45090908	0.5694964	1.0	1645	tags=25%, list=9%, signal=28%	
SIGNALING BY NOTCH3%REACTOME DATABASE ID RELEASE 93%9012852	SIGNALING BY NOTCH3%REACTOME DATABASE ID RELEASE 93%9012852		46	0.30000752	1.005004	0.44329897	0.5749835	1.0	1186	tags=15%, list=7%, signal=16%	
TYPE I COLLAGEN SYNTHESIS IN THE CONTEXT OF OSTEOGENESIS IMPERFECTA%WIKIPATHWAYS_20250810%WP4786%HOMO SAPIENS	TYPE I COLLAGEN SYNTHESIS IN THE CONTEXT OF OSTEOGENESIS IMPERFECTA%WIKIPATHWAYS_20250810%WP4786%HOMO SAPIENS		21	0.37080747	1.004375	0.43462896	0.5754852	1.0	2038	tags=24%, list=12%, signal=27%	
POSITIVE REGULATION OF CANONICAL WNT SIGNALING PATHWAY%GOBP%GO:0090263	POSITIVE REGULATION OF CANONICAL WNT SIGNALING PATHWAY%GOBP%GO:0090263		79	0.27368137	1.0042163	0.45714286	0.5749849	1.0	1086	tags=9%, list=6%, signal=9%	
DENDRITE MORPHOGENESIS%GOBP%GO:0048813	DENDRITE MORPHOGENESIS%GOBP%GO:0048813		31	0.33753386	1.0041026	0.41880342	0.57435757	1.0	966	tags=23%, list=6%, signal=24%	
SYNTHESIS OF CERAMIDES AND 1 DEOXYCERAMIDES%WIKIPATHWAYS_20250810%WP5194%HOMO SAPIENS	SYNTHESIS OF CERAMIDES AND 1 DEOXYCERAMIDES%WIKIPATHWAYS_20250810%WP5194%HOMO SAPIENS		16	0.3812328	1.0031594	0.43771043	0.57552373	1.0	1180	tags=19%, list=7%, signal=20%	
EMBRYONIC EYE MORPHOGENESIS%GOBP%GO:0048048	EMBRYONIC EYE MORPHOGENESIS%GOBP%GO:0048048		15	0.3968926	1.0026336	0.42345276	0.5757872	1.0	249	tags=20%, list=1%, signal=20%	
POSITIVE REGULATION OF RECEPTOR SIGNALING PATHWAY VIA STAT%GOBP%GO:1904894	POSITIVE REGULATION OF RECEPTOR SIGNALING PATHWAY VIA STAT%GOBP%GO:1904894		26	0.34056342	1.0026132	0.44444445	0.57497776	1.0	1297	tags=19%, list=7%, signal=21%	
AXON ENSHEATHMENT%GOBP%GO:0008366	AXON ENSHEATHMENT%GOBP%GO:0008366		52	0.3003603	1.0020268	0.44210526	0.5754271	1.0	1543	tags=19%, list=9%, signal=21%	
SEMA3A PAK DEPENDENT AXON REPULSION%REACTOME%R-HSA-399954.4	SEMA3A PAK DEPENDENT AXON REPULSION%REACTOME%R-HSA-399954.4		16	0.38495526	1.0020074	0.44816053	0.57460874	1.0	966	tags=25%, list=6%, signal=26%	
SIGNALING BY PDGF%REACTOME DATABASE ID RELEASE 93%186797	SIGNALING BY PDGF%REACTOME DATABASE ID RELEASE 93%186797		39	0.3114454	1.0011818	0.42857143	0.5755931	1.0	1913	tags=23%, list=11%, signal=26%	
WNT SIGNALING AND PLURIPOTENCY%WIKIPATHWAYS_20250810%WP399%HOMO SAPIENS	WNT SIGNALING AND PLURIPOTENCY%WIKIPATHWAYS_20250810%WP399%HOMO SAPIENS		70	0.28166416	1.0009947	0.4491018	0.5751481	1.0	835	tags=11%, list=5%, signal=12%	
SKIN DEVELOPMENT%GOBP%GO:0043588	SKIN DEVELOPMENT%GOBP%GO:0043588		54	0.2947508	1.0008019	0.4245283	0.57472605	1.0	233	tags=7%, list=1%, signal=7%	
NEGATIVE REGULATION OF LYMPHOCYTE MEDIATED IMMUNITY%GOBP%GO:0002707	NEGATIVE REGULATION OF LYMPHOCYTE MEDIATED IMMUNITY%GOBP%GO:0002707		21	0.37007126	1.0005964	0.46209386	0.5743435	1.0	1654	tags=24%, list=9%, signal=26%	
SARS-COV-1-HOST INTERACTIONS%REACTOME DATABASE ID RELEASE 93%9692914	SARS-COV-1-HOST INTERACTIONS%REACTOME DATABASE ID RELEASE 93%9692914		80	0.27394322	0.9992983	0.44666666	0.5763041	1.0	1659	tags=21%, list=10%, signal=23%	
DIGESTION%GOBP%GO:0007586	DIGESTION%GOBP%GO:0007586		30	0.3348404	0.99821216	0.48706895	0.57786644	1.0	728	tags=13%, list=4%, signal=14%	
SIGNALING BY NOTCH1%REACTOME DATABASE ID RELEASE 93%1980143	SIGNALING BY NOTCH1%REACTOME DATABASE ID RELEASE 93%1980143		71	0.2780458	0.9982007	0.46357617	0.5770433	1.0	1186	tags=15%, list=7%, signal=17%	
RETINOID METABOLISM AND TRANSPORT%REACTOME%R-HSA-975634.4	RETINOID METABOLISM AND TRANSPORT%REACTOME%R-HSA-975634.4		30	0.33403695	0.9966064	0.42857143	0.57965344	1.0	1201	tags=23%, list=7%, signal=25%	
NEGATIVE REGULATION OF CAMP/PKA SIGNAL TRANSDUCTION%GOBP%GO:0141162	NEGATIVE REGULATION OF CAMP/PKA SIGNAL TRANSDUCTION%GOBP%GO:0141162		26	0.34124377	0.9963264	0.4497992	0.5793897	1.0	1904	tags=27%, list=11%, signal=30%	
OSTEOARTHRITIC CHONDROCYTE HYPERTROPHY%WIKIPATHWAYS_20250810%WP5373%HOMO SAPIENS	OSTEOARTHRITIC CHONDROCYTE HYPERTROPHY%WIKIPATHWAYS_20250810%WP5373%HOMO SAPIENS		35	0.32356533	0.99611044	0.44186047	0.57900584	1.0	1457	tags=20%, list=8%, signal=22%	
RENAL TUBULE DEVELOPMENT%GOBP%GO:0061326	RENAL TUBULE DEVELOPMENT%GOBP%GO:0061326		25	0.35690907	0.99602675	0.45338982	0.57835025	1.0	1645	tags=28%, list=9%, signal=31%	
FGFR2 MUTANT RECEPTOR ACTIVATION%REACTOME%R-HSA-1839126.4	FGFR2 MUTANT RECEPTOR ACTIVATION%REACTOME%R-HSA-1839126.4		18	0.369426	0.9944564	0.44055945	0.58098924	1.0	745	tags=11%, list=4%, signal=12%	
REGULATION OF ALPHA-BETA T CELL DIFFERENTIATION%GOBP%GO:0046637	REGULATION OF ALPHA-BETA T CELL DIFFERENTIATION%GOBP%GO:0046637		35	0.31367263	0.9918747	0.43426296	0.5856225	1.0	1524	tags=17%, list=9%, signal=19%	
NEGATIVE REGULATION OF PEPTIDE SECRETION%GOBP%GO:0002792	NEGATIVE REGULATION OF PEPTIDE SECRETION%GOBP%GO:0002792		15	0.39238223	0.99141186	0.43729904	0.58576703	1.0	626	tags=20%, list=4%, signal=21%	
RHOBTB1 GTPASE CYCLE%REACTOME DATABASE ID RELEASE 93%9013422	RHOBTB1 GTPASE CYCLE%REACTOME DATABASE ID RELEASE 93%9013422		23	0.34793445	0.99109757	0.4676806	0.5855914	1.0	1246	tags=17%, list=7%, signal=19%	
ADHERENS JUNCTION ORGANIZATION%GOBP%GO:0034332	ADHERENS JUNCTION ORGANIZATION%GOBP%GO:0034332		35	0.3178299	0.9905647	0.43891403	0.5858898	1.0	34	tags=6%, list=0%, signal=6%	
NEGATIVE REGULATION OF PEPTIDE HORMONE SECRETION%GOBP%GO:0090278	NEGATIVE REGULATION OF PEPTIDE HORMONE SECRETION%GOBP%GO:0090278		15	0.39238223	0.98903465	0.44642857	0.5883122	1.0	626	tags=20%, list=4%, signal=21%	
ANTIGEN PROCESSING AND PRESENTATION OF PEPTIDE ANTIGEN%GOBP%GO:0048002	ANTIGEN PROCESSING AND PRESENTATION OF PEPTIDE ANTIGEN%GOBP%GO:0048002		36	0.31004614	0.98656523	0.4813084	0.5929279	1.0	1654	tags=14%, list=9%, signal=15%	
TRANSEPITHELIAL TRANSPORT%GOBP%GO:0070633	TRANSEPITHELIAL TRANSPORT%GOBP%GO:0070633		17	0.3756538	0.98619413	0.47986576	0.5928722	1.0	1270	tags=24%, list=7%, signal=25%	
TRANSCRIPTIONAL ACTIVITY OF SMAD2 SMAD3:SMAD4 HETEROTRIMER%REACTOME DATABASE ID RELEASE 93%2173793	TRANSCRIPTIONAL ACTIVITY OF SMAD2 SMAD3:SMAD4 HETEROTRIMER%REACTOME DATABASE ID RELEASE 93%2173793		48	0.30240884	0.9857784	0.4827586	0.5929014	1.0	1839	tags=19%, list=11%, signal=21%	
REGULATION OF BEHAVIOR%GOBP%GO:0050795	REGULATION OF BEHAVIOR%GOBP%GO:0050795		31	0.3304541	0.98379123	0.46067417	0.5964598	1.0	2400	tags=29%, list=14%, signal=34%	
REGULATION OF MUSCLE ORGAN DEVELOPMENT%GOBP%GO:0048634	REGULATION OF MUSCLE ORGAN DEVELOPMENT%GOBP%GO:0048634		15	0.38710958	0.9803957	0.48042706	0.6030294	1.0	978	tags=20%, list=6%, signal=21%	
PID_S1P_META_PATHWAY%MSIGDB_C2%PID_S1P_META_PATHWAY	PID_S1P_META_PATHWAY%MSIGDB_C2%PID_S1P_META_PATHWAY		15	0.39774877	0.98008585	0.5052265	0.6028758	1.0	1677	tags=33%, list=10%, signal=37%	
PHOSPHATIDYLSERINE METABOLIC PROCESS%GOBP%GO:0006658	PHOSPHATIDYLSERINE METABOLIC PROCESS%GOBP%GO:0006658		16	0.3817079	0.97869027	0.53710246	0.60513705	1.0	317	tags=13%, list=2%, signal=13%	
SIGNALING BY HIPPO%REACTOME%R-HSA-2028269.3	SIGNALING BY HIPPO%REACTOME%R-HSA-2028269.3		19	0.35789943	0.97497207	0.5202952	0.612471	1.0	65	tags=5%, list=0%, signal=5%	
POSITIVE REGULATION OF HEMOPOIESIS%GOBP%GO:1903708	POSITIVE REGULATION OF HEMOPOIESIS%GOBP%GO:1903708		93	0.25707662	0.9742377	0.5347222	0.6132416	1.0	1698	tags=14%, list=10%, signal=15%	
DENDRITIC SPINE DEVELOPMENT%GOBP%GO:0060996	DENDRITIC SPINE DEVELOPMENT%GOBP%GO:0060996		17	0.3704846	0.9729885	0.4923664	0.61524606	1.0	966	tags=24%, list=6%, signal=25%	
METABOLISM OF SPHINGOLIPIDS IN ER AND GOLGI APPARATUS%WIKIPATHWAYS_20250810%WP4142%HOMO SAPIENS	METABOLISM OF SPHINGOLIPIDS IN ER AND GOLGI APPARATUS%WIKIPATHWAYS_20250810%WP4142%HOMO SAPIENS		18	0.35847968	0.97201693	0.49438202	0.6166071	1.0	1325	tags=28%, list=8%, signal=30%	
POSITIVE REGULATION OF T CELL MEDIATED IMMUNITY%GOBP%GO:0002711	POSITIVE REGULATION OF T CELL MEDIATED IMMUNITY%GOBP%GO:0002711		34	0.31902435	0.97038037	0.48672566	0.6193796	1.0	2257	tags=26%, list=13%, signal=30%	
PROTEIN N-LINKED GLYCOSYLATION VIA ASPARAGINE%GOBP%GO:0018279	PROTEIN N-LINKED GLYCOSYLATION VIA ASPARAGINE%GOBP%GO:0018279		39	0.31038815	0.97013927	0.5296804	0.6190575	1.0	1711	tags=21%, list=10%, signal=23%	
NEGATIVE REGULATION OF MUSCLE CELL APOPTOTIC PROCESS%GOBP%GO:0010656	NEGATIVE REGULATION OF MUSCLE CELL APOPTOTIC PROCESS%GOBP%GO:0010656		17	0.36068875	0.9693533	0.45328718	0.61991036	1.0	175	tags=12%, list=1%, signal=12%	
NEPHRON TUBULE DEVELOPMENT%GOBP%GO:0072080	NEPHRON TUBULE DEVELOPMENT%GOBP%GO:0072080		23	0.3386627	0.9689832	0.50180507	0.61987	1.0	1645	tags=26%, list=9%, signal=29%	
PHOTODYNAMIC THERAPY INDUCED AP 1 SURVIVAL SIGNALING%WIKIPATHWAYS_20250810%WP3611%HOMO SAPIENS	PHOTODYNAMIC THERAPY INDUCED AP 1 SURVIVAL SIGNALING%WIKIPATHWAYS_20250810%WP3611%HOMO SAPIENS		35	0.31660128	0.9682443	0.48826292	0.6205807	1.0	836	tags=11%, list=5%, signal=12%	
RENAL WATER HOMEOSTASIS%GOBP%GO:0003091	RENAL WATER HOMEOSTASIS%GOBP%GO:0003091		22	0.34628958	0.9672244	0.49815497	0.6219305	1.0	1006	tags=18%, list=6%, signal=19%	
N-GLYCAN PROCESSING%GOBP%GO:0006491	N-GLYCAN PROCESSING%GOBP%GO:0006491		22	0.34029663	0.9660871	0.4874552	0.6234826	1.0	674	tags=18%, list=4%, signal=19%	
MODULATION OF EXCITATORY POSTSYNAPTIC POTENTIAL%GOBP%GO:0098815	MODULATION OF EXCITATORY POSTSYNAPTIC POTENTIAL%GOBP%GO:0098815		29	0.33146977	0.9653961	0.48221344	0.6240795	1.0	2040	tags=28%, list=12%, signal=31%	
MULTICELLULAR ORGANISMAL-LEVEL WATER HOMEOSTASIS%GOBP%GO:0050891	MULTICELLULAR ORGANISMAL-LEVEL WATER HOMEOSTASIS%GOBP%GO:0050891		23	0.34461528	0.9641642	0.49027237	0.6259934	1.0	1006	tags=17%, list=6%, signal=18%	
REGULATION OF DNA DAMAGE RESPONSE, SIGNAL TRANSDUCTION BY P53 CLASS MEDIATOR%GOBP%GO:0043516	REGULATION OF DNA DAMAGE RESPONSE, SIGNAL TRANSDUCTION BY P53 CLASS MEDIATOR%GOBP%GO:0043516		26	0.32599628	0.9636675	0.46785715	0.6261975	1.0	2492	tags=27%, list=14%, signal=31%	
REGULATION OF VASCULAR PERMEABILITY%GOBP%GO:0043114	REGULATION OF VASCULAR PERMEABILITY%GOBP%GO:0043114		28	0.32045922	0.96212333	0.4796748	0.6287389	1.0	752	tags=7%, list=4%, signal=7%	
PRESYNAPSE ORGANIZATION%GOBP%GO:0099172	PRESYNAPSE ORGANIZATION%GOBP%GO:0099172		16	0.37920782	0.9618193	0.5148148	0.62854624	1.0	908	tags=19%, list=5%, signal=20%	
SIGNALING RECEPTOR LIGAND PRECURSOR PROCESSING%GOBP%GO:0140448	SIGNALING RECEPTOR LIGAND PRECURSOR PROCESSING%GOBP%GO:0140448		21	0.3394186	0.95995176	0.49593496	0.6318448	1.0	487	tags=14%, list=3%, signal=15%	
INFLAMMATORY BOWEL DISEASE SIGNALING%WIKIPATHWAYS_20250810%WP5198%HOMO SAPIENS	INFLAMMATORY BOWEL DISEASE SIGNALING%WIKIPATHWAYS_20250810%WP5198%HOMO SAPIENS		17	0.36626852	0.9581538	0.5261324	0.6348853	1.0	2871	tags=41%, list=16%, signal=49%	
PID_HIF1_TFPATHWAY%MSIGDB_C2%PID_HIF1_TFPATHWAY	PID_HIF1_TFPATHWAY%MSIGDB_C2%PID_HIF1_TFPATHWAY		38	0.30630833	0.9573332	0.5529954	0.63588685	1.0	456	tags=8%, list=3%, signal=8%	
CALCIUM ION IMPORT%GOBP%GO:0070509	CALCIUM ION IMPORT%GOBP%GO:0070509		25	0.33725792	0.9562446	0.52434456	0.637411	1.0	164	tags=12%, list=1%, signal=12%	
REGULATION OF EPITHELIAL CELL APOPTOTIC PROCESS%GOBP%GO:1904035	REGULATION OF EPITHELIAL CELL APOPTOTIC PROCESS%GOBP%GO:1904035		16	0.36634862	0.9555355	0.48726115	0.6381103	1.0	534	tags=13%, list=3%, signal=13%	
POSITIVE REGULATION OF LEUKOCYTE DIFFERENTIATION%GOBP%GO:1902107	POSITIVE REGULATION OF LEUKOCYTE DIFFERENTIATION%GOBP%GO:1902107		93	0.25707662	0.9554086	0.585034	0.6375248	1.0	1698	tags=14%, list=10%, signal=15%	
REGULATION OF MUSCLE CELL APOPTOTIC PROCESS%GOBP%GO:0010660	REGULATION OF MUSCLE CELL APOPTOTIC PROCESS%GOBP%GO:0010660		31	0.31792164	0.95290536	0.5420561	0.6421489	1.0	844	tags=13%, list=5%, signal=14%	
NEURON FATE COMMITMENT%GOBP%GO:0048663	NEURON FATE COMMITMENT%GOBP%GO:0048663		16	0.3804781	0.9523369	0.4858156	0.6425941	1.0	715	tags=13%, list=4%, signal=13%	
INTRACELLULAR IRON ION HOMEOSTASIS%GOBP%GO:0006879	INTRACELLULAR IRON ION HOMEOSTASIS%GOBP%GO:0006879		52	0.27955222	0.95099574	0.5449438	0.6447372	1.0	933	tags=10%, list=5%, signal=10%	
PID_RET_PATHWAY%MSIGDB_C2%PID_RET_PATHWAY	PID_RET_PATHWAY%MSIGDB_C2%PID_RET_PATHWAY		28	0.32325733	0.95067585	0.472103	0.6445654	1.0	1359	tags=18%, list=8%, signal=19%	
SIGNALING BY FGFR2 IN DISEASE%REACTOME%R-HSA-5655253.3	SIGNALING BY FGFR2 IN DISEASE%REACTOME%R-HSA-5655253.3		26	0.3294602	0.94860375	0.5	0.6482115	1.0	946	tags=12%, list=5%, signal=12%	
NUCLEOTIDE-SUGAR METABOLIC PROCESS%GOBP%GO:0009225	NUCLEOTIDE-SUGAR METABOLIC PROCESS%GOBP%GO:0009225		30	0.32525784	0.9472989	0.526971	0.6502428	1.0	1321	tags=17%, list=8%, signal=18%	
NCRNAS IN WNT SIGNALING IN HEPATOCELLULAR CARCINOMA%WIKIPATHWAYS_20250810%WP4336%HOMO SAPIENS	NCRNAS IN WNT SIGNALING IN HEPATOCELLULAR CARCINOMA%WIKIPATHWAYS_20250810%WP4336%HOMO SAPIENS		57	0.2730577	0.94723445	0.4973545	0.6494675	1.0	568	tags=11%, list=3%, signal=11%	
CS DS DEGRADATION%REACTOME DATABASE ID RELEASE 93%2024101	CS DS DEGRADATION%REACTOME DATABASE ID RELEASE 93%2024101		16	0.3692471	0.94677484	0.5225806	0.64958125	1.0	548	tags=13%, list=3%, signal=13%	
DISRUPTION OF POSTSYNAPTIC SIGNALING BY CNV%WIKIPATHWAYS_20250810%WP4875%HOMO SAPIENS	DISRUPTION OF POSTSYNAPTIC SIGNALING BY CNV%WIKIPATHWAYS_20250810%WP4875%HOMO SAPIENS		24	0.32692805	0.945272	0.5232558	0.6520292	1.0	1338	tags=21%, list=8%, signal=23%	
BODY MORPHOGENESIS%GOBP%GO:0010171	BODY MORPHOGENESIS%GOBP%GO:0010171		19	0.3577181	0.94496375	0.505618	0.65178794	1.0	1040	tags=16%, list=6%, signal=17%	
MEIOTIC SYNAPSIS%REACTOME%R-HSA-1221632.3	MEIOTIC SYNAPSIS%REACTOME%R-HSA-1221632.3		24	0.337351	0.94337386	0.5423077	0.6544555	1.0	2275	tags=33%, list=13%, signal=38%	
TYROBP CAUSAL NETWORK IN MICROGLIA%WIKIPATHWAYS_20250810%WP3945%HOMO SAPIENS	TYROBP CAUSAL NETWORK IN MICROGLIA%WIKIPATHWAYS_20250810%WP3945%HOMO SAPIENS		25	0.32606238	0.9432517	0.48582995	0.65388054	1.0	775	tags=16%, list=4%, signal=17%	
CD4-POSITIVE, ALPHA-BETA T CELL ACTIVATION%GOBP%GO:0035710	CD4-POSITIVE, ALPHA-BETA T CELL ACTIVATION%GOBP%GO:0035710		26	0.3268899	0.94186133	0.5387755	0.6561189	1.0	2746	tags=35%, list=16%, signal=41%	
RECEPTOR LOCALIZATION TO SYNAPSE%GOBP%GO:0097120	RECEPTOR LOCALIZATION TO SYNAPSE%GOBP%GO:0097120		22	0.3401026	0.9417857	0.50735295	0.6554074	1.0	1963	tags=27%, list=11%, signal=31%	
ACYL CHAIN REMODELLING OF PC%REACTOME%R-HSA-1482788.5	ACYL CHAIN REMODELLING OF PC%REACTOME%R-HSA-1482788.5		15	0.36895016	0.9403593	0.52592593	0.6576574	1.0	864	tags=20%, list=5%, signal=21%	
BASEMENT MEMBRANE ORGANIZATION%GOBP%GO:0071711	BASEMENT MEMBRANE ORGANIZATION%GOBP%GO:0071711		15	0.37141386	0.9394259	0.5441176	0.6588476	1.0	1449	tags=20%, list=8%, signal=22%	
S1P1 PATHWAY%PATHWAY INTERACTION DATABASE NCI-NATURE CURATED DATA%S1P1 PATHWAY	S1P1 PATHWAY%PATHWAY INTERACTION DATABASE NCI-NATURE CURATED DATA%S1P1 PATHWAY		17	0.35766342	0.9354974	0.54092526	0.66656333	1.0	1677	tags=24%, list=10%, signal=26%	
GLUTAMATE METABOLIC PROCESS%GOBP%GO:0006536	GLUTAMATE METABOLIC PROCESS%GOBP%GO:0006536		17	0.35229272	0.935289	0.5191638	0.6661189	1.0	302	tags=18%, list=2%, signal=18%	
CELL FATE SPECIFICATION%GOBP%GO:0001708	CELL FATE SPECIFICATION%GOBP%GO:0001708		28	0.32721394	0.93461096	0.5478261	0.6667719	1.0	880	tags=14%, list=5%, signal=15%	
22Q11 2 DISTAL CNV%WIKIPATHWAYS_20250810%WP5546%HOMO SAPIENS	22Q11 2 DISTAL CNV%WIKIPATHWAYS_20250810%WP5546%HOMO SAPIENS		99	0.24740994	0.932976	0.6557377	0.6694304	1.0	3419	tags=31%, list=20%, signal=39%	
ATTACHMENT AND ENTRY%REACTOME DATABASE ID RELEASE 93%9694614	ATTACHMENT AND ENTRY%REACTOME DATABASE ID RELEASE 93%9694614		15	0.36072382	0.93281025	0.5220339	0.6688794	1.0	847	tags=13%, list=5%, signal=14%	
ACYLGLYCEROL HOMEOSTASIS%GOBP%GO:0055090	ACYLGLYCEROL HOMEOSTASIS%GOBP%GO:0055090		20	0.3404326	0.9307448	0.50530034	0.67262775	1.0	2064	tags=25%, list=12%, signal=28%	
ASSEMBLY AND CELL SURFACE PRESENTATION OF NMDA RECEPTORS%REACTOME%R-HSA-9609736.5	ASSEMBLY AND CELL SURFACE PRESENTATION OF NMDA RECEPTORS%REACTOME%R-HSA-9609736.5		23	0.32443067	0.9278999	0.562249	0.67790484	1.0	1392	tags=30%, list=8%, signal=33%	
REGULATION OF LYMPHOCYTE MEDIATED IMMUNITY%GOBP%GO:0002706	REGULATION OF LYMPHOCYTE MEDIATED IMMUNITY%GOBP%GO:0002706		65	0.26006112	0.9274598	0.61621624	0.67797905	1.0	2589	tags=22%, list=15%, signal=25%	
CALNEXIN CALRETICULIN CYCLE%REACTOME DATABASE ID RELEASE 93%901042	CALNEXIN CALRETICULIN CYCLE%REACTOME DATABASE ID RELEASE 93%901042		25	0.32595152	0.927088	0.5502008	0.6779263	1.0	1820	tags=24%, list=10%, signal=27%	
ICOSANOID BIOSYNTHETIC PROCESS%GOBP%GO:0046456	ICOSANOID BIOSYNTHETIC PROCESS%GOBP%GO:0046456		23	0.3301577	0.921082	0.5714286	0.6903225	1.0	1098	tags=13%, list=6%, signal=14%	
BIOCARTA_EDG1_PATHWAY%MSIGDB_C2%BIOCARTA_EDG1_PATHWAY	BIOCARTA_EDG1_PATHWAY%MSIGDB_C2%BIOCARTA_EDG1_PATHWAY		15	0.35397342	0.9210783	0.54195803	0.6894096	1.0	946	tags=20%, list=5%, signal=21%	
MECHANORECEPTOR DIFFERENTIATION%GOBP%GO:0042490	MECHANORECEPTOR DIFFERENTIATION%GOBP%GO:0042490		16	0.34870276	0.92076975	0.5749129	0.6891899	1.0	1494	tags=31%, list=9%, signal=34%	
REGULATION OF BROWN FAT CELL DIFFERENTIATION%GOBP%GO:0090335	REGULATION OF BROWN FAT CELL DIFFERENTIATION%GOBP%GO:0090335		17	0.34965605	0.92075914	0.5555556	0.6882848	1.0	102	tags=12%, list=1%, signal=12%	
ACIDIC AMINO ACID TRANSPORT%GOBP%GO:0015800	ACIDIC AMINO ACID TRANSPORT%GOBP%GO:0015800		20	0.3399633	0.91984624	0.5659722	0.6893694	1.0	1469	tags=25%, list=8%, signal=27%	
NEGATIVE REGULATION OF LEUKOCYTE CELL-CELL ADHESION%GOBP%GO:1903038	NEGATIVE REGULATION OF LEUKOCYTE CELL-CELL ADHESION%GOBP%GO:1903038		59	0.2686059	0.9127817	0.6212121	0.7038845	1.0	1264	tags=17%, list=7%, signal=18%	
TRIGLYCERIDE HOMEOSTASIS%GOBP%GO:0070328	TRIGLYCERIDE HOMEOSTASIS%GOBP%GO:0070328		20	0.3404326	0.9113018	0.5544218	0.70616436	1.0	2064	tags=25%, list=12%, signal=28%	
REGULATION OF CALCIUM-MEDIATED SIGNALING%GOBP%GO:0050848	REGULATION OF CALCIUM-MEDIATED SIGNALING%GOBP%GO:0050848		51	0.27623063	0.90911484	0.6632653	0.710059	1.0	1249	tags=14%, list=7%, signal=15%	
GLYCOSYLATION AND RELATED CONGENITAL DEFECTS%WIKIPATHWAYS_20250810%WP4521%HOMO SAPIENS	GLYCOSYLATION AND RELATED CONGENITAL DEFECTS%WIKIPATHWAYS_20250810%WP4521%HOMO SAPIENS		22	0.33158058	0.9059474	0.56985295	0.71603936	1.0	1180	tags=14%, list=7%, signal=15%	
REGULATION OF T-HELPER 17 TYPE IMMUNE RESPONSE%GOBP%GO:2000316	REGULATION OF T-HELPER 17 TYPE IMMUNE RESPONSE%GOBP%GO:2000316		21	0.3281011	0.9055903	0.6197183	0.7158656	1.0	1524	tags=14%, list=9%, signal=16%	
HETEROTRIMERIC G-PROTEIN SIGNALING PATHWAY-ROD OUTER SEGMENT PHOTOTRANSDUCTION%PANTHER PATHWAY%P00028	HETEROTRIMERIC G-PROTEIN SIGNALING PATHWAY-ROD OUTER SEGMENT PHOTOTRANSDUCTION%PANTHER PATHWAY%P00028		21	0.310395	0.90555453	0.5967078	0.71500385	1.0	499	tags=10%, list=3%, signal=10%	
CELLULAR COMPONENT DISASSEMBLY INVOLVED IN EXECUTION PHASE OF APOPTOSIS%GOBP%GO:0006921	CELLULAR COMPONENT DISASSEMBLY INVOLVED IN EXECUTION PHASE OF APOPTOSIS%GOBP%GO:0006921		17	0.34172624	0.9049153	0.5798611	0.71540946	1.0	181	tags=12%, list=1%, signal=12%	
SPHINGOSINE 1-PHOSPHATE (S1P) PATHWAY%PATHWAY INTERACTION DATABASE NCI-NATURE CURATED DATA%SPHINGOSINE 1-PHOSPHATE (S1P) PATHWAY	SPHINGOSINE 1-PHOSPHATE (S1P) PATHWAY%PATHWAY INTERACTION DATABASE NCI-NATURE CURATED DATA%SPHINGOSINE 1-PHOSPHATE (S1P) PATHWAY		18	0.33276734	0.90393084	0.5559322	0.71662664	1.0	1677	tags=28%, list=10%, signal=31%	
HEDGEHOG SIGNALING EVENTS MEDIATED BY GLI PROTEINS%PATHWAY INTERACTION DATABASE NCI-NATURE CURATED DATA%HEDGEHOG SIGNALING EVENTS MEDIATED BY GLI PROTEINS	HEDGEHOG SIGNALING EVENTS MEDIATED BY GLI PROTEINS%PATHWAY INTERACTION DATABASE NCI-NATURE CURATED DATA%HEDGEHOG SIGNALING EVENTS MEDIATED BY GLI PROTEINS		46	0.27169612	0.90312696	0.6744186	0.7173632	1.0	937	tags=13%, list=5%, signal=14%	
SIGNALING BY NOTCH1 IN CANCER%REACTOME%R-HSA-2644603.5	SIGNALING BY NOTCH1 IN CANCER%REACTOME%R-HSA-2644603.5		56	0.25499594	0.90230525	0.6530612	0.71824044	1.0	1186	tags=16%, list=7%, signal=17%	
T CELL DIFFERENTIATION%GOBP%GO:0030217	T CELL DIFFERENTIATION%GOBP%GO:0030217		54	0.25860626	0.90202814	0.6735751	0.71793956	1.0	2324	tags=22%, list=13%, signal=26%	
INTRAFLAGELLAR TRANSPORT PROTEINS BINDING TO DYNEIN%WIKIPATHWAYS_20250810%WP4532%HOMO SAPIENS	INTRAFLAGELLAR TRANSPORT PROTEINS BINDING TO DYNEIN%WIKIPATHWAYS_20250810%WP4532%HOMO SAPIENS		18	0.3317454	0.8996695	0.6028369	0.7219929	1.0	1459	tags=11%, list=8%, signal=12%	
CARGO TRAFFICKING TO THE PERICILIARY MEMBRANE%REACTOME%R-HSA-5620920.5	CARGO TRAFFICKING TO THE PERICILIARY MEMBRANE%REACTOME%R-HSA-5620920.5		47	0.27572346	0.89920187	0.66525424	0.72200936	1.0	2145	tags=21%, list=12%, signal=24%	
REGULATION OF RELEASE OF SEQUESTERED CALCIUM ION INTO CYTOSOL BY SARCOPLASMIC RETICULUM%GOBP%GO:0010880	REGULATION OF RELEASE OF SEQUESTERED CALCIUM ION INTO CYTOSOL BY SARCOPLASMIC RETICULUM%GOBP%GO:0010880		27	0.31154862	0.8991246	0.6194332	0.72122777	1.0	936	tags=15%, list=5%, signal=16%	
CELLULAR RESPONSE TO NUTRIENT%GOBP%GO:0031670	CELLULAR RESPONSE TO NUTRIENT%GOBP%GO:0031670		19	0.33242282	0.8968485	0.5748988	0.72514427	1.0	366	tags=11%, list=2%, signal=11%	
HEMATOPOIETIC PROGENITOR CELL DIFFERENTIATION%GOBP%GO:0002244	HEMATOPOIETIC PROGENITOR CELL DIFFERENTIATION%GOBP%GO:0002244		20	0.3229153	0.8957933	0.6366907	0.7264892	1.0	1674	tags=25%, list=10%, signal=28%	
FATTY ACID DERIVATIVE BIOSYNTHETIC PROCESS%GOBP%GO:1901570	FATTY ACID DERIVATIVE BIOSYNTHETIC PROCESS%GOBP%GO:1901570		34	0.28839672	0.89533955	0.6375546	0.7264843	1.0	823	tags=15%, list=5%, signal=15%	
T-HELPER CELL DIFFERENTIATION%GOBP%GO:0042093	T-HELPER CELL DIFFERENTIATION%GOBP%GO:0042093		21	0.31183174	0.8925832	0.6	0.73146635	1.0	2746	tags=33%, list=16%, signal=40%	
CELLULAR RESPONSE TO OSMOTIC STRESS%GOBP%GO:0071470	CELLULAR RESPONSE TO OSMOTIC STRESS%GOBP%GO:0071470		28	0.30978358	0.8901517	0.64	0.7356502	1.0	1183	tags=18%, list=7%, signal=19%	
REGULATION OF BONE RESORPTION%GOBP%GO:0045124	REGULATION OF BONE RESORPTION%GOBP%GO:0045124		19	0.33481887	0.8880422	0.63809526	0.73923516	1.0	1169	tags=16%, list=7%, signal=17%	
LONG-CHAIN FATTY-ACYL-COA METABOLIC PROCESS%GOBP%GO:0035336	LONG-CHAIN FATTY-ACYL-COA METABOLIC PROCESS%GOBP%GO:0035336		20	0.3288144	0.88754106	0.62406015	0.7393588	1.0	823	tags=20%, list=5%, signal=21%	
ODONTOGENESIS OF DENTIN-CONTAINING TOOTH%GOBP%GO:0042475	ODONTOGENESIS OF DENTIN-CONTAINING TOOTH%GOBP%GO:0042475		18	0.32486576	0.8834521	0.6278317	0.7469752	1.0	1181	tags=22%, list=7%, signal=24%	
NEOVASCULARIZATION PROCESSES%WIKIPATHWAYS_20250810%WP4331%HOMO SAPIENS	NEOVASCULARIZATION PROCESSES%WIKIPATHWAYS_20250810%WP4331%HOMO SAPIENS		28	0.29918152	0.8788482	0.65416664	0.75562114	1.0	2140	tags=25%, list=12%, signal=28%	
REGULATION OF CELL-CELL ADHESION MEDIATED BY CADHERIN%GOBP%GO:2000047	REGULATION OF CELL-CELL ADHESION MEDIATED BY CADHERIN%GOBP%GO:2000047		17	0.32704687	0.87791216	0.64685315	0.7566424	1.0	34	tags=6%, list=0%, signal=6%	
PID_RAS_PATHWAY%MSIGDB_C2%PID_RAS_PATHWAY	PID_RAS_PATHWAY%MSIGDB_C2%PID_RAS_PATHWAY		19	0.3242477	0.8774923	0.6438849	0.75660795	1.0	1895	tags=26%, list=11%, signal=29%	
COTRANSLATIONAL PROTEIN TARGETING TO MEMBRANE%GOBP%GO:0006613	COTRANSLATIONAL PROTEIN TARGETING TO MEMBRANE%GOBP%GO:0006613		18	0.33508167	0.87648106	0.63909775	0.7576622	1.0	2085	tags=22%, list=12%, signal=25%	
SYNTHESIS OF VERY LONG-CHAIN FATTY ACYL-COAS%REACTOME%R-HSA-75876.10	SYNTHESIS OF VERY LONG-CHAIN FATTY ACYL-COAS%REACTOME%R-HSA-75876.10		19	0.32729736	0.8762538	0.6245211	0.7571856	1.0	1588	tags=26%, list=9%, signal=29%	
EPIBOLY%GOBP%GO:0090504	EPIBOLY%GOBP%GO:0090504		20	0.31924713	0.8728801	0.66435987	0.7631102	1.0	73	tags=5%, list=0%, signal=5%	
CD4-POSITIVE, ALPHA-BETA T CELL DIFFERENTIATION INVOLVED IN IMMUNE RESPONSE%GOBP%GO:0002294	CD4-POSITIVE, ALPHA-BETA T CELL DIFFERENTIATION INVOLVED IN IMMUNE RESPONSE%GOBP%GO:0002294		21	0.31183174	0.87072843	0.6587031	0.7665789	1.0	2746	tags=33%, list=16%, signal=40%	
REGULATION OF ADAPTIVE IMMUNE RESPONSE%GOBP%GO:0002819	REGULATION OF ADAPTIVE IMMUNE RESPONSE%GOBP%GO:0002819		87	0.2364735	0.8688017	0.79856116	0.76967084	1.0	1654	tags=13%, list=9%, signal=14%	
METABOTROPIC GLUTAMATE RECEPTOR GROUP I PATHWAY%PANTHER PATHWAY%P00041	METABOTROPIC GLUTAMATE RECEPTOR GROUP I PATHWAY%PANTHER PATHWAY%P00041		19	0.31244606	0.86773574	0.63385826	0.7708797	1.0	1897	tags=26%, list=11%, signal=29%	
CD4-POSITIVE, ALPHA-BETA T CELL DIFFERENTIATION%GOBP%GO:0043367	CD4-POSITIVE, ALPHA-BETA T CELL DIFFERENTIATION%GOBP%GO:0043367		23	0.31144813	0.8670291	0.62601626	0.7713162	1.0	2746	tags=35%, list=16%, signal=41%	
REGULATION OF PROTEIN MATURATION%GOBP%GO:1903317	REGULATION OF PROTEIN MATURATION%GOBP%GO:1903317		28	0.3016902	0.86650777	0.6828358	0.7714279	1.0	1729	tags=18%, list=10%, signal=20%	
TRIGLYCERIDE METABOLISM%REACTOME%R-HSA-8979227.2	TRIGLYCERIDE METABOLISM%REACTOME%R-HSA-8979227.2		23	0.31323004	0.8655813	0.67777777	0.77220815	1.0	1006	tags=13%, list=6%, signal=14%	
WOUND HEALING, SPREADING OF CELLS%GOBP%GO:0044319	WOUND HEALING, SPREADING OF CELLS%GOBP%GO:0044319		19	0.3232336	0.8643843	0.6574803	0.77368915	1.0	73	tags=5%, list=0%, signal=5%	
MICROTUBULE ORGANIZING CENTER LOCALIZATION%GOBP%GO:0061842	MICROTUBULE ORGANIZING CENTER LOCALIZATION%GOBP%GO:0061842		19	0.31910542	0.8625822	0.6715867	0.7764556	1.0	2299	tags=26%, list=13%, signal=30%	
SIGNALING BY NOTCH1 PEST DOMAIN MUTANTS IN CANCER%REACTOME%R-HSA-2644602.3	SIGNALING BY NOTCH1 PEST DOMAIN MUTANTS IN CANCER%REACTOME%R-HSA-2644602.3		56	0.25499594	0.8620303	0.7905759	0.77655447	1.0	1186	tags=16%, list=7%, signal=17%	
CONSTITUTIVE SIGNALING BY NOTCH1 PEST DOMAIN MUTANTS%REACTOME DATABASE ID RELEASE 93%2644606	CONSTITUTIVE SIGNALING BY NOTCH1 PEST DOMAIN MUTANTS%REACTOME DATABASE ID RELEASE 93%2644606		56	0.25499594	0.86149037	0.7628866	0.7766335	1.0	1186	tags=16%, list=7%, signal=17%	
ALPHA-BETA T CELL ACTIVATION INVOLVED IN IMMUNE RESPONSE%GOBP%GO:0002287	ALPHA-BETA T CELL ACTIVATION INVOLVED IN IMMUNE RESPONSE%GOBP%GO:0002287		21	0.31183174	0.85880226	0.65185183	0.781101	1.0	2746	tags=33%, list=16%, signal=40%	
PID_HEDGEHOG_GLI_PATHWAY%MSIGDB_C2%PID_HEDGEHOG_GLI_PATHWAY	PID_HEDGEHOG_GLI_PATHWAY%MSIGDB_C2%PID_HEDGEHOG_GLI_PATHWAY		35	0.2751704	0.8583759	0.73706895	0.7809669	1.0	937	tags=11%, list=5%, signal=12%	
CHONDROITIN SULFATE PROTEOGLYCAN BIOSYNTHETIC PROCESS%GOBP%GO:0050650	CHONDROITIN SULFATE PROTEOGLYCAN BIOSYNTHETIC PROCESS%GOBP%GO:0050650		19	0.32151043	0.85832906	0.65	0.78007567	1.0	667	tags=11%, list=4%, signal=11%	
BIOCARTA_NFAT_PATHWAY%MSIGDB_C2%BIOCARTA_NFAT_PATHWAY	BIOCARTA_NFAT_PATHWAY%MSIGDB_C2%BIOCARTA_NFAT_PATHWAY		34	0.28114378	0.8569616	0.7231405	0.781818	1.0	1359	tags=15%, list=8%, signal=16%	
PRESYNAPTIC FUNCTION OF KAINATE RECEPTORS%REACTOME DATABASE ID RELEASE 93%500657	PRESYNAPTIC FUNCTION OF KAINATE RECEPTORS%REACTOME DATABASE ID RELEASE 93%500657		18	0.31758276	0.85676545	0.6721311	0.7812323	1.0	439	tags=11%, list=3%, signal=11%	
CONSTITUTIVE SIGNALING BY NOTCH1 HD+PEST DOMAIN MUTANTS%REACTOME DATABASE ID RELEASE 93%2894862	CONSTITUTIVE SIGNALING BY NOTCH1 HD+PEST DOMAIN MUTANTS%REACTOME DATABASE ID RELEASE 93%2894862		56	0.25499594	0.8558834	0.7936508	0.7820083	1.0	1186	tags=16%, list=7%, signal=17%	
ALPHA-BETA T CELL DIFFERENTIATION INVOLVED IN IMMUNE RESPONSE%GOBP%GO:0002293	ALPHA-BETA T CELL DIFFERENTIATION INVOLVED IN IMMUNE RESPONSE%GOBP%GO:0002293		21	0.31183174	0.854167	0.7241379	0.78447133	1.0	2746	tags=33%, list=16%, signal=40%	
GLYCOSAMINOGLYCAN-PROTEIN LINKAGE REGION BIOSYNTHESIS%REACTOME%R-HSA-1971475.6	GLYCOSAMINOGLYCAN-PROTEIN LINKAGE REGION BIOSYNTHESIS%REACTOME%R-HSA-1971475.6		25	0.28534457	0.8537812	0.69148934	0.7842736	1.0	847	tags=12%, list=5%, signal=13%	
EPIBOLY INVOLVED IN WOUND HEALING%GOBP%GO:0090505	EPIBOLY INVOLVED IN WOUND HEALING%GOBP%GO:0090505		19	0.3232336	0.85299283	0.66793895	0.7847802	1.0	73	tags=5%, list=0%, signal=5%	
POSITIVE REGULATION OF ALPHA-BETA T CELL DIFFERENTIATION%GOBP%GO:0046638	POSITIVE REGULATION OF ALPHA-BETA T CELL DIFFERENTIATION%GOBP%GO:0046638		21	0.30661583	0.8510344	0.69803923	0.7876177	1.0	2026	tags=24%, list=12%, signal=27%	
GLUCAGON SIGNALING IN METABOLIC REGULATION%REACTOME DATABASE ID RELEASE 93%163359	GLUCAGON SIGNALING IN METABOLIC REGULATION%REACTOME DATABASE ID RELEASE 93%163359		27	0.29228398	0.85091543	0.676	0.78687763	1.0	1535	tags=19%, list=9%, signal=20%	
NEGATIVE REGULATION OF NON-CANONICAL NF-KAPPAB SIGNAL TRANSDUCTION%GOBP%GO:1901223	NEGATIVE REGULATION OF NON-CANONICAL NF-KAPPAB SIGNAL TRANSDUCTION%GOBP%GO:1901223		16	0.3288301	0.8507963	0.6605505	0.78614545	1.0	451	tags=13%, list=3%, signal=13%	
POSITIVE REGULATION OF CD4-POSITIVE, ALPHA-BETA T CELL ACTIVATION%GOBP%GO:2000516	POSITIVE REGULATION OF CD4-POSITIVE, ALPHA-BETA T CELL ACTIVATION%GOBP%GO:2000516		19	0.30806476	0.8507576	0.68650794	0.785244	1.0	2026	tags=26%, list=12%, signal=30%	
SIGNALING BY NOTCH1 HD+PEST DOMAIN MUTANTS IN CANCER%REACTOME%R-HSA-2894858.3	SIGNALING BY NOTCH1 HD+PEST DOMAIN MUTANTS IN CANCER%REACTOME%R-HSA-2894858.3		56	0.25499594	0.8502728	0.8076923	0.78518987	1.0	1186	tags=16%, list=7%, signal=17%	
T CELL DIFFERENTIATION INVOLVED IN IMMUNE RESPONSE%GOBP%GO:0002292	T CELL DIFFERENTIATION INVOLVED IN IMMUNE RESPONSE%GOBP%GO:0002292		21	0.31183174	0.84219676	0.6846154	0.79965246	1.0	2746	tags=33%, list=16%, signal=40%	
AMB2 INTEGRIN SIGNALING%PATHWAY INTERACTION DATABASE NCI-NATURE CURATED DATA%AMB2 INTEGRIN SIGNALING	AMB2 INTEGRIN SIGNALING%PATHWAY INTERACTION DATABASE NCI-NATURE CURATED DATA%AMB2 INTEGRIN SIGNALING		22	0.29221782	0.8387646	0.68939394	0.80500835	1.0	767	tags=14%, list=4%, signal=14%	
CENTROSOME LOCALIZATION%GOBP%GO:0051642	CENTROSOME LOCALIZATION%GOBP%GO:0051642		19	0.31910542	0.83668274	0.6859206	0.8079305	1.0	2299	tags=26%, list=13%, signal=30%	
MEIOSIS%REACTOME%R-HSA-1500620.4	MEIOSIS%REACTOME%R-HSA-1500620.4		46	0.2502182	0.8336712	0.78350514	0.81254417	1.0	2275	tags=24%, list=13%, signal=27%	
REGULATION OF ENDOTHELIAL CELL APOPTOTIC PROCESS%GOBP%GO:2000351	REGULATION OF ENDOTHELIAL CELL APOPTOTIC PROCESS%GOBP%GO:2000351		32	0.27023125	0.83003104	0.7589286	0.8182892	1.0	752	tags=9%, list=4%, signal=10%	
17P13 3 YWHAE COPY NUMBER VARIATION%WIKIPATHWAYS_20250810%WP5376%HOMO SAPIENS	17P13 3 YWHAE COPY NUMBER VARIATION%WIKIPATHWAYS_20250810%WP5376%HOMO SAPIENS		15	0.31645304	0.8285755	0.7010309	0.8198863	1.0	70	tags=7%, list=0%, signal=7%	
REGULATION OF TISSUE REMODELING%GOBP%GO:0034103	REGULATION OF TISSUE REMODELING%GOBP%GO:0034103		37	0.26270723	0.8277587	0.7772727	0.82042974	1.0	1524	tags=19%, list=9%, signal=21%	
KETONE BIOSYNTHETIC PROCESS%GOBP%GO:0042181	KETONE BIOSYNTHETIC PROCESS%GOBP%GO:0042181		18	0.30660003	0.82595474	0.72796935	0.82274413	1.0	567	tags=11%, list=3%, signal=11%	
NEGATIVE REGULATION OF MIRNA TRANSCRIPTION%GOBP%GO:1902894	NEGATIVE REGULATION OF MIRNA TRANSCRIPTION%GOBP%GO:1902894		19	0.30455172	0.8250941	0.7122302	0.8233011	1.0	251	tags=11%, list=1%, signal=11%	
POSITIVE REGULATION OF RELEASE OF CYTOCHROME C FROM MITOCHONDRIA%GOBP%GO:0090200	POSITIVE REGULATION OF RELEASE OF CYTOCHROME C FROM MITOCHONDRIA%GOBP%GO:0090200		18	0.31227392	0.820404	0.7164179	0.8306464	1.0	571	tags=11%, list=3%, signal=11%	
NEGATIVE REGULATION OF MIRNA METABOLIC PROCESS%GOBP%GO:2000629	NEGATIVE REGULATION OF MIRNA METABOLIC PROCESS%GOBP%GO:2000629		19	0.30455172	0.81691253	0.7194245	0.8358157	1.0	251	tags=11%, list=1%, signal=11%	
SPERMATID DEVELOPMENT%GOBP%GO:0007286	SPERMATID DEVELOPMENT%GOBP%GO:0007286		75	0.22352919	0.81595016	0.8786127	0.83645076	1.0	3534	tags=29%, list=20%, signal=37%	
NEURON APOPTOTIC PROCESS%GOBP%GO:0051402	NEURON APOPTOTIC PROCESS%GOBP%GO:0051402		22	0.3011344	0.81483424	0.72796935	0.8373637	1.0	836	tags=14%, list=5%, signal=14%	
REGULATION OF CELLULAR EXTRAVASATION%GOBP%GO:0002691	REGULATION OF CELLULAR EXTRAVASATION%GOBP%GO:0002691		17	0.3083927	0.8143524	0.74910396	0.8371839	1.0	137	tags=6%, list=1%, signal=6%	
NOTCH SIGNALING%WIKIPATHWAYS_20250810%WP61%HOMO SAPIENS	NOTCH SIGNALING%WIKIPATHWAYS_20250810%WP61%HOMO SAPIENS		40	0.25167224	0.8123596	0.8211382	0.8395916	1.0	1186	tags=18%, list=7%, signal=19%	
POSITIVE REGULATION OF STEM CELL PROLIFERATION%GOBP%GO:2000648	POSITIVE REGULATION OF STEM CELL PROLIFERATION%GOBP%GO:2000648		15	0.32309383	0.81156063	0.72727275	0.83995986	1.0	715	tags=13%, list=4%, signal=14%	
HOMOLOGOUS CHROMOSOME PAIRING AT MEIOSIS%GOBP%GO:0007129	HOMOLOGOUS CHROMOSOME PAIRING AT MEIOSIS%GOBP%GO:0007129		19	0.30315655	0.8114765	0.71335506	0.83907765	1.0	1928	tags=26%, list=11%, signal=30%	
ALPHA-BETA T CELL DIFFERENTIATION%GOBP%GO:0046632	ALPHA-BETA T CELL DIFFERENTIATION%GOBP%GO:0046632		24	0.28370222	0.8105113	0.7364341	0.83959705	1.0	2746	tags=33%, list=16%, signal=39%	
ANTIGEN PRESENTATION: FOLDING, ASSEMBLY AND PEPTIDE LOADING OF CLASS I MHC%REACTOME%R-HSA-983170.5	ANTIGEN PRESENTATION: FOLDING, ASSEMBLY AND PEPTIDE LOADING OF CLASS I MHC%REACTOME%R-HSA-983170.5		28	0.28533724	0.8088643	0.7762557	0.84132236	1.0	1654	tags=18%, list=9%, signal=20%	
REGULATION OF POSTSYNAPTIC MEMBRANE NEUROTRANSMITTER RECEPTOR LEVELS%GOBP%GO:0099072	REGULATION OF POSTSYNAPTIC MEMBRANE NEUROTRANSMITTER RECEPTOR LEVELS%GOBP%GO:0099072		22	0.29342017	0.8086071	0.7777778	0.8407531	1.0	351	tags=14%, list=2%, signal=14%	
CLASS C 3 (METABOTROPIC GLUTAMATE PHEROMONE RECEPTORS)%REACTOME%R-HSA-420499.4	CLASS C 3 (METABOTROPIC GLUTAMATE PHEROMONE RECEPTORS)%REACTOME%R-HSA-420499.4		18	0.30268705	0.8066654	0.7340425	0.8429317	1.0	2905	tags=50%, list=17%, signal=60%	
POSITIVE REGULATION OF ALCOHOL BIOSYNTHETIC PROCESS%GOBP%GO:1902932	POSITIVE REGULATION OF ALCOHOL BIOSYNTHETIC PROCESS%GOBP%GO:1902932		15	0.31633025	0.8061417	0.7430556	0.84275645	1.0	850	tags=13%, list=5%, signal=14%	
SIGNALING EVENTS REGULATED BY RET TYROSINE KINASE%PATHWAY INTERACTION DATABASE NCI-NATURE CURATED DATA%SIGNALING EVENTS REGULATED BY RET TYROSINE KINASE	SIGNALING EVENTS REGULATED BY RET TYROSINE KINASE%PATHWAY INTERACTION DATABASE NCI-NATURE CURATED DATA%SIGNALING EVENTS REGULATED BY RET TYROSINE KINASE		36	0.26506135	0.8059904	0.77272725	0.84197736	1.0	1359	tags=14%, list=8%, signal=15%	
FATTY ACYL-COA BIOSYNTHESIS%REACTOME%R-HSA-75105.12	FATTY ACYL-COA BIOSYNTHESIS%REACTOME%R-HSA-75105.12		31	0.2686941	0.8042817	0.7644628	0.8439141	1.0	1588	tags=19%, list=9%, signal=21%	
BIOCARTA_GSK3_PATHWAY%MSIGDB_C2%BIOCARTA_GSK3_PATHWAY	BIOCARTA_GSK3_PATHWAY%MSIGDB_C2%BIOCARTA_GSK3_PATHWAY		15	0.31627727	0.8017998	0.7281879	0.84688747	1.0	946	tags=13%, list=5%, signal=14%	
REGULATION OF CDH1 POSTTRANSLATIONAL PROCESSING AND TRAFFICKING TO PLASMA MEMBRANE%REACTOME DATABASE ID RELEASE 93%9768727	REGULATION OF CDH1 POSTTRANSLATIONAL PROCESSING AND TRAFFICKING TO PLASMA MEMBRANE%REACTOME DATABASE ID RELEASE 93%9768727		32	0.26308897	0.80114734	0.81512606	0.846906	1.0	437	tags=9%, list=3%, signal=10%	
REPRODUCTION%REACTOME%R-HSA-1474165.7	REPRODUCTION%REACTOME%R-HSA-1474165.7		61	0.2241102	0.7906468	0.9030303	0.8626409	1.0	2350	tags=25%, list=13%, signal=28%	
EFFECTS OF MFN2 MUTATION%WIKIPATHWAYS_20250810%WP5443%HOMO SAPIENS	EFFECTS OF MFN2 MUTATION%WIKIPATHWAYS_20250810%WP5443%HOMO SAPIENS		18	0.2981497	0.7899813	0.75958186	0.86271095	1.0	335	tags=11%, list=2%, signal=11%	
IL26 SIGNALING%WIKIPATHWAYS_20250810%WP5347%HOMO SAPIENS	IL26 SIGNALING%WIKIPATHWAYS_20250810%WP5347%HOMO SAPIENS		25	0.2753932	0.78992176	0.8359375	0.8617795	1.0	1782	tags=20%, list=10%, signal=22%	
NEGATIVE REGULATION OF MYELOID LEUKOCYTE DIFFERENTIATION%GOBP%GO:0002762	NEGATIVE REGULATION OF MYELOID LEUKOCYTE DIFFERENTIATION%GOBP%GO:0002762		16	0.31976858	0.7894187	0.75778544	0.86153555	1.0	2026	tags=31%, list=12%, signal=35%	
POSITIVE REGULATION OF LYMPHOCYTE MEDIATED IMMUNITY%GOBP%GO:0002708	POSITIVE REGULATION OF LYMPHOCYTE MEDIATED IMMUNITY%GOBP%GO:0002708		45	0.24346566	0.78606236	0.87958115	0.86569506	1.0	2257	tags=22%, list=13%, signal=25%	
ALPHA-BETA T CELL ACTIVATION%GOBP%GO:0046631	ALPHA-BETA T CELL ACTIVATION%GOBP%GO:0046631		33	0.25691915	0.78338397	0.84782606	0.86873883	1.0	2746	tags=30%, list=16%, signal=36%	
BILE ACID BIOSYNTHETIC PROCESS%GOBP%GO:0006699	BILE ACID BIOSYNTHETIC PROCESS%GOBP%GO:0006699		19	0.29362237	0.7833318	0.7653846	0.8677969	1.0	1774	tags=21%, list=10%, signal=23%	
PROXIMAL TUBULE TRANSPORT%WIKIPATHWAYS_20250810%WP4917%HOMO SAPIENS	PROXIMAL TUBULE TRANSPORT%WIKIPATHWAYS_20250810%WP4917%HOMO SAPIENS		23	0.27552998	0.77754885	0.81545067	0.87537843	1.0	384	tags=9%, list=2%, signal=9%	
HOMOLOGOUS CHROMOSOME SEGREGATION%GOBP%GO:0045143	HOMOLOGOUS CHROMOSOME SEGREGATION%GOBP%GO:0045143		23	0.27592665	0.7754755	0.796748	0.87732196	1.0	1928	tags=22%, list=11%, signal=24%	
TRANSCYTOSIS%GOBP%GO:0045056	TRANSCYTOSIS%GOBP%GO:0045056		15	0.30150256	0.77518696	0.76094276	0.8766873	1.0	555	tags=13%, list=3%, signal=14%	
NEGATIVE REGULATION OF NUCLEOCYTOPLASMIC TRANSPORT%GOBP%GO:0046823	NEGATIVE REGULATION OF NUCLEOCYTOPLASMIC TRANSPORT%GOBP%GO:0046823		17	0.28931427	0.77461326	0.7847682	0.8764493	1.0	828	tags=12%, list=5%, signal=12%	
ERAD PATHWAY%GOBP%GO:0036503	ERAD PATHWAY%GOBP%GO:0036503		82	0.21523723	0.7728511	0.9361702	0.87791395	1.0	2146	tags=21%, list=12%, signal=24%	
UNSATURATED FATTY ACID BIOSYNTHETIC PROCESS%GOBP%GO:0006636	UNSATURATED FATTY ACID BIOSYNTHETIC PROCESS%GOBP%GO:0006636		20	0.28403172	0.77214146	0.7992958	0.8778579	1.0	1098	tags=15%, list=6%, signal=16%	
NEGATIVE REGULATION OF G1/S TRANSITION OF MITOTIC CELL CYCLE%GOBP%GO:2000134	NEGATIVE REGULATION OF G1/S TRANSITION OF MITOTIC CELL CYCLE%GOBP%GO:2000134		39	0.2401962	0.7708105	0.8962264	0.8787248	1.0	144	tags=5%, list=1%, signal=5%	
NATURAL KILLER CELL ACTIVATION%GOBP%GO:0030101	NATURAL KILLER CELL ACTIVATION%GOBP%GO:0030101		17	0.28753936	0.7705444	0.7765568	0.8780434	1.0	681	tags=12%, list=4%, signal=12%	
LONG-CHAIN FATTY-ACYL-COA BIOSYNTHETIC PROCESS%GOBP%GO:0035338	LONG-CHAIN FATTY-ACYL-COA BIOSYNTHETIC PROCESS%GOBP%GO:0035338		16	0.2985462	0.7680718	0.78546715	0.8804118	1.0	1588	tags=25%, list=9%, signal=27%	
REGULATION OF ALCOHOL BIOSYNTHETIC PROCESS%GOBP%GO:1902930	REGULATION OF ALCOHOL BIOSYNTHETIC PROCESS%GOBP%GO:1902930		29	0.26340032	0.7679001	0.8353909	0.87961894	1.0	850	tags=10%, list=5%, signal=11%	
REGULATION OF RESPONSE TO OXIDATIVE STRESS%GOBP%GO:1902882	REGULATION OF RESPONSE TO OXIDATIVE STRESS%GOBP%GO:1902882		16	0.29623002	0.7666965	0.7881944	0.8802461	1.0	933	tags=13%, list=5%, signal=13%	
CHAPERONE MEDIATED AUTOPHAGY%REACTOME%R-HSA-9613829.5	CHAPERONE MEDIATED AUTOPHAGY%REACTOME%R-HSA-9613829.5		16	0.28691736	0.7635475	0.78014183	0.88340944	1.0	954	tags=13%, list=5%, signal=13%	
SPERMATID DIFFERENTIATION%GOBP%GO:0048515	SPERMATID DIFFERENTIATION%GOBP%GO:0048515		79	0.215217	0.76326936	0.94666666	0.8827509	1.0	3534	tags=30%, list=20%, signal=38%	
NEUROTRANSMITTER UPTAKE%GOBP%GO:0001504	NEUROTRANSMITTER UPTAKE%GOBP%GO:0001504		15	0.3007951	0.75637853	0.7750865	0.8907608	1.0	114	tags=7%, list=1%, signal=7%	
NUCLEOTIDE EXCISION REPAIR%WIKIPATHWAYS_20250810%WP4753%HOMO SAPIENS	NUCLEOTIDE EXCISION REPAIR%WIKIPATHWAYS_20250810%WP4753%HOMO SAPIENS		32	0.24757075	0.7544357	0.8765432	0.89225644	1.0	2710	tags=28%, list=16%, signal=33%	
DOPAMINE NEUROTRANSMITTER RELEASE CYCLE%REACTOME%R-HSA-212676.5	DOPAMINE NEUROTRANSMITTER RELEASE CYCLE%REACTOME%R-HSA-212676.5		19	0.27791134	0.74380624	0.8074074	0.9040819	1.0	436	tags=11%, list=2%, signal=11%	
EXPRESSION OF BMAL (ARNTL), CLOCK, AND NPAS2%REACTOME%R-HSA-9931509.1	EXPRESSION OF BMAL (ARNTL), CLOCK, AND NPAS2%REACTOME%R-HSA-9931509.1		31	0.24408509	0.7423401	0.8780488	0.90473634	1.0	1575	tags=19%, list=9%, signal=21%	
PLASMA LIPOPROTEIN PARTICLE CLEARANCE%GOBP%GO:0034381	PLASMA LIPOPROTEIN PARTICLE CLEARANCE%GOBP%GO:0034381		17	0.28492233	0.7360463	0.89619374	0.9110748	1.0	929	tags=12%, list=5%, signal=12%	
REGULATION OF INTRINSIC APOPTOTIC SIGNALING PATHWAY BY P53 CLASS MEDIATOR%GOBP%GO:1902253	REGULATION OF INTRINSIC APOPTOTIC SIGNALING PATHWAY BY P53 CLASS MEDIATOR%GOBP%GO:1902253		20	0.27494696	0.73332906	0.8740458	0.91309047	1.0	1881	tags=20%, list=11%, signal=22%	
PID_FAS_PATHWAY%MSIGDB_C2%PID_FAS_PATHWAY	PID_FAS_PATHWAY%MSIGDB_C2%PID_FAS_PATHWAY		27	0.25458434	0.73092234	0.8828125	0.9146957	1.0	2037	tags=26%, list=12%, signal=29%	
SPHINGOLIPID DE NOVO BIOSYNTHESIS%REACTOME DATABASE ID RELEASE 93%1660661	SPHINGOLIPID DE NOVO BIOSYNTHESIS%REACTOME DATABASE ID RELEASE 93%1660661		31	0.24360555	0.7285095	0.90128756	0.91626716	1.0	2276	tags=23%, list=13%, signal=26%	
BIOCARTA_PITX2_PATHWAY%MSIGDB_C2%BIOCARTA_PITX2_PATHWAY	BIOCARTA_PITX2_PATHWAY%MSIGDB_C2%BIOCARTA_PITX2_PATHWAY		15	0.28368798	0.72435015	0.810219	0.9196418	1.0	191	tags=7%, list=1%, signal=7%	
RESPONSE TO ISCHEMIA%GOBP%GO:0002931	RESPONSE TO ISCHEMIA%GOBP%GO:0002931		19	0.25914097	0.7163111	0.8566176	0.9268626	1.0	978	tags=11%, list=6%, signal=11%	
POSITIVE REGULATION OF MUSCLE CELL APOPTOTIC PROCESS%GOBP%GO:0010661	POSITIVE REGULATION OF MUSCLE CELL APOPTOTIC PROCESS%GOBP%GO:0010661		15	0.28097793	0.7134177	0.8594771	0.9286773	1.0	844	tags=13%, list=5%, signal=14%	
COBALAMIN (CBL, VITAMIN B12) TRANSPORT AND METABOLISM%REACTOME%R-HSA-196741.7	COBALAMIN (CBL, VITAMIN B12) TRANSPORT AND METABOLISM%REACTOME%R-HSA-196741.7		15	0.28382462	0.7132695	0.8540146	0.927729	1.0	2280	tags=33%, list=13%, signal=38%	
RND1 GTPASE CYCLE%REACTOME DATABASE ID RELEASE 93%9696273	RND1 GTPASE CYCLE%REACTOME DATABASE ID RELEASE 93%9696273		37	0.22243516	0.7098748	0.9414226	0.9298793	1.0	1976	tags=19%, list=11%, signal=21%	
NEGATIVE REGULATION OF INTRACELLULAR TRANSPORT%GOBP%GO:0032387	NEGATIVE REGULATION OF INTRACELLULAR TRANSPORT%GOBP%GO:0032387		38	0.21951574	0.709782	0.9310345	0.92887473	1.0	828	tags=8%, list=5%, signal=8%	
REGULATION OF ORGANIC ACID TRANSPORT%GOBP%GO:0032890	REGULATION OF ORGANIC ACID TRANSPORT%GOBP%GO:0032890		24	0.25056157	0.70548534	0.91570884	0.93169767	1.0	1773	tags=17%, list=10%, signal=19%	
RORA,B,C AND NR1D1 (REV-ERBA) REGULATE GENE EXPRESSION%REACTOME%R-HSA-9933387.1	RORA,B,C AND NR1D1 (REV-ERBA) REGULATE GENE EXPRESSION%REACTOME%R-HSA-9933387.1		23	0.2538996	0.7050503	0.8864469	0.93101573	1.0	1575	tags=17%, list=9%, signal=19%	
PROSTAGLANDIN METABOLIC PROCESS%GOBP%GO:0006693	PROSTAGLANDIN METABOLIC PROCESS%GOBP%GO:0006693		20	0.2604096	0.70452344	0.8937729	0.9303951	1.0	1098	tags=10%, list=6%, signal=11%	
POSITIVE REGULATION OF INTRINSIC APOPTOTIC SIGNALING PATHWAY%GOBP%GO:2001244	POSITIVE REGULATION OF INTRINSIC APOPTOTIC SIGNALING PATHWAY%GOBP%GO:2001244		31	0.2354518	0.6987269	0.93721974	0.9343554	1.0	1238	tags=13%, list=7%, signal=14%	
NEGATIVE REGULATION OF EXOCYTOSIS%GOBP%GO:0045920	NEGATIVE REGULATION OF EXOCYTOSIS%GOBP%GO:0045920		18	0.26023516	0.69564295	0.8888889	0.9359627	1.0	1654	tags=17%, list=9%, signal=18%	
ALLOGRAFT REJECTION%WIKIPATHWAYS_20250810%WP2328%HOMO SAPIENS	ALLOGRAFT REJECTION%WIKIPATHWAYS_20250810%WP2328%HOMO SAPIENS		31	0.2338528	0.6950091	0.91463417	0.9354149	1.0	58	tags=3%, list=0%, signal=3%	
NUCLEOTIDE-SUGAR BIOSYNTHETIC PROCESS%GOBP%GO:0009226	NUCLEOTIDE-SUGAR BIOSYNTHETIC PROCESS%GOBP%GO:0009226		22	0.24005975	0.6823687	0.92509365	0.9443163	1.0	1321	tags=14%, list=8%, signal=15%	
ACTIVATION OF HOX GENES DURING DIFFERENTIATION%REACTOME DATABASE ID RELEASE 93%5619507	ACTIVATION OF HOX GENES DURING DIFFERENTIATION%REACTOME DATABASE ID RELEASE 93%5619507		48	0.19649485	0.65780306	0.9872881	0.9599905	1.0	2306	tags=17%, list=13%, signal=19%	
ACTIVATION OF ANTERIOR HOX GENES IN HINDBRAIN DEVELOPMENT DURING EARLY EMBRYOGENESIS%REACTOME DATABASE ID RELEASE 93%5617472	ACTIVATION OF ANTERIOR HOX GENES IN HINDBRAIN DEVELOPMENT DURING EARLY EMBRYOGENESIS%REACTOME DATABASE ID RELEASE 93%5617472		48	0.19649485	0.6521157	0.9754902	0.9623145	1.0	2306	tags=17%, list=13%, signal=19%	
CYTOCHROME P450 - ARRANGED BY SUBSTRATE TYPE%REACTOME%R-HSA-211897.5	CYTOCHROME P450 - ARRANGED BY SUBSTRATE TYPE%REACTOME%R-HSA-211897.5		27	0.22626655	0.6418496	0.9404762	0.9669495	1.0	728	tags=11%, list=4%, signal=12%	
HEME SIGNALING%REACTOME%R-HSA-9707616.4	HEME SIGNALING%REACTOME%R-HSA-9707616.4		37	0.19438972	0.6156648	0.9911894	0.977952	1.0	1575	tags=16%, list=9%, signal=18%	
SPERM FLAGELLUM ASSEMBLY%GOBP%GO:0120316	SPERM FLAGELLUM ASSEMBLY%GOBP%GO:0120316		25	0.21104014	0.60743815	0.9716312	0.9801476	1.0	3534	tags=32%, list=20%, signal=40%	
PROTEIN BRANCHED POLYUBIQUITINATION%GOBP%GO:0141198	PROTEIN BRANCHED POLYUBIQUITINATION%GOBP%GO:0141198		19	0.2290317	0.6017318	0.94545454	0.9810797	1.0	13466	tags=100%, list=77%, signal=437%	
MACROPHAGE DIFFERENTIATION%GOBP%GO:0030225	MACROPHAGE DIFFERENTIATION%GOBP%GO:0030225		18	0.21708669	0.5948475	0.96466434	0.98219806	1.0	3998	tags=39%, list=23%, signal=50%	
NEGATIVE REGULATION OF INTRACELLULAR PROTEIN TRANSPORT%GOBP%GO:0090317	NEGATIVE REGULATION OF INTRACELLULAR PROTEIN TRANSPORT%GOBP%GO:0090317		24	0.21103896	0.5946543	0.9702602	0.98114616	1.0	2379	tags=21%, list=14%, signal=24%	
IMMUNE RESPONSE TO TUBERCULOSIS%WIKIPATHWAYS_20250810%WP4197%HOMO SAPIENS	IMMUNE RESPONSE TO TUBERCULOSIS%WIKIPATHWAYS_20250810%WP4197%HOMO SAPIENS		15	0.22951357	0.58175814	0.94612795	0.98393905	1.0	1141	tags=13%, list=7%, signal=14%	
CENTROMERE COMPLEX ASSEMBLY%GOBP%GO:0034508	CENTROMERE COMPLEX ASSEMBLY%GOBP%GO:0034508		17	0.22322719	0.5779808	0.962963	0.9838361	1.0	3163	tags=35%, list=18%, signal=43%	
DEFENSE RESPONSE TO GRAM-POSITIVE BACTERIUM%GOBP%GO:0050830	DEFENSE RESPONSE TO GRAM-POSITIVE BACTERIUM%GOBP%GO:0050830		16	0.20294532	0.52185076	0.98501873	0.99355775	1.0	1689	tags=13%, list=10%, signal=14%	
